id,text,label
ai_0001,"It kind of feels like politics conversations keep looping without addressing root causes. In my view, communication gaps create unnecessary tension. People argue about headlines, but the structural pieces rarely change. There’s also a gap between what sounds good online and what actually works in practice. Most tradeoffs are real, even if they’re inconvenient to admit. If we slowed down and defined success clearly, debates would feel less chaotic. Most systems reward speed over thoughtfulness. A little humility would go a long way here.",1
ai_0002,"I keep noticing that tech conversations keep looping without addressing root causes. In my view, communication gaps create unnecessary tension. People argue about headlines, but the structural pieces rarely change. There’s also a gap between what sounds good online and what actually works in practice. Most tradeoffs are real, even if they’re inconvenient to admit. If we slowed down and defined success clearly, debates would feel less chaotic. Most systems reward speed over thoughtfulness. A little humility would go a long way here.",1
ai_0003,"It kind of feels like health conversations keep looping without addressing root causes. In my view, data helps, but context matters just as much. People argue about headlines, but the structural pieces rarely change. There’s also a gap between what sounds good online and what actually works in practice. Most tradeoffs are real, even if they’re inconvenient to admit. If we slowed down and defined success clearly, debates would feel less chaotic. Small improvements compound over time. We should probably focus less on outrage and more on execution.",1
ai_0004,"Low key, sports conversations keep looping without addressing root causes. In my view, policy details matter more than slogans. People argue about headlines, but the structural pieces rarely change. There’s also a gap between what sounds good online and what actually works in practice. Most tradeoffs are real, even if they’re inconvenient to admit. If we slowed down and defined success clearly, debates would feel less chaotic. Incentives shape behavior more than speeches do. We don’t need perfection, just fewer obvious mistakes.",1
ai_0005,"If we're being real, economy conversations keep looping without addressing root causes. In my view, policy details matter more than slogans. People argue about headlines, but the structural pieces rarely change. There’s also a gap between what sounds good online and what actually works in practice. Most tradeoffs are real, even if they’re inconvenient to admit. If we slowed down and defined success clearly, debates would feel less chaotic. Small improvements compound over time. There’s room to disagree without pretending the other side is evil.",1
ai_0006,"The weird part is climate conversations keep looping without addressing root causes. In my view, people respond to what is easy and visible. People argue about headlines, but the structural pieces rarely change. There’s also a gap between what sounds good online and what actually works in practice. Most tradeoffs are real, even if they’re inconvenient to admit. If we slowed down and defined success clearly, debates would feel less chaotic. Incentives shape behavior more than speeches do. The boring fixes are usually the ones that work.",1
ai_0007,"Honestly, campus life conversations keep looping without addressing root causes. In my view, everyone thinks someone else will fix it. People argue about headlines, but the structural pieces rarely change. There’s also a gap between what sounds good online and what actually works in practice. Most tradeoffs are real, even if they’re inconvenient to admit. If we slowed down and defined success clearly, debates would feel less chaotic. Data helps, but context matters just as much. It’s not dramatic, but steady effort probably matters more than viral moments.",1
ai_0008,"It kind of feels like politics conversations keep looping without addressing root causes. In my view, policy details matter more than slogans. People argue about headlines, but the structural pieces rarely change. There’s also a gap between what sounds good online and what actually works in practice. Most tradeoffs are real, even if they’re inconvenient to admit. If we slowed down and defined success clearly, debates would feel less chaotic. Burnout builds slowly and then hits all at once. It’s not dramatic, but steady effort probably matters more than viral moments.",1
ai_0009,"It kind of feels like tech conversations keep looping without addressing root causes. In my view, most systems reward speed over thoughtfulness. People argue about headlines, but the structural pieces rarely change. There’s also a gap between what sounds good online and what actually works in practice. Most tradeoffs are real, even if they’re inconvenient to admit. If we slowed down and defined success clearly, debates would feel less chaotic. People respond to what is easy and visible. We don’t need perfection, just fewer obvious mistakes.",1
ai_0010,"It kind of feels like health conversations keep looping without addressing root causes. In my view, communication gaps create unnecessary tension. People argue about headlines, but the structural pieces rarely change. There’s also a gap between what sounds good online and what actually works in practice. Most tradeoffs are real, even if they’re inconvenient to admit. If we slowed down and defined success clearly, debates would feel less chaotic. Data helps, but context matters just as much. We should probably focus less on outrage and more on execution.",1
ai_0011,"A lot of people miss that sports conversations keep looping without addressing root causes. In my view, communication gaps create unnecessary tension. People argue about headlines, but the structural pieces rarely change. There’s also a gap between what sounds good online and what actually works in practice. Most tradeoffs are real, even if they’re inconvenient to admit. If we slowed down and defined success clearly, debates would feel less chaotic. Burnout builds slowly and then hits all at once. A little humility would go a long way here.",1
ai_0012,"It kind of feels like economy conversations keep looping without addressing root causes. In my view, communication gaps create unnecessary tension. People argue about headlines, but the structural pieces rarely change. There’s also a gap between what sounds good online and what actually works in practice. Most tradeoffs are real, even if they’re inconvenient to admit. If we slowed down and defined success clearly, debates would feel less chaotic. Policy details matter more than slogans. We should probably focus less on outrage and more on execution.",1
ai_0013,"A lot of people miss that climate conversations keep looping without addressing root causes. In my view, short term wins crowd out long term planning. People argue about headlines, but the structural pieces rarely change. There’s also a gap between what sounds good online and what actually works in practice. Most tradeoffs are real, even if they’re inconvenient to admit. If we slowed down and defined success clearly, debates would feel less chaotic. Everyone thinks someone else will fix it. None of this is simple, but pretending it is makes it worse.",1
ai_0014,"At the end of the day, campus life conversations keep looping without addressing root causes. In my view, everyone thinks someone else will fix it. People argue about headlines, but the structural pieces rarely change. There’s also a gap between what sounds good online and what actually works in practice. Most tradeoffs are real, even if they’re inconvenient to admit. If we slowed down and defined success clearly, debates would feel less chaotic. Policy details matter more than slogans. It’s not dramatic, but steady effort probably matters more than viral moments.",1
ai_0015,"I keep noticing that politics conversations keep looping without addressing root causes. In my view, small improvements compound over time. People argue about headlines, but the structural pieces rarely change. There’s also a gap between what sounds good online and what actually works in practice. Most tradeoffs are real, even if they’re inconvenient to admit. If we slowed down and defined success clearly, debates would feel less chaotic. Data helps, but context matters just as much. None of this is simple, but pretending it is makes it worse.",1
ai_0016,"At the end of the day, tech conversations keep looping without addressing root causes. In my view, everyone thinks someone else will fix it. People argue about headlines, but the structural pieces rarely change. There’s also a gap between what sounds good online and what actually works in practice. Most tradeoffs are real, even if they’re inconvenient to admit. If we slowed down and defined success clearly, debates would feel less chaotic. Burnout builds slowly and then hits all at once. We should probably focus less on outrage and more on execution.",1
ai_0017,"I keep noticing that health conversations keep looping without addressing root causes. In my view, policy details matter more than slogans. People argue about headlines, but the structural pieces rarely change. There’s also a gap between what sounds good online and what actually works in practice. Most tradeoffs are real, even if they’re inconvenient to admit. If we slowed down and defined success clearly, debates would feel less chaotic. Small improvements compound over time. It’s not dramatic, but steady effort probably matters more than viral moments.",1
ai_0018,"If we're being real, sports conversations keep looping without addressing root causes. In my view, most systems reward speed over thoughtfulness. People argue about headlines, but the structural pieces rarely change. There’s also a gap between what sounds good online and what actually works in practice. Most tradeoffs are real, even if they’re inconvenient to admit. If we slowed down and defined success clearly, debates would feel less chaotic. Burnout builds slowly and then hits all at once. None of this is simple, but pretending it is makes it worse.",1
ai_0019,"What gets overlooked is economy conversations keep looping without addressing root causes. In my view, people respond to what is easy and visible. People argue about headlines, but the structural pieces rarely change. There’s also a gap between what sounds good online and what actually works in practice. Most tradeoffs are real, even if they’re inconvenient to admit. If we slowed down and defined success clearly, debates would feel less chaotic. Policy details matter more than slogans. There’s room to disagree without pretending the other side is evil.",1
ai_0020,"At the end of the day, climate conversations keep looping without addressing root causes. In my view, data helps, but context matters just as much. People argue about headlines, but the structural pieces rarely change. There’s also a gap between what sounds good online and what actually works in practice. Most tradeoffs are real, even if they’re inconvenient to admit. If we slowed down and defined success clearly, debates would feel less chaotic. Most systems reward speed over thoughtfulness. None of this is simple, but pretending it is makes it worse.",1
ai_0021,"A lot of people miss that campus life conversations keep looping without addressing root causes. In my view, data helps, but context matters just as much. People argue about headlines, but the structural pieces rarely change. There’s also a gap between what sounds good online and what actually works in practice. Most tradeoffs are real, even if they’re inconvenient to admit. If we slowed down and defined success clearly, debates would feel less chaotic. Everyone thinks someone else will fix it. A little humility would go a long way here.",1
ai_0022,"Low key, politics conversations keep looping without addressing root causes. In my view, incentives shape behavior more than speeches do. People argue about headlines, but the structural pieces rarely change. There’s also a gap between what sounds good online and what actually works in practice. Most tradeoffs are real, even if they’re inconvenient to admit. If we slowed down and defined success clearly, debates would feel less chaotic. Short term wins crowd out long term planning. We should probably focus less on outrage and more on execution.",1
ai_0023,"Honestly, tech conversations keep looping without addressing root causes. In my view, policy details matter more than slogans. People argue about headlines, but the structural pieces rarely change. There’s also a gap between what sounds good online and what actually works in practice. Most tradeoffs are real, even if they’re inconvenient to admit. If we slowed down and defined success clearly, debates would feel less chaotic. Incentives shape behavior more than speeches do. There’s room to disagree without pretending the other side is evil.",1
ai_0024,"The weird part is health conversations keep looping without addressing root causes. In my view, data helps, but context matters just as much. People argue about headlines, but the structural pieces rarely change. There’s also a gap between what sounds good online and what actually works in practice. Most tradeoffs are real, even if they’re inconvenient to admit. If we slowed down and defined success clearly, debates would feel less chaotic. Small improvements compound over time. We should probably focus less on outrage and more on execution.",1
ai_0025,"It kind of feels like sports conversations keep looping without addressing root causes. In my view, communication gaps create unnecessary tension. People argue about headlines, but the structural pieces rarely change. There’s also a gap between what sounds good online and what actually works in practice. Most tradeoffs are real, even if they’re inconvenient to admit. If we slowed down and defined success clearly, debates would feel less chaotic. Burnout builds slowly and then hits all at once. A little humility would go a long way here.",1
ai_0026,"The weird part is economy conversations keep looping without addressing root causes. In my view, small improvements compound over time. People argue about headlines, but the structural pieces rarely change. There’s also a gap between what sounds good online and what actually works in practice. Most tradeoffs are real, even if they’re inconvenient to admit. If we slowed down and defined success clearly, debates would feel less chaotic. Burnout builds slowly and then hits all at once. We don’t need perfection, just fewer obvious mistakes.",1
ai_0027,"If we're being real, climate conversations keep looping without addressing root causes. In my view, small improvements compound over time. People argue about headlines, but the structural pieces rarely change. There’s also a gap between what sounds good online and what actually works in practice. Most tradeoffs are real, even if they’re inconvenient to admit. If we slowed down and defined success clearly, debates would feel less chaotic. Burnout builds slowly and then hits all at once. The boring fixes are usually the ones that work.",1
ai_0028,"A lot of people miss that campus life conversations keep looping without addressing root causes. In my view, incentives shape behavior more than speeches do. People argue about headlines, but the structural pieces rarely change. There’s also a gap between what sounds good online and what actually works in practice. Most tradeoffs are real, even if they’re inconvenient to admit. If we slowed down and defined success clearly, debates would feel less chaotic. Incentives shape behavior more than speeches do. We don’t need perfection, just fewer obvious mistakes.",1
ai_0029,"A lot of people miss that politics conversations keep looping without addressing root causes. In my view, short term wins crowd out long term planning. People argue about headlines, but the structural pieces rarely change. There’s also a gap between what sounds good online and what actually works in practice. Most tradeoffs are real, even if they’re inconvenient to admit. If we slowed down and defined success clearly, debates would feel less chaotic. Incentives shape behavior more than speeches do. There’s room to disagree without pretending the other side is evil.",1
ai_0030,"Low key, tech conversations keep looping without addressing root causes. In my view, communication gaps create unnecessary tension. People argue about headlines, but the structural pieces rarely change. There’s also a gap between what sounds good online and what actually works in practice. Most tradeoffs are real, even if they’re inconvenient to admit. If we slowed down and defined success clearly, debates would feel less chaotic. Data helps, but context matters just as much. None of this is simple, but pretending it is makes it worse.",1
ai_0031,"I keep noticing that health conversations keep looping without addressing root causes. In my view, incentives shape behavior more than speeches do. People argue about headlines, but the structural pieces rarely change. There’s also a gap between what sounds good online and what actually works in practice. Most tradeoffs are real, even if they’re inconvenient to admit. If we slowed down and defined success clearly, debates would feel less chaotic. Most systems reward speed over thoughtfulness. We should probably focus less on outrage and more on execution.",1
ai_0032,"Honestly, sports conversations keep looping without addressing root causes. In my view, small improvements compound over time. People argue about headlines, but the structural pieces rarely change. There’s also a gap between what sounds good online and what actually works in practice. Most tradeoffs are real, even if they’re inconvenient to admit. If we slowed down and defined success clearly, debates would feel less chaotic. Policy details matter more than slogans. None of this is simple, but pretending it is makes it worse.",1
ai_0033,"Honestly, economy conversations keep looping without addressing root causes. In my view, most systems reward speed over thoughtfulness. People argue about headlines, but the structural pieces rarely change. There’s also a gap between what sounds good online and what actually works in practice. Most tradeoffs are real, even if they’re inconvenient to admit. If we slowed down and defined success clearly, debates would feel less chaotic. Data helps, but context matters just as much. It’s not dramatic, but steady effort probably matters more than viral moments.",1
ai_0034,"At the end of the day, climate conversations keep looping without addressing root causes. In my view, data helps, but context matters just as much. People argue about headlines, but the structural pieces rarely change. There’s also a gap between what sounds good online and what actually works in practice. Most tradeoffs are real, even if they’re inconvenient to admit. If we slowed down and defined success clearly, debates would feel less chaotic. Most systems reward speed over thoughtfulness. We should probably focus less on outrage and more on execution.",1
ai_0035,"I keep noticing that campus life conversations keep looping without addressing root causes. In my view, incentives shape behavior more than speeches do. People argue about headlines, but the structural pieces rarely change. There’s also a gap between what sounds good online and what actually works in practice. Most tradeoffs are real, even if they’re inconvenient to admit. If we slowed down and defined success clearly, debates would feel less chaotic. Policy details matter more than slogans. There’s room to disagree without pretending the other side is evil.",1
ai_0036,"A lot of people miss that politics conversations keep looping without addressing root causes. In my view, incentives shape behavior more than speeches do. People argue about headlines, but the structural pieces rarely change. There’s also a gap between what sounds good online and what actually works in practice. Most tradeoffs are real, even if they’re inconvenient to admit. If we slowed down and defined success clearly, debates would feel less chaotic. Small improvements compound over time. There’s room to disagree without pretending the other side is evil.",1
ai_0037,"I keep noticing that tech conversations keep looping without addressing root causes. In my view, policy details matter more than slogans. People argue about headlines, but the structural pieces rarely change. There’s also a gap between what sounds good online and what actually works in practice. Most tradeoffs are real, even if they’re inconvenient to admit. If we slowed down and defined success clearly, debates would feel less chaotic. Incentives shape behavior more than speeches do. None of this is simple, but pretending it is makes it worse.",1
ai_0038,"If we're being real, health conversations keep looping without addressing root causes. In my view, data helps, but context matters just as much. People argue about headlines, but the structural pieces rarely change. There’s also a gap between what sounds good online and what actually works in practice. Most tradeoffs are real, even if they’re inconvenient to admit. If we slowed down and defined success clearly, debates would feel less chaotic. Most systems reward speed over thoughtfulness. None of this is simple, but pretending it is makes it worse.",1
ai_0039,"If we're being real, sports conversations keep looping without addressing root causes. In my view, policy details matter more than slogans. People argue about headlines, but the structural pieces rarely change. There’s also a gap between what sounds good online and what actually works in practice. Most tradeoffs are real, even if they’re inconvenient to admit. If we slowed down and defined success clearly, debates would feel less chaotic. Short term wins crowd out long term planning. None of this is simple, but pretending it is makes it worse.",1
ai_0040,"Honestly, economy conversations keep looping without addressing root causes. In my view, incentives shape behavior more than speeches do. People argue about headlines, but the structural pieces rarely change. There’s also a gap between what sounds good online and what actually works in practice. Most tradeoffs are real, even if they’re inconvenient to admit. If we slowed down and defined success clearly, debates would feel less chaotic. Small improvements compound over time. The boring fixes are usually the ones that work.",1
ai_0041,"At the end of the day, climate conversations keep looping without addressing root causes. In my view, communication gaps create unnecessary tension. People argue about headlines, but the structural pieces rarely change. There’s also a gap between what sounds good online and what actually works in practice. Most tradeoffs are real, even if they’re inconvenient to admit. If we slowed down and defined success clearly, debates would feel less chaotic. People respond to what is easy and visible. None of this is simple, but pretending it is makes it worse.",1
ai_0042,"What gets overlooked is campus life conversations keep looping without addressing root causes. In my view, data helps, but context matters just as much. People argue about headlines, but the structural pieces rarely change. There’s also a gap between what sounds good online and what actually works in practice. Most tradeoffs are real, even if they’re inconvenient to admit. If we slowed down and defined success clearly, debates would feel less chaotic. Policy details matter more than slogans. We don’t need perfection, just fewer obvious mistakes.",1
ai_0043,"At the end of the day, politics conversations keep looping without addressing root causes. In my view, policy details matter more than slogans. People argue about headlines, but the structural pieces rarely change. There’s also a gap between what sounds good online and what actually works in practice. Most tradeoffs are real, even if they’re inconvenient to admit. If we slowed down and defined success clearly, debates would feel less chaotic. Small improvements compound over time. It’s not dramatic, but steady effort probably matters more than viral moments.",1
ai_0044,"If we're being real, tech conversations keep looping without addressing root causes. In my view, everyone thinks someone else will fix it. People argue about headlines, but the structural pieces rarely change. There’s also a gap between what sounds good online and what actually works in practice. Most tradeoffs are real, even if they’re inconvenient to admit. If we slowed down and defined success clearly, debates would feel less chaotic. Data helps, but context matters just as much. The boring fixes are usually the ones that work.",1
ai_0045,"It kind of feels like health conversations keep looping without addressing root causes. In my view, people respond to what is easy and visible. People argue about headlines, but the structural pieces rarely change. There’s also a gap between what sounds good online and what actually works in practice. Most tradeoffs are real, even if they’re inconvenient to admit. If we slowed down and defined success clearly, debates would feel less chaotic. Burnout builds slowly and then hits all at once. None of this is simple, but pretending it is makes it worse.",1
ai_0046,"It kind of feels like sports conversations keep looping without addressing root causes. In my view, policy details matter more than slogans. People argue about headlines, but the structural pieces rarely change. There’s also a gap between what sounds good online and what actually works in practice. Most tradeoffs are real, even if they’re inconvenient to admit. If we slowed down and defined success clearly, debates would feel less chaotic. Burnout builds slowly and then hits all at once. A little humility would go a long way here.",1
ai_0047,"A lot of people miss that economy conversations keep looping without addressing root causes. In my view, communication gaps create unnecessary tension. People argue about headlines, but the structural pieces rarely change. There’s also a gap between what sounds good online and what actually works in practice. Most tradeoffs are real, even if they’re inconvenient to admit. If we slowed down and defined success clearly, debates would feel less chaotic. Data helps, but context matters just as much. A little humility would go a long way here.",1
ai_0048,"It kind of feels like climate conversations keep looping without addressing root causes. In my view, people respond to what is easy and visible. People argue about headlines, but the structural pieces rarely change. There’s also a gap between what sounds good online and what actually works in practice. Most tradeoffs are real, even if they’re inconvenient to admit. If we slowed down and defined success clearly, debates would feel less chaotic. Small improvements compound over time. There’s room to disagree without pretending the other side is evil.",1
ai_0049,"At the end of the day, campus life conversations keep looping without addressing root causes. In my view, small improvements compound over time. People argue about headlines, but the structural pieces rarely change. There’s also a gap between what sounds good online and what actually works in practice. Most tradeoffs are real, even if they’re inconvenient to admit. If we slowed down and defined success clearly, debates would feel less chaotic. Small improvements compound over time. We don’t need perfection, just fewer obvious mistakes.",1
ai_0050,"Low key, politics conversations keep looping without addressing root causes. In my view, small improvements compound over time. People argue about headlines, but the structural pieces rarely change. There’s also a gap between what sounds good online and what actually works in practice. Most tradeoffs are real, even if they’re inconvenient to admit. If we slowed down and defined success clearly, debates would feel less chaotic. Most systems reward speed over thoughtfulness. We should probably focus less on outrage and more on execution.",1
ai_0051,"Low key, tech conversations keep looping without addressing root causes. In my view, short term wins crowd out long term planning. People argue about headlines, but the structural pieces rarely change. There’s also a gap between what sounds good online and what actually works in practice. Most tradeoffs are real, even if they’re inconvenient to admit. If we slowed down and defined success clearly, debates would feel less chaotic. Everyone thinks someone else will fix it. There’s room to disagree without pretending the other side is evil.",1
ai_0052,"Honestly, health conversations keep looping without addressing root causes. In my view, communication gaps create unnecessary tension. People argue about headlines, but the structural pieces rarely change. There’s also a gap between what sounds good online and what actually works in practice. Most tradeoffs are real, even if they’re inconvenient to admit. If we slowed down and defined success clearly, debates would feel less chaotic. Small improvements compound over time. We don’t need perfection, just fewer obvious mistakes.",1
ai_0053,"The weird part is sports conversations keep looping without addressing root causes. In my view, policy details matter more than slogans. People argue about headlines, but the structural pieces rarely change. There’s also a gap between what sounds good online and what actually works in practice. Most tradeoffs are real, even if they’re inconvenient to admit. If we slowed down and defined success clearly, debates would feel less chaotic. Communication gaps create unnecessary tension. The boring fixes are usually the ones that work.",1
ai_0054,"It kind of feels like economy conversations keep looping without addressing root causes. In my view, small improvements compound over time. People argue about headlines, but the structural pieces rarely change. There’s also a gap between what sounds good online and what actually works in practice. Most tradeoffs are real, even if they’re inconvenient to admit. If we slowed down and defined success clearly, debates would feel less chaotic. Most systems reward speed over thoughtfulness. We don’t need perfection, just fewer obvious mistakes.",1
ai_0055,"At the end of the day, climate conversations keep looping without addressing root causes. In my view, short term wins crowd out long term planning. People argue about headlines, but the structural pieces rarely change. There’s also a gap between what sounds good online and what actually works in practice. Most tradeoffs are real, even if they’re inconvenient to admit. If we slowed down and defined success clearly, debates would feel less chaotic. Incentives shape behavior more than speeches do. We don’t need perfection, just fewer obvious mistakes.",1
ai_0056,"What gets overlooked is campus life conversations keep looping without addressing root causes. In my view, everyone thinks someone else will fix it. People argue about headlines, but the structural pieces rarely change. There’s also a gap between what sounds good online and what actually works in practice. Most tradeoffs are real, even if they’re inconvenient to admit. If we slowed down and defined success clearly, debates would feel less chaotic. Short term wins crowd out long term planning. It’s not dramatic, but steady effort probably matters more than viral moments.",1
ai_0057,"Low key, politics conversations keep looping without addressing root causes. In my view, most systems reward speed over thoughtfulness. People argue about headlines, but the structural pieces rarely change. There’s also a gap between what sounds good online and what actually works in practice. Most tradeoffs are real, even if they’re inconvenient to admit. If we slowed down and defined success clearly, debates would feel less chaotic. Policy details matter more than slogans. We should probably focus less on outrage and more on execution.",1
ai_0058,"At the end of the day, tech conversations keep looping without addressing root causes. In my view, people respond to what is easy and visible. People argue about headlines, but the structural pieces rarely change. There’s also a gap between what sounds good online and what actually works in practice. Most tradeoffs are real, even if they’re inconvenient to admit. If we slowed down and defined success clearly, debates would feel less chaotic. Small improvements compound over time. We don’t need perfection, just fewer obvious mistakes.",1
ai_0059,"A lot of people miss that health conversations keep looping without addressing root causes. In my view, burnout builds slowly and then hits all at once. People argue about headlines, but the structural pieces rarely change. There’s also a gap between what sounds good online and what actually works in practice. Most tradeoffs are real, even if they’re inconvenient to admit. If we slowed down and defined success clearly, debates would feel less chaotic. Data helps, but context matters just as much. A little humility would go a long way here.",1
ai_0060,"It kind of feels like sports conversations keep looping without addressing root causes. In my view, communication gaps create unnecessary tension. People argue about headlines, but the structural pieces rarely change. There’s also a gap between what sounds good online and what actually works in practice. Most tradeoffs are real, even if they’re inconvenient to admit. If we slowed down and defined success clearly, debates would feel less chaotic. Everyone thinks someone else will fix it. A little humility would go a long way here.",1
ai_0061,"A lot of people miss that economy conversations keep looping without addressing root causes. In my view, policy details matter more than slogans. People argue about headlines, but the structural pieces rarely change. There’s also a gap between what sounds good online and what actually works in practice. Most tradeoffs are real, even if they’re inconvenient to admit. If we slowed down and defined success clearly, debates would feel less chaotic. Data helps, but context matters just as much. We don’t need perfection, just fewer obvious mistakes.",1
ai_0062,"At the end of the day, climate conversations keep looping without addressing root causes. In my view, people respond to what is easy and visible. People argue about headlines, but the structural pieces rarely change. There’s also a gap between what sounds good online and what actually works in practice. Most tradeoffs are real, even if they’re inconvenient to admit. If we slowed down and defined success clearly, debates would feel less chaotic. Everyone thinks someone else will fix it. None of this is simple, but pretending it is makes it worse.",1
ai_0063,"It kind of feels like campus life conversations keep looping without addressing root causes. In my view, everyone thinks someone else will fix it. People argue about headlines, but the structural pieces rarely change. There’s also a gap between what sounds good online and what actually works in practice. Most tradeoffs are real, even if they’re inconvenient to admit. If we slowed down and defined success clearly, debates would feel less chaotic. Everyone thinks someone else will fix it. The boring fixes are usually the ones that work.",1
ai_0064,"Low key, politics conversations keep looping without addressing root causes. In my view, everyone thinks someone else will fix it. People argue about headlines, but the structural pieces rarely change. There’s also a gap between what sounds good online and what actually works in practice. Most tradeoffs are real, even if they’re inconvenient to admit. If we slowed down and defined success clearly, debates would feel less chaotic. Most systems reward speed over thoughtfulness. None of this is simple, but pretending it is makes it worse.",1
ai_0065,"It kind of feels like tech conversations keep looping without addressing root causes. In my view, policy details matter more than slogans. People argue about headlines, but the structural pieces rarely change. There’s also a gap between what sounds good online and what actually works in practice. Most tradeoffs are real, even if they’re inconvenient to admit. If we slowed down and defined success clearly, debates would feel less chaotic. Burnout builds slowly and then hits all at once. There’s room to disagree without pretending the other side is evil.",1
ai_0066,"I keep noticing that health conversations keep looping without addressing root causes. In my view, policy details matter more than slogans. People argue about headlines, but the structural pieces rarely change. There’s also a gap between what sounds good online and what actually works in practice. Most tradeoffs are real, even if they’re inconvenient to admit. If we slowed down and defined success clearly, debates would feel less chaotic. Policy details matter more than slogans. We don’t need perfection, just fewer obvious mistakes.",1
ai_0067,"A lot of people miss that sports conversations keep looping without addressing root causes. In my view, policy details matter more than slogans. People argue about headlines, but the structural pieces rarely change. There’s also a gap between what sounds good online and what actually works in practice. Most tradeoffs are real, even if they’re inconvenient to admit. If we slowed down and defined success clearly, debates would feel less chaotic. Short term wins crowd out long term planning. A little humility would go a long way here.",1
ai_0068,"If we're being real, economy conversations keep looping without addressing root causes. In my view, data helps, but context matters just as much. People argue about headlines, but the structural pieces rarely change. There’s also a gap between what sounds good online and what actually works in practice. Most tradeoffs are real, even if they’re inconvenient to admit. If we slowed down and defined success clearly, debates would feel less chaotic. Incentives shape behavior more than speeches do. A little humility would go a long way here.",1
ai_0069,"I keep noticing that climate conversations keep looping without addressing root causes. In my view, data helps, but context matters just as much. People argue about headlines, but the structural pieces rarely change. There’s also a gap between what sounds good online and what actually works in practice. Most tradeoffs are real, even if they’re inconvenient to admit. If we slowed down and defined success clearly, debates would feel less chaotic. Small improvements compound over time. There’s room to disagree without pretending the other side is evil.",1
ai_0070,"If we're being real, campus life conversations keep looping without addressing root causes. In my view, small improvements compound over time. People argue about headlines, but the structural pieces rarely change. There’s also a gap between what sounds good online and what actually works in practice. Most tradeoffs are real, even if they’re inconvenient to admit. If we slowed down and defined success clearly, debates would feel less chaotic. Data helps, but context matters just as much. There’s room to disagree without pretending the other side is evil.",1
ai_0071,"Honestly, politics conversations keep looping without addressing root causes. In my view, communication gaps create unnecessary tension. People argue about headlines, but the structural pieces rarely change. There’s also a gap between what sounds good online and what actually works in practice. Most tradeoffs are real, even if they’re inconvenient to admit. If we slowed down and defined success clearly, debates would feel less chaotic. Most systems reward speed over thoughtfulness. There’s room to disagree without pretending the other side is evil.",1
ai_0072,"At the end of the day, tech conversations keep looping without addressing root causes. In my view, everyone thinks someone else will fix it. People argue about headlines, but the structural pieces rarely change. There’s also a gap between what sounds good online and what actually works in practice. Most tradeoffs are real, even if they’re inconvenient to admit. If we slowed down and defined success clearly, debates would feel less chaotic. Policy details matter more than slogans. It’s not dramatic, but steady effort probably matters more than viral moments.",1
ai_0073,"I keep noticing that health conversations keep looping without addressing root causes. In my view, incentives shape behavior more than speeches do. People argue about headlines, but the structural pieces rarely change. There’s also a gap between what sounds good online and what actually works in practice. Most tradeoffs are real, even if they’re inconvenient to admit. If we slowed down and defined success clearly, debates would feel less chaotic. Everyone thinks someone else will fix it. The boring fixes are usually the ones that work.",1
ai_0074,"What gets overlooked is sports conversations keep looping without addressing root causes. In my view, most systems reward speed over thoughtfulness. People argue about headlines, but the structural pieces rarely change. There’s also a gap between what sounds good online and what actually works in practice. Most tradeoffs are real, even if they’re inconvenient to admit. If we slowed down and defined success clearly, debates would feel less chaotic. Burnout builds slowly and then hits all at once. We should probably focus less on outrage and more on execution.",1
ai_0075,"Low key, economy conversations keep looping without addressing root causes. In my view, short term wins crowd out long term planning. People argue about headlines, but the structural pieces rarely change. There’s also a gap between what sounds good online and what actually works in practice. Most tradeoffs are real, even if they’re inconvenient to admit. If we slowed down and defined success clearly, debates would feel less chaotic. Burnout builds slowly and then hits all at once. There’s room to disagree without pretending the other side is evil.",1
ai_0076,"A lot of people miss that climate conversations keep looping without addressing root causes. In my view, everyone thinks someone else will fix it. People argue about headlines, but the structural pieces rarely change. There’s also a gap between what sounds good online and what actually works in practice. Most tradeoffs are real, even if they’re inconvenient to admit. If we slowed down and defined success clearly, debates would feel less chaotic. Everyone thinks someone else will fix it. There’s room to disagree without pretending the other side is evil.",1
ai_0077,"The weird part is campus life conversations keep looping without addressing root causes. In my view, burnout builds slowly and then hits all at once. People argue about headlines, but the structural pieces rarely change. There’s also a gap between what sounds good online and what actually works in practice. Most tradeoffs are real, even if they’re inconvenient to admit. If we slowed down and defined success clearly, debates would feel less chaotic. Small improvements compound over time. We should probably focus less on outrage and more on execution.",1
ai_0078,"What gets overlooked is politics conversations keep looping without addressing root causes. In my view, policy details matter more than slogans. People argue about headlines, but the structural pieces rarely change. There’s also a gap between what sounds good online and what actually works in practice. Most tradeoffs are real, even if they’re inconvenient to admit. If we slowed down and defined success clearly, debates would feel less chaotic. Incentives shape behavior more than speeches do. We don’t need perfection, just fewer obvious mistakes.",1
ai_0079,"Honestly, tech conversations keep looping without addressing root causes. In my view, incentives shape behavior more than speeches do. People argue about headlines, but the structural pieces rarely change. There’s also a gap between what sounds good online and what actually works in practice. Most tradeoffs are real, even if they’re inconvenient to admit. If we slowed down and defined success clearly, debates would feel less chaotic. Data helps, but context matters just as much. None of this is simple, but pretending it is makes it worse.",1
ai_0080,"A lot of people miss that health conversations keep looping without addressing root causes. In my view, people respond to what is easy and visible. People argue about headlines, but the structural pieces rarely change. There’s also a gap between what sounds good online and what actually works in practice. Most tradeoffs are real, even if they’re inconvenient to admit. If we slowed down and defined success clearly, debates would feel less chaotic. Burnout builds slowly and then hits all at once. We should probably focus less on outrage and more on execution.",1
ai_0081,"It kind of feels like sports conversations keep looping without addressing root causes. In my view, burnout builds slowly and then hits all at once. People argue about headlines, but the structural pieces rarely change. There’s also a gap between what sounds good online and what actually works in practice. Most tradeoffs are real, even if they’re inconvenient to admit. If we slowed down and defined success clearly, debates would feel less chaotic. Small improvements compound over time. We don’t need perfection, just fewer obvious mistakes.",1
ai_0082,"Low key, economy conversations keep looping without addressing root causes. In my view, policy details matter more than slogans. People argue about headlines, but the structural pieces rarely change. There’s also a gap between what sounds good online and what actually works in practice. Most tradeoffs are real, even if they’re inconvenient to admit. If we slowed down and defined success clearly, debates would feel less chaotic. Short term wins crowd out long term planning. We should probably focus less on outrage and more on execution.",1
ai_0083,"It kind of feels like climate conversations keep looping without addressing root causes. In my view, burnout builds slowly and then hits all at once. People argue about headlines, but the structural pieces rarely change. There’s also a gap between what sounds good online and what actually works in practice. Most tradeoffs are real, even if they’re inconvenient to admit. If we slowed down and defined success clearly, debates would feel less chaotic. Small improvements compound over time. We should probably focus less on outrage and more on execution.",1
ai_0084,"What gets overlooked is campus life conversations keep looping without addressing root causes. In my view, everyone thinks someone else will fix it. People argue about headlines, but the structural pieces rarely change. There’s also a gap between what sounds good online and what actually works in practice. Most tradeoffs are real, even if they’re inconvenient to admit. If we slowed down and defined success clearly, debates would feel less chaotic. Incentives shape behavior more than speeches do. There’s room to disagree without pretending the other side is evil.",1
ai_0085,"I keep noticing that politics conversations keep looping without addressing root causes. In my view, short term wins crowd out long term planning. People argue about headlines, but the structural pieces rarely change. There’s also a gap between what sounds good online and what actually works in practice. Most tradeoffs are real, even if they’re inconvenient to admit. If we slowed down and defined success clearly, debates would feel less chaotic. Most systems reward speed over thoughtfulness. A little humility would go a long way here.",1
ai_0086,"What gets overlooked is tech conversations keep looping without addressing root causes. In my view, communication gaps create unnecessary tension. People argue about headlines, but the structural pieces rarely change. There’s also a gap between what sounds good online and what actually works in practice. Most tradeoffs are real, even if they’re inconvenient to admit. If we slowed down and defined success clearly, debates would feel less chaotic. People respond to what is easy and visible. The boring fixes are usually the ones that work.",1
ai_0087,"Low key, health conversations keep looping without addressing root causes. In my view, data helps, but context matters just as much. People argue about headlines, but the structural pieces rarely change. There’s also a gap between what sounds good online and what actually works in practice. Most tradeoffs are real, even if they’re inconvenient to admit. If we slowed down and defined success clearly, debates would feel less chaotic. Incentives shape behavior more than speeches do. We should probably focus less on outrage and more on execution.",1
ai_0088,"It kind of feels like sports conversations keep looping without addressing root causes. In my view, burnout builds slowly and then hits all at once. People argue about headlines, but the structural pieces rarely change. There’s also a gap between what sounds good online and what actually works in practice. Most tradeoffs are real, even if they’re inconvenient to admit. If we slowed down and defined success clearly, debates would feel less chaotic. People respond to what is easy and visible. We don’t need perfection, just fewer obvious mistakes.",1
ai_0089,"It kind of feels like economy conversations keep looping without addressing root causes. In my view, communication gaps create unnecessary tension. People argue about headlines, but the structural pieces rarely change. There’s also a gap between what sounds good online and what actually works in practice. Most tradeoffs are real, even if they’re inconvenient to admit. If we slowed down and defined success clearly, debates would feel less chaotic. Small improvements compound over time. We don’t need perfection, just fewer obvious mistakes.",1
ai_0090,"At the end of the day, climate conversations keep looping without addressing root causes. In my view, short term wins crowd out long term planning. People argue about headlines, but the structural pieces rarely change. There’s also a gap between what sounds good online and what actually works in practice. Most tradeoffs are real, even if they’re inconvenient to admit. If we slowed down and defined success clearly, debates would feel less chaotic. Communication gaps create unnecessary tension. The boring fixes are usually the ones that work.",1
ai_0091,"A lot of people miss that campus life conversations keep looping without addressing root causes. In my view, short term wins crowd out long term planning. People argue about headlines, but the structural pieces rarely change. There’s also a gap between what sounds good online and what actually works in practice. Most tradeoffs are real, even if they’re inconvenient to admit. If we slowed down and defined success clearly, debates would feel less chaotic. Communication gaps create unnecessary tension. We should probably focus less on outrage and more on execution.",1
ai_0092,"Honestly, politics conversations keep looping without addressing root causes. In my view, most systems reward speed over thoughtfulness. People argue about headlines, but the structural pieces rarely change. There’s also a gap between what sounds good online and what actually works in practice. Most tradeoffs are real, even if they’re inconvenient to admit. If we slowed down and defined success clearly, debates would feel less chaotic. Burnout builds slowly and then hits all at once. We should probably focus less on outrage and more on execution.",1
ai_0093,"At the end of the day, tech conversations keep looping without addressing root causes. In my view, small improvements compound over time. People argue about headlines, but the structural pieces rarely change. There’s also a gap between what sounds good online and what actually works in practice. Most tradeoffs are real, even if they’re inconvenient to admit. If we slowed down and defined success clearly, debates would feel less chaotic. Communication gaps create unnecessary tension. A little humility would go a long way here.",1
ai_0094,"The weird part is health conversations keep looping without addressing root causes. In my view, small improvements compound over time. People argue about headlines, but the structural pieces rarely change. There’s also a gap between what sounds good online and what actually works in practice. Most tradeoffs are real, even if they’re inconvenient to admit. If we slowed down and defined success clearly, debates would feel less chaotic. Most systems reward speed over thoughtfulness. None of this is simple, but pretending it is makes it worse.",1
ai_0095,"I keep noticing that sports conversations keep looping without addressing root causes. In my view, data helps, but context matters just as much. People argue about headlines, but the structural pieces rarely change. There’s also a gap between what sounds good online and what actually works in practice. Most tradeoffs are real, even if they’re inconvenient to admit. If we slowed down and defined success clearly, debates would feel less chaotic. Burnout builds slowly and then hits all at once. It’s not dramatic, but steady effort probably matters more than viral moments.",1
ai_0096,"It kind of feels like economy conversations keep looping without addressing root causes. In my view, everyone thinks someone else will fix it. People argue about headlines, but the structural pieces rarely change. There’s also a gap between what sounds good online and what actually works in practice. Most tradeoffs are real, even if they’re inconvenient to admit. If we slowed down and defined success clearly, debates would feel less chaotic. Data helps, but context matters just as much. A little humility would go a long way here.",1
ai_0097,"I keep noticing that climate conversations keep looping without addressing root causes. In my view, small improvements compound over time. People argue about headlines, but the structural pieces rarely change. There’s also a gap between what sounds good online and what actually works in practice. Most tradeoffs are real, even if they’re inconvenient to admit. If we slowed down and defined success clearly, debates would feel less chaotic. Policy details matter more than slogans. We don’t need perfection, just fewer obvious mistakes.",1
ai_0098,"A lot of people miss that campus life conversations keep looping without addressing root causes. In my view, people respond to what is easy and visible. People argue about headlines, but the structural pieces rarely change. There’s also a gap between what sounds good online and what actually works in practice. Most tradeoffs are real, even if they’re inconvenient to admit. If we slowed down and defined success clearly, debates would feel less chaotic. Short term wins crowd out long term planning. We don’t need perfection, just fewer obvious mistakes.",1
ai_0099,"The weird part is politics conversations keep looping without addressing root causes. In my view, incentives shape behavior more than speeches do. People argue about headlines, but the structural pieces rarely change. There’s also a gap between what sounds good online and what actually works in practice. Most tradeoffs are real, even if they’re inconvenient to admit. If we slowed down and defined success clearly, debates would feel less chaotic. Short term wins crowd out long term planning. We don’t need perfection, just fewer obvious mistakes.",1
ai_0100,"Honestly, tech conversations keep looping without addressing root causes. In my view, data helps, but context matters just as much. People argue about headlines, but the structural pieces rarely change. There’s also a gap between what sounds good online and what actually works in practice. Most tradeoffs are real, even if they’re inconvenient to admit. If we slowed down and defined success clearly, debates would feel less chaotic. Incentives shape behavior more than speeches do. It’s not dramatic, but steady effort probably matters more than viral moments.",1
ai_0101,"I keep noticing that health conversations keep looping without addressing root causes. In my view, policy details matter more than slogans. People argue about headlines, but the structural pieces rarely change. There’s also a gap between what sounds good online and what actually works in practice. Most tradeoffs are real, even if they’re inconvenient to admit. If we slowed down and defined success clearly, debates would feel less chaotic. Small improvements compound over time. It’s not dramatic, but steady effort probably matters more than viral moments.",1
ai_0102,"It kind of feels like sports conversations keep looping without addressing root causes. In my view, short term wins crowd out long term planning. People argue about headlines, but the structural pieces rarely change. There’s also a gap between what sounds good online and what actually works in practice. Most tradeoffs are real, even if they’re inconvenient to admit. If we slowed down and defined success clearly, debates would feel less chaotic. Data helps, but context matters just as much. None of this is simple, but pretending it is makes it worse.",1
ai_0103,"What gets overlooked is economy conversations keep looping without addressing root causes. In my view, people respond to what is easy and visible. People argue about headlines, but the structural pieces rarely change. There’s also a gap between what sounds good online and what actually works in practice. Most tradeoffs are real, even if they’re inconvenient to admit. If we slowed down and defined success clearly, debates would feel less chaotic. Communication gaps create unnecessary tension. It’s not dramatic, but steady effort probably matters more than viral moments.",1
ai_0104,"What gets overlooked is climate conversations keep looping without addressing root causes. In my view, policy details matter more than slogans. People argue about headlines, but the structural pieces rarely change. There’s also a gap between what sounds good online and what actually works in practice. Most tradeoffs are real, even if they’re inconvenient to admit. If we slowed down and defined success clearly, debates would feel less chaotic. Short term wins crowd out long term planning. We should probably focus less on outrage and more on execution.",1
ai_0105,"It kind of feels like campus life conversations keep looping without addressing root causes. In my view, policy details matter more than slogans. People argue about headlines, but the structural pieces rarely change. There’s also a gap between what sounds good online and what actually works in practice. Most tradeoffs are real, even if they’re inconvenient to admit. If we slowed down and defined success clearly, debates would feel less chaotic. People respond to what is easy and visible. The boring fixes are usually the ones that work.",1
ai_0106,"The weird part is politics conversations keep looping without addressing root causes. In my view, data helps, but context matters just as much. People argue about headlines, but the structural pieces rarely change. There’s also a gap between what sounds good online and what actually works in practice. Most tradeoffs are real, even if they’re inconvenient to admit. If we slowed down and defined success clearly, debates would feel less chaotic. Short term wins crowd out long term planning. We should probably focus less on outrage and more on execution.",1
ai_0107,"I keep noticing that tech conversations keep looping without addressing root causes. In my view, data helps, but context matters just as much. People argue about headlines, but the structural pieces rarely change. There’s also a gap between what sounds good online and what actually works in practice. Most tradeoffs are real, even if they’re inconvenient to admit. If we slowed down and defined success clearly, debates would feel less chaotic. Small improvements compound over time. We don’t need perfection, just fewer obvious mistakes.",1
ai_0108,"I keep noticing that health conversations keep looping without addressing root causes. In my view, most systems reward speed over thoughtfulness. People argue about headlines, but the structural pieces rarely change. There’s also a gap between what sounds good online and what actually works in practice. Most tradeoffs are real, even if they’re inconvenient to admit. If we slowed down and defined success clearly, debates would feel less chaotic. Burnout builds slowly and then hits all at once. A little humility would go a long way here.",1
ai_0109,"It kind of feels like sports conversations keep looping without addressing root causes. In my view, communication gaps create unnecessary tension. People argue about headlines, but the structural pieces rarely change. There’s also a gap between what sounds good online and what actually works in practice. Most tradeoffs are real, even if they’re inconvenient to admit. If we slowed down and defined success clearly, debates would feel less chaotic. People respond to what is easy and visible. The boring fixes are usually the ones that work.",1
ai_0110,"Honestly, economy conversations keep looping without addressing root causes. In my view, people respond to what is easy and visible. People argue about headlines, but the structural pieces rarely change. There’s also a gap between what sounds good online and what actually works in practice. Most tradeoffs are real, even if they’re inconvenient to admit. If we slowed down and defined success clearly, debates would feel less chaotic. Most systems reward speed over thoughtfulness. The boring fixes are usually the ones that work.",1
ai_0111,"Low key, climate conversations keep looping without addressing root causes. In my view, small improvements compound over time. People argue about headlines, but the structural pieces rarely change. There’s also a gap between what sounds good online and what actually works in practice. Most tradeoffs are real, even if they’re inconvenient to admit. If we slowed down and defined success clearly, debates would feel less chaotic. Everyone thinks someone else will fix it. It’s not dramatic, but steady effort probably matters more than viral moments.",1
ai_0112,"A lot of people miss that campus life conversations keep looping without addressing root causes. In my view, small improvements compound over time. People argue about headlines, but the structural pieces rarely change. There’s also a gap between what sounds good online and what actually works in practice. Most tradeoffs are real, even if they’re inconvenient to admit. If we slowed down and defined success clearly, debates would feel less chaotic. Policy details matter more than slogans. There’s room to disagree without pretending the other side is evil.",1
ai_0113,"Low key, politics conversations keep looping without addressing root causes. In my view, short term wins crowd out long term planning. People argue about headlines, but the structural pieces rarely change. There’s also a gap between what sounds good online and what actually works in practice. Most tradeoffs are real, even if they’re inconvenient to admit. If we slowed down and defined success clearly, debates would feel less chaotic. Data helps, but context matters just as much. It’s not dramatic, but steady effort probably matters more than viral moments.",1
ai_0114,"Honestly, tech conversations keep looping without addressing root causes. In my view, small improvements compound over time. People argue about headlines, but the structural pieces rarely change. There’s also a gap between what sounds good online and what actually works in practice. Most tradeoffs are real, even if they’re inconvenient to admit. If we slowed down and defined success clearly, debates would feel less chaotic. Most systems reward speed over thoughtfulness. We should probably focus less on outrage and more on execution.",1
ai_0115,"Low key, health conversations keep looping without addressing root causes. In my view, most systems reward speed over thoughtfulness. People argue about headlines, but the structural pieces rarely change. There’s also a gap between what sounds good online and what actually works in practice. Most tradeoffs are real, even if they’re inconvenient to admit. If we slowed down and defined success clearly, debates would feel less chaotic. Short term wins crowd out long term planning. The boring fixes are usually the ones that work.",1
ai_0116,"If we're being real, sports conversations keep looping without addressing root causes. In my view, data helps, but context matters just as much. People argue about headlines, but the structural pieces rarely change. There’s also a gap between what sounds good online and what actually works in practice. Most tradeoffs are real, even if they’re inconvenient to admit. If we slowed down and defined success clearly, debates would feel less chaotic. People respond to what is easy and visible. The boring fixes are usually the ones that work.",1
ai_0117,"If we're being real, economy conversations keep looping without addressing root causes. In my view, incentives shape behavior more than speeches do. People argue about headlines, but the structural pieces rarely change. There’s also a gap between what sounds good online and what actually works in practice. Most tradeoffs are real, even if they’re inconvenient to admit. If we slowed down and defined success clearly, debates would feel less chaotic. People respond to what is easy and visible. A little humility would go a long way here.",1
ai_0118,"Honestly, climate conversations keep looping without addressing root causes. In my view, policy details matter more than slogans. People argue about headlines, but the structural pieces rarely change. There’s also a gap between what sounds good online and what actually works in practice. Most tradeoffs are real, even if they’re inconvenient to admit. If we slowed down and defined success clearly, debates would feel less chaotic. Incentives shape behavior more than speeches do. It’s not dramatic, but steady effort probably matters more than viral moments.",1
ai_0119,"If we're being real, campus life conversations keep looping without addressing root causes. In my view, short term wins crowd out long term planning. People argue about headlines, but the structural pieces rarely change. There’s also a gap between what sounds good online and what actually works in practice. Most tradeoffs are real, even if they’re inconvenient to admit. If we slowed down and defined success clearly, debates would feel less chaotic. Burnout builds slowly and then hits all at once. The boring fixes are usually the ones that work.",1
ai_0120,"The weird part is politics conversations keep looping without addressing root causes. In my view, data helps, but context matters just as much. People argue about headlines, but the structural pieces rarely change. There’s also a gap between what sounds good online and what actually works in practice. Most tradeoffs are real, even if they’re inconvenient to admit. If we slowed down and defined success clearly, debates would feel less chaotic. Incentives shape behavior more than speeches do. It’s not dramatic, but steady effort probably matters more than viral moments.",1
ai_0121,"If we're being real, tech conversations keep looping without addressing root causes. In my view, most systems reward speed over thoughtfulness. People argue about headlines, but the structural pieces rarely change. There’s also a gap between what sounds good online and what actually works in practice. Most tradeoffs are real, even if they’re inconvenient to admit. If we slowed down and defined success clearly, debates would feel less chaotic. Burnout builds slowly and then hits all at once. None of this is simple, but pretending it is makes it worse.",1
ai_0122,"Honestly, health conversations keep looping without addressing root causes. In my view, people respond to what is easy and visible. People argue about headlines, but the structural pieces rarely change. There’s also a gap between what sounds good online and what actually works in practice. Most tradeoffs are real, even if they’re inconvenient to admit. If we slowed down and defined success clearly, debates would feel less chaotic. Incentives shape behavior more than speeches do. There’s room to disagree without pretending the other side is evil.",1
ai_0123,"A lot of people miss that sports conversations keep looping without addressing root causes. In my view, short term wins crowd out long term planning. People argue about headlines, but the structural pieces rarely change. There’s also a gap between what sounds good online and what actually works in practice. Most tradeoffs are real, even if they’re inconvenient to admit. If we slowed down and defined success clearly, debates would feel less chaotic. Short term wins crowd out long term planning. We don’t need perfection, just fewer obvious mistakes.",1
ai_0124,"I keep noticing that economy conversations keep looping without addressing root causes. In my view, policy details matter more than slogans. People argue about headlines, but the structural pieces rarely change. There’s also a gap between what sounds good online and what actually works in practice. Most tradeoffs are real, even if they’re inconvenient to admit. If we slowed down and defined success clearly, debates would feel less chaotic. People respond to what is easy and visible. It’s not dramatic, but steady effort probably matters more than viral moments.",1
ai_0125,"It kind of feels like climate conversations keep looping without addressing root causes. In my view, communication gaps create unnecessary tension. People argue about headlines, but the structural pieces rarely change. There’s also a gap between what sounds good online and what actually works in practice. Most tradeoffs are real, even if they’re inconvenient to admit. If we slowed down and defined success clearly, debates would feel less chaotic. Policy details matter more than slogans. None of this is simple, but pretending it is makes it worse.",1
ai_0126,"I keep noticing that campus life conversations keep looping without addressing root causes. In my view, policy details matter more than slogans. People argue about headlines, but the structural pieces rarely change. There’s also a gap between what sounds good online and what actually works in practice. Most tradeoffs are real, even if they’re inconvenient to admit. If we slowed down and defined success clearly, debates would feel less chaotic. Short term wins crowd out long term planning. A little humility would go a long way here.",1
ai_0127,"It kind of feels like politics conversations keep looping without addressing root causes. In my view, incentives shape behavior more than speeches do. People argue about headlines, but the structural pieces rarely change. There’s also a gap between what sounds good online and what actually works in practice. Most tradeoffs are real, even if they’re inconvenient to admit. If we slowed down and defined success clearly, debates would feel less chaotic. Small improvements compound over time. It’s not dramatic, but steady effort probably matters more than viral moments.",1
ai_0128,"Honestly, tech conversations keep looping without addressing root causes. In my view, short term wins crowd out long term planning. People argue about headlines, but the structural pieces rarely change. There’s also a gap between what sounds good online and what actually works in practice. Most tradeoffs are real, even if they’re inconvenient to admit. If we slowed down and defined success clearly, debates would feel less chaotic. Communication gaps create unnecessary tension. We don’t need perfection, just fewer obvious mistakes.",1
ai_0129,"If we're being real, health conversations keep looping without addressing root causes. In my view, small improvements compound over time. People argue about headlines, but the structural pieces rarely change. There’s also a gap between what sounds good online and what actually works in practice. Most tradeoffs are real, even if they’re inconvenient to admit. If we slowed down and defined success clearly, debates would feel less chaotic. Incentives shape behavior more than speeches do. A little humility would go a long way here.",1
ai_0130,"At the end of the day, sports conversations keep looping without addressing root causes. In my view, communication gaps create unnecessary tension. People argue about headlines, but the structural pieces rarely change. There’s also a gap between what sounds good online and what actually works in practice. Most tradeoffs are real, even if they’re inconvenient to admit. If we slowed down and defined success clearly, debates would feel less chaotic. Data helps, but context matters just as much. We should probably focus less on outrage and more on execution.",1
ai_0131,"Low key, economy conversations keep looping without addressing root causes. In my view, policy details matter more than slogans. People argue about headlines, but the structural pieces rarely change. There’s also a gap between what sounds good online and what actually works in practice. Most tradeoffs are real, even if they’re inconvenient to admit. If we slowed down and defined success clearly, debates would feel less chaotic. People respond to what is easy and visible. A little humility would go a long way here.",1
ai_0132,"I keep noticing that climate conversations keep looping without addressing root causes. In my view, incentives shape behavior more than speeches do. People argue about headlines, but the structural pieces rarely change. There’s also a gap between what sounds good online and what actually works in practice. Most tradeoffs are real, even if they’re inconvenient to admit. If we slowed down and defined success clearly, debates would feel less chaotic. Everyone thinks someone else will fix it. There’s room to disagree without pretending the other side is evil.",1
ai_0133,"Low key, campus life conversations keep looping without addressing root causes. In my view, policy details matter more than slogans. People argue about headlines, but the structural pieces rarely change. There’s also a gap between what sounds good online and what actually works in practice. Most tradeoffs are real, even if they’re inconvenient to admit. If we slowed down and defined success clearly, debates would feel less chaotic. Incentives shape behavior more than speeches do. A little humility would go a long way here.",1
ai_0134,"Low key, politics conversations keep looping without addressing root causes. In my view, small improvements compound over time. People argue about headlines, but the structural pieces rarely change. There’s also a gap between what sounds good online and what actually works in practice. Most tradeoffs are real, even if they’re inconvenient to admit. If we slowed down and defined success clearly, debates would feel less chaotic. Incentives shape behavior more than speeches do. None of this is simple, but pretending it is makes it worse.",1
ai_0135,"What gets overlooked is tech conversations keep looping without addressing root causes. In my view, most systems reward speed over thoughtfulness. People argue about headlines, but the structural pieces rarely change. There’s also a gap between what sounds good online and what actually works in practice. Most tradeoffs are real, even if they’re inconvenient to admit. If we slowed down and defined success clearly, debates would feel less chaotic. Data helps, but context matters just as much. None of this is simple, but pretending it is makes it worse.",1
ai_0136,"If we're being real, health conversations keep looping without addressing root causes. In my view, everyone thinks someone else will fix it. People argue about headlines, but the structural pieces rarely change. There’s also a gap between what sounds good online and what actually works in practice. Most tradeoffs are real, even if they’re inconvenient to admit. If we slowed down and defined success clearly, debates would feel less chaotic. Policy details matter more than slogans. The boring fixes are usually the ones that work.",1
ai_0137,"Honestly, sports conversations keep looping without addressing root causes. In my view, everyone thinks someone else will fix it. People argue about headlines, but the structural pieces rarely change. There’s also a gap between what sounds good online and what actually works in practice. Most tradeoffs are real, even if they’re inconvenient to admit. If we slowed down and defined success clearly, debates would feel less chaotic. Small improvements compound over time. We don’t need perfection, just fewer obvious mistakes.",1
ai_0138,"I keep noticing that economy conversations keep looping without addressing root causes. In my view, most systems reward speed over thoughtfulness. People argue about headlines, but the structural pieces rarely change. There’s also a gap between what sounds good online and what actually works in practice. Most tradeoffs are real, even if they’re inconvenient to admit. If we slowed down and defined success clearly, debates would feel less chaotic. Short term wins crowd out long term planning. We don’t need perfection, just fewer obvious mistakes.",1
ai_0139,"Low key, climate conversations keep looping without addressing root causes. In my view, data helps, but context matters just as much. People argue about headlines, but the structural pieces rarely change. There’s also a gap between what sounds good online and what actually works in practice. Most tradeoffs are real, even if they’re inconvenient to admit. If we slowed down and defined success clearly, debates would feel less chaotic. Burnout builds slowly and then hits all at once. There’s room to disagree without pretending the other side is evil.",1
ai_0140,"At the end of the day, campus life conversations keep looping without addressing root causes. In my view, small improvements compound over time. People argue about headlines, but the structural pieces rarely change. There’s also a gap between what sounds good online and what actually works in practice. Most tradeoffs are real, even if they’re inconvenient to admit. If we slowed down and defined success clearly, debates would feel less chaotic. People respond to what is easy and visible. The boring fixes are usually the ones that work.",1
ai_0141,"It kind of feels like politics conversations keep looping without addressing root causes. In my view, communication gaps create unnecessary tension. People argue about headlines, but the structural pieces rarely change. There’s also a gap between what sounds good online and what actually works in practice. Most tradeoffs are real, even if they’re inconvenient to admit. If we slowed down and defined success clearly, debates would feel less chaotic. Incentives shape behavior more than speeches do. A little humility would go a long way here.",1
ai_0142,"If we're being real, tech conversations keep looping without addressing root causes. In my view, short term wins crowd out long term planning. People argue about headlines, but the structural pieces rarely change. There’s also a gap between what sounds good online and what actually works in practice. Most tradeoffs are real, even if they’re inconvenient to admit. If we slowed down and defined success clearly, debates would feel less chaotic. Policy details matter more than slogans. We don’t need perfection, just fewer obvious mistakes.",1
ai_0143,"Honestly, health conversations keep looping without addressing root causes. In my view, people respond to what is easy and visible. People argue about headlines, but the structural pieces rarely change. There’s also a gap between what sounds good online and what actually works in practice. Most tradeoffs are real, even if they’re inconvenient to admit. If we slowed down and defined success clearly, debates would feel less chaotic. Everyone thinks someone else will fix it. It’s not dramatic, but steady effort probably matters more than viral moments.",1
ai_0144,"What gets overlooked is sports conversations keep looping without addressing root causes. In my view, most systems reward speed over thoughtfulness. People argue about headlines, but the structural pieces rarely change. There’s also a gap between what sounds good online and what actually works in practice. Most tradeoffs are real, even if they’re inconvenient to admit. If we slowed down and defined success clearly, debates would feel less chaotic. Most systems reward speed over thoughtfulness. There’s room to disagree without pretending the other side is evil.",1
ai_0145,"It kind of feels like economy conversations keep looping without addressing root causes. In my view, communication gaps create unnecessary tension. People argue about headlines, but the structural pieces rarely change. There’s also a gap between what sounds good online and what actually works in practice. Most tradeoffs are real, even if they’re inconvenient to admit. If we slowed down and defined success clearly, debates would feel less chaotic. Policy details matter more than slogans. We don’t need perfection, just fewer obvious mistakes.",1
ai_0146,"What gets overlooked is climate conversations keep looping without addressing root causes. In my view, data helps, but context matters just as much. People argue about headlines, but the structural pieces rarely change. There’s also a gap between what sounds good online and what actually works in practice. Most tradeoffs are real, even if they’re inconvenient to admit. If we slowed down and defined success clearly, debates would feel less chaotic. Most systems reward speed over thoughtfulness. We should probably focus less on outrage and more on execution.",1
ai_0147,"What gets overlooked is campus life conversations keep looping without addressing root causes. In my view, small improvements compound over time. People argue about headlines, but the structural pieces rarely change. There’s also a gap between what sounds good online and what actually works in practice. Most tradeoffs are real, even if they’re inconvenient to admit. If we slowed down and defined success clearly, debates would feel less chaotic. Small improvements compound over time. A little humility would go a long way here.",1
ai_0148,"Honestly, politics conversations keep looping without addressing root causes. In my view, small improvements compound over time. People argue about headlines, but the structural pieces rarely change. There’s also a gap between what sounds good online and what actually works in practice. Most tradeoffs are real, even if they’re inconvenient to admit. If we slowed down and defined success clearly, debates would feel less chaotic. Most systems reward speed over thoughtfulness. There’s room to disagree without pretending the other side is evil.",1
ai_0149,"What gets overlooked is tech conversations keep looping without addressing root causes. In my view, communication gaps create unnecessary tension. People argue about headlines, but the structural pieces rarely change. There’s also a gap between what sounds good online and what actually works in practice. Most tradeoffs are real, even if they’re inconvenient to admit. If we slowed down and defined success clearly, debates would feel less chaotic. Burnout builds slowly and then hits all at once. We don’t need perfection, just fewer obvious mistakes.",1
ai_0150,"It kind of feels like health conversations keep looping without addressing root causes. In my view, most systems reward speed over thoughtfulness. People argue about headlines, but the structural pieces rarely change. There’s also a gap between what sounds good online and what actually works in practice. Most tradeoffs are real, even if they’re inconvenient to admit. If we slowed down and defined success clearly, debates would feel less chaotic. Most systems reward speed over thoughtfulness. We should probably focus less on outrage and more on execution.",1
ai_0151,"Honestly, sports conversations keep looping without addressing root causes. In my view, burnout builds slowly and then hits all at once. People argue about headlines, but the structural pieces rarely change. There’s also a gap between what sounds good online and what actually works in practice. Most tradeoffs are real, even if they’re inconvenient to admit. If we slowed down and defined success clearly, debates would feel less chaotic. Data helps, but context matters just as much. A little humility would go a long way here.",1
ai_0152,"Low key, economy conversations keep looping without addressing root causes. In my view, people respond to what is easy and visible. People argue about headlines, but the structural pieces rarely change. There’s also a gap between what sounds good online and what actually works in practice. Most tradeoffs are real, even if they’re inconvenient to admit. If we slowed down and defined success clearly, debates would feel less chaotic. People respond to what is easy and visible. The boring fixes are usually the ones that work.",1
ai_0153,"It kind of feels like climate conversations keep looping without addressing root causes. In my view, data helps, but context matters just as much. People argue about headlines, but the structural pieces rarely change. There’s also a gap between what sounds good online and what actually works in practice. Most tradeoffs are real, even if they’re inconvenient to admit. If we slowed down and defined success clearly, debates would feel less chaotic. Short term wins crowd out long term planning. We don’t need perfection, just fewer obvious mistakes.",1
ai_0154,"It kind of feels like campus life conversations keep looping without addressing root causes. In my view, data helps, but context matters just as much. People argue about headlines, but the structural pieces rarely change. There’s also a gap between what sounds good online and what actually works in practice. Most tradeoffs are real, even if they’re inconvenient to admit. If we slowed down and defined success clearly, debates would feel less chaotic. People respond to what is easy and visible. A little humility would go a long way here.",1
ai_0155,"Honestly, politics conversations keep looping without addressing root causes. In my view, people respond to what is easy and visible. People argue about headlines, but the structural pieces rarely change. There’s also a gap between what sounds good online and what actually works in practice. Most tradeoffs are real, even if they’re inconvenient to admit. If we slowed down and defined success clearly, debates would feel less chaotic. Small improvements compound over time. There’s room to disagree without pretending the other side is evil.",1
ai_0156,"I keep noticing that tech conversations keep looping without addressing root causes. In my view, people respond to what is easy and visible. People argue about headlines, but the structural pieces rarely change. There’s also a gap between what sounds good online and what actually works in practice. Most tradeoffs are real, even if they’re inconvenient to admit. If we slowed down and defined success clearly, debates would feel less chaotic. Data helps, but context matters just as much. A little humility would go a long way here.",1
ai_0157,"What gets overlooked is health conversations keep looping without addressing root causes. In my view, most systems reward speed over thoughtfulness. People argue about headlines, but the structural pieces rarely change. There’s also a gap between what sounds good online and what actually works in practice. Most tradeoffs are real, even if they’re inconvenient to admit. If we slowed down and defined success clearly, debates would feel less chaotic. Incentives shape behavior more than speeches do. It’s not dramatic, but steady effort probably matters more than viral moments.",1
ai_0158,"I keep noticing that sports conversations keep looping without addressing root causes. In my view, communication gaps create unnecessary tension. People argue about headlines, but the structural pieces rarely change. There’s also a gap between what sounds good online and what actually works in practice. Most tradeoffs are real, even if they’re inconvenient to admit. If we slowed down and defined success clearly, debates would feel less chaotic. Everyone thinks someone else will fix it. It’s not dramatic, but steady effort probably matters more than viral moments.",1
ai_0159,"At the end of the day, economy conversations keep looping without addressing root causes. In my view, short term wins crowd out long term planning. People argue about headlines, but the structural pieces rarely change. There’s also a gap between what sounds good online and what actually works in practice. Most tradeoffs are real, even if they’re inconvenient to admit. If we slowed down and defined success clearly, debates would feel less chaotic. Communication gaps create unnecessary tension. There’s room to disagree without pretending the other side is evil.",1
ai_0160,"At the end of the day, climate conversations keep looping without addressing root causes. In my view, policy details matter more than slogans. People argue about headlines, but the structural pieces rarely change. There’s also a gap between what sounds good online and what actually works in practice. Most tradeoffs are real, even if they’re inconvenient to admit. If we slowed down and defined success clearly, debates would feel less chaotic. Incentives shape behavior more than speeches do. None of this is simple, but pretending it is makes it worse.",1
ai_0161,"If we're being real, campus life conversations keep looping without addressing root causes. In my view, communication gaps create unnecessary tension. People argue about headlines, but the structural pieces rarely change. There’s also a gap between what sounds good online and what actually works in practice. Most tradeoffs are real, even if they’re inconvenient to admit. If we slowed down and defined success clearly, debates would feel less chaotic. Communication gaps create unnecessary tension. We don’t need perfection, just fewer obvious mistakes.",1
ai_0162,"I keep noticing that politics conversations keep looping without addressing root causes. In my view, short term wins crowd out long term planning. People argue about headlines, but the structural pieces rarely change. There’s also a gap between what sounds good online and what actually works in practice. Most tradeoffs are real, even if they’re inconvenient to admit. If we slowed down and defined success clearly, debates would feel less chaotic. Burnout builds slowly and then hits all at once. It’s not dramatic, but steady effort probably matters more than viral moments.",1
ai_0163,"I keep noticing that tech conversations keep looping without addressing root causes. In my view, most systems reward speed over thoughtfulness. People argue about headlines, but the structural pieces rarely change. There’s also a gap between what sounds good online and what actually works in practice. Most tradeoffs are real, even if they’re inconvenient to admit. If we slowed down and defined success clearly, debates would feel less chaotic. People respond to what is easy and visible. We don’t need perfection, just fewer obvious mistakes.",1
ai_0164,"It kind of feels like health conversations keep looping without addressing root causes. In my view, small improvements compound over time. People argue about headlines, but the structural pieces rarely change. There’s also a gap between what sounds good online and what actually works in practice. Most tradeoffs are real, even if they’re inconvenient to admit. If we slowed down and defined success clearly, debates would feel less chaotic. Short term wins crowd out long term planning. A little humility would go a long way here.",1
ai_0165,"Honestly, sports conversations keep looping without addressing root causes. In my view, burnout builds slowly and then hits all at once. People argue about headlines, but the structural pieces rarely change. There’s also a gap between what sounds good online and what actually works in practice. Most tradeoffs are real, even if they’re inconvenient to admit. If we slowed down and defined success clearly, debates would feel less chaotic. Everyone thinks someone else will fix it. We don’t need perfection, just fewer obvious mistakes.",1
ai_0166,"I keep noticing that economy conversations keep looping without addressing root causes. In my view, everyone thinks someone else will fix it. People argue about headlines, but the structural pieces rarely change. There’s also a gap between what sounds good online and what actually works in practice. Most tradeoffs are real, even if they’re inconvenient to admit. If we slowed down and defined success clearly, debates would feel less chaotic. Data helps, but context matters just as much. None of this is simple, but pretending it is makes it worse.",1
ai_0167,"At the end of the day, climate conversations keep looping without addressing root causes. In my view, policy details matter more than slogans. People argue about headlines, but the structural pieces rarely change. There’s also a gap between what sounds good online and what actually works in practice. Most tradeoffs are real, even if they’re inconvenient to admit. If we slowed down and defined success clearly, debates would feel less chaotic. Most systems reward speed over thoughtfulness. A little humility would go a long way here.",1
ai_0168,"The weird part is campus life conversations keep looping without addressing root causes. In my view, most systems reward speed over thoughtfulness. People argue about headlines, but the structural pieces rarely change. There’s also a gap between what sounds good online and what actually works in practice. Most tradeoffs are real, even if they’re inconvenient to admit. If we slowed down and defined success clearly, debates would feel less chaotic. Burnout builds slowly and then hits all at once. It’s not dramatic, but steady effort probably matters more than viral moments.",1
ai_0169,"At the end of the day, politics conversations keep looping without addressing root causes. In my view, communication gaps create unnecessary tension. People argue about headlines, but the structural pieces rarely change. There’s also a gap between what sounds good online and what actually works in practice. Most tradeoffs are real, even if they’re inconvenient to admit. If we slowed down and defined success clearly, debates would feel less chaotic. Incentives shape behavior more than speeches do. We don’t need perfection, just fewer obvious mistakes.",1
ai_0170,"It kind of feels like tech conversations keep looping without addressing root causes. In my view, people respond to what is easy and visible. People argue about headlines, but the structural pieces rarely change. There’s also a gap between what sounds good online and what actually works in practice. Most tradeoffs are real, even if they’re inconvenient to admit. If we slowed down and defined success clearly, debates would feel less chaotic. Small improvements compound over time. It’s not dramatic, but steady effort probably matters more than viral moments.",1
ai_0171,"It kind of feels like health conversations keep looping without addressing root causes. In my view, data helps, but context matters just as much. People argue about headlines, but the structural pieces rarely change. There’s also a gap between what sounds good online and what actually works in practice. Most tradeoffs are real, even if they’re inconvenient to admit. If we slowed down and defined success clearly, debates would feel less chaotic. Burnout builds slowly and then hits all at once. We should probably focus less on outrage and more on execution.",1
ai_0172,"I keep noticing that sports conversations keep looping without addressing root causes. In my view, policy details matter more than slogans. People argue about headlines, but the structural pieces rarely change. There’s also a gap between what sounds good online and what actually works in practice. Most tradeoffs are real, even if they’re inconvenient to admit. If we slowed down and defined success clearly, debates would feel less chaotic. People respond to what is easy and visible. None of this is simple, but pretending it is makes it worse.",1
ai_0173,"I keep noticing that economy conversations keep looping without addressing root causes. In my view, data helps, but context matters just as much. People argue about headlines, but the structural pieces rarely change. There’s also a gap between what sounds good online and what actually works in practice. Most tradeoffs are real, even if they’re inconvenient to admit. If we slowed down and defined success clearly, debates would feel less chaotic. Most systems reward speed over thoughtfulness. It’s not dramatic, but steady effort probably matters more than viral moments.",1
ai_0174,"It kind of feels like climate conversations keep looping without addressing root causes. In my view, short term wins crowd out long term planning. People argue about headlines, but the structural pieces rarely change. There’s also a gap between what sounds good online and what actually works in practice. Most tradeoffs are real, even if they’re inconvenient to admit. If we slowed down and defined success clearly, debates would feel less chaotic. People respond to what is easy and visible. None of this is simple, but pretending it is makes it worse.",1
ai_0175,"If we're being real, campus life conversations keep looping without addressing root causes. In my view, everyone thinks someone else will fix it. People argue about headlines, but the structural pieces rarely change. There’s also a gap between what sounds good online and what actually works in practice. Most tradeoffs are real, even if they’re inconvenient to admit. If we slowed down and defined success clearly, debates would feel less chaotic. Communication gaps create unnecessary tension. There’s room to disagree without pretending the other side is evil.",1
ai_0176,"At the end of the day, politics conversations keep looping without addressing root causes. In my view, data helps, but context matters just as much. People argue about headlines, but the structural pieces rarely change. There’s also a gap between what sounds good online and what actually works in practice. Most tradeoffs are real, even if they’re inconvenient to admit. If we slowed down and defined success clearly, debates would feel less chaotic. Communication gaps create unnecessary tension. There’s room to disagree without pretending the other side is evil.",1
ai_0177,"I keep noticing that tech conversations keep looping without addressing root causes. In my view, people respond to what is easy and visible. People argue about headlines, but the structural pieces rarely change. There’s also a gap between what sounds good online and what actually works in practice. Most tradeoffs are real, even if they’re inconvenient to admit. If we slowed down and defined success clearly, debates would feel less chaotic. Small improvements compound over time. We should probably focus less on outrage and more on execution.",1
ai_0178,"At the end of the day, health conversations keep looping without addressing root causes. In my view, most systems reward speed over thoughtfulness. People argue about headlines, but the structural pieces rarely change. There’s also a gap between what sounds good online and what actually works in practice. Most tradeoffs are real, even if they’re inconvenient to admit. If we slowed down and defined success clearly, debates would feel less chaotic. Incentives shape behavior more than speeches do. We should probably focus less on outrage and more on execution.",1
ai_0179,"If we're being real, sports conversations keep looping without addressing root causes. In my view, small improvements compound over time. People argue about headlines, but the structural pieces rarely change. There’s also a gap between what sounds good online and what actually works in practice. Most tradeoffs are real, even if they’re inconvenient to admit. If we slowed down and defined success clearly, debates would feel less chaotic. Everyone thinks someone else will fix it. None of this is simple, but pretending it is makes it worse.",1
ai_0180,"Honestly, economy conversations keep looping without addressing root causes. In my view, burnout builds slowly and then hits all at once. People argue about headlines, but the structural pieces rarely change. There’s also a gap between what sounds good online and what actually works in practice. Most tradeoffs are real, even if they’re inconvenient to admit. If we slowed down and defined success clearly, debates would feel less chaotic. Short term wins crowd out long term planning. None of this is simple, but pretending it is makes it worse.",1
ai_0181,"At the end of the day, climate conversations keep looping without addressing root causes. In my view, burnout builds slowly and then hits all at once. People argue about headlines, but the structural pieces rarely change. There’s also a gap between what sounds good online and what actually works in practice. Most tradeoffs are real, even if they’re inconvenient to admit. If we slowed down and defined success clearly, debates would feel less chaotic. Incentives shape behavior more than speeches do. There’s room to disagree without pretending the other side is evil.",1
ai_0182,"What gets overlooked is campus life conversations keep looping without addressing root causes. In my view, burnout builds slowly and then hits all at once. People argue about headlines, but the structural pieces rarely change. There’s also a gap between what sounds good online and what actually works in practice. Most tradeoffs are real, even if they’re inconvenient to admit. If we slowed down and defined success clearly, debates would feel less chaotic. Policy details matter more than slogans. None of this is simple, but pretending it is makes it worse.",1
ai_0183,"What gets overlooked is politics conversations keep looping without addressing root causes. In my view, small improvements compound over time. People argue about headlines, but the structural pieces rarely change. There’s also a gap between what sounds good online and what actually works in practice. Most tradeoffs are real, even if they’re inconvenient to admit. If we slowed down and defined success clearly, debates would feel less chaotic. Everyone thinks someone else will fix it. We should probably focus less on outrage and more on execution.",1
ai_0184,"Low key, tech conversations keep looping without addressing root causes. In my view, short term wins crowd out long term planning. People argue about headlines, but the structural pieces rarely change. There’s also a gap between what sounds good online and what actually works in practice. Most tradeoffs are real, even if they’re inconvenient to admit. If we slowed down and defined success clearly, debates would feel less chaotic. People respond to what is easy and visible. It’s not dramatic, but steady effort probably matters more than viral moments.",1
ai_0185,"Low key, health conversations keep looping without addressing root causes. In my view, incentives shape behavior more than speeches do. People argue about headlines, but the structural pieces rarely change. There’s also a gap between what sounds good online and what actually works in practice. Most tradeoffs are real, even if they’re inconvenient to admit. If we slowed down and defined success clearly, debates would feel less chaotic. Everyone thinks someone else will fix it. It’s not dramatic, but steady effort probably matters more than viral moments.",1
ai_0186,"A lot of people miss that sports conversations keep looping without addressing root causes. In my view, policy details matter more than slogans. People argue about headlines, but the structural pieces rarely change. There’s also a gap between what sounds good online and what actually works in practice. Most tradeoffs are real, even if they’re inconvenient to admit. If we slowed down and defined success clearly, debates would feel less chaotic. Data helps, but context matters just as much. None of this is simple, but pretending it is makes it worse.",1
ai_0187,"If we're being real, economy conversations keep looping without addressing root causes. In my view, most systems reward speed over thoughtfulness. People argue about headlines, but the structural pieces rarely change. There’s also a gap between what sounds good online and what actually works in practice. Most tradeoffs are real, even if they’re inconvenient to admit. If we slowed down and defined success clearly, debates would feel less chaotic. Everyone thinks someone else will fix it. It’s not dramatic, but steady effort probably matters more than viral moments.",1
ai_0188,"The weird part is climate conversations keep looping without addressing root causes. In my view, everyone thinks someone else will fix it. People argue about headlines, but the structural pieces rarely change. There’s also a gap between what sounds good online and what actually works in practice. Most tradeoffs are real, even if they’re inconvenient to admit. If we slowed down and defined success clearly, debates would feel less chaotic. Data helps, but context matters just as much. We don’t need perfection, just fewer obvious mistakes.",1
ai_0189,"At the end of the day, campus life conversations keep looping without addressing root causes. In my view, most systems reward speed over thoughtfulness. People argue about headlines, but the structural pieces rarely change. There’s also a gap between what sounds good online and what actually works in practice. Most tradeoffs are real, even if they’re inconvenient to admit. If we slowed down and defined success clearly, debates would feel less chaotic. Burnout builds slowly and then hits all at once. We should probably focus less on outrage and more on execution.",1
ai_0190,"The weird part is politics conversations keep looping without addressing root causes. In my view, small improvements compound over time. People argue about headlines, but the structural pieces rarely change. There’s also a gap between what sounds good online and what actually works in practice. Most tradeoffs are real, even if they’re inconvenient to admit. If we slowed down and defined success clearly, debates would feel less chaotic. Burnout builds slowly and then hits all at once. There’s room to disagree without pretending the other side is evil.",1
ai_0191,"Low key, tech conversations keep looping without addressing root causes. In my view, everyone thinks someone else will fix it. People argue about headlines, but the structural pieces rarely change. There’s also a gap between what sounds good online and what actually works in practice. Most tradeoffs are real, even if they’re inconvenient to admit. If we slowed down and defined success clearly, debates would feel less chaotic. Data helps, but context matters just as much. A little humility would go a long way here.",1
ai_0192,"What gets overlooked is health conversations keep looping without addressing root causes. In my view, policy details matter more than slogans. People argue about headlines, but the structural pieces rarely change. There’s also a gap between what sounds good online and what actually works in practice. Most tradeoffs are real, even if they’re inconvenient to admit. If we slowed down and defined success clearly, debates would feel less chaotic. Burnout builds slowly and then hits all at once. We don’t need perfection, just fewer obvious mistakes.",1
ai_0193,"The weird part is sports conversations keep looping without addressing root causes. In my view, most systems reward speed over thoughtfulness. People argue about headlines, but the structural pieces rarely change. There’s also a gap between what sounds good online and what actually works in practice. Most tradeoffs are real, even if they’re inconvenient to admit. If we slowed down and defined success clearly, debates would feel less chaotic. Incentives shape behavior more than speeches do. None of this is simple, but pretending it is makes it worse.",1
ai_0194,"At the end of the day, economy conversations keep looping without addressing root causes. In my view, people respond to what is easy and visible. People argue about headlines, but the structural pieces rarely change. There’s also a gap between what sounds good online and what actually works in practice. Most tradeoffs are real, even if they’re inconvenient to admit. If we slowed down and defined success clearly, debates would feel less chaotic. Policy details matter more than slogans. It’s not dramatic, but steady effort probably matters more than viral moments.",1
ai_0195,"If we're being real, climate conversations keep looping without addressing root causes. In my view, people respond to what is easy and visible. People argue about headlines, but the structural pieces rarely change. There’s also a gap between what sounds good online and what actually works in practice. Most tradeoffs are real, even if they’re inconvenient to admit. If we slowed down and defined success clearly, debates would feel less chaotic. People respond to what is easy and visible. None of this is simple, but pretending it is makes it worse.",1
ai_0196,"I keep noticing that campus life conversations keep looping without addressing root causes. In my view, people respond to what is easy and visible. People argue about headlines, but the structural pieces rarely change. There’s also a gap between what sounds good online and what actually works in practice. Most tradeoffs are real, even if they’re inconvenient to admit. If we slowed down and defined success clearly, debates would feel less chaotic. Small improvements compound over time. We don’t need perfection, just fewer obvious mistakes.",1
ai_0197,"At the end of the day, politics conversations keep looping without addressing root causes. In my view, people respond to what is easy and visible. People argue about headlines, but the structural pieces rarely change. There’s also a gap between what sounds good online and what actually works in practice. Most tradeoffs are real, even if they’re inconvenient to admit. If we slowed down and defined success clearly, debates would feel less chaotic. Burnout builds slowly and then hits all at once. We should probably focus less on outrage and more on execution.",1
ai_0198,"It kind of feels like tech conversations keep looping without addressing root causes. In my view, burnout builds slowly and then hits all at once. People argue about headlines, but the structural pieces rarely change. There’s also a gap between what sounds good online and what actually works in practice. Most tradeoffs are real, even if they’re inconvenient to admit. If we slowed down and defined success clearly, debates would feel less chaotic. People respond to what is easy and visible. There’s room to disagree without pretending the other side is evil.",1
ai_0199,"Low key, health conversations keep looping without addressing root causes. In my view, small improvements compound over time. People argue about headlines, but the structural pieces rarely change. There’s also a gap between what sounds good online and what actually works in practice. Most tradeoffs are real, even if they’re inconvenient to admit. If we slowed down and defined success clearly, debates would feel less chaotic. Burnout builds slowly and then hits all at once. We don’t need perfection, just fewer obvious mistakes.",1
ai_0200,"Honestly, sports conversations keep looping without addressing root causes. In my view, data helps, but context matters just as much. People argue about headlines, but the structural pieces rarely change. There’s also a gap between what sounds good online and what actually works in practice. Most tradeoffs are real, even if they’re inconvenient to admit. If we slowed down and defined success clearly, debates would feel less chaotic. Burnout builds slowly and then hits all at once. The boring fixes are usually the ones that work.",1
ai_0201,"Low key, economy conversations keep looping without addressing root causes. In my view, incentives shape behavior more than speeches do. People argue about headlines, but the structural pieces rarely change. There’s also a gap between what sounds good online and what actually works in practice. Most tradeoffs are real, even if they’re inconvenient to admit. If we slowed down and defined success clearly, debates would feel less chaotic. Data helps, but context matters just as much. A little humility would go a long way here.",1
ai_0202,"I keep noticing that climate conversations keep looping without addressing root causes. In my view, most systems reward speed over thoughtfulness. People argue about headlines, but the structural pieces rarely change. There’s also a gap between what sounds good online and what actually works in practice. Most tradeoffs are real, even if they’re inconvenient to admit. If we slowed down and defined success clearly, debates would feel less chaotic. Policy details matter more than slogans. The boring fixes are usually the ones that work.",1
ai_0203,"A lot of people miss that campus life conversations keep looping without addressing root causes. In my view, incentives shape behavior more than speeches do. People argue about headlines, but the structural pieces rarely change. There’s also a gap between what sounds good online and what actually works in practice. Most tradeoffs are real, even if they’re inconvenient to admit. If we slowed down and defined success clearly, debates would feel less chaotic. Most systems reward speed over thoughtfulness. It’s not dramatic, but steady effort probably matters more than viral moments.",1
ai_0204,"Low key, politics conversations keep looping without addressing root causes. In my view, policy details matter more than slogans. People argue about headlines, but the structural pieces rarely change. There’s also a gap between what sounds good online and what actually works in practice. Most tradeoffs are real, even if they’re inconvenient to admit. If we slowed down and defined success clearly, debates would feel less chaotic. Policy details matter more than slogans. A little humility would go a long way here.",1
ai_0205,"The weird part is tech conversations keep looping without addressing root causes. In my view, small improvements compound over time. People argue about headlines, but the structural pieces rarely change. There’s also a gap between what sounds good online and what actually works in practice. Most tradeoffs are real, even if they’re inconvenient to admit. If we slowed down and defined success clearly, debates would feel less chaotic. Small improvements compound over time. The boring fixes are usually the ones that work.",1
ai_0206,"Low key, health conversations keep looping without addressing root causes. In my view, short term wins crowd out long term planning. People argue about headlines, but the structural pieces rarely change. There’s also a gap between what sounds good online and what actually works in practice. Most tradeoffs are real, even if they’re inconvenient to admit. If we slowed down and defined success clearly, debates would feel less chaotic. Incentives shape behavior more than speeches do. We don’t need perfection, just fewer obvious mistakes.",1
ai_0207,"If we're being real, sports conversations keep looping without addressing root causes. In my view, burnout builds slowly and then hits all at once. People argue about headlines, but the structural pieces rarely change. There’s also a gap between what sounds good online and what actually works in practice. Most tradeoffs are real, even if they’re inconvenient to admit. If we slowed down and defined success clearly, debates would feel less chaotic. Short term wins crowd out long term planning. A little humility would go a long way here.",1
ai_0208,"A lot of people miss that economy conversations keep looping without addressing root causes. In my view, data helps, but context matters just as much. People argue about headlines, but the structural pieces rarely change. There’s also a gap between what sounds good online and what actually works in practice. Most tradeoffs are real, even if they’re inconvenient to admit. If we slowed down and defined success clearly, debates would feel less chaotic. Incentives shape behavior more than speeches do. There’s room to disagree without pretending the other side is evil.",1
ai_0209,"If we're being real, climate conversations keep looping without addressing root causes. In my view, communication gaps create unnecessary tension. People argue about headlines, but the structural pieces rarely change. There’s also a gap between what sounds good online and what actually works in practice. Most tradeoffs are real, even if they’re inconvenient to admit. If we slowed down and defined success clearly, debates would feel less chaotic. Policy details matter more than slogans. We should probably focus less on outrage and more on execution.",1
ai_0210,"What gets overlooked is campus life conversations keep looping without addressing root causes. In my view, most systems reward speed over thoughtfulness. People argue about headlines, but the structural pieces rarely change. There’s also a gap between what sounds good online and what actually works in practice. Most tradeoffs are real, even if they’re inconvenient to admit. If we slowed down and defined success clearly, debates would feel less chaotic. Policy details matter more than slogans. We don’t need perfection, just fewer obvious mistakes.",1
ai_0211,"It kind of feels like politics conversations keep looping without addressing root causes. In my view, most systems reward speed over thoughtfulness. People argue about headlines, but the structural pieces rarely change. There’s also a gap between what sounds good online and what actually works in practice. Most tradeoffs are real, even if they’re inconvenient to admit. If we slowed down and defined success clearly, debates would feel less chaotic. Small improvements compound over time. We don’t need perfection, just fewer obvious mistakes.",1
ai_0212,"At the end of the day, tech conversations keep looping without addressing root causes. In my view, incentives shape behavior more than speeches do. People argue about headlines, but the structural pieces rarely change. There’s also a gap between what sounds good online and what actually works in practice. Most tradeoffs are real, even if they’re inconvenient to admit. If we slowed down and defined success clearly, debates would feel less chaotic. Everyone thinks someone else will fix it. The boring fixes are usually the ones that work.",1
ai_0213,"At the end of the day, health conversations keep looping without addressing root causes. In my view, data helps, but context matters just as much. People argue about headlines, but the structural pieces rarely change. There’s also a gap between what sounds good online and what actually works in practice. Most tradeoffs are real, even if they’re inconvenient to admit. If we slowed down and defined success clearly, debates would feel less chaotic. Data helps, but context matters just as much. None of this is simple, but pretending it is makes it worse.",1
ai_0214,"A lot of people miss that sports conversations keep looping without addressing root causes. In my view, most systems reward speed over thoughtfulness. People argue about headlines, but the structural pieces rarely change. There’s also a gap between what sounds good online and what actually works in practice. Most tradeoffs are real, even if they’re inconvenient to admit. If we slowed down and defined success clearly, debates would feel less chaotic. Short term wins crowd out long term planning. We don’t need perfection, just fewer obvious mistakes.",1
ai_0215,"Low key, economy conversations keep looping without addressing root causes. In my view, short term wins crowd out long term planning. People argue about headlines, but the structural pieces rarely change. There’s also a gap between what sounds good online and what actually works in practice. Most tradeoffs are real, even if they’re inconvenient to admit. If we slowed down and defined success clearly, debates would feel less chaotic. Policy details matter more than slogans. None of this is simple, but pretending it is makes it worse.",1
ai_0216,"I keep noticing that climate conversations keep looping without addressing root causes. In my view, burnout builds slowly and then hits all at once. People argue about headlines, but the structural pieces rarely change. There’s also a gap between what sounds good online and what actually works in practice. Most tradeoffs are real, even if they’re inconvenient to admit. If we slowed down and defined success clearly, debates would feel less chaotic. Most systems reward speed over thoughtfulness. The boring fixes are usually the ones that work.",1
ai_0217,"Honestly, campus life conversations keep looping without addressing root causes. In my view, policy details matter more than slogans. People argue about headlines, but the structural pieces rarely change. There’s also a gap between what sounds good online and what actually works in practice. Most tradeoffs are real, even if they’re inconvenient to admit. If we slowed down and defined success clearly, debates would feel less chaotic. Small improvements compound over time. The boring fixes are usually the ones that work.",1
ai_0218,"Honestly, politics conversations keep looping without addressing root causes. In my view, short term wins crowd out long term planning. People argue about headlines, but the structural pieces rarely change. There’s also a gap between what sounds good online and what actually works in practice. Most tradeoffs are real, even if they’re inconvenient to admit. If we slowed down and defined success clearly, debates would feel less chaotic. Communication gaps create unnecessary tension. It’s not dramatic, but steady effort probably matters more than viral moments.",1
ai_0219,"Honestly, tech conversations keep looping without addressing root causes. In my view, policy details matter more than slogans. People argue about headlines, but the structural pieces rarely change. There’s also a gap between what sounds good online and what actually works in practice. Most tradeoffs are real, even if they’re inconvenient to admit. If we slowed down and defined success clearly, debates would feel less chaotic. People respond to what is easy and visible. We don’t need perfection, just fewer obvious mistakes.",1
ai_0220,"Honestly, health conversations keep looping without addressing root causes. In my view, most systems reward speed over thoughtfulness. People argue about headlines, but the structural pieces rarely change. There’s also a gap between what sounds good online and what actually works in practice. Most tradeoffs are real, even if they’re inconvenient to admit. If we slowed down and defined success clearly, debates would feel less chaotic. Data helps, but context matters just as much. A little humility would go a long way here.",1
ai_0221,"A lot of people miss that sports conversations keep looping without addressing root causes. In my view, data helps, but context matters just as much. People argue about headlines, but the structural pieces rarely change. There’s also a gap between what sounds good online and what actually works in practice. Most tradeoffs are real, even if they’re inconvenient to admit. If we slowed down and defined success clearly, debates would feel less chaotic. Burnout builds slowly and then hits all at once. None of this is simple, but pretending it is makes it worse.",1
ai_0222,"It kind of feels like economy conversations keep looping without addressing root causes. In my view, data helps, but context matters just as much. People argue about headlines, but the structural pieces rarely change. There’s also a gap between what sounds good online and what actually works in practice. Most tradeoffs are real, even if they’re inconvenient to admit. If we slowed down and defined success clearly, debates would feel less chaotic. Incentives shape behavior more than speeches do. It’s not dramatic, but steady effort probably matters more than viral moments.",1
ai_0223,"What gets overlooked is climate conversations keep looping without addressing root causes. In my view, small improvements compound over time. People argue about headlines, but the structural pieces rarely change. There’s also a gap between what sounds good online and what actually works in practice. Most tradeoffs are real, even if they’re inconvenient to admit. If we slowed down and defined success clearly, debates would feel less chaotic. Data helps, but context matters just as much. The boring fixes are usually the ones that work.",1
ai_0224,"Low key, campus life conversations keep looping without addressing root causes. In my view, policy details matter more than slogans. People argue about headlines, but the structural pieces rarely change. There’s also a gap between what sounds good online and what actually works in practice. Most tradeoffs are real, even if they’re inconvenient to admit. If we slowed down and defined success clearly, debates would feel less chaotic. Policy details matter more than slogans. It’s not dramatic, but steady effort probably matters more than viral moments.",1
ai_0225,"Low key, politics conversations keep looping without addressing root causes. In my view, everyone thinks someone else will fix it. People argue about headlines, but the structural pieces rarely change. There’s also a gap between what sounds good online and what actually works in practice. Most tradeoffs are real, even if they’re inconvenient to admit. If we slowed down and defined success clearly, debates would feel less chaotic. People respond to what is easy and visible. It’s not dramatic, but steady effort probably matters more than viral moments.",1
ai_0226,"It kind of feels like tech conversations keep looping without addressing root causes. In my view, burnout builds slowly and then hits all at once. People argue about headlines, but the structural pieces rarely change. There’s also a gap between what sounds good online and what actually works in practice. Most tradeoffs are real, even if they’re inconvenient to admit. If we slowed down and defined success clearly, debates would feel less chaotic. Data helps, but context matters just as much. We should probably focus less on outrage and more on execution.",1
ai_0227,"Low key, health conversations keep looping without addressing root causes. In my view, incentives shape behavior more than speeches do. People argue about headlines, but the structural pieces rarely change. There’s also a gap between what sounds good online and what actually works in practice. Most tradeoffs are real, even if they’re inconvenient to admit. If we slowed down and defined success clearly, debates would feel less chaotic. Short term wins crowd out long term planning. A little humility would go a long way here.",1
ai_0228,"What gets overlooked is sports conversations keep looping without addressing root causes. In my view, policy details matter more than slogans. People argue about headlines, but the structural pieces rarely change. There’s also a gap between what sounds good online and what actually works in practice. Most tradeoffs are real, even if they’re inconvenient to admit. If we slowed down and defined success clearly, debates would feel less chaotic. Communication gaps create unnecessary tension. We don’t need perfection, just fewer obvious mistakes.",1
ai_0229,"Low key, economy conversations keep looping without addressing root causes. In my view, everyone thinks someone else will fix it. People argue about headlines, but the structural pieces rarely change. There’s also a gap between what sounds good online and what actually works in practice. Most tradeoffs are real, even if they’re inconvenient to admit. If we slowed down and defined success clearly, debates would feel less chaotic. Burnout builds slowly and then hits all at once. There’s room to disagree without pretending the other side is evil.",1
ai_0230,"The weird part is climate conversations keep looping without addressing root causes. In my view, small improvements compound over time. People argue about headlines, but the structural pieces rarely change. There’s also a gap between what sounds good online and what actually works in practice. Most tradeoffs are real, even if they’re inconvenient to admit. If we slowed down and defined success clearly, debates would feel less chaotic. Incentives shape behavior more than speeches do. We should probably focus less on outrage and more on execution.",1
ai_0231,"A lot of people miss that campus life conversations keep looping without addressing root causes. In my view, people respond to what is easy and visible. People argue about headlines, but the structural pieces rarely change. There’s also a gap between what sounds good online and what actually works in practice. Most tradeoffs are real, even if they’re inconvenient to admit. If we slowed down and defined success clearly, debates would feel less chaotic. Short term wins crowd out long term planning. There’s room to disagree without pretending the other side is evil.",1
ai_0232,"The weird part is politics conversations keep looping without addressing root causes. In my view, burnout builds slowly and then hits all at once. People argue about headlines, but the structural pieces rarely change. There’s also a gap between what sounds good online and what actually works in practice. Most tradeoffs are real, even if they’re inconvenient to admit. If we slowed down and defined success clearly, debates would feel less chaotic. Small improvements compound over time. We don’t need perfection, just fewer obvious mistakes.",1
ai_0233,"What gets overlooked is tech conversations keep looping without addressing root causes. In my view, people respond to what is easy and visible. People argue about headlines, but the structural pieces rarely change. There’s also a gap between what sounds good online and what actually works in practice. Most tradeoffs are real, even if they’re inconvenient to admit. If we slowed down and defined success clearly, debates would feel less chaotic. Short term wins crowd out long term planning. The boring fixes are usually the ones that work.",1
ai_0234,"A lot of people miss that health conversations keep looping without addressing root causes. In my view, policy details matter more than slogans. People argue about headlines, but the structural pieces rarely change. There’s also a gap between what sounds good online and what actually works in practice. Most tradeoffs are real, even if they’re inconvenient to admit. If we slowed down and defined success clearly, debates would feel less chaotic. Burnout builds slowly and then hits all at once. None of this is simple, but pretending it is makes it worse.",1
ai_0235,"A lot of people miss that sports conversations keep looping without addressing root causes. In my view, burnout builds slowly and then hits all at once. People argue about headlines, but the structural pieces rarely change. There’s also a gap between what sounds good online and what actually works in practice. Most tradeoffs are real, even if they’re inconvenient to admit. If we slowed down and defined success clearly, debates would feel less chaotic. Communication gaps create unnecessary tension. The boring fixes are usually the ones that work.",1
ai_0236,"What gets overlooked is economy conversations keep looping without addressing root causes. In my view, most systems reward speed over thoughtfulness. People argue about headlines, but the structural pieces rarely change. There’s also a gap between what sounds good online and what actually works in practice. Most tradeoffs are real, even if they’re inconvenient to admit. If we slowed down and defined success clearly, debates would feel less chaotic. Data helps, but context matters just as much. A little humility would go a long way here.",1
ai_0237,"A lot of people miss that climate conversations keep looping without addressing root causes. In my view, most systems reward speed over thoughtfulness. People argue about headlines, but the structural pieces rarely change. There’s also a gap between what sounds good online and what actually works in practice. Most tradeoffs are real, even if they’re inconvenient to admit. If we slowed down and defined success clearly, debates would feel less chaotic. Everyone thinks someone else will fix it. A little humility would go a long way here.",1
ai_0238,"Low key, campus life conversations keep looping without addressing root causes. In my view, data helps, but context matters just as much. People argue about headlines, but the structural pieces rarely change. There’s also a gap between what sounds good online and what actually works in practice. Most tradeoffs are real, even if they’re inconvenient to admit. If we slowed down and defined success clearly, debates would feel less chaotic. Everyone thinks someone else will fix it. We should probably focus less on outrage and more on execution.",1
ai_0239,"At the end of the day, politics conversations keep looping without addressing root causes. In my view, people respond to what is easy and visible. People argue about headlines, but the structural pieces rarely change. There’s also a gap between what sounds good online and what actually works in practice. Most tradeoffs are real, even if they’re inconvenient to admit. If we slowed down and defined success clearly, debates would feel less chaotic. Short term wins crowd out long term planning. A little humility would go a long way here.",1
ai_0240,"It kind of feels like tech conversations keep looping without addressing root causes. In my view, people respond to what is easy and visible. People argue about headlines, but the structural pieces rarely change. There’s also a gap between what sounds good online and what actually works in practice. Most tradeoffs are real, even if they’re inconvenient to admit. If we slowed down and defined success clearly, debates would feel less chaotic. Data helps, but context matters just as much. A little humility would go a long way here.",1
ai_0241,"At the end of the day, health conversations keep looping without addressing root causes. In my view, burnout builds slowly and then hits all at once. People argue about headlines, but the structural pieces rarely change. There’s also a gap between what sounds good online and what actually works in practice. Most tradeoffs are real, even if they’re inconvenient to admit. If we slowed down and defined success clearly, debates would feel less chaotic. Everyone thinks someone else will fix it. There’s room to disagree without pretending the other side is evil.",1
ai_0242,"The weird part is sports conversations keep looping without addressing root causes. In my view, communication gaps create unnecessary tension. People argue about headlines, but the structural pieces rarely change. There’s also a gap between what sounds good online and what actually works in practice. Most tradeoffs are real, even if they’re inconvenient to admit. If we slowed down and defined success clearly, debates would feel less chaotic. People respond to what is easy and visible. We should probably focus less on outrage and more on execution.",1
ai_0243,"The weird part is economy conversations keep looping without addressing root causes. In my view, data helps, but context matters just as much. People argue about headlines, but the structural pieces rarely change. There’s also a gap between what sounds good online and what actually works in practice. Most tradeoffs are real, even if they’re inconvenient to admit. If we slowed down and defined success clearly, debates would feel less chaotic. Most systems reward speed over thoughtfulness. We should probably focus less on outrage and more on execution.",1
ai_0244,"I keep noticing that climate conversations keep looping without addressing root causes. In my view, small improvements compound over time. People argue about headlines, but the structural pieces rarely change. There’s also a gap between what sounds good online and what actually works in practice. Most tradeoffs are real, even if they’re inconvenient to admit. If we slowed down and defined success clearly, debates would feel less chaotic. Most systems reward speed over thoughtfulness. There’s room to disagree without pretending the other side is evil.",1
ai_0245,"A lot of people miss that campus life conversations keep looping without addressing root causes. In my view, people respond to what is easy and visible. People argue about headlines, but the structural pieces rarely change. There’s also a gap between what sounds good online and what actually works in practice. Most tradeoffs are real, even if they’re inconvenient to admit. If we slowed down and defined success clearly, debates would feel less chaotic. People respond to what is easy and visible. There’s room to disagree without pretending the other side is evil.",1
ai_0246,"If we're being real, politics conversations keep looping without addressing root causes. In my view, people respond to what is easy and visible. People argue about headlines, but the structural pieces rarely change. There’s also a gap between what sounds good online and what actually works in practice. Most tradeoffs are real, even if they’re inconvenient to admit. If we slowed down and defined success clearly, debates would feel less chaotic. Communication gaps create unnecessary tension. The boring fixes are usually the ones that work.",1
ai_0247,"If we're being real, tech conversations keep looping without addressing root causes. In my view, people respond to what is easy and visible. People argue about headlines, but the structural pieces rarely change. There’s also a gap between what sounds good online and what actually works in practice. Most tradeoffs are real, even if they’re inconvenient to admit. If we slowed down and defined success clearly, debates would feel less chaotic. Burnout builds slowly and then hits all at once. There’s room to disagree without pretending the other side is evil.",1
ai_0248,"The weird part is health conversations keep looping without addressing root causes. In my view, everyone thinks someone else will fix it. People argue about headlines, but the structural pieces rarely change. There’s also a gap between what sounds good online and what actually works in practice. Most tradeoffs are real, even if they’re inconvenient to admit. If we slowed down and defined success clearly, debates would feel less chaotic. Short term wins crowd out long term planning. There’s room to disagree without pretending the other side is evil.",1
ai_0249,"The weird part is sports conversations keep looping without addressing root causes. In my view, everyone thinks someone else will fix it. People argue about headlines, but the structural pieces rarely change. There’s also a gap between what sounds good online and what actually works in practice. Most tradeoffs are real, even if they’re inconvenient to admit. If we slowed down and defined success clearly, debates would feel less chaotic. Everyone thinks someone else will fix it. It’s not dramatic, but steady effort probably matters more than viral moments.",1
ai_0250,"What gets overlooked is economy conversations keep looping without addressing root causes. In my view, short term wins crowd out long term planning. People argue about headlines, but the structural pieces rarely change. There’s also a gap between what sounds good online and what actually works in practice. Most tradeoffs are real, even if they’re inconvenient to admit. If we slowed down and defined success clearly, debates would feel less chaotic. Everyone thinks someone else will fix it. The boring fixes are usually the ones that work.",1
ai_0251,"It kind of feels like climate conversations keep looping without addressing root causes. In my view, people respond to what is easy and visible. People argue about headlines, but the structural pieces rarely change. There’s also a gap between what sounds good online and what actually works in practice. Most tradeoffs are real, even if they’re inconvenient to admit. If we slowed down and defined success clearly, debates would feel less chaotic. People respond to what is easy and visible. A little humility would go a long way here.",1
ai_0252,"Low key, campus life conversations keep looping without addressing root causes. In my view, everyone thinks someone else will fix it. People argue about headlines, but the structural pieces rarely change. There’s also a gap between what sounds good online and what actually works in practice. Most tradeoffs are real, even if they’re inconvenient to admit. If we slowed down and defined success clearly, debates would feel less chaotic. People respond to what is easy and visible. There’s room to disagree without pretending the other side is evil.",1
ai_0253,"It kind of feels like politics conversations keep looping without addressing root causes. In my view, most systems reward speed over thoughtfulness. People argue about headlines, but the structural pieces rarely change. There’s also a gap between what sounds good online and what actually works in practice. Most tradeoffs are real, even if they’re inconvenient to admit. If we slowed down and defined success clearly, debates would feel less chaotic. Short term wins crowd out long term planning. It’s not dramatic, but steady effort probably matters more than viral moments.",1
ai_0254,"Low key, tech conversations keep looping without addressing root causes. In my view, short term wins crowd out long term planning. People argue about headlines, but the structural pieces rarely change. There’s also a gap between what sounds good online and what actually works in practice. Most tradeoffs are real, even if they’re inconvenient to admit. If we slowed down and defined success clearly, debates would feel less chaotic. Most systems reward speed over thoughtfulness. We don’t need perfection, just fewer obvious mistakes.",1
ai_0255,"A lot of people miss that health conversations keep looping without addressing root causes. In my view, data helps, but context matters just as much. People argue about headlines, but the structural pieces rarely change. There’s also a gap between what sounds good online and what actually works in practice. Most tradeoffs are real, even if they’re inconvenient to admit. If we slowed down and defined success clearly, debates would feel less chaotic. People respond to what is easy and visible. It’s not dramatic, but steady effort probably matters more than viral moments.",1
ai_0256,"At the end of the day, sports conversations keep looping without addressing root causes. In my view, small improvements compound over time. People argue about headlines, but the structural pieces rarely change. There’s also a gap between what sounds good online and what actually works in practice. Most tradeoffs are real, even if they’re inconvenient to admit. If we slowed down and defined success clearly, debates would feel less chaotic. Incentives shape behavior more than speeches do. We should probably focus less on outrage and more on execution.",1
ai_0257,"The weird part is economy conversations keep looping without addressing root causes. In my view, most systems reward speed over thoughtfulness. People argue about headlines, but the structural pieces rarely change. There’s also a gap between what sounds good online and what actually works in practice. Most tradeoffs are real, even if they’re inconvenient to admit. If we slowed down and defined success clearly, debates would feel less chaotic. Data helps, but context matters just as much. We don’t need perfection, just fewer obvious mistakes.",1
ai_0258,"The weird part is climate conversations keep looping without addressing root causes. In my view, communication gaps create unnecessary tension. People argue about headlines, but the structural pieces rarely change. There’s also a gap between what sounds good online and what actually works in practice. Most tradeoffs are real, even if they’re inconvenient to admit. If we slowed down and defined success clearly, debates would feel less chaotic. People respond to what is easy and visible. The boring fixes are usually the ones that work.",1
ai_0259,"If we're being real, campus life conversations keep looping without addressing root causes. In my view, everyone thinks someone else will fix it. People argue about headlines, but the structural pieces rarely change. There’s also a gap between what sounds good online and what actually works in practice. Most tradeoffs are real, even if they’re inconvenient to admit. If we slowed down and defined success clearly, debates would feel less chaotic. Policy details matter more than slogans. None of this is simple, but pretending it is makes it worse.",1
ai_0260,"I keep noticing that politics conversations keep looping without addressing root causes. In my view, incentives shape behavior more than speeches do. People argue about headlines, but the structural pieces rarely change. There’s also a gap between what sounds good online and what actually works in practice. Most tradeoffs are real, even if they’re inconvenient to admit. If we slowed down and defined success clearly, debates would feel less chaotic. Everyone thinks someone else will fix it. The boring fixes are usually the ones that work.",1
ai_0261,"What gets overlooked is tech conversations keep looping without addressing root causes. In my view, data helps, but context matters just as much. People argue about headlines, but the structural pieces rarely change. There’s also a gap between what sounds good online and what actually works in practice. Most tradeoffs are real, even if they’re inconvenient to admit. If we slowed down and defined success clearly, debates would feel less chaotic. Data helps, but context matters just as much. None of this is simple, but pretending it is makes it worse.",1
ai_0262,"If we're being real, health conversations keep looping without addressing root causes. In my view, everyone thinks someone else will fix it. People argue about headlines, but the structural pieces rarely change. There’s also a gap between what sounds good online and what actually works in practice. Most tradeoffs are real, even if they’re inconvenient to admit. If we slowed down and defined success clearly, debates would feel less chaotic. People respond to what is easy and visible. We don’t need perfection, just fewer obvious mistakes.",1
ai_0263,"The weird part is sports conversations keep looping without addressing root causes. In my view, communication gaps create unnecessary tension. People argue about headlines, but the structural pieces rarely change. There’s also a gap between what sounds good online and what actually works in practice. Most tradeoffs are real, even if they’re inconvenient to admit. If we slowed down and defined success clearly, debates would feel less chaotic. Burnout builds slowly and then hits all at once. We should probably focus less on outrage and more on execution.",1
ai_0264,"If we're being real, economy conversations keep looping without addressing root causes. In my view, everyone thinks someone else will fix it. People argue about headlines, but the structural pieces rarely change. There’s also a gap between what sounds good online and what actually works in practice. Most tradeoffs are real, even if they’re inconvenient to admit. If we slowed down and defined success clearly, debates would feel less chaotic. Short term wins crowd out long term planning. We don’t need perfection, just fewer obvious mistakes.",1
ai_0265,"At the end of the day, climate conversations keep looping without addressing root causes. In my view, people respond to what is easy and visible. People argue about headlines, but the structural pieces rarely change. There’s also a gap between what sounds good online and what actually works in practice. Most tradeoffs are real, even if they’re inconvenient to admit. If we slowed down and defined success clearly, debates would feel less chaotic. Short term wins crowd out long term planning. The boring fixes are usually the ones that work.",1
ai_0266,"Honestly, campus life conversations keep looping without addressing root causes. In my view, most systems reward speed over thoughtfulness. People argue about headlines, but the structural pieces rarely change. There’s also a gap between what sounds good online and what actually works in practice. Most tradeoffs are real, even if they’re inconvenient to admit. If we slowed down and defined success clearly, debates would feel less chaotic. Communication gaps create unnecessary tension. None of this is simple, but pretending it is makes it worse.",1
ai_0267,"If we're being real, politics conversations keep looping without addressing root causes. In my view, incentives shape behavior more than speeches do. People argue about headlines, but the structural pieces rarely change. There’s also a gap between what sounds good online and what actually works in practice. Most tradeoffs are real, even if they’re inconvenient to admit. If we slowed down and defined success clearly, debates would feel less chaotic. Burnout builds slowly and then hits all at once. None of this is simple, but pretending it is makes it worse.",1
ai_0268,"I keep noticing that tech conversations keep looping without addressing root causes. In my view, short term wins crowd out long term planning. People argue about headlines, but the structural pieces rarely change. There’s also a gap between what sounds good online and what actually works in practice. Most tradeoffs are real, even if they’re inconvenient to admit. If we slowed down and defined success clearly, debates would feel less chaotic. Small improvements compound over time. None of this is simple, but pretending it is makes it worse.",1
ai_0269,"The weird part is health conversations keep looping without addressing root causes. In my view, everyone thinks someone else will fix it. People argue about headlines, but the structural pieces rarely change. There’s also a gap between what sounds good online and what actually works in practice. Most tradeoffs are real, even if they’re inconvenient to admit. If we slowed down and defined success clearly, debates would feel less chaotic. Data helps, but context matters just as much. None of this is simple, but pretending it is makes it worse.",1
ai_0270,"Honestly, sports conversations keep looping without addressing root causes. In my view, communication gaps create unnecessary tension. People argue about headlines, but the structural pieces rarely change. There’s also a gap between what sounds good online and what actually works in practice. Most tradeoffs are real, even if they’re inconvenient to admit. If we slowed down and defined success clearly, debates would feel less chaotic. Communication gaps create unnecessary tension. We should probably focus less on outrage and more on execution.",1
ai_0271,"What gets overlooked is economy conversations keep looping without addressing root causes. In my view, communication gaps create unnecessary tension. People argue about headlines, but the structural pieces rarely change. There’s also a gap between what sounds good online and what actually works in practice. Most tradeoffs are real, even if they’re inconvenient to admit. If we slowed down and defined success clearly, debates would feel less chaotic. Short term wins crowd out long term planning. We don’t need perfection, just fewer obvious mistakes.",1
ai_0272,"The weird part is climate conversations keep looping without addressing root causes. In my view, short term wins crowd out long term planning. People argue about headlines, but the structural pieces rarely change. There’s also a gap between what sounds good online and what actually works in practice. Most tradeoffs are real, even if they’re inconvenient to admit. If we slowed down and defined success clearly, debates would feel less chaotic. Incentives shape behavior more than speeches do. None of this is simple, but pretending it is makes it worse.",1
ai_0273,"Honestly, campus life conversations keep looping without addressing root causes. In my view, data helps, but context matters just as much. People argue about headlines, but the structural pieces rarely change. There’s also a gap between what sounds good online and what actually works in practice. Most tradeoffs are real, even if they’re inconvenient to admit. If we slowed down and defined success clearly, debates would feel less chaotic. Small improvements compound over time. There’s room to disagree without pretending the other side is evil.",1
ai_0274,"A lot of people miss that politics conversations keep looping without addressing root causes. In my view, most systems reward speed over thoughtfulness. People argue about headlines, but the structural pieces rarely change. There’s also a gap between what sounds good online and what actually works in practice. Most tradeoffs are real, even if they’re inconvenient to admit. If we slowed down and defined success clearly, debates would feel less chaotic. People respond to what is easy and visible. The boring fixes are usually the ones that work.",1
ai_0275,"Low key, tech conversations keep looping without addressing root causes. In my view, small improvements compound over time. People argue about headlines, but the structural pieces rarely change. There’s also a gap between what sounds good online and what actually works in practice. Most tradeoffs are real, even if they’re inconvenient to admit. If we slowed down and defined success clearly, debates would feel less chaotic. Most systems reward speed over thoughtfulness. The boring fixes are usually the ones that work.",1
ai_0276,"At the end of the day, health conversations keep looping without addressing root causes. In my view, communication gaps create unnecessary tension. People argue about headlines, but the structural pieces rarely change. There’s also a gap between what sounds good online and what actually works in practice. Most tradeoffs are real, even if they’re inconvenient to admit. If we slowed down and defined success clearly, debates would feel less chaotic. Most systems reward speed over thoughtfulness. A little humility would go a long way here.",1
ai_0277,"A lot of people miss that sports conversations keep looping without addressing root causes. In my view, incentives shape behavior more than speeches do. People argue about headlines, but the structural pieces rarely change. There’s also a gap between what sounds good online and what actually works in practice. Most tradeoffs are real, even if they’re inconvenient to admit. If we slowed down and defined success clearly, debates would feel less chaotic. People respond to what is easy and visible. There’s room to disagree without pretending the other side is evil.",1
ai_0278,"Low key, economy conversations keep looping without addressing root causes. In my view, people respond to what is easy and visible. People argue about headlines, but the structural pieces rarely change. There’s also a gap between what sounds good online and what actually works in practice. Most tradeoffs are real, even if they’re inconvenient to admit. If we slowed down and defined success clearly, debates would feel less chaotic. Burnout builds slowly and then hits all at once. A little humility would go a long way here.",1
ai_0279,"A lot of people miss that climate conversations keep looping without addressing root causes. In my view, communication gaps create unnecessary tension. People argue about headlines, but the structural pieces rarely change. There’s also a gap between what sounds good online and what actually works in practice. Most tradeoffs are real, even if they’re inconvenient to admit. If we slowed down and defined success clearly, debates would feel less chaotic. Most systems reward speed over thoughtfulness. None of this is simple, but pretending it is makes it worse.",1
ai_0280,"A lot of people miss that campus life conversations keep looping without addressing root causes. In my view, burnout builds slowly and then hits all at once. People argue about headlines, but the structural pieces rarely change. There’s also a gap between what sounds good online and what actually works in practice. Most tradeoffs are real, even if they’re inconvenient to admit. If we slowed down and defined success clearly, debates would feel less chaotic. Policy details matter more than slogans. There’s room to disagree without pretending the other side is evil.",1
ai_0281,"Honestly, politics conversations keep looping without addressing root causes. In my view, short term wins crowd out long term planning. People argue about headlines, but the structural pieces rarely change. There’s also a gap between what sounds good online and what actually works in practice. Most tradeoffs are real, even if they’re inconvenient to admit. If we slowed down and defined success clearly, debates would feel less chaotic. Policy details matter more than slogans. None of this is simple, but pretending it is makes it worse.",1
ai_0282,"What gets overlooked is tech conversations keep looping without addressing root causes. In my view, communication gaps create unnecessary tension. People argue about headlines, but the structural pieces rarely change. There’s also a gap between what sounds good online and what actually works in practice. Most tradeoffs are real, even if they’re inconvenient to admit. If we slowed down and defined success clearly, debates would feel less chaotic. Everyone thinks someone else will fix it. We should probably focus less on outrage and more on execution.",1
ai_0283,"Honestly, health conversations keep looping without addressing root causes. In my view, most systems reward speed over thoughtfulness. People argue about headlines, but the structural pieces rarely change. There’s also a gap between what sounds good online and what actually works in practice. Most tradeoffs are real, even if they’re inconvenient to admit. If we slowed down and defined success clearly, debates would feel less chaotic. Incentives shape behavior more than speeches do. None of this is simple, but pretending it is makes it worse.",1
ai_0284,"Low key, sports conversations keep looping without addressing root causes. In my view, policy details matter more than slogans. People argue about headlines, but the structural pieces rarely change. There’s also a gap between what sounds good online and what actually works in practice. Most tradeoffs are real, even if they’re inconvenient to admit. If we slowed down and defined success clearly, debates would feel less chaotic. Burnout builds slowly and then hits all at once. The boring fixes are usually the ones that work.",1
ai_0285,"I keep noticing that economy conversations keep looping without addressing root causes. In my view, people respond to what is easy and visible. People argue about headlines, but the structural pieces rarely change. There’s also a gap between what sounds good online and what actually works in practice. Most tradeoffs are real, even if they’re inconvenient to admit. If we slowed down and defined success clearly, debates would feel less chaotic. People respond to what is easy and visible. We don’t need perfection, just fewer obvious mistakes.",1
ai_0286,"If we're being real, climate conversations keep looping without addressing root causes. In my view, policy details matter more than slogans. People argue about headlines, but the structural pieces rarely change. There’s also a gap between what sounds good online and what actually works in practice. Most tradeoffs are real, even if they’re inconvenient to admit. If we slowed down and defined success clearly, debates would feel less chaotic. Short term wins crowd out long term planning. None of this is simple, but pretending it is makes it worse.",1
ai_0287,"A lot of people miss that campus life conversations keep looping without addressing root causes. In my view, people respond to what is easy and visible. People argue about headlines, but the structural pieces rarely change. There’s also a gap between what sounds good online and what actually works in practice. Most tradeoffs are real, even if they’re inconvenient to admit. If we slowed down and defined success clearly, debates would feel less chaotic. Small improvements compound over time. We don’t need perfection, just fewer obvious mistakes.",1
ai_0288,"I keep noticing that politics conversations keep looping without addressing root causes. In my view, policy details matter more than slogans. People argue about headlines, but the structural pieces rarely change. There’s also a gap between what sounds good online and what actually works in practice. Most tradeoffs are real, even if they’re inconvenient to admit. If we slowed down and defined success clearly, debates would feel less chaotic. Data helps, but context matters just as much. We don’t need perfection, just fewer obvious mistakes.",1
ai_0289,"What gets overlooked is tech conversations keep looping without addressing root causes. In my view, everyone thinks someone else will fix it. People argue about headlines, but the structural pieces rarely change. There’s also a gap between what sounds good online and what actually works in practice. Most tradeoffs are real, even if they’re inconvenient to admit. If we slowed down and defined success clearly, debates would feel less chaotic. Policy details matter more than slogans. A little humility would go a long way here.",1
ai_0290,"I keep noticing that health conversations keep looping without addressing root causes. In my view, small improvements compound over time. People argue about headlines, but the structural pieces rarely change. There’s also a gap between what sounds good online and what actually works in practice. Most tradeoffs are real, even if they’re inconvenient to admit. If we slowed down and defined success clearly, debates would feel less chaotic. Data helps, but context matters just as much. None of this is simple, but pretending it is makes it worse.",1
ai_0291,"It kind of feels like sports conversations keep looping without addressing root causes. In my view, short term wins crowd out long term planning. People argue about headlines, but the structural pieces rarely change. There’s also a gap between what sounds good online and what actually works in practice. Most tradeoffs are real, even if they’re inconvenient to admit. If we slowed down and defined success clearly, debates would feel less chaotic. Burnout builds slowly and then hits all at once. We don’t need perfection, just fewer obvious mistakes.",1
ai_0292,"The weird part is economy conversations keep looping without addressing root causes. In my view, people respond to what is easy and visible. People argue about headlines, but the structural pieces rarely change. There’s also a gap between what sounds good online and what actually works in practice. Most tradeoffs are real, even if they’re inconvenient to admit. If we slowed down and defined success clearly, debates would feel less chaotic. Everyone thinks someone else will fix it. There’s room to disagree without pretending the other side is evil.",1
ai_0293,"A lot of people miss that climate conversations keep looping without addressing root causes. In my view, everyone thinks someone else will fix it. People argue about headlines, but the structural pieces rarely change. There’s also a gap between what sounds good online and what actually works in practice. Most tradeoffs are real, even if they’re inconvenient to admit. If we slowed down and defined success clearly, debates would feel less chaotic. Policy details matter more than slogans. None of this is simple, but pretending it is makes it worse.",1
ai_0294,"It kind of feels like campus life conversations keep looping without addressing root causes. In my view, burnout builds slowly and then hits all at once. People argue about headlines, but the structural pieces rarely change. There’s also a gap between what sounds good online and what actually works in practice. Most tradeoffs are real, even if they’re inconvenient to admit. If we slowed down and defined success clearly, debates would feel less chaotic. Policy details matter more than slogans. The boring fixes are usually the ones that work.",1
ai_0295,"It kind of feels like politics conversations keep looping without addressing root causes. In my view, short term wins crowd out long term planning. People argue about headlines, but the structural pieces rarely change. There’s also a gap between what sounds good online and what actually works in practice. Most tradeoffs are real, even if they’re inconvenient to admit. If we slowed down and defined success clearly, debates would feel less chaotic. Incentives shape behavior more than speeches do. There’s room to disagree without pretending the other side is evil.",1
ai_0296,"If we're being real, tech conversations keep looping without addressing root causes. In my view, communication gaps create unnecessary tension. People argue about headlines, but the structural pieces rarely change. There’s also a gap between what sounds good online and what actually works in practice. Most tradeoffs are real, even if they’re inconvenient to admit. If we slowed down and defined success clearly, debates would feel less chaotic. People respond to what is easy and visible. The boring fixes are usually the ones that work.",1
ai_0297,"If we're being real, health conversations keep looping without addressing root causes. In my view, people respond to what is easy and visible. People argue about headlines, but the structural pieces rarely change. There’s also a gap between what sounds good online and what actually works in practice. Most tradeoffs are real, even if they’re inconvenient to admit. If we slowed down and defined success clearly, debates would feel less chaotic. Short term wins crowd out long term planning. We should probably focus less on outrage and more on execution.",1
ai_0298,"If we're being real, sports conversations keep looping without addressing root causes. In my view, people respond to what is easy and visible. People argue about headlines, but the structural pieces rarely change. There’s also a gap between what sounds good online and what actually works in practice. Most tradeoffs are real, even if they’re inconvenient to admit. If we slowed down and defined success clearly, debates would feel less chaotic. Communication gaps create unnecessary tension. A little humility would go a long way here.",1
ai_0299,"I keep noticing that economy conversations keep looping without addressing root causes. In my view, small improvements compound over time. People argue about headlines, but the structural pieces rarely change. There’s also a gap between what sounds good online and what actually works in practice. Most tradeoffs are real, even if they’re inconvenient to admit. If we slowed down and defined success clearly, debates would feel less chaotic. Burnout builds slowly and then hits all at once. It’s not dramatic, but steady effort probably matters more than viral moments.",1
ai_0300,"I keep noticing that climate conversations keep looping without addressing root causes. In my view, everyone thinks someone else will fix it. People argue about headlines, but the structural pieces rarely change. There’s also a gap between what sounds good online and what actually works in practice. Most tradeoffs are real, even if they’re inconvenient to admit. If we slowed down and defined success clearly, debates would feel less chaotic. Data helps, but context matters just as much. There’s room to disagree without pretending the other side is evil.",1
ai_0301,"Low key, campus life conversations keep looping without addressing root causes. In my view, people respond to what is easy and visible. People argue about headlines, but the structural pieces rarely change. There’s also a gap between what sounds good online and what actually works in practice. Most tradeoffs are real, even if they’re inconvenient to admit. If we slowed down and defined success clearly, debates would feel less chaotic. Most systems reward speed over thoughtfulness. We don’t need perfection, just fewer obvious mistakes.",1
ai_0302,"A lot of people miss that politics conversations keep looping without addressing root causes. In my view, communication gaps create unnecessary tension. People argue about headlines, but the structural pieces rarely change. There’s also a gap between what sounds good online and what actually works in practice. Most tradeoffs are real, even if they’re inconvenient to admit. If we slowed down and defined success clearly, debates would feel less chaotic. Most systems reward speed over thoughtfulness. There’s room to disagree without pretending the other side is evil.",1
ai_0303,"If we're being real, tech conversations keep looping without addressing root causes. In my view, data helps, but context matters just as much. People argue about headlines, but the structural pieces rarely change. There’s also a gap between what sounds good online and what actually works in practice. Most tradeoffs are real, even if they’re inconvenient to admit. If we slowed down and defined success clearly, debates would feel less chaotic. Communication gaps create unnecessary tension. A little humility would go a long way here.",1
ai_0304,"A lot of people miss that health conversations keep looping without addressing root causes. In my view, small improvements compound over time. People argue about headlines, but the structural pieces rarely change. There’s also a gap between what sounds good online and what actually works in practice. Most tradeoffs are real, even if they’re inconvenient to admit. If we slowed down and defined success clearly, debates would feel less chaotic. Burnout builds slowly and then hits all at once. We should probably focus less on outrage and more on execution.",1
ai_0305,"It kind of feels like sports conversations keep looping without addressing root causes. In my view, incentives shape behavior more than speeches do. People argue about headlines, but the structural pieces rarely change. There’s also a gap between what sounds good online and what actually works in practice. Most tradeoffs are real, even if they’re inconvenient to admit. If we slowed down and defined success clearly, debates would feel less chaotic. Short term wins crowd out long term planning. We don’t need perfection, just fewer obvious mistakes.",1
ai_0306,"A lot of people miss that economy conversations keep looping without addressing root causes. In my view, data helps, but context matters just as much. People argue about headlines, but the structural pieces rarely change. There’s also a gap between what sounds good online and what actually works in practice. Most tradeoffs are real, even if they’re inconvenient to admit. If we slowed down and defined success clearly, debates would feel less chaotic. Short term wins crowd out long term planning. It’s not dramatic, but steady effort probably matters more than viral moments.",1
ai_0307,"At the end of the day, climate conversations keep looping without addressing root causes. In my view, burnout builds slowly and then hits all at once. People argue about headlines, but the structural pieces rarely change. There’s also a gap between what sounds good online and what actually works in practice. Most tradeoffs are real, even if they’re inconvenient to admit. If we slowed down and defined success clearly, debates would feel less chaotic. Incentives shape behavior more than speeches do. A little humility would go a long way here.",1
ai_0308,"Low key, campus life conversations keep looping without addressing root causes. In my view, people respond to what is easy and visible. People argue about headlines, but the structural pieces rarely change. There’s also a gap between what sounds good online and what actually works in practice. Most tradeoffs are real, even if they’re inconvenient to admit. If we slowed down and defined success clearly, debates would feel less chaotic. Short term wins crowd out long term planning. We don’t need perfection, just fewer obvious mistakes.",1
ai_0309,"It kind of feels like politics conversations keep looping without addressing root causes. In my view, most systems reward speed over thoughtfulness. People argue about headlines, but the structural pieces rarely change. There’s also a gap between what sounds good online and what actually works in practice. Most tradeoffs are real, even if they’re inconvenient to admit. If we slowed down and defined success clearly, debates would feel less chaotic. Most systems reward speed over thoughtfulness. We should probably focus less on outrage and more on execution.",1
ai_0310,"At the end of the day, tech conversations keep looping without addressing root causes. In my view, small improvements compound over time. People argue about headlines, but the structural pieces rarely change. There’s also a gap between what sounds good online and what actually works in practice. Most tradeoffs are real, even if they’re inconvenient to admit. If we slowed down and defined success clearly, debates would feel less chaotic. Burnout builds slowly and then hits all at once. We should probably focus less on outrage and more on execution.",1
ai_0311,"A lot of people miss that health conversations keep looping without addressing root causes. In my view, communication gaps create unnecessary tension. People argue about headlines, but the structural pieces rarely change. There’s also a gap between what sounds good online and what actually works in practice. Most tradeoffs are real, even if they’re inconvenient to admit. If we slowed down and defined success clearly, debates would feel less chaotic. Short term wins crowd out long term planning. There’s room to disagree without pretending the other side is evil.",1
ai_0312,"I keep noticing that sports conversations keep looping without addressing root causes. In my view, short term wins crowd out long term planning. People argue about headlines, but the structural pieces rarely change. There’s also a gap between what sounds good online and what actually works in practice. Most tradeoffs are real, even if they’re inconvenient to admit. If we slowed down and defined success clearly, debates would feel less chaotic. Small improvements compound over time. We should probably focus less on outrage and more on execution.",1
ai_0313,"The weird part is economy conversations keep looping without addressing root causes. In my view, short term wins crowd out long term planning. People argue about headlines, but the structural pieces rarely change. There’s also a gap between what sounds good online and what actually works in practice. Most tradeoffs are real, even if they’re inconvenient to admit. If we slowed down and defined success clearly, debates would feel less chaotic. Incentives shape behavior more than speeches do. None of this is simple, but pretending it is makes it worse.",1
ai_0314,"At the end of the day, climate conversations keep looping without addressing root causes. In my view, short term wins crowd out long term planning. People argue about headlines, but the structural pieces rarely change. There’s also a gap between what sounds good online and what actually works in practice. Most tradeoffs are real, even if they’re inconvenient to admit. If we slowed down and defined success clearly, debates would feel less chaotic. Communication gaps create unnecessary tension. There’s room to disagree without pretending the other side is evil.",1
ai_0315,"A lot of people miss that campus life conversations keep looping without addressing root causes. In my view, communication gaps create unnecessary tension. People argue about headlines, but the structural pieces rarely change. There’s also a gap between what sounds good online and what actually works in practice. Most tradeoffs are real, even if they’re inconvenient to admit. If we slowed down and defined success clearly, debates would feel less chaotic. People respond to what is easy and visible. We should probably focus less on outrage and more on execution.",1
ai_0316,"I keep noticing that politics conversations keep looping without addressing root causes. In my view, policy details matter more than slogans. People argue about headlines, but the structural pieces rarely change. There’s also a gap between what sounds good online and what actually works in practice. Most tradeoffs are real, even if they’re inconvenient to admit. If we slowed down and defined success clearly, debates would feel less chaotic. People respond to what is easy and visible. We don’t need perfection, just fewer obvious mistakes.",1
ai_0317,"If we're being real, tech conversations keep looping without addressing root causes. In my view, most systems reward speed over thoughtfulness. People argue about headlines, but the structural pieces rarely change. There’s also a gap between what sounds good online and what actually works in practice. Most tradeoffs are real, even if they’re inconvenient to admit. If we slowed down and defined success clearly, debates would feel less chaotic. Policy details matter more than slogans. None of this is simple, but pretending it is makes it worse.",1
ai_0318,"The weird part is health conversations keep looping without addressing root causes. In my view, policy details matter more than slogans. People argue about headlines, but the structural pieces rarely change. There’s also a gap between what sounds good online and what actually works in practice. Most tradeoffs are real, even if they’re inconvenient to admit. If we slowed down and defined success clearly, debates would feel less chaotic. Most systems reward speed over thoughtfulness. We should probably focus less on outrage and more on execution.",1
ai_0319,"A lot of people miss that sports conversations keep looping without addressing root causes. In my view, incentives shape behavior more than speeches do. People argue about headlines, but the structural pieces rarely change. There’s also a gap between what sounds good online and what actually works in practice. Most tradeoffs are real, even if they’re inconvenient to admit. If we slowed down and defined success clearly, debates would feel less chaotic. Incentives shape behavior more than speeches do. There’s room to disagree without pretending the other side is evil.",1
ai_0320,"It kind of feels like economy conversations keep looping without addressing root causes. In my view, everyone thinks someone else will fix it. People argue about headlines, but the structural pieces rarely change. There’s also a gap between what sounds good online and what actually works in practice. Most tradeoffs are real, even if they’re inconvenient to admit. If we slowed down and defined success clearly, debates would feel less chaotic. Data helps, but context matters just as much. None of this is simple, but pretending it is makes it worse.",1
ai_0321,"Low key, climate conversations keep looping without addressing root causes. In my view, most systems reward speed over thoughtfulness. People argue about headlines, but the structural pieces rarely change. There’s also a gap between what sounds good online and what actually works in practice. Most tradeoffs are real, even if they’re inconvenient to admit. If we slowed down and defined success clearly, debates would feel less chaotic. People respond to what is easy and visible. None of this is simple, but pretending it is makes it worse.",1
ai_0322,"The weird part is campus life conversations keep looping without addressing root causes. In my view, communication gaps create unnecessary tension. People argue about headlines, but the structural pieces rarely change. There’s also a gap between what sounds good online and what actually works in practice. Most tradeoffs are real, even if they’re inconvenient to admit. If we slowed down and defined success clearly, debates would feel less chaotic. Data helps, but context matters just as much. We don’t need perfection, just fewer obvious mistakes.",1
ai_0323,"A lot of people miss that politics conversations keep looping without addressing root causes. In my view, everyone thinks someone else will fix it. People argue about headlines, but the structural pieces rarely change. There’s also a gap between what sounds good online and what actually works in practice. Most tradeoffs are real, even if they’re inconvenient to admit. If we slowed down and defined success clearly, debates would feel less chaotic. Communication gaps create unnecessary tension. We don’t need perfection, just fewer obvious mistakes.",1
ai_0324,"Low key, tech conversations keep looping without addressing root causes. In my view, communication gaps create unnecessary tension. People argue about headlines, but the structural pieces rarely change. There’s also a gap between what sounds good online and what actually works in practice. Most tradeoffs are real, even if they’re inconvenient to admit. If we slowed down and defined success clearly, debates would feel less chaotic. Burnout builds slowly and then hits all at once. We should probably focus less on outrage and more on execution.",1
ai_0325,"What gets overlooked is health conversations keep looping without addressing root causes. In my view, burnout builds slowly and then hits all at once. People argue about headlines, but the structural pieces rarely change. There’s also a gap between what sounds good online and what actually works in practice. Most tradeoffs are real, even if they’re inconvenient to admit. If we slowed down and defined success clearly, debates would feel less chaotic. Policy details matter more than slogans. We should probably focus less on outrage and more on execution.",1
ai_0326,"Low key, sports conversations keep looping without addressing root causes. In my view, people respond to what is easy and visible. People argue about headlines, but the structural pieces rarely change. There’s also a gap between what sounds good online and what actually works in practice. Most tradeoffs are real, even if they’re inconvenient to admit. If we slowed down and defined success clearly, debates would feel less chaotic. Burnout builds slowly and then hits all at once. The boring fixes are usually the ones that work.",1
ai_0327,"At the end of the day, economy conversations keep looping without addressing root causes. In my view, most systems reward speed over thoughtfulness. People argue about headlines, but the structural pieces rarely change. There’s also a gap between what sounds good online and what actually works in practice. Most tradeoffs are real, even if they’re inconvenient to admit. If we slowed down and defined success clearly, debates would feel less chaotic. People respond to what is easy and visible. We don’t need perfection, just fewer obvious mistakes.",1
ai_0328,"I keep noticing that climate conversations keep looping without addressing root causes. In my view, incentives shape behavior more than speeches do. People argue about headlines, but the structural pieces rarely change. There’s also a gap between what sounds good online and what actually works in practice. Most tradeoffs are real, even if they’re inconvenient to admit. If we slowed down and defined success clearly, debates would feel less chaotic. Policy details matter more than slogans. The boring fixes are usually the ones that work.",1
ai_0329,"A lot of people miss that campus life conversations keep looping without addressing root causes. In my view, short term wins crowd out long term planning. People argue about headlines, but the structural pieces rarely change. There’s also a gap between what sounds good online and what actually works in practice. Most tradeoffs are real, even if they’re inconvenient to admit. If we slowed down and defined success clearly, debates would feel less chaotic. Short term wins crowd out long term planning. There’s room to disagree without pretending the other side is evil.",1
ai_0330,"It kind of feels like politics conversations keep looping without addressing root causes. In my view, short term wins crowd out long term planning. People argue about headlines, but the structural pieces rarely change. There’s also a gap between what sounds good online and what actually works in practice. Most tradeoffs are real, even if they’re inconvenient to admit. If we slowed down and defined success clearly, debates would feel less chaotic. Short term wins crowd out long term planning. We don’t need perfection, just fewer obvious mistakes.",1
ai_0331,"If we're being real, tech conversations keep looping without addressing root causes. In my view, communication gaps create unnecessary tension. People argue about headlines, but the structural pieces rarely change. There’s also a gap between what sounds good online and what actually works in practice. Most tradeoffs are real, even if they’re inconvenient to admit. If we slowed down and defined success clearly, debates would feel less chaotic. Short term wins crowd out long term planning. The boring fixes are usually the ones that work.",1
ai_0332,"If we're being real, health conversations keep looping without addressing root causes. In my view, everyone thinks someone else will fix it. People argue about headlines, but the structural pieces rarely change. There’s also a gap between what sounds good online and what actually works in practice. Most tradeoffs are real, even if they’re inconvenient to admit. If we slowed down and defined success clearly, debates would feel less chaotic. Small improvements compound over time. The boring fixes are usually the ones that work.",1
ai_0333,"I keep noticing that sports conversations keep looping without addressing root causes. In my view, short term wins crowd out long term planning. People argue about headlines, but the structural pieces rarely change. There’s also a gap between what sounds good online and what actually works in practice. Most tradeoffs are real, even if they’re inconvenient to admit. If we slowed down and defined success clearly, debates would feel less chaotic. Incentives shape behavior more than speeches do. It’s not dramatic, but steady effort probably matters more than viral moments.",1
ai_0334,"The weird part is economy conversations keep looping without addressing root causes. In my view, people respond to what is easy and visible. People argue about headlines, but the structural pieces rarely change. There’s also a gap between what sounds good online and what actually works in practice. Most tradeoffs are real, even if they’re inconvenient to admit. If we slowed down and defined success clearly, debates would feel less chaotic. Short term wins crowd out long term planning. It’s not dramatic, but steady effort probably matters more than viral moments.",1
ai_0335,"A lot of people miss that climate conversations keep looping without addressing root causes. In my view, policy details matter more than slogans. People argue about headlines, but the structural pieces rarely change. There’s also a gap between what sounds good online and what actually works in practice. Most tradeoffs are real, even if they’re inconvenient to admit. If we slowed down and defined success clearly, debates would feel less chaotic. Policy details matter more than slogans. We don’t need perfection, just fewer obvious mistakes.",1
ai_0336,"I keep noticing that campus life conversations keep looping without addressing root causes. In my view, data helps, but context matters just as much. People argue about headlines, but the structural pieces rarely change. There’s also a gap between what sounds good online and what actually works in practice. Most tradeoffs are real, even if they’re inconvenient to admit. If we slowed down and defined success clearly, debates would feel less chaotic. Small improvements compound over time. It’s not dramatic, but steady effort probably matters more than viral moments.",1
ai_0337,"At the end of the day, politics conversations keep looping without addressing root causes. In my view, communication gaps create unnecessary tension. People argue about headlines, but the structural pieces rarely change. There’s also a gap between what sounds good online and what actually works in practice. Most tradeoffs are real, even if they’re inconvenient to admit. If we slowed down and defined success clearly, debates would feel less chaotic. Data helps, but context matters just as much. None of this is simple, but pretending it is makes it worse.",1
ai_0338,"If we're being real, tech conversations keep looping without addressing root causes. In my view, everyone thinks someone else will fix it. People argue about headlines, but the structural pieces rarely change. There’s also a gap between what sounds good online and what actually works in practice. Most tradeoffs are real, even if they’re inconvenient to admit. If we slowed down and defined success clearly, debates would feel less chaotic. Data helps, but context matters just as much. We don’t need perfection, just fewer obvious mistakes.",1
ai_0339,"Low key, health conversations keep looping without addressing root causes. In my view, short term wins crowd out long term planning. People argue about headlines, but the structural pieces rarely change. There’s also a gap between what sounds good online and what actually works in practice. Most tradeoffs are real, even if they’re inconvenient to admit. If we slowed down and defined success clearly, debates would feel less chaotic. Policy details matter more than slogans. We should probably focus less on outrage and more on execution.",1
ai_0340,"It kind of feels like sports conversations keep looping without addressing root causes. In my view, people respond to what is easy and visible. People argue about headlines, but the structural pieces rarely change. There’s also a gap between what sounds good online and what actually works in practice. Most tradeoffs are real, even if they’re inconvenient to admit. If we slowed down and defined success clearly, debates would feel less chaotic. Data helps, but context matters just as much. None of this is simple, but pretending it is makes it worse.",1
ai_0341,"Low key, economy conversations keep looping without addressing root causes. In my view, burnout builds slowly and then hits all at once. People argue about headlines, but the structural pieces rarely change. There’s also a gap between what sounds good online and what actually works in practice. Most tradeoffs are real, even if they’re inconvenient to admit. If we slowed down and defined success clearly, debates would feel less chaotic. Most systems reward speed over thoughtfulness. It’s not dramatic, but steady effort probably matters more than viral moments.",1
ai_0342,"A lot of people miss that climate conversations keep looping without addressing root causes. In my view, incentives shape behavior more than speeches do. People argue about headlines, but the structural pieces rarely change. There’s also a gap between what sounds good online and what actually works in practice. Most tradeoffs are real, even if they’re inconvenient to admit. If we slowed down and defined success clearly, debates would feel less chaotic. Everyone thinks someone else will fix it. None of this is simple, but pretending it is makes it worse.",1
ai_0343,"It kind of feels like campus life conversations keep looping without addressing root causes. In my view, data helps, but context matters just as much. People argue about headlines, but the structural pieces rarely change. There’s also a gap between what sounds good online and what actually works in practice. Most tradeoffs are real, even if they’re inconvenient to admit. If we slowed down and defined success clearly, debates would feel less chaotic. Most systems reward speed over thoughtfulness. We don’t need perfection, just fewer obvious mistakes.",1
ai_0344,"Honestly, politics conversations keep looping without addressing root causes. In my view, people respond to what is easy and visible. People argue about headlines, but the structural pieces rarely change. There’s also a gap between what sounds good online and what actually works in practice. Most tradeoffs are real, even if they’re inconvenient to admit. If we slowed down and defined success clearly, debates would feel less chaotic. Policy details matter more than slogans. None of this is simple, but pretending it is makes it worse.",1
ai_0345,"The weird part is tech conversations keep looping without addressing root causes. In my view, communication gaps create unnecessary tension. People argue about headlines, but the structural pieces rarely change. There’s also a gap between what sounds good online and what actually works in practice. Most tradeoffs are real, even if they’re inconvenient to admit. If we slowed down and defined success clearly, debates would feel less chaotic. Short term wins crowd out long term planning. We don’t need perfection, just fewer obvious mistakes.",1
ai_0346,"The weird part is health conversations keep looping without addressing root causes. In my view, burnout builds slowly and then hits all at once. People argue about headlines, but the structural pieces rarely change. There’s also a gap between what sounds good online and what actually works in practice. Most tradeoffs are real, even if they’re inconvenient to admit. If we slowed down and defined success clearly, debates would feel less chaotic. Incentives shape behavior more than speeches do. It’s not dramatic, but steady effort probably matters more than viral moments.",1
ai_0347,"Honestly, sports conversations keep looping without addressing root causes. In my view, small improvements compound over time. People argue about headlines, but the structural pieces rarely change. There’s also a gap between what sounds good online and what actually works in practice. Most tradeoffs are real, even if they’re inconvenient to admit. If we slowed down and defined success clearly, debates would feel less chaotic. Short term wins crowd out long term planning. The boring fixes are usually the ones that work.",1
ai_0348,"Low key, economy conversations keep looping without addressing root causes. In my view, small improvements compound over time. People argue about headlines, but the structural pieces rarely change. There’s also a gap between what sounds good online and what actually works in practice. Most tradeoffs are real, even if they’re inconvenient to admit. If we slowed down and defined success clearly, debates would feel less chaotic. People respond to what is easy and visible. None of this is simple, but pretending it is makes it worse.",1
ai_0349,"If we're being real, climate conversations keep looping without addressing root causes. In my view, burnout builds slowly and then hits all at once. People argue about headlines, but the structural pieces rarely change. There’s also a gap between what sounds good online and what actually works in practice. Most tradeoffs are real, even if they’re inconvenient to admit. If we slowed down and defined success clearly, debates would feel less chaotic. Burnout builds slowly and then hits all at once. We should probably focus less on outrage and more on execution.",1
ai_0350,"The weird part is campus life conversations keep looping without addressing root causes. In my view, most systems reward speed over thoughtfulness. People argue about headlines, but the structural pieces rarely change. There’s also a gap between what sounds good online and what actually works in practice. Most tradeoffs are real, even if they’re inconvenient to admit. If we slowed down and defined success clearly, debates would feel less chaotic. Data helps, but context matters just as much. It’s not dramatic, but steady effort probably matters more than viral moments.",1
ai_0351,"A lot of people miss that politics conversations keep looping without addressing root causes. In my view, most systems reward speed over thoughtfulness. People argue about headlines, but the structural pieces rarely change. There’s also a gap between what sounds good online and what actually works in practice. Most tradeoffs are real, even if they’re inconvenient to admit. If we slowed down and defined success clearly, debates would feel less chaotic. Policy details matter more than slogans. A little humility would go a long way here.",1
ai_0352,"Honestly, tech conversations keep looping without addressing root causes. In my view, people respond to what is easy and visible. People argue about headlines, but the structural pieces rarely change. There’s also a gap between what sounds good online and what actually works in practice. Most tradeoffs are real, even if they’re inconvenient to admit. If we slowed down and defined success clearly, debates would feel less chaotic. Burnout builds slowly and then hits all at once. We should probably focus less on outrage and more on execution.",1
ai_0353,"At the end of the day, health conversations keep looping without addressing root causes. In my view, short term wins crowd out long term planning. People argue about headlines, but the structural pieces rarely change. There’s also a gap between what sounds good online and what actually works in practice. Most tradeoffs are real, even if they’re inconvenient to admit. If we slowed down and defined success clearly, debates would feel less chaotic. Small improvements compound over time. We don’t need perfection, just fewer obvious mistakes.",1
ai_0354,"The weird part is sports conversations keep looping without addressing root causes. In my view, short term wins crowd out long term planning. People argue about headlines, but the structural pieces rarely change. There’s also a gap between what sounds good online and what actually works in practice. Most tradeoffs are real, even if they’re inconvenient to admit. If we slowed down and defined success clearly, debates would feel less chaotic. Short term wins crowd out long term planning. We don’t need perfection, just fewer obvious mistakes.",1
ai_0355,"Honestly, economy conversations keep looping without addressing root causes. In my view, communication gaps create unnecessary tension. People argue about headlines, but the structural pieces rarely change. There’s also a gap between what sounds good online and what actually works in practice. Most tradeoffs are real, even if they’re inconvenient to admit. If we slowed down and defined success clearly, debates would feel less chaotic. Everyone thinks someone else will fix it. There’s room to disagree without pretending the other side is evil.",1
ai_0356,"Honestly, climate conversations keep looping without addressing root causes. In my view, short term wins crowd out long term planning. People argue about headlines, but the structural pieces rarely change. There’s also a gap between what sounds good online and what actually works in practice. Most tradeoffs are real, even if they’re inconvenient to admit. If we slowed down and defined success clearly, debates would feel less chaotic. Short term wins crowd out long term planning. It’s not dramatic, but steady effort probably matters more than viral moments.",1
ai_0357,"What gets overlooked is campus life conversations keep looping without addressing root causes. In my view, policy details matter more than slogans. People argue about headlines, but the structural pieces rarely change. There’s also a gap between what sounds good online and what actually works in practice. Most tradeoffs are real, even if they’re inconvenient to admit. If we slowed down and defined success clearly, debates would feel less chaotic. Policy details matter more than slogans. It’s not dramatic, but steady effort probably matters more than viral moments.",1
ai_0358,"The weird part is politics conversations keep looping without addressing root causes. In my view, small improvements compound over time. People argue about headlines, but the structural pieces rarely change. There’s also a gap between what sounds good online and what actually works in practice. Most tradeoffs are real, even if they’re inconvenient to admit. If we slowed down and defined success clearly, debates would feel less chaotic. Communication gaps create unnecessary tension. It’s not dramatic, but steady effort probably matters more than viral moments.",1
ai_0359,"Honestly, tech conversations keep looping without addressing root causes. In my view, communication gaps create unnecessary tension. People argue about headlines, but the structural pieces rarely change. There’s also a gap between what sounds good online and what actually works in practice. Most tradeoffs are real, even if they’re inconvenient to admit. If we slowed down and defined success clearly, debates would feel less chaotic. Most systems reward speed over thoughtfulness. A little humility would go a long way here.",1
ai_0360,"At the end of the day, health conversations keep looping without addressing root causes. In my view, small improvements compound over time. People argue about headlines, but the structural pieces rarely change. There’s also a gap between what sounds good online and what actually works in practice. Most tradeoffs are real, even if they’re inconvenient to admit. If we slowed down and defined success clearly, debates would feel less chaotic. Data helps, but context matters just as much. We don’t need perfection, just fewer obvious mistakes.",1
ai_0361,"Low key, sports conversations keep looping without addressing root causes. In my view, policy details matter more than slogans. People argue about headlines, but the structural pieces rarely change. There’s also a gap between what sounds good online and what actually works in practice. Most tradeoffs are real, even if they’re inconvenient to admit. If we slowed down and defined success clearly, debates would feel less chaotic. Burnout builds slowly and then hits all at once. A little humility would go a long way here.",1
ai_0362,"The weird part is economy conversations keep looping without addressing root causes. In my view, small improvements compound over time. People argue about headlines, but the structural pieces rarely change. There’s also a gap between what sounds good online and what actually works in practice. Most tradeoffs are real, even if they’re inconvenient to admit. If we slowed down and defined success clearly, debates would feel less chaotic. Data helps, but context matters just as much. The boring fixes are usually the ones that work.",1
ai_0363,"It kind of feels like climate conversations keep looping without addressing root causes. In my view, most systems reward speed over thoughtfulness. People argue about headlines, but the structural pieces rarely change. There’s also a gap between what sounds good online and what actually works in practice. Most tradeoffs are real, even if they’re inconvenient to admit. If we slowed down and defined success clearly, debates would feel less chaotic. Incentives shape behavior more than speeches do. A little humility would go a long way here.",1
ai_0364,"Honestly, campus life conversations keep looping without addressing root causes. In my view, most systems reward speed over thoughtfulness. People argue about headlines, but the structural pieces rarely change. There’s also a gap between what sounds good online and what actually works in practice. Most tradeoffs are real, even if they’re inconvenient to admit. If we slowed down and defined success clearly, debates would feel less chaotic. Burnout builds slowly and then hits all at once. The boring fixes are usually the ones that work.",1
ai_0365,"The weird part is politics conversations keep looping without addressing root causes. In my view, small improvements compound over time. People argue about headlines, but the structural pieces rarely change. There’s also a gap between what sounds good online and what actually works in practice. Most tradeoffs are real, even if they’re inconvenient to admit. If we slowed down and defined success clearly, debates would feel less chaotic. Small improvements compound over time. None of this is simple, but pretending it is makes it worse.",1
ai_0366,"It kind of feels like tech conversations keep looping without addressing root causes. In my view, small improvements compound over time. People argue about headlines, but the structural pieces rarely change. There’s also a gap between what sounds good online and what actually works in practice. Most tradeoffs are real, even if they’re inconvenient to admit. If we slowed down and defined success clearly, debates would feel less chaotic. Short term wins crowd out long term planning. There’s room to disagree without pretending the other side is evil.",1
ai_0367,"If we're being real, health conversations keep looping without addressing root causes. In my view, people respond to what is easy and visible. People argue about headlines, but the structural pieces rarely change. There’s also a gap between what sounds good online and what actually works in practice. Most tradeoffs are real, even if they’re inconvenient to admit. If we slowed down and defined success clearly, debates would feel less chaotic. Everyone thinks someone else will fix it. We don’t need perfection, just fewer obvious mistakes.",1
ai_0368,"What gets overlooked is sports conversations keep looping without addressing root causes. In my view, communication gaps create unnecessary tension. People argue about headlines, but the structural pieces rarely change. There’s also a gap between what sounds good online and what actually works in practice. Most tradeoffs are real, even if they’re inconvenient to admit. If we slowed down and defined success clearly, debates would feel less chaotic. Most systems reward speed over thoughtfulness. A little humility would go a long way here.",1
ai_0369,"A lot of people miss that economy conversations keep looping without addressing root causes. In my view, incentives shape behavior more than speeches do. People argue about headlines, but the structural pieces rarely change. There’s also a gap between what sounds good online and what actually works in practice. Most tradeoffs are real, even if they’re inconvenient to admit. If we slowed down and defined success clearly, debates would feel less chaotic. Most systems reward speed over thoughtfulness. There’s room to disagree without pretending the other side is evil.",1
ai_0370,"At the end of the day, climate conversations keep looping without addressing root causes. In my view, most systems reward speed over thoughtfulness. People argue about headlines, but the structural pieces rarely change. There’s also a gap between what sounds good online and what actually works in practice. Most tradeoffs are real, even if they’re inconvenient to admit. If we slowed down and defined success clearly, debates would feel less chaotic. Communication gaps create unnecessary tension. The boring fixes are usually the ones that work.",1
ai_0371,"A lot of people miss that campus life conversations keep looping without addressing root causes. In my view, policy details matter more than slogans. People argue about headlines, but the structural pieces rarely change. There’s also a gap between what sounds good online and what actually works in practice. Most tradeoffs are real, even if they’re inconvenient to admit. If we slowed down and defined success clearly, debates would feel less chaotic. Most systems reward speed over thoughtfulness. We don’t need perfection, just fewer obvious mistakes.",1
ai_0372,"A lot of people miss that politics conversations keep looping without addressing root causes. In my view, people respond to what is easy and visible. People argue about headlines, but the structural pieces rarely change. There’s also a gap between what sounds good online and what actually works in practice. Most tradeoffs are real, even if they’re inconvenient to admit. If we slowed down and defined success clearly, debates would feel less chaotic. Everyone thinks someone else will fix it. We should probably focus less on outrage and more on execution.",1
ai_0373,"What gets overlooked is tech conversations keep looping without addressing root causes. In my view, small improvements compound over time. People argue about headlines, but the structural pieces rarely change. There’s also a gap between what sounds good online and what actually works in practice. Most tradeoffs are real, even if they’re inconvenient to admit. If we slowed down and defined success clearly, debates would feel less chaotic. Small improvements compound over time. There’s room to disagree without pretending the other side is evil.",1
ai_0374,"A lot of people miss that health conversations keep looping without addressing root causes. In my view, everyone thinks someone else will fix it. People argue about headlines, but the structural pieces rarely change. There’s also a gap between what sounds good online and what actually works in practice. Most tradeoffs are real, even if they’re inconvenient to admit. If we slowed down and defined success clearly, debates would feel less chaotic. Communication gaps create unnecessary tension. We don’t need perfection, just fewer obvious mistakes.",1
ai_0375,"The weird part is sports conversations keep looping without addressing root causes. In my view, short term wins crowd out long term planning. People argue about headlines, but the structural pieces rarely change. There’s also a gap between what sounds good online and what actually works in practice. Most tradeoffs are real, even if they’re inconvenient to admit. If we slowed down and defined success clearly, debates would feel less chaotic. Burnout builds slowly and then hits all at once. There’s room to disagree without pretending the other side is evil.",1
ai_0376,"Honestly, economy conversations keep looping without addressing root causes. In my view, most systems reward speed over thoughtfulness. People argue about headlines, but the structural pieces rarely change. There’s also a gap between what sounds good online and what actually works in practice. Most tradeoffs are real, even if they’re inconvenient to admit. If we slowed down and defined success clearly, debates would feel less chaotic. Burnout builds slowly and then hits all at once. A little humility would go a long way here.",1
ai_0377,"The weird part is climate conversations keep looping without addressing root causes. In my view, burnout builds slowly and then hits all at once. People argue about headlines, but the structural pieces rarely change. There’s also a gap between what sounds good online and what actually works in practice. Most tradeoffs are real, even if they’re inconvenient to admit. If we slowed down and defined success clearly, debates would feel less chaotic. Data helps, but context matters just as much. We don’t need perfection, just fewer obvious mistakes.",1
ai_0378,"I keep noticing that campus life conversations keep looping without addressing root causes. In my view, communication gaps create unnecessary tension. People argue about headlines, but the structural pieces rarely change. There’s also a gap between what sounds good online and what actually works in practice. Most tradeoffs are real, even if they’re inconvenient to admit. If we slowed down and defined success clearly, debates would feel less chaotic. Policy details matter more than slogans. We should probably focus less on outrage and more on execution.",1
ai_0379,"At the end of the day, politics conversations keep looping without addressing root causes. In my view, communication gaps create unnecessary tension. People argue about headlines, but the structural pieces rarely change. There’s also a gap between what sounds good online and what actually works in practice. Most tradeoffs are real, even if they’re inconvenient to admit. If we slowed down and defined success clearly, debates would feel less chaotic. Small improvements compound over time. We should probably focus less on outrage and more on execution.",1
ai_0380,"At the end of the day, tech conversations keep looping without addressing root causes. In my view, incentives shape behavior more than speeches do. People argue about headlines, but the structural pieces rarely change. There’s also a gap between what sounds good online and what actually works in practice. Most tradeoffs are real, even if they’re inconvenient to admit. If we slowed down and defined success clearly, debates would feel less chaotic. Small improvements compound over time. It’s not dramatic, but steady effort probably matters more than viral moments.",1
ai_0381,"A lot of people miss that health conversations keep looping without addressing root causes. In my view, people respond to what is easy and visible. People argue about headlines, but the structural pieces rarely change. There’s also a gap between what sounds good online and what actually works in practice. Most tradeoffs are real, even if they’re inconvenient to admit. If we slowed down and defined success clearly, debates would feel less chaotic. People respond to what is easy and visible. The boring fixes are usually the ones that work.",1
ai_0382,"I keep noticing that sports conversations keep looping without addressing root causes. In my view, people respond to what is easy and visible. People argue about headlines, but the structural pieces rarely change. There’s also a gap between what sounds good online and what actually works in practice. Most tradeoffs are real, even if they’re inconvenient to admit. If we slowed down and defined success clearly, debates would feel less chaotic. Burnout builds slowly and then hits all at once. None of this is simple, but pretending it is makes it worse.",1
ai_0383,"Honestly, economy conversations keep looping without addressing root causes. In my view, communication gaps create unnecessary tension. People argue about headlines, but the structural pieces rarely change. There’s also a gap between what sounds good online and what actually works in practice. Most tradeoffs are real, even if they’re inconvenient to admit. If we slowed down and defined success clearly, debates would feel less chaotic. People respond to what is easy and visible. A little humility would go a long way here.",1
ai_0384,"The weird part is climate conversations keep looping without addressing root causes. In my view, most systems reward speed over thoughtfulness. People argue about headlines, but the structural pieces rarely change. There’s also a gap between what sounds good online and what actually works in practice. Most tradeoffs are real, even if they’re inconvenient to admit. If we slowed down and defined success clearly, debates would feel less chaotic. Most systems reward speed over thoughtfulness. We should probably focus less on outrage and more on execution.",1
ai_0385,"What gets overlooked is campus life conversations keep looping without addressing root causes. In my view, policy details matter more than slogans. People argue about headlines, but the structural pieces rarely change. There’s also a gap between what sounds good online and what actually works in practice. Most tradeoffs are real, even if they’re inconvenient to admit. If we slowed down and defined success clearly, debates would feel less chaotic. People respond to what is easy and visible. There’s room to disagree without pretending the other side is evil.",1
ai_0386,"I keep noticing that politics conversations keep looping without addressing root causes. In my view, communication gaps create unnecessary tension. People argue about headlines, but the structural pieces rarely change. There’s also a gap between what sounds good online and what actually works in practice. Most tradeoffs are real, even if they’re inconvenient to admit. If we slowed down and defined success clearly, debates would feel less chaotic. Most systems reward speed over thoughtfulness. We don’t need perfection, just fewer obvious mistakes.",1
ai_0387,"It kind of feels like tech conversations keep looping without addressing root causes. In my view, small improvements compound over time. People argue about headlines, but the structural pieces rarely change. There’s also a gap between what sounds good online and what actually works in practice. Most tradeoffs are real, even if they’re inconvenient to admit. If we slowed down and defined success clearly, debates would feel less chaotic. Data helps, but context matters just as much. There’s room to disagree without pretending the other side is evil.",1
ai_0388,"I keep noticing that health conversations keep looping without addressing root causes. In my view, incentives shape behavior more than speeches do. People argue about headlines, but the structural pieces rarely change. There’s also a gap between what sounds good online and what actually works in practice. Most tradeoffs are real, even if they’re inconvenient to admit. If we slowed down and defined success clearly, debates would feel less chaotic. Communication gaps create unnecessary tension. A little humility would go a long way here.",1
ai_0389,"The weird part is sports conversations keep looping without addressing root causes. In my view, communication gaps create unnecessary tension. People argue about headlines, but the structural pieces rarely change. There’s also a gap between what sounds good online and what actually works in practice. Most tradeoffs are real, even if they’re inconvenient to admit. If we slowed down and defined success clearly, debates would feel less chaotic. Burnout builds slowly and then hits all at once. None of this is simple, but pretending it is makes it worse.",1
ai_0390,"At the end of the day, economy conversations keep looping without addressing root causes. In my view, short term wins crowd out long term planning. People argue about headlines, but the structural pieces rarely change. There’s also a gap between what sounds good online and what actually works in practice. Most tradeoffs are real, even if they’re inconvenient to admit. If we slowed down and defined success clearly, debates would feel less chaotic. Burnout builds slowly and then hits all at once. It’s not dramatic, but steady effort probably matters more than viral moments.",1
ai_0391,"The weird part is climate conversations keep looping without addressing root causes. In my view, short term wins crowd out long term planning. People argue about headlines, but the structural pieces rarely change. There’s also a gap between what sounds good online and what actually works in practice. Most tradeoffs are real, even if they’re inconvenient to admit. If we slowed down and defined success clearly, debates would feel less chaotic. People respond to what is easy and visible. We should probably focus less on outrage and more on execution.",1
ai_0392,"What gets overlooked is campus life conversations keep looping without addressing root causes. In my view, people respond to what is easy and visible. People argue about headlines, but the structural pieces rarely change. There’s also a gap between what sounds good online and what actually works in practice. Most tradeoffs are real, even if they’re inconvenient to admit. If we slowed down and defined success clearly, debates would feel less chaotic. Policy details matter more than slogans. We don’t need perfection, just fewer obvious mistakes.",1
ai_0393,"What gets overlooked is politics conversations keep looping without addressing root causes. In my view, most systems reward speed over thoughtfulness. People argue about headlines, but the structural pieces rarely change. There’s also a gap between what sounds good online and what actually works in practice. Most tradeoffs are real, even if they’re inconvenient to admit. If we slowed down and defined success clearly, debates would feel less chaotic. Data helps, but context matters just as much. There’s room to disagree without pretending the other side is evil.",1
ai_0394,"The weird part is tech conversations keep looping without addressing root causes. In my view, data helps, but context matters just as much. People argue about headlines, but the structural pieces rarely change. There’s also a gap between what sounds good online and what actually works in practice. Most tradeoffs are real, even if they’re inconvenient to admit. If we slowed down and defined success clearly, debates would feel less chaotic. Burnout builds slowly and then hits all at once. A little humility would go a long way here.",1
ai_0395,"If we're being real, health conversations keep looping without addressing root causes. In my view, incentives shape behavior more than speeches do. People argue about headlines, but the structural pieces rarely change. There’s also a gap between what sounds good online and what actually works in practice. Most tradeoffs are real, even if they’re inconvenient to admit. If we slowed down and defined success clearly, debates would feel less chaotic. Communication gaps create unnecessary tension. We should probably focus less on outrage and more on execution.",1
ai_0396,"It kind of feels like sports conversations keep looping without addressing root causes. In my view, short term wins crowd out long term planning. People argue about headlines, but the structural pieces rarely change. There’s also a gap between what sounds good online and what actually works in practice. Most tradeoffs are real, even if they’re inconvenient to admit. If we slowed down and defined success clearly, debates would feel less chaotic. Burnout builds slowly and then hits all at once. The boring fixes are usually the ones that work.",1
ai_0397,"If we're being real, economy conversations keep looping without addressing root causes. In my view, communication gaps create unnecessary tension. People argue about headlines, but the structural pieces rarely change. There’s also a gap between what sounds good online and what actually works in practice. Most tradeoffs are real, even if they’re inconvenient to admit. If we slowed down and defined success clearly, debates would feel less chaotic. Communication gaps create unnecessary tension. There’s room to disagree without pretending the other side is evil.",1
ai_0398,"It kind of feels like climate conversations keep looping without addressing root causes. In my view, short term wins crowd out long term planning. People argue about headlines, but the structural pieces rarely change. There’s also a gap between what sounds good online and what actually works in practice. Most tradeoffs are real, even if they’re inconvenient to admit. If we slowed down and defined success clearly, debates would feel less chaotic. Burnout builds slowly and then hits all at once. We don’t need perfection, just fewer obvious mistakes.",1
ai_0399,"It kind of feels like campus life conversations keep looping without addressing root causes. In my view, incentives shape behavior more than speeches do. People argue about headlines, but the structural pieces rarely change. There’s also a gap between what sounds good online and what actually works in practice. Most tradeoffs are real, even if they’re inconvenient to admit. If we slowed down and defined success clearly, debates would feel less chaotic. Policy details matter more than slogans. There’s room to disagree without pretending the other side is evil.",1
ai_0400,"If we're being real, politics conversations keep looping without addressing root causes. In my view, data helps, but context matters just as much. People argue about headlines, but the structural pieces rarely change. There’s also a gap between what sounds good online and what actually works in practice. Most tradeoffs are real, even if they’re inconvenient to admit. If we slowed down and defined success clearly, debates would feel less chaotic. Everyone thinks someone else will fix it. It’s not dramatic, but steady effort probably matters more than viral moments.",1
ai_0401,"The weird part is tech conversations keep looping without addressing root causes. In my view, burnout builds slowly and then hits all at once. People argue about headlines, but the structural pieces rarely change. There’s also a gap between what sounds good online and what actually works in practice. Most tradeoffs are real, even if they’re inconvenient to admit. If we slowed down and defined success clearly, debates would feel less chaotic. People respond to what is easy and visible. It’s not dramatic, but steady effort probably matters more than viral moments.",1
ai_0402,"At the end of the day, health conversations keep looping without addressing root causes. In my view, people respond to what is easy and visible. People argue about headlines, but the structural pieces rarely change. There’s also a gap between what sounds good online and what actually works in practice. Most tradeoffs are real, even if they’re inconvenient to admit. If we slowed down and defined success clearly, debates would feel less chaotic. Most systems reward speed over thoughtfulness. We don’t need perfection, just fewer obvious mistakes.",1
ai_0403,"If we're being real, sports conversations keep looping without addressing root causes. In my view, small improvements compound over time. People argue about headlines, but the structural pieces rarely change. There’s also a gap between what sounds good online and what actually works in practice. Most tradeoffs are real, even if they’re inconvenient to admit. If we slowed down and defined success clearly, debates would feel less chaotic. Small improvements compound over time. We should probably focus less on outrage and more on execution.",1
ai_0404,"At the end of the day, economy conversations keep looping without addressing root causes. In my view, incentives shape behavior more than speeches do. People argue about headlines, but the structural pieces rarely change. There’s also a gap between what sounds good online and what actually works in practice. Most tradeoffs are real, even if they’re inconvenient to admit. If we slowed down and defined success clearly, debates would feel less chaotic. Incentives shape behavior more than speeches do. It’s not dramatic, but steady effort probably matters more than viral moments.",1
ai_0405,"The weird part is climate conversations keep looping without addressing root causes. In my view, burnout builds slowly and then hits all at once. People argue about headlines, but the structural pieces rarely change. There’s also a gap between what sounds good online and what actually works in practice. Most tradeoffs are real, even if they’re inconvenient to admit. If we slowed down and defined success clearly, debates would feel less chaotic. Burnout builds slowly and then hits all at once. None of this is simple, but pretending it is makes it worse.",1
ai_0406,"At the end of the day, campus life conversations keep looping without addressing root causes. In my view, small improvements compound over time. People argue about headlines, but the structural pieces rarely change. There’s also a gap between what sounds good online and what actually works in practice. Most tradeoffs are real, even if they’re inconvenient to admit. If we slowed down and defined success clearly, debates would feel less chaotic. Policy details matter more than slogans. We don’t need perfection, just fewer obvious mistakes.",1
ai_0407,"I keep noticing that politics conversations keep looping without addressing root causes. In my view, burnout builds slowly and then hits all at once. People argue about headlines, but the structural pieces rarely change. There’s also a gap between what sounds good online and what actually works in practice. Most tradeoffs are real, even if they’re inconvenient to admit. If we slowed down and defined success clearly, debates would feel less chaotic. Most systems reward speed over thoughtfulness. It’s not dramatic, but steady effort probably matters more than viral moments.",1
ai_0408,"What gets overlooked is tech conversations keep looping without addressing root causes. In my view, short term wins crowd out long term planning. People argue about headlines, but the structural pieces rarely change. There’s also a gap between what sounds good online and what actually works in practice. Most tradeoffs are real, even if they’re inconvenient to admit. If we slowed down and defined success clearly, debates would feel less chaotic. Data helps, but context matters just as much. We should probably focus less on outrage and more on execution.",1
ai_0409,"Low key, health conversations keep looping without addressing root causes. In my view, small improvements compound over time. People argue about headlines, but the structural pieces rarely change. There’s also a gap between what sounds good online and what actually works in practice. Most tradeoffs are real, even if they’re inconvenient to admit. If we slowed down and defined success clearly, debates would feel less chaotic. Everyone thinks someone else will fix it. It’s not dramatic, but steady effort probably matters more than viral moments.",1
ai_0410,"At the end of the day, sports conversations keep looping without addressing root causes. In my view, people respond to what is easy and visible. People argue about headlines, but the structural pieces rarely change. There’s also a gap between what sounds good online and what actually works in practice. Most tradeoffs are real, even if they’re inconvenient to admit. If we slowed down and defined success clearly, debates would feel less chaotic. People respond to what is easy and visible. We don’t need perfection, just fewer obvious mistakes.",1
ai_0411,"What gets overlooked is economy conversations keep looping without addressing root causes. In my view, people respond to what is easy and visible. People argue about headlines, but the structural pieces rarely change. There’s also a gap between what sounds good online and what actually works in practice. Most tradeoffs are real, even if they’re inconvenient to admit. If we slowed down and defined success clearly, debates would feel less chaotic. Burnout builds slowly and then hits all at once. It’s not dramatic, but steady effort probably matters more than viral moments.",1
ai_0412,"I keep noticing that climate conversations keep looping without addressing root causes. In my view, people respond to what is easy and visible. People argue about headlines, but the structural pieces rarely change. There’s also a gap between what sounds good online and what actually works in practice. Most tradeoffs are real, even if they’re inconvenient to admit. If we slowed down and defined success clearly, debates would feel less chaotic. Policy details matter more than slogans. We should probably focus less on outrage and more on execution.",1
ai_0413,"A lot of people miss that campus life conversations keep looping without addressing root causes. In my view, small improvements compound over time. People argue about headlines, but the structural pieces rarely change. There’s also a gap between what sounds good online and what actually works in practice. Most tradeoffs are real, even if they’re inconvenient to admit. If we slowed down and defined success clearly, debates would feel less chaotic. Burnout builds slowly and then hits all at once. None of this is simple, but pretending it is makes it worse.",1
ai_0414,"What gets overlooked is politics conversations keep looping without addressing root causes. In my view, people respond to what is easy and visible. People argue about headlines, but the structural pieces rarely change. There’s also a gap between what sounds good online and what actually works in practice. Most tradeoffs are real, even if they’re inconvenient to admit. If we slowed down and defined success clearly, debates would feel less chaotic. Most systems reward speed over thoughtfulness. A little humility would go a long way here.",1
ai_0415,"The weird part is tech conversations keep looping without addressing root causes. In my view, everyone thinks someone else will fix it. People argue about headlines, but the structural pieces rarely change. There’s also a gap between what sounds good online and what actually works in practice. Most tradeoffs are real, even if they’re inconvenient to admit. If we slowed down and defined success clearly, debates would feel less chaotic. Burnout builds slowly and then hits all at once. None of this is simple, but pretending it is makes it worse.",1
ai_0416,"Low key, health conversations keep looping without addressing root causes. In my view, most systems reward speed over thoughtfulness. People argue about headlines, but the structural pieces rarely change. There’s also a gap between what sounds good online and what actually works in practice. Most tradeoffs are real, even if they’re inconvenient to admit. If we slowed down and defined success clearly, debates would feel less chaotic. Short term wins crowd out long term planning. There’s room to disagree without pretending the other side is evil.",1
ai_0417,"It kind of feels like sports conversations keep looping without addressing root causes. In my view, short term wins crowd out long term planning. People argue about headlines, but the structural pieces rarely change. There’s also a gap between what sounds good online and what actually works in practice. Most tradeoffs are real, even if they’re inconvenient to admit. If we slowed down and defined success clearly, debates would feel less chaotic. Communication gaps create unnecessary tension. The boring fixes are usually the ones that work.",1
ai_0418,"I keep noticing that economy conversations keep looping without addressing root causes. In my view, incentives shape behavior more than speeches do. People argue about headlines, but the structural pieces rarely change. There’s also a gap between what sounds good online and what actually works in practice. Most tradeoffs are real, even if they’re inconvenient to admit. If we slowed down and defined success clearly, debates would feel less chaotic. Everyone thinks someone else will fix it. A little humility would go a long way here.",1
ai_0419,"A lot of people miss that climate conversations keep looping without addressing root causes. In my view, burnout builds slowly and then hits all at once. People argue about headlines, but the structural pieces rarely change. There’s also a gap between what sounds good online and what actually works in practice. Most tradeoffs are real, even if they’re inconvenient to admit. If we slowed down and defined success clearly, debates would feel less chaotic. Short term wins crowd out long term planning. We don’t need perfection, just fewer obvious mistakes.",1
ai_0420,"I keep noticing that campus life conversations keep looping without addressing root causes. In my view, most systems reward speed over thoughtfulness. People argue about headlines, but the structural pieces rarely change. There’s also a gap between what sounds good online and what actually works in practice. Most tradeoffs are real, even if they’re inconvenient to admit. If we slowed down and defined success clearly, debates would feel less chaotic. Everyone thinks someone else will fix it. We should probably focus less on outrage and more on execution.",1
ai_0421,"I keep noticing that politics conversations keep looping without addressing root causes. In my view, policy details matter more than slogans. People argue about headlines, but the structural pieces rarely change. There’s also a gap between what sounds good online and what actually works in practice. Most tradeoffs are real, even if they’re inconvenient to admit. If we slowed down and defined success clearly, debates would feel less chaotic. Most systems reward speed over thoughtfulness. None of this is simple, but pretending it is makes it worse.",1
ai_0422,"The weird part is tech conversations keep looping without addressing root causes. In my view, short term wins crowd out long term planning. People argue about headlines, but the structural pieces rarely change. There’s also a gap between what sounds good online and what actually works in practice. Most tradeoffs are real, even if they’re inconvenient to admit. If we slowed down and defined success clearly, debates would feel less chaotic. Incentives shape behavior more than speeches do. We don’t need perfection, just fewer obvious mistakes.",1
ai_0423,"At the end of the day, health conversations keep looping without addressing root causes. In my view, small improvements compound over time. People argue about headlines, but the structural pieces rarely change. There’s also a gap between what sounds good online and what actually works in practice. Most tradeoffs are real, even if they’re inconvenient to admit. If we slowed down and defined success clearly, debates would feel less chaotic. Short term wins crowd out long term planning. We don’t need perfection, just fewer obvious mistakes.",1
ai_0424,"What gets overlooked is sports conversations keep looping without addressing root causes. In my view, data helps, but context matters just as much. People argue about headlines, but the structural pieces rarely change. There’s also a gap between what sounds good online and what actually works in practice. Most tradeoffs are real, even if they’re inconvenient to admit. If we slowed down and defined success clearly, debates would feel less chaotic. Communication gaps create unnecessary tension. A little humility would go a long way here.",1
ai_0425,"If we're being real, economy conversations keep looping without addressing root causes. In my view, everyone thinks someone else will fix it. People argue about headlines, but the structural pieces rarely change. There’s also a gap between what sounds good online and what actually works in practice. Most tradeoffs are real, even if they’re inconvenient to admit. If we slowed down and defined success clearly, debates would feel less chaotic. Most systems reward speed over thoughtfulness. It’s not dramatic, but steady effort probably matters more than viral moments.",1
ai_0426,"What gets overlooked is climate conversations keep looping without addressing root causes. In my view, small improvements compound over time. People argue about headlines, but the structural pieces rarely change. There’s also a gap between what sounds good online and what actually works in practice. Most tradeoffs are real, even if they’re inconvenient to admit. If we slowed down and defined success clearly, debates would feel less chaotic. Communication gaps create unnecessary tension. The boring fixes are usually the ones that work.",1
ai_0427,"Honestly, campus life conversations keep looping without addressing root causes. In my view, incentives shape behavior more than speeches do. People argue about headlines, but the structural pieces rarely change. There’s also a gap between what sounds good online and what actually works in practice. Most tradeoffs are real, even if they’re inconvenient to admit. If we slowed down and defined success clearly, debates would feel less chaotic. Policy details matter more than slogans. None of this is simple, but pretending it is makes it worse.",1
ai_0428,"I keep noticing that politics conversations keep looping without addressing root causes. In my view, data helps, but context matters just as much. People argue about headlines, but the structural pieces rarely change. There’s also a gap between what sounds good online and what actually works in practice. Most tradeoffs are real, even if they’re inconvenient to admit. If we slowed down and defined success clearly, debates would feel less chaotic. Everyone thinks someone else will fix it. A little humility would go a long way here.",1
ai_0429,"Low key, tech conversations keep looping without addressing root causes. In my view, everyone thinks someone else will fix it. People argue about headlines, but the structural pieces rarely change. There’s also a gap between what sounds good online and what actually works in practice. Most tradeoffs are real, even if they’re inconvenient to admit. If we slowed down and defined success clearly, debates would feel less chaotic. Communication gaps create unnecessary tension. The boring fixes are usually the ones that work.",1
ai_0430,"A lot of people miss that health conversations keep looping without addressing root causes. In my view, data helps, but context matters just as much. People argue about headlines, but the structural pieces rarely change. There’s also a gap between what sounds good online and what actually works in practice. Most tradeoffs are real, even if they’re inconvenient to admit. If we slowed down and defined success clearly, debates would feel less chaotic. People respond to what is easy and visible. None of this is simple, but pretending it is makes it worse.",1
ai_0431,"If we're being real, sports conversations keep looping without addressing root causes. In my view, most systems reward speed over thoughtfulness. People argue about headlines, but the structural pieces rarely change. There’s also a gap between what sounds good online and what actually works in practice. Most tradeoffs are real, even if they’re inconvenient to admit. If we slowed down and defined success clearly, debates would feel less chaotic. Data helps, but context matters just as much. None of this is simple, but pretending it is makes it worse.",1
ai_0432,"Honestly, economy conversations keep looping without addressing root causes. In my view, policy details matter more than slogans. People argue about headlines, but the structural pieces rarely change. There’s also a gap between what sounds good online and what actually works in practice. Most tradeoffs are real, even if they’re inconvenient to admit. If we slowed down and defined success clearly, debates would feel less chaotic. Short term wins crowd out long term planning. None of this is simple, but pretending it is makes it worse.",1
ai_0433,"It kind of feels like climate conversations keep looping without addressing root causes. In my view, incentives shape behavior more than speeches do. People argue about headlines, but the structural pieces rarely change. There’s also a gap between what sounds good online and what actually works in practice. Most tradeoffs are real, even if they’re inconvenient to admit. If we slowed down and defined success clearly, debates would feel less chaotic. Data helps, but context matters just as much. We don’t need perfection, just fewer obvious mistakes.",1
ai_0434,"Honestly, campus life conversations keep looping without addressing root causes. In my view, short term wins crowd out long term planning. People argue about headlines, but the structural pieces rarely change. There’s also a gap between what sounds good online and what actually works in practice. Most tradeoffs are real, even if they’re inconvenient to admit. If we slowed down and defined success clearly, debates would feel less chaotic. Communication gaps create unnecessary tension. None of this is simple, but pretending it is makes it worse.",1
ai_0435,"Low key, politics conversations keep looping without addressing root causes. In my view, everyone thinks someone else will fix it. People argue about headlines, but the structural pieces rarely change. There’s also a gap between what sounds good online and what actually works in practice. Most tradeoffs are real, even if they’re inconvenient to admit. If we slowed down and defined success clearly, debates would feel less chaotic. Communication gaps create unnecessary tension. We should probably focus less on outrage and more on execution.",1
ai_0436,"If we're being real, tech conversations keep looping without addressing root causes. In my view, communication gaps create unnecessary tension. People argue about headlines, but the structural pieces rarely change. There’s also a gap between what sounds good online and what actually works in practice. Most tradeoffs are real, even if they’re inconvenient to admit. If we slowed down and defined success clearly, debates would feel less chaotic. Small improvements compound over time. We don’t need perfection, just fewer obvious mistakes.",1
ai_0437,"At the end of the day, health conversations keep looping without addressing root causes. In my view, burnout builds slowly and then hits all at once. People argue about headlines, but the structural pieces rarely change. There’s also a gap between what sounds good online and what actually works in practice. Most tradeoffs are real, even if they’re inconvenient to admit. If we slowed down and defined success clearly, debates would feel less chaotic. Small improvements compound over time. It’s not dramatic, but steady effort probably matters more than viral moments.",1
ai_0438,"What gets overlooked is sports conversations keep looping without addressing root causes. In my view, communication gaps create unnecessary tension. People argue about headlines, but the structural pieces rarely change. There’s also a gap between what sounds good online and what actually works in practice. Most tradeoffs are real, even if they’re inconvenient to admit. If we slowed down and defined success clearly, debates would feel less chaotic. Communication gaps create unnecessary tension. The boring fixes are usually the ones that work.",1
ai_0439,"It kind of feels like economy conversations keep looping without addressing root causes. In my view, most systems reward speed over thoughtfulness. People argue about headlines, but the structural pieces rarely change. There’s also a gap between what sounds good online and what actually works in practice. Most tradeoffs are real, even if they’re inconvenient to admit. If we slowed down and defined success clearly, debates would feel less chaotic. Small improvements compound over time. It’s not dramatic, but steady effort probably matters more than viral moments.",1
ai_0440,"Low key, climate conversations keep looping without addressing root causes. In my view, most systems reward speed over thoughtfulness. People argue about headlines, but the structural pieces rarely change. There’s also a gap between what sounds good online and what actually works in practice. Most tradeoffs are real, even if they’re inconvenient to admit. If we slowed down and defined success clearly, debates would feel less chaotic. Communication gaps create unnecessary tension. It’s not dramatic, but steady effort probably matters more than viral moments.",1
ai_0441,"At the end of the day, campus life conversations keep looping without addressing root causes. In my view, short term wins crowd out long term planning. People argue about headlines, but the structural pieces rarely change. There’s also a gap between what sounds good online and what actually works in practice. Most tradeoffs are real, even if they’re inconvenient to admit. If we slowed down and defined success clearly, debates would feel less chaotic. Incentives shape behavior more than speeches do. We should probably focus less on outrage and more on execution.",1
ai_0442,"At the end of the day, politics conversations keep looping without addressing root causes. In my view, everyone thinks someone else will fix it. People argue about headlines, but the structural pieces rarely change. There’s also a gap between what sounds good online and what actually works in practice. Most tradeoffs are real, even if they’re inconvenient to admit. If we slowed down and defined success clearly, debates would feel less chaotic. Burnout builds slowly and then hits all at once. We should probably focus less on outrage and more on execution.",1
ai_0443,"It kind of feels like tech conversations keep looping without addressing root causes. In my view, people respond to what is easy and visible. People argue about headlines, but the structural pieces rarely change. There’s also a gap between what sounds good online and what actually works in practice. Most tradeoffs are real, even if they’re inconvenient to admit. If we slowed down and defined success clearly, debates would feel less chaotic. Communication gaps create unnecessary tension. There’s room to disagree without pretending the other side is evil.",1
ai_0444,"Low key, health conversations keep looping without addressing root causes. In my view, small improvements compound over time. People argue about headlines, but the structural pieces rarely change. There’s also a gap between what sounds good online and what actually works in practice. Most tradeoffs are real, even if they’re inconvenient to admit. If we slowed down and defined success clearly, debates would feel less chaotic. Data helps, but context matters just as much. There’s room to disagree without pretending the other side is evil.",1
ai_0445,"If we're being real, sports conversations keep looping without addressing root causes. In my view, small improvements compound over time. People argue about headlines, but the structural pieces rarely change. There’s also a gap between what sounds good online and what actually works in practice. Most tradeoffs are real, even if they’re inconvenient to admit. If we slowed down and defined success clearly, debates would feel less chaotic. Short term wins crowd out long term planning. A little humility would go a long way here.",1
ai_0446,"The weird part is economy conversations keep looping without addressing root causes. In my view, everyone thinks someone else will fix it. People argue about headlines, but the structural pieces rarely change. There’s also a gap between what sounds good online and what actually works in practice. Most tradeoffs are real, even if they’re inconvenient to admit. If we slowed down and defined success clearly, debates would feel less chaotic. Burnout builds slowly and then hits all at once. The boring fixes are usually the ones that work.",1
ai_0447,"The weird part is climate conversations keep looping without addressing root causes. In my view, incentives shape behavior more than speeches do. People argue about headlines, but the structural pieces rarely change. There’s also a gap between what sounds good online and what actually works in practice. Most tradeoffs are real, even if they’re inconvenient to admit. If we slowed down and defined success clearly, debates would feel less chaotic. People respond to what is easy and visible. There’s room to disagree without pretending the other side is evil.",1
ai_0448,"I keep noticing that campus life conversations keep looping without addressing root causes. In my view, everyone thinks someone else will fix it. People argue about headlines, but the structural pieces rarely change. There’s also a gap between what sounds good online and what actually works in practice. Most tradeoffs are real, even if they’re inconvenient to admit. If we slowed down and defined success clearly, debates would feel less chaotic. Burnout builds slowly and then hits all at once. It’s not dramatic, but steady effort probably matters more than viral moments.",1
ai_0449,"Low key, politics conversations keep looping without addressing root causes. In my view, communication gaps create unnecessary tension. People argue about headlines, but the structural pieces rarely change. There’s also a gap between what sounds good online and what actually works in practice. Most tradeoffs are real, even if they’re inconvenient to admit. If we slowed down and defined success clearly, debates would feel less chaotic. Small improvements compound over time. None of this is simple, but pretending it is makes it worse.",1
ai_0450,"It kind of feels like tech conversations keep looping without addressing root causes. In my view, short term wins crowd out long term planning. People argue about headlines, but the structural pieces rarely change. There’s also a gap between what sounds good online and what actually works in practice. Most tradeoffs are real, even if they’re inconvenient to admit. If we slowed down and defined success clearly, debates would feel less chaotic. Burnout builds slowly and then hits all at once. We don’t need perfection, just fewer obvious mistakes.",1
ai_0451,"Low key, health conversations keep looping without addressing root causes. In my view, policy details matter more than slogans. People argue about headlines, but the structural pieces rarely change. There’s also a gap between what sounds good online and what actually works in practice. Most tradeoffs are real, even if they’re inconvenient to admit. If we slowed down and defined success clearly, debates would feel less chaotic. Policy details matter more than slogans. There’s room to disagree without pretending the other side is evil.",1
ai_0452,"At the end of the day, sports conversations keep looping without addressing root causes. In my view, policy details matter more than slogans. People argue about headlines, but the structural pieces rarely change. There’s also a gap between what sounds good online and what actually works in practice. Most tradeoffs are real, even if they’re inconvenient to admit. If we slowed down and defined success clearly, debates would feel less chaotic. Everyone thinks someone else will fix it. None of this is simple, but pretending it is makes it worse.",1
ai_0453,"It kind of feels like economy conversations keep looping without addressing root causes. In my view, most systems reward speed over thoughtfulness. People argue about headlines, but the structural pieces rarely change. There’s also a gap between what sounds good online and what actually works in practice. Most tradeoffs are real, even if they’re inconvenient to admit. If we slowed down and defined success clearly, debates would feel less chaotic. Everyone thinks someone else will fix it. We don’t need perfection, just fewer obvious mistakes.",1
ai_0454,"Low key, climate conversations keep looping without addressing root causes. In my view, communication gaps create unnecessary tension. People argue about headlines, but the structural pieces rarely change. There’s also a gap between what sounds good online and what actually works in practice. Most tradeoffs are real, even if they’re inconvenient to admit. If we slowed down and defined success clearly, debates would feel less chaotic. Short term wins crowd out long term planning. We should probably focus less on outrage and more on execution.",1
ai_0455,"Low key, campus life conversations keep looping without addressing root causes. In my view, short term wins crowd out long term planning. People argue about headlines, but the structural pieces rarely change. There’s also a gap between what sounds good online and what actually works in practice. Most tradeoffs are real, even if they’re inconvenient to admit. If we slowed down and defined success clearly, debates would feel less chaotic. Burnout builds slowly and then hits all at once. There’s room to disagree without pretending the other side is evil.",1
ai_0456,"At the end of the day, politics conversations keep looping without addressing root causes. In my view, small improvements compound over time. People argue about headlines, but the structural pieces rarely change. There’s also a gap between what sounds good online and what actually works in practice. Most tradeoffs are real, even if they’re inconvenient to admit. If we slowed down and defined success clearly, debates would feel less chaotic. Everyone thinks someone else will fix it. We don’t need perfection, just fewer obvious mistakes.",1
ai_0457,"Low key, tech conversations keep looping without addressing root causes. In my view, burnout builds slowly and then hits all at once. People argue about headlines, but the structural pieces rarely change. There’s also a gap between what sounds good online and what actually works in practice. Most tradeoffs are real, even if they’re inconvenient to admit. If we slowed down and defined success clearly, debates would feel less chaotic. Everyone thinks someone else will fix it. There’s room to disagree without pretending the other side is evil.",1
ai_0458,"I keep noticing that health conversations keep looping without addressing root causes. In my view, policy details matter more than slogans. People argue about headlines, but the structural pieces rarely change. There’s also a gap between what sounds good online and what actually works in practice. Most tradeoffs are real, even if they’re inconvenient to admit. If we slowed down and defined success clearly, debates would feel less chaotic. Burnout builds slowly and then hits all at once. The boring fixes are usually the ones that work.",1
ai_0459,"It kind of feels like sports conversations keep looping without addressing root causes. In my view, everyone thinks someone else will fix it. People argue about headlines, but the structural pieces rarely change. There’s also a gap between what sounds good online and what actually works in practice. Most tradeoffs are real, even if they’re inconvenient to admit. If we slowed down and defined success clearly, debates would feel less chaotic. Everyone thinks someone else will fix it. None of this is simple, but pretending it is makes it worse.",1
ai_0460,"Honestly, economy conversations keep looping without addressing root causes. In my view, data helps, but context matters just as much. People argue about headlines, but the structural pieces rarely change. There’s also a gap between what sounds good online and what actually works in practice. Most tradeoffs are real, even if they’re inconvenient to admit. If we slowed down and defined success clearly, debates would feel less chaotic. Small improvements compound over time. We don’t need perfection, just fewer obvious mistakes.",1
ai_0461,"At the end of the day, climate conversations keep looping without addressing root causes. In my view, communication gaps create unnecessary tension. People argue about headlines, but the structural pieces rarely change. There’s also a gap between what sounds good online and what actually works in practice. Most tradeoffs are real, even if they’re inconvenient to admit. If we slowed down and defined success clearly, debates would feel less chaotic. Burnout builds slowly and then hits all at once. It’s not dramatic, but steady effort probably matters more than viral moments.",1
ai_0462,"What gets overlooked is campus life conversations keep looping without addressing root causes. In my view, communication gaps create unnecessary tension. People argue about headlines, but the structural pieces rarely change. There’s also a gap between what sounds good online and what actually works in practice. Most tradeoffs are real, even if they’re inconvenient to admit. If we slowed down and defined success clearly, debates would feel less chaotic. Most systems reward speed over thoughtfulness. It’s not dramatic, but steady effort probably matters more than viral moments.",1
ai_0463,"If we're being real, politics conversations keep looping without addressing root causes. In my view, burnout builds slowly and then hits all at once. People argue about headlines, but the structural pieces rarely change. There’s also a gap between what sounds good online and what actually works in practice. Most tradeoffs are real, even if they’re inconvenient to admit. If we slowed down and defined success clearly, debates would feel less chaotic. Policy details matter more than slogans. We don’t need perfection, just fewer obvious mistakes.",1
ai_0464,"Low key, tech conversations keep looping without addressing root causes. In my view, most systems reward speed over thoughtfulness. People argue about headlines, but the structural pieces rarely change. There’s also a gap between what sounds good online and what actually works in practice. Most tradeoffs are real, even if they’re inconvenient to admit. If we slowed down and defined success clearly, debates would feel less chaotic. Short term wins crowd out long term planning. There’s room to disagree without pretending the other side is evil.",1
ai_0465,"Honestly, health conversations keep looping without addressing root causes. In my view, data helps, but context matters just as much. People argue about headlines, but the structural pieces rarely change. There’s also a gap between what sounds good online and what actually works in practice. Most tradeoffs are real, even if they’re inconvenient to admit. If we slowed down and defined success clearly, debates would feel less chaotic. Most systems reward speed over thoughtfulness. None of this is simple, but pretending it is makes it worse.",1
ai_0466,"I keep noticing that sports conversations keep looping without addressing root causes. In my view, incentives shape behavior more than speeches do. People argue about headlines, but the structural pieces rarely change. There’s also a gap between what sounds good online and what actually works in practice. Most tradeoffs are real, even if they’re inconvenient to admit. If we slowed down and defined success clearly, debates would feel less chaotic. Burnout builds slowly and then hits all at once. None of this is simple, but pretending it is makes it worse.",1
ai_0467,"If we're being real, economy conversations keep looping without addressing root causes. In my view, small improvements compound over time. People argue about headlines, but the structural pieces rarely change. There’s also a gap between what sounds good online and what actually works in practice. Most tradeoffs are real, even if they’re inconvenient to admit. If we slowed down and defined success clearly, debates would feel less chaotic. Short term wins crowd out long term planning. It’s not dramatic, but steady effort probably matters more than viral moments.",1
ai_0468,"The weird part is climate conversations keep looping without addressing root causes. In my view, small improvements compound over time. People argue about headlines, but the structural pieces rarely change. There’s also a gap between what sounds good online and what actually works in practice. Most tradeoffs are real, even if they’re inconvenient to admit. If we slowed down and defined success clearly, debates would feel less chaotic. People respond to what is easy and visible. We don’t need perfection, just fewer obvious mistakes.",1
ai_0469,"It kind of feels like campus life conversations keep looping without addressing root causes. In my view, incentives shape behavior more than speeches do. People argue about headlines, but the structural pieces rarely change. There’s also a gap between what sounds good online and what actually works in practice. Most tradeoffs are real, even if they’re inconvenient to admit. If we slowed down and defined success clearly, debates would feel less chaotic. Small improvements compound over time. We don’t need perfection, just fewer obvious mistakes.",1
ai_0470,"Honestly, politics conversations keep looping without addressing root causes. In my view, short term wins crowd out long term planning. People argue about headlines, but the structural pieces rarely change. There’s also a gap between what sounds good online and what actually works in practice. Most tradeoffs are real, even if they’re inconvenient to admit. If we slowed down and defined success clearly, debates would feel less chaotic. Policy details matter more than slogans. It’s not dramatic, but steady effort probably matters more than viral moments.",1
ai_0471,"At the end of the day, tech conversations keep looping without addressing root causes. In my view, short term wins crowd out long term planning. People argue about headlines, but the structural pieces rarely change. There’s also a gap between what sounds good online and what actually works in practice. Most tradeoffs are real, even if they’re inconvenient to admit. If we slowed down and defined success clearly, debates would feel less chaotic. Burnout builds slowly and then hits all at once. A little humility would go a long way here.",1
ai_0472,"I keep noticing that health conversations keep looping without addressing root causes. In my view, policy details matter more than slogans. People argue about headlines, but the structural pieces rarely change. There’s also a gap between what sounds good online and what actually works in practice. Most tradeoffs are real, even if they’re inconvenient to admit. If we slowed down and defined success clearly, debates would feel less chaotic. People respond to what is easy and visible. There’s room to disagree without pretending the other side is evil.",1
ai_0473,"It kind of feels like sports conversations keep looping without addressing root causes. In my view, people respond to what is easy and visible. People argue about headlines, but the structural pieces rarely change. There’s also a gap between what sounds good online and what actually works in practice. Most tradeoffs are real, even if they’re inconvenient to admit. If we slowed down and defined success clearly, debates would feel less chaotic. Data helps, but context matters just as much. We don’t need perfection, just fewer obvious mistakes.",1
ai_0474,"At the end of the day, economy conversations keep looping without addressing root causes. In my view, most systems reward speed over thoughtfulness. People argue about headlines, but the structural pieces rarely change. There’s also a gap between what sounds good online and what actually works in practice. Most tradeoffs are real, even if they’re inconvenient to admit. If we slowed down and defined success clearly, debates would feel less chaotic. Communication gaps create unnecessary tension. We should probably focus less on outrage and more on execution.",1
ai_0475,"Honestly, climate conversations keep looping without addressing root causes. In my view, small improvements compound over time. People argue about headlines, but the structural pieces rarely change. There’s also a gap between what sounds good online and what actually works in practice. Most tradeoffs are real, even if they’re inconvenient to admit. If we slowed down and defined success clearly, debates would feel less chaotic. Most systems reward speed over thoughtfulness. It’s not dramatic, but steady effort probably matters more than viral moments.",1
ai_0476,"At the end of the day, campus life conversations keep looping without addressing root causes. In my view, everyone thinks someone else will fix it. People argue about headlines, but the structural pieces rarely change. There’s also a gap between what sounds good online and what actually works in practice. Most tradeoffs are real, even if they’re inconvenient to admit. If we slowed down and defined success clearly, debates would feel less chaotic. Most systems reward speed over thoughtfulness. There’s room to disagree without pretending the other side is evil.",1
ai_0477,"If we're being real, politics conversations keep looping without addressing root causes. In my view, burnout builds slowly and then hits all at once. People argue about headlines, but the structural pieces rarely change. There’s also a gap between what sounds good online and what actually works in practice. Most tradeoffs are real, even if they’re inconvenient to admit. If we slowed down and defined success clearly, debates would feel less chaotic. Small improvements compound over time. The boring fixes are usually the ones that work.",1
ai_0478,"A lot of people miss that tech conversations keep looping without addressing root causes. In my view, incentives shape behavior more than speeches do. People argue about headlines, but the structural pieces rarely change. There’s also a gap between what sounds good online and what actually works in practice. Most tradeoffs are real, even if they’re inconvenient to admit. If we slowed down and defined success clearly, debates would feel less chaotic. Incentives shape behavior more than speeches do. We don’t need perfection, just fewer obvious mistakes.",1
ai_0479,"Honestly, health conversations keep looping without addressing root causes. In my view, people respond to what is easy and visible. People argue about headlines, but the structural pieces rarely change. There’s also a gap between what sounds good online and what actually works in practice. Most tradeoffs are real, even if they’re inconvenient to admit. If we slowed down and defined success clearly, debates would feel less chaotic. Incentives shape behavior more than speeches do. A little humility would go a long way here.",1
ai_0480,"I keep noticing that sports conversations keep looping without addressing root causes. In my view, short term wins crowd out long term planning. People argue about headlines, but the structural pieces rarely change. There’s also a gap between what sounds good online and what actually works in practice. Most tradeoffs are real, even if they’re inconvenient to admit. If we slowed down and defined success clearly, debates would feel less chaotic. Short term wins crowd out long term planning. We should probably focus less on outrage and more on execution.",1
ai_0481,"Honestly, economy conversations keep looping without addressing root causes. In my view, communication gaps create unnecessary tension. People argue about headlines, but the structural pieces rarely change. There’s also a gap between what sounds good online and what actually works in practice. Most tradeoffs are real, even if they’re inconvenient to admit. If we slowed down and defined success clearly, debates would feel less chaotic. Everyone thinks someone else will fix it. It’s not dramatic, but steady effort probably matters more than viral moments.",1
ai_0482,"I keep noticing that climate conversations keep looping without addressing root causes. In my view, burnout builds slowly and then hits all at once. People argue about headlines, but the structural pieces rarely change. There’s also a gap between what sounds good online and what actually works in practice. Most tradeoffs are real, even if they’re inconvenient to admit. If we slowed down and defined success clearly, debates would feel less chaotic. Small improvements compound over time. The boring fixes are usually the ones that work.",1
ai_0483,"A lot of people miss that campus life conversations keep looping without addressing root causes. In my view, communication gaps create unnecessary tension. People argue about headlines, but the structural pieces rarely change. There’s also a gap between what sounds good online and what actually works in practice. Most tradeoffs are real, even if they’re inconvenient to admit. If we slowed down and defined success clearly, debates would feel less chaotic. Most systems reward speed over thoughtfulness. We don’t need perfection, just fewer obvious mistakes.",1
ai_0484,"I keep noticing that politics conversations keep looping without addressing root causes. In my view, burnout builds slowly and then hits all at once. People argue about headlines, but the structural pieces rarely change. There’s also a gap between what sounds good online and what actually works in practice. Most tradeoffs are real, even if they’re inconvenient to admit. If we slowed down and defined success clearly, debates would feel less chaotic. Short term wins crowd out long term planning. It’s not dramatic, but steady effort probably matters more than viral moments.",1
ai_0485,"I keep noticing that tech conversations keep looping without addressing root causes. In my view, policy details matter more than slogans. People argue about headlines, but the structural pieces rarely change. There’s also a gap between what sounds good online and what actually works in practice. Most tradeoffs are real, even if they’re inconvenient to admit. If we slowed down and defined success clearly, debates would feel less chaotic. Small improvements compound over time. We don’t need perfection, just fewer obvious mistakes.",1
ai_0486,"I keep noticing that health conversations keep looping without addressing root causes. In my view, policy details matter more than slogans. People argue about headlines, but the structural pieces rarely change. There’s also a gap between what sounds good online and what actually works in practice. Most tradeoffs are real, even if they’re inconvenient to admit. If we slowed down and defined success clearly, debates would feel less chaotic. Policy details matter more than slogans. We don’t need perfection, just fewer obvious mistakes.",1
ai_0487,"Low key, sports conversations keep looping without addressing root causes. In my view, most systems reward speed over thoughtfulness. People argue about headlines, but the structural pieces rarely change. There’s also a gap between what sounds good online and what actually works in practice. Most tradeoffs are real, even if they’re inconvenient to admit. If we slowed down and defined success clearly, debates would feel less chaotic. Incentives shape behavior more than speeches do. A little humility would go a long way here.",1
ai_0488,"I keep noticing that economy conversations keep looping without addressing root causes. In my view, most systems reward speed over thoughtfulness. People argue about headlines, but the structural pieces rarely change. There’s also a gap between what sounds good online and what actually works in practice. Most tradeoffs are real, even if they’re inconvenient to admit. If we slowed down and defined success clearly, debates would feel less chaotic. Burnout builds slowly and then hits all at once. We should probably focus less on outrage and more on execution.",1
ai_0489,"What gets overlooked is climate conversations keep looping without addressing root causes. In my view, small improvements compound over time. People argue about headlines, but the structural pieces rarely change. There’s also a gap between what sounds good online and what actually works in practice. Most tradeoffs are real, even if they’re inconvenient to admit. If we slowed down and defined success clearly, debates would feel less chaotic. Policy details matter more than slogans. There’s room to disagree without pretending the other side is evil.",1
ai_0490,"A lot of people miss that campus life conversations keep looping without addressing root causes. In my view, everyone thinks someone else will fix it. People argue about headlines, but the structural pieces rarely change. There’s also a gap between what sounds good online and what actually works in practice. Most tradeoffs are real, even if they’re inconvenient to admit. If we slowed down and defined success clearly, debates would feel less chaotic. Most systems reward speed over thoughtfulness. We should probably focus less on outrage and more on execution.",1
ai_0491,"Low key, politics conversations keep looping without addressing root causes. In my view, incentives shape behavior more than speeches do. People argue about headlines, but the structural pieces rarely change. There’s also a gap between what sounds good online and what actually works in practice. Most tradeoffs are real, even if they’re inconvenient to admit. If we slowed down and defined success clearly, debates would feel less chaotic. People respond to what is easy and visible. The boring fixes are usually the ones that work.",1
ai_0492,"I keep noticing that tech conversations keep looping without addressing root causes. In my view, data helps, but context matters just as much. People argue about headlines, but the structural pieces rarely change. There’s also a gap between what sounds good online and what actually works in practice. Most tradeoffs are real, even if they’re inconvenient to admit. If we slowed down and defined success clearly, debates would feel less chaotic. Burnout builds slowly and then hits all at once. We should probably focus less on outrage and more on execution.",1
ai_0493,"What gets overlooked is health conversations keep looping without addressing root causes. In my view, communication gaps create unnecessary tension. People argue about headlines, but the structural pieces rarely change. There’s also a gap between what sounds good online and what actually works in practice. Most tradeoffs are real, even if they’re inconvenient to admit. If we slowed down and defined success clearly, debates would feel less chaotic. Policy details matter more than slogans. A little humility would go a long way here.",1
ai_0494,"At the end of the day, sports conversations keep looping without addressing root causes. In my view, burnout builds slowly and then hits all at once. People argue about headlines, but the structural pieces rarely change. There’s also a gap between what sounds good online and what actually works in practice. Most tradeoffs are real, even if they’re inconvenient to admit. If we slowed down and defined success clearly, debates would feel less chaotic. Short term wins crowd out long term planning. We should probably focus less on outrage and more on execution.",1
ai_0495,"A lot of people miss that economy conversations keep looping without addressing root causes. In my view, policy details matter more than slogans. People argue about headlines, but the structural pieces rarely change. There’s also a gap between what sounds good online and what actually works in practice. Most tradeoffs are real, even if they’re inconvenient to admit. If we slowed down and defined success clearly, debates would feel less chaotic. Data helps, but context matters just as much. It’s not dramatic, but steady effort probably matters more than viral moments.",1
ai_0496,"What gets overlooked is climate conversations keep looping without addressing root causes. In my view, policy details matter more than slogans. People argue about headlines, but the structural pieces rarely change. There’s also a gap between what sounds good online and what actually works in practice. Most tradeoffs are real, even if they’re inconvenient to admit. If we slowed down and defined success clearly, debates would feel less chaotic. Short term wins crowd out long term planning. We don’t need perfection, just fewer obvious mistakes.",1
ai_0497,"Honestly, campus life conversations keep looping without addressing root causes. In my view, short term wins crowd out long term planning. People argue about headlines, but the structural pieces rarely change. There’s also a gap between what sounds good online and what actually works in practice. Most tradeoffs are real, even if they’re inconvenient to admit. If we slowed down and defined success clearly, debates would feel less chaotic. Small improvements compound over time. There’s room to disagree without pretending the other side is evil.",1
ai_0498,"I keep noticing that politics conversations keep looping without addressing root causes. In my view, incentives shape behavior more than speeches do. People argue about headlines, but the structural pieces rarely change. There’s also a gap between what sounds good online and what actually works in practice. Most tradeoffs are real, even if they’re inconvenient to admit. If we slowed down and defined success clearly, debates would feel less chaotic. Burnout builds slowly and then hits all at once. A little humility would go a long way here.",1
ai_0499,"If we're being real, tech conversations keep looping without addressing root causes. In my view, burnout builds slowly and then hits all at once. People argue about headlines, but the structural pieces rarely change. There’s also a gap between what sounds good online and what actually works in practice. Most tradeoffs are real, even if they’re inconvenient to admit. If we slowed down and defined success clearly, debates would feel less chaotic. Policy details matter more than slogans. It’s not dramatic, but steady effort probably matters more than viral moments.",1
ai_0500,"It kind of feels like health conversations keep looping without addressing root causes. In my view, burnout builds slowly and then hits all at once. People argue about headlines, but the structural pieces rarely change. There’s also a gap between what sounds good online and what actually works in practice. Most tradeoffs are real, even if they’re inconvenient to admit. If we slowed down and defined success clearly, debates would feel less chaotic. Incentives shape behavior more than speeches do. There’s room to disagree without pretending the other side is evil.",1
ai_0501,"Honestly, sports conversations keep looping without addressing root causes. In my view, data helps, but context matters just as much. People argue about headlines, but the structural pieces rarely change. There’s also a gap between what sounds good online and what actually works in practice. Most tradeoffs are real, even if they’re inconvenient to admit. If we slowed down and defined success clearly, debates would feel less chaotic. Small improvements compound over time. We don’t need perfection, just fewer obvious mistakes.",1
ai_0502,"Low key, economy conversations keep looping without addressing root causes. In my view, people respond to what is easy and visible. People argue about headlines, but the structural pieces rarely change. There’s also a gap between what sounds good online and what actually works in practice. Most tradeoffs are real, even if they’re inconvenient to admit. If we slowed down and defined success clearly, debates would feel less chaotic. Communication gaps create unnecessary tension. None of this is simple, but pretending it is makes it worse.",1
ai_0503,"If we're being real, climate conversations keep looping without addressing root causes. In my view, most systems reward speed over thoughtfulness. People argue about headlines, but the structural pieces rarely change. There’s also a gap between what sounds good online and what actually works in practice. Most tradeoffs are real, even if they’re inconvenient to admit. If we slowed down and defined success clearly, debates would feel less chaotic. People respond to what is easy and visible. We should probably focus less on outrage and more on execution.",1
ai_0504,"Honestly, campus life conversations keep looping without addressing root causes. In my view, policy details matter more than slogans. People argue about headlines, but the structural pieces rarely change. There’s also a gap between what sounds good online and what actually works in practice. Most tradeoffs are real, even if they’re inconvenient to admit. If we slowed down and defined success clearly, debates would feel less chaotic. Policy details matter more than slogans. We should probably focus less on outrage and more on execution.",1
ai_0505,"The weird part is politics conversations keep looping without addressing root causes. In my view, everyone thinks someone else will fix it. People argue about headlines, but the structural pieces rarely change. There’s also a gap between what sounds good online and what actually works in practice. Most tradeoffs are real, even if they’re inconvenient to admit. If we slowed down and defined success clearly, debates would feel less chaotic. Everyone thinks someone else will fix it. The boring fixes are usually the ones that work.",1
ai_0506,"A lot of people miss that tech conversations keep looping without addressing root causes. In my view, communication gaps create unnecessary tension. People argue about headlines, but the structural pieces rarely change. There’s also a gap between what sounds good online and what actually works in practice. Most tradeoffs are real, even if they’re inconvenient to admit. If we slowed down and defined success clearly, debates would feel less chaotic. Short term wins crowd out long term planning. We should probably focus less on outrage and more on execution.",1
ai_0507,"Honestly, health conversations keep looping without addressing root causes. In my view, communication gaps create unnecessary tension. People argue about headlines, but the structural pieces rarely change. There’s also a gap between what sounds good online and what actually works in practice. Most tradeoffs are real, even if they’re inconvenient to admit. If we slowed down and defined success clearly, debates would feel less chaotic. Communication gaps create unnecessary tension. We don’t need perfection, just fewer obvious mistakes.",1
ai_0508,"I keep noticing that sports conversations keep looping without addressing root causes. In my view, communication gaps create unnecessary tension. People argue about headlines, but the structural pieces rarely change. There’s also a gap between what sounds good online and what actually works in practice. Most tradeoffs are real, even if they’re inconvenient to admit. If we slowed down and defined success clearly, debates would feel less chaotic. Everyone thinks someone else will fix it. A little humility would go a long way here.",1
ai_0509,"It kind of feels like economy conversations keep looping without addressing root causes. In my view, most systems reward speed over thoughtfulness. People argue about headlines, but the structural pieces rarely change. There’s also a gap between what sounds good online and what actually works in practice. Most tradeoffs are real, even if they’re inconvenient to admit. If we slowed down and defined success clearly, debates would feel less chaotic. Most systems reward speed over thoughtfulness. We don’t need perfection, just fewer obvious mistakes.",1
ai_0510,"A lot of people miss that climate conversations keep looping without addressing root causes. In my view, incentives shape behavior more than speeches do. People argue about headlines, but the structural pieces rarely change. There’s also a gap between what sounds good online and what actually works in practice. Most tradeoffs are real, even if they’re inconvenient to admit. If we slowed down and defined success clearly, debates would feel less chaotic. Short term wins crowd out long term planning. We don’t need perfection, just fewer obvious mistakes.",1
ai_0511,"I keep noticing that campus life conversations keep looping without addressing root causes. In my view, everyone thinks someone else will fix it. People argue about headlines, but the structural pieces rarely change. There’s also a gap between what sounds good online and what actually works in practice. Most tradeoffs are real, even if they’re inconvenient to admit. If we slowed down and defined success clearly, debates would feel less chaotic. Most systems reward speed over thoughtfulness. A little humility would go a long way here.",1
ai_0512,"Low key, politics conversations keep looping without addressing root causes. In my view, data helps, but context matters just as much. People argue about headlines, but the structural pieces rarely change. There’s also a gap between what sounds good online and what actually works in practice. Most tradeoffs are real, even if they’re inconvenient to admit. If we slowed down and defined success clearly, debates would feel less chaotic. Most systems reward speed over thoughtfulness. There’s room to disagree without pretending the other side is evil.",1
ai_0513,"It kind of feels like tech conversations keep looping without addressing root causes. In my view, incentives shape behavior more than speeches do. People argue about headlines, but the structural pieces rarely change. There’s also a gap between what sounds good online and what actually works in practice. Most tradeoffs are real, even if they’re inconvenient to admit. If we slowed down and defined success clearly, debates would feel less chaotic. Small improvements compound over time. We don’t need perfection, just fewer obvious mistakes.",1
ai_0514,"If we're being real, health conversations keep looping without addressing root causes. In my view, policy details matter more than slogans. People argue about headlines, but the structural pieces rarely change. There’s also a gap between what sounds good online and what actually works in practice. Most tradeoffs are real, even if they’re inconvenient to admit. If we slowed down and defined success clearly, debates would feel less chaotic. Small improvements compound over time. There’s room to disagree without pretending the other side is evil.",1
ai_0515,"Low key, sports conversations keep looping without addressing root causes. In my view, policy details matter more than slogans. People argue about headlines, but the structural pieces rarely change. There’s also a gap between what sounds good online and what actually works in practice. Most tradeoffs are real, even if they’re inconvenient to admit. If we slowed down and defined success clearly, debates would feel less chaotic. Everyone thinks someone else will fix it. There’s room to disagree without pretending the other side is evil.",1
ai_0516,"I keep noticing that economy conversations keep looping without addressing root causes. In my view, everyone thinks someone else will fix it. People argue about headlines, but the structural pieces rarely change. There’s also a gap between what sounds good online and what actually works in practice. Most tradeoffs are real, even if they’re inconvenient to admit. If we slowed down and defined success clearly, debates would feel less chaotic. Burnout builds slowly and then hits all at once. There’s room to disagree without pretending the other side is evil.",1
ai_0517,"At the end of the day, climate conversations keep looping without addressing root causes. In my view, most systems reward speed over thoughtfulness. People argue about headlines, but the structural pieces rarely change. There’s also a gap between what sounds good online and what actually works in practice. Most tradeoffs are real, even if they’re inconvenient to admit. If we slowed down and defined success clearly, debates would feel less chaotic. Incentives shape behavior more than speeches do. A little humility would go a long way here.",1
ai_0518,"I keep noticing that campus life conversations keep looping without addressing root causes. In my view, communication gaps create unnecessary tension. People argue about headlines, but the structural pieces rarely change. There’s also a gap between what sounds good online and what actually works in practice. Most tradeoffs are real, even if they’re inconvenient to admit. If we slowed down and defined success clearly, debates would feel less chaotic. Incentives shape behavior more than speeches do. We don’t need perfection, just fewer obvious mistakes.",1
ai_0519,"What gets overlooked is politics conversations keep looping without addressing root causes. In my view, data helps, but context matters just as much. People argue about headlines, but the structural pieces rarely change. There’s also a gap between what sounds good online and what actually works in practice. Most tradeoffs are real, even if they’re inconvenient to admit. If we slowed down and defined success clearly, debates would feel less chaotic. People respond to what is easy and visible. There’s room to disagree without pretending the other side is evil.",1
ai_0520,"Low key, tech conversations keep looping without addressing root causes. In my view, data helps, but context matters just as much. People argue about headlines, but the structural pieces rarely change. There’s also a gap between what sounds good online and what actually works in practice. Most tradeoffs are real, even if they’re inconvenient to admit. If we slowed down and defined success clearly, debates would feel less chaotic. People respond to what is easy and visible. A little humility would go a long way here.",1
ai_0521,"If we're being real, health conversations keep looping without addressing root causes. In my view, people respond to what is easy and visible. People argue about headlines, but the structural pieces rarely change. There’s also a gap between what sounds good online and what actually works in practice. Most tradeoffs are real, even if they’re inconvenient to admit. If we slowed down and defined success clearly, debates would feel less chaotic. Everyone thinks someone else will fix it. There’s room to disagree without pretending the other side is evil.",1
ai_0522,"What gets overlooked is sports conversations keep looping without addressing root causes. In my view, short term wins crowd out long term planning. People argue about headlines, but the structural pieces rarely change. There’s also a gap between what sounds good online and what actually works in practice. Most tradeoffs are real, even if they’re inconvenient to admit. If we slowed down and defined success clearly, debates would feel less chaotic. Data helps, but context matters just as much. The boring fixes are usually the ones that work.",1
ai_0523,"At the end of the day, economy conversations keep looping without addressing root causes. In my view, communication gaps create unnecessary tension. People argue about headlines, but the structural pieces rarely change. There’s also a gap between what sounds good online and what actually works in practice. Most tradeoffs are real, even if they’re inconvenient to admit. If we slowed down and defined success clearly, debates would feel less chaotic. Small improvements compound over time. We should probably focus less on outrage and more on execution.",1
ai_0524,"At the end of the day, climate conversations keep looping without addressing root causes. In my view, policy details matter more than slogans. People argue about headlines, but the structural pieces rarely change. There’s also a gap between what sounds good online and what actually works in practice. Most tradeoffs are real, even if they’re inconvenient to admit. If we slowed down and defined success clearly, debates would feel less chaotic. Communication gaps create unnecessary tension. A little humility would go a long way here.",1
ai_0525,"Low key, campus life conversations keep looping without addressing root causes. In my view, small improvements compound over time. People argue about headlines, but the structural pieces rarely change. There’s also a gap between what sounds good online and what actually works in practice. Most tradeoffs are real, even if they’re inconvenient to admit. If we slowed down and defined success clearly, debates would feel less chaotic. Short term wins crowd out long term planning. It’s not dramatic, but steady effort probably matters more than viral moments.",1
ai_0526,"Low key, politics conversations keep looping without addressing root causes. In my view, incentives shape behavior more than speeches do. People argue about headlines, but the structural pieces rarely change. There’s also a gap between what sounds good online and what actually works in practice. Most tradeoffs are real, even if they’re inconvenient to admit. If we slowed down and defined success clearly, debates would feel less chaotic. People respond to what is easy and visible. A little humility would go a long way here.",1
ai_0527,"A lot of people miss that tech conversations keep looping without addressing root causes. In my view, incentives shape behavior more than speeches do. People argue about headlines, but the structural pieces rarely change. There’s also a gap between what sounds good online and what actually works in practice. Most tradeoffs are real, even if they’re inconvenient to admit. If we slowed down and defined success clearly, debates would feel less chaotic. People respond to what is easy and visible. None of this is simple, but pretending it is makes it worse.",1
ai_0528,"It kind of feels like health conversations keep looping without addressing root causes. In my view, most systems reward speed over thoughtfulness. People argue about headlines, but the structural pieces rarely change. There’s also a gap between what sounds good online and what actually works in practice. Most tradeoffs are real, even if they’re inconvenient to admit. If we slowed down and defined success clearly, debates would feel less chaotic. People respond to what is easy and visible. We don’t need perfection, just fewer obvious mistakes.",1
ai_0529,"The weird part is sports conversations keep looping without addressing root causes. In my view, burnout builds slowly and then hits all at once. People argue about headlines, but the structural pieces rarely change. There’s also a gap between what sounds good online and what actually works in practice. Most tradeoffs are real, even if they’re inconvenient to admit. If we slowed down and defined success clearly, debates would feel less chaotic. People respond to what is easy and visible. It’s not dramatic, but steady effort probably matters more than viral moments.",1
ai_0530,"The weird part is economy conversations keep looping without addressing root causes. In my view, small improvements compound over time. People argue about headlines, but the structural pieces rarely change. There’s also a gap between what sounds good online and what actually works in practice. Most tradeoffs are real, even if they’re inconvenient to admit. If we slowed down and defined success clearly, debates would feel less chaotic. Small improvements compound over time. It’s not dramatic, but steady effort probably matters more than viral moments.",1
ai_0531,"It kind of feels like climate conversations keep looping without addressing root causes. In my view, everyone thinks someone else will fix it. People argue about headlines, but the structural pieces rarely change. There’s also a gap between what sounds good online and what actually works in practice. Most tradeoffs are real, even if they’re inconvenient to admit. If we slowed down and defined success clearly, debates would feel less chaotic. Small improvements compound over time. A little humility would go a long way here.",1
ai_0532,"If we're being real, campus life conversations keep looping without addressing root causes. In my view, people respond to what is easy and visible. People argue about headlines, but the structural pieces rarely change. There’s also a gap between what sounds good online and what actually works in practice. Most tradeoffs are real, even if they’re inconvenient to admit. If we slowed down and defined success clearly, debates would feel less chaotic. Most systems reward speed over thoughtfulness. The boring fixes are usually the ones that work.",1
ai_0533,"The weird part is politics conversations keep looping without addressing root causes. In my view, everyone thinks someone else will fix it. People argue about headlines, but the structural pieces rarely change. There’s also a gap between what sounds good online and what actually works in practice. Most tradeoffs are real, even if they’re inconvenient to admit. If we slowed down and defined success clearly, debates would feel less chaotic. Short term wins crowd out long term planning. The boring fixes are usually the ones that work.",1
ai_0534,"If we're being real, tech conversations keep looping without addressing root causes. In my view, incentives shape behavior more than speeches do. People argue about headlines, but the structural pieces rarely change. There’s also a gap between what sounds good online and what actually works in practice. Most tradeoffs are real, even if they’re inconvenient to admit. If we slowed down and defined success clearly, debates would feel less chaotic. Most systems reward speed over thoughtfulness. The boring fixes are usually the ones that work.",1
ai_0535,"Low key, health conversations keep looping without addressing root causes. In my view, short term wins crowd out long term planning. People argue about headlines, but the structural pieces rarely change. There’s also a gap between what sounds good online and what actually works in practice. Most tradeoffs are real, even if they’re inconvenient to admit. If we slowed down and defined success clearly, debates would feel less chaotic. Most systems reward speed over thoughtfulness. None of this is simple, but pretending it is makes it worse.",1
ai_0536,"I keep noticing that sports conversations keep looping without addressing root causes. In my view, data helps, but context matters just as much. People argue about headlines, but the structural pieces rarely change. There’s also a gap between what sounds good online and what actually works in practice. Most tradeoffs are real, even if they’re inconvenient to admit. If we slowed down and defined success clearly, debates would feel less chaotic. Policy details matter more than slogans. There’s room to disagree without pretending the other side is evil.",1
ai_0537,"It kind of feels like economy conversations keep looping without addressing root causes. In my view, incentives shape behavior more than speeches do. People argue about headlines, but the structural pieces rarely change. There’s also a gap between what sounds good online and what actually works in practice. Most tradeoffs are real, even if they’re inconvenient to admit. If we slowed down and defined success clearly, debates would feel less chaotic. Incentives shape behavior more than speeches do. None of this is simple, but pretending it is makes it worse.",1
ai_0538,"At the end of the day, climate conversations keep looping without addressing root causes. In my view, communication gaps create unnecessary tension. People argue about headlines, but the structural pieces rarely change. There’s also a gap between what sounds good online and what actually works in practice. Most tradeoffs are real, even if they’re inconvenient to admit. If we slowed down and defined success clearly, debates would feel less chaotic. Everyone thinks someone else will fix it. We should probably focus less on outrage and more on execution.",1
ai_0539,"A lot of people miss that campus life conversations keep looping without addressing root causes. In my view, communication gaps create unnecessary tension. People argue about headlines, but the structural pieces rarely change. There’s also a gap between what sounds good online and what actually works in practice. Most tradeoffs are real, even if they’re inconvenient to admit. If we slowed down and defined success clearly, debates would feel less chaotic. Incentives shape behavior more than speeches do. The boring fixes are usually the ones that work.",1
ai_0540,"At the end of the day, politics conversations keep looping without addressing root causes. In my view, policy details matter more than slogans. People argue about headlines, but the structural pieces rarely change. There’s also a gap between what sounds good online and what actually works in practice. Most tradeoffs are real, even if they’re inconvenient to admit. If we slowed down and defined success clearly, debates would feel less chaotic. Data helps, but context matters just as much. None of this is simple, but pretending it is makes it worse.",1
ai_0541,"It kind of feels like tech conversations keep looping without addressing root causes. In my view, policy details matter more than slogans. People argue about headlines, but the structural pieces rarely change. There’s also a gap between what sounds good online and what actually works in practice. Most tradeoffs are real, even if they’re inconvenient to admit. If we slowed down and defined success clearly, debates would feel less chaotic. Policy details matter more than slogans. We don’t need perfection, just fewer obvious mistakes.",1
ai_0542,"A lot of people miss that health conversations keep looping without addressing root causes. In my view, communication gaps create unnecessary tension. People argue about headlines, but the structural pieces rarely change. There’s also a gap between what sounds good online and what actually works in practice. Most tradeoffs are real, even if they’re inconvenient to admit. If we slowed down and defined success clearly, debates would feel less chaotic. Small improvements compound over time. There’s room to disagree without pretending the other side is evil.",1
ai_0543,"If we're being real, sports conversations keep looping without addressing root causes. In my view, incentives shape behavior more than speeches do. People argue about headlines, but the structural pieces rarely change. There’s also a gap between what sounds good online and what actually works in practice. Most tradeoffs are real, even if they’re inconvenient to admit. If we slowed down and defined success clearly, debates would feel less chaotic. Data helps, but context matters just as much. None of this is simple, but pretending it is makes it worse.",1
ai_0544,"It kind of feels like economy conversations keep looping without addressing root causes. In my view, people respond to what is easy and visible. People argue about headlines, but the structural pieces rarely change. There’s also a gap between what sounds good online and what actually works in practice. Most tradeoffs are real, even if they’re inconvenient to admit. If we slowed down and defined success clearly, debates would feel less chaotic. Burnout builds slowly and then hits all at once. It’s not dramatic, but steady effort probably matters more than viral moments.",1
ai_0545,"A lot of people miss that climate conversations keep looping without addressing root causes. In my view, burnout builds slowly and then hits all at once. People argue about headlines, but the structural pieces rarely change. There’s also a gap between what sounds good online and what actually works in practice. Most tradeoffs are real, even if they’re inconvenient to admit. If we slowed down and defined success clearly, debates would feel less chaotic. Small improvements compound over time. We don’t need perfection, just fewer obvious mistakes.",1
ai_0546,"I keep noticing that campus life conversations keep looping without addressing root causes. In my view, data helps, but context matters just as much. People argue about headlines, but the structural pieces rarely change. There’s also a gap between what sounds good online and what actually works in practice. Most tradeoffs are real, even if they’re inconvenient to admit. If we slowed down and defined success clearly, debates would feel less chaotic. Everyone thinks someone else will fix it. None of this is simple, but pretending it is makes it worse.",1
ai_0547,"Low key, politics conversations keep looping without addressing root causes. In my view, everyone thinks someone else will fix it. People argue about headlines, but the structural pieces rarely change. There’s also a gap between what sounds good online and what actually works in practice. Most tradeoffs are real, even if they’re inconvenient to admit. If we slowed down and defined success clearly, debates would feel less chaotic. Burnout builds slowly and then hits all at once. We should probably focus less on outrage and more on execution.",1
ai_0548,"Low key, tech conversations keep looping without addressing root causes. In my view, policy details matter more than slogans. People argue about headlines, but the structural pieces rarely change. There’s also a gap between what sounds good online and what actually works in practice. Most tradeoffs are real, even if they’re inconvenient to admit. If we slowed down and defined success clearly, debates would feel less chaotic. Policy details matter more than slogans. None of this is simple, but pretending it is makes it worse.",1
ai_0549,"What gets overlooked is health conversations keep looping without addressing root causes. In my view, small improvements compound over time. People argue about headlines, but the structural pieces rarely change. There’s also a gap between what sounds good online and what actually works in practice. Most tradeoffs are real, even if they’re inconvenient to admit. If we slowed down and defined success clearly, debates would feel less chaotic. Policy details matter more than slogans. We should probably focus less on outrage and more on execution.",1
ai_0550,"Low key, sports conversations keep looping without addressing root causes. In my view, small improvements compound over time. People argue about headlines, but the structural pieces rarely change. There’s also a gap between what sounds good online and what actually works in practice. Most tradeoffs are real, even if they’re inconvenient to admit. If we slowed down and defined success clearly, debates would feel less chaotic. Communication gaps create unnecessary tension. A little humility would go a long way here.",1
ai_0551,"I keep noticing that economy conversations keep looping without addressing root causes. In my view, short term wins crowd out long term planning. People argue about headlines, but the structural pieces rarely change. There’s also a gap between what sounds good online and what actually works in practice. Most tradeoffs are real, even if they’re inconvenient to admit. If we slowed down and defined success clearly, debates would feel less chaotic. Everyone thinks someone else will fix it. We don’t need perfection, just fewer obvious mistakes.",1
ai_0552,"It kind of feels like climate conversations keep looping without addressing root causes. In my view, people respond to what is easy and visible. People argue about headlines, but the structural pieces rarely change. There’s also a gap between what sounds good online and what actually works in practice. Most tradeoffs are real, even if they’re inconvenient to admit. If we slowed down and defined success clearly, debates would feel less chaotic. Policy details matter more than slogans. A little humility would go a long way here.",1
ai_0553,"Honestly, campus life conversations keep looping without addressing root causes. In my view, everyone thinks someone else will fix it. People argue about headlines, but the structural pieces rarely change. There’s also a gap between what sounds good online and what actually works in practice. Most tradeoffs are real, even if they’re inconvenient to admit. If we slowed down and defined success clearly, debates would feel less chaotic. Burnout builds slowly and then hits all at once. None of this is simple, but pretending it is makes it worse.",1
ai_0554,"What gets overlooked is politics conversations keep looping without addressing root causes. In my view, most systems reward speed over thoughtfulness. People argue about headlines, but the structural pieces rarely change. There’s also a gap between what sounds good online and what actually works in practice. Most tradeoffs are real, even if they’re inconvenient to admit. If we slowed down and defined success clearly, debates would feel less chaotic. Communication gaps create unnecessary tension. There’s room to disagree without pretending the other side is evil.",1
ai_0555,"Honestly, tech conversations keep looping without addressing root causes. In my view, communication gaps create unnecessary tension. People argue about headlines, but the structural pieces rarely change. There’s also a gap between what sounds good online and what actually works in practice. Most tradeoffs are real, even if they’re inconvenient to admit. If we slowed down and defined success clearly, debates would feel less chaotic. Everyone thinks someone else will fix it. A little humility would go a long way here.",1
ai_0556,"If we're being real, health conversations keep looping without addressing root causes. In my view, small improvements compound over time. People argue about headlines, but the structural pieces rarely change. There’s also a gap between what sounds good online and what actually works in practice. Most tradeoffs are real, even if they’re inconvenient to admit. If we slowed down and defined success clearly, debates would feel less chaotic. Communication gaps create unnecessary tension. A little humility would go a long way here.",1
ai_0557,"Low key, sports conversations keep looping without addressing root causes. In my view, incentives shape behavior more than speeches do. People argue about headlines, but the structural pieces rarely change. There’s also a gap between what sounds good online and what actually works in practice. Most tradeoffs are real, even if they’re inconvenient to admit. If we slowed down and defined success clearly, debates would feel less chaotic. Burnout builds slowly and then hits all at once. There’s room to disagree without pretending the other side is evil.",1
ai_0558,"Honestly, economy conversations keep looping without addressing root causes. In my view, small improvements compound over time. People argue about headlines, but the structural pieces rarely change. There’s also a gap between what sounds good online and what actually works in practice. Most tradeoffs are real, even if they’re inconvenient to admit. If we slowed down and defined success clearly, debates would feel less chaotic. Policy details matter more than slogans. We don’t need perfection, just fewer obvious mistakes.",1
ai_0559,"I keep noticing that climate conversations keep looping without addressing root causes. In my view, incentives shape behavior more than speeches do. People argue about headlines, but the structural pieces rarely change. There’s also a gap between what sounds good online and what actually works in practice. Most tradeoffs are real, even if they’re inconvenient to admit. If we slowed down and defined success clearly, debates would feel less chaotic. Incentives shape behavior more than speeches do. None of this is simple, but pretending it is makes it worse.",1
ai_0560,"I keep noticing that campus life conversations keep looping without addressing root causes. In my view, most systems reward speed over thoughtfulness. People argue about headlines, but the structural pieces rarely change. There’s also a gap between what sounds good online and what actually works in practice. Most tradeoffs are real, even if they’re inconvenient to admit. If we slowed down and defined success clearly, debates would feel less chaotic. Small improvements compound over time. We should probably focus less on outrage and more on execution.",1
ai_0561,"What gets overlooked is politics conversations keep looping without addressing root causes. In my view, people respond to what is easy and visible. People argue about headlines, but the structural pieces rarely change. There’s also a gap between what sounds good online and what actually works in practice. Most tradeoffs are real, even if they’re inconvenient to admit. If we slowed down and defined success clearly, debates would feel less chaotic. People respond to what is easy and visible. We should probably focus less on outrage and more on execution.",1
ai_0562,"The weird part is tech conversations keep looping without addressing root causes. In my view, communication gaps create unnecessary tension. People argue about headlines, but the structural pieces rarely change. There’s also a gap between what sounds good online and what actually works in practice. Most tradeoffs are real, even if they’re inconvenient to admit. If we slowed down and defined success clearly, debates would feel less chaotic. Burnout builds slowly and then hits all at once. It’s not dramatic, but steady effort probably matters more than viral moments.",1
ai_0563,"Low key, health conversations keep looping without addressing root causes. In my view, incentives shape behavior more than speeches do. People argue about headlines, but the structural pieces rarely change. There’s also a gap between what sounds good online and what actually works in practice. Most tradeoffs are real, even if they’re inconvenient to admit. If we slowed down and defined success clearly, debates would feel less chaotic. Incentives shape behavior more than speeches do. The boring fixes are usually the ones that work.",1
ai_0564,"Low key, sports conversations keep looping without addressing root causes. In my view, burnout builds slowly and then hits all at once. People argue about headlines, but the structural pieces rarely change. There’s also a gap between what sounds good online and what actually works in practice. Most tradeoffs are real, even if they’re inconvenient to admit. If we slowed down and defined success clearly, debates would feel less chaotic. Most systems reward speed over thoughtfulness. We should probably focus less on outrage and more on execution.",1
ai_0565,"A lot of people miss that economy conversations keep looping without addressing root causes. In my view, everyone thinks someone else will fix it. People argue about headlines, but the structural pieces rarely change. There’s also a gap between what sounds good online and what actually works in practice. Most tradeoffs are real, even if they’re inconvenient to admit. If we slowed down and defined success clearly, debates would feel less chaotic. Short term wins crowd out long term planning. None of this is simple, but pretending it is makes it worse.",1
ai_0566,"Low key, climate conversations keep looping without addressing root causes. In my view, short term wins crowd out long term planning. People argue about headlines, but the structural pieces rarely change. There’s also a gap between what sounds good online and what actually works in practice. Most tradeoffs are real, even if they’re inconvenient to admit. If we slowed down and defined success clearly, debates would feel less chaotic. Policy details matter more than slogans. It’s not dramatic, but steady effort probably matters more than viral moments.",1
ai_0567,"What gets overlooked is campus life conversations keep looping without addressing root causes. In my view, everyone thinks someone else will fix it. People argue about headlines, but the structural pieces rarely change. There’s also a gap between what sounds good online and what actually works in practice. Most tradeoffs are real, even if they’re inconvenient to admit. If we slowed down and defined success clearly, debates would feel less chaotic. Data helps, but context matters just as much. The boring fixes are usually the ones that work.",1
ai_0568,"The weird part is politics conversations keep looping without addressing root causes. In my view, communication gaps create unnecessary tension. People argue about headlines, but the structural pieces rarely change. There’s also a gap between what sounds good online and what actually works in practice. Most tradeoffs are real, even if they’re inconvenient to admit. If we slowed down and defined success clearly, debates would feel less chaotic. People respond to what is easy and visible. It’s not dramatic, but steady effort probably matters more than viral moments.",1
ai_0569,"Low key, tech conversations keep looping without addressing root causes. In my view, small improvements compound over time. People argue about headlines, but the structural pieces rarely change. There’s also a gap between what sounds good online and what actually works in practice. Most tradeoffs are real, even if they’re inconvenient to admit. If we slowed down and defined success clearly, debates would feel less chaotic. Communication gaps create unnecessary tension. There’s room to disagree without pretending the other side is evil.",1
ai_0570,"What gets overlooked is health conversations keep looping without addressing root causes. In my view, short term wins crowd out long term planning. People argue about headlines, but the structural pieces rarely change. There’s also a gap between what sounds good online and what actually works in practice. Most tradeoffs are real, even if they’re inconvenient to admit. If we slowed down and defined success clearly, debates would feel less chaotic. Policy details matter more than slogans. It’s not dramatic, but steady effort probably matters more than viral moments.",1
ai_0571,"If we're being real, sports conversations keep looping without addressing root causes. In my view, burnout builds slowly and then hits all at once. People argue about headlines, but the structural pieces rarely change. There’s also a gap between what sounds good online and what actually works in practice. Most tradeoffs are real, even if they’re inconvenient to admit. If we slowed down and defined success clearly, debates would feel less chaotic. Most systems reward speed over thoughtfulness. There’s room to disagree without pretending the other side is evil.",1
ai_0572,"If we're being real, economy conversations keep looping without addressing root causes. In my view, incentives shape behavior more than speeches do. People argue about headlines, but the structural pieces rarely change. There’s also a gap between what sounds good online and what actually works in practice. Most tradeoffs are real, even if they’re inconvenient to admit. If we slowed down and defined success clearly, debates would feel less chaotic. Everyone thinks someone else will fix it. The boring fixes are usually the ones that work.",1
ai_0573,"Honestly, climate conversations keep looping without addressing root causes. In my view, burnout builds slowly and then hits all at once. People argue about headlines, but the structural pieces rarely change. There’s also a gap between what sounds good online and what actually works in practice. Most tradeoffs are real, even if they’re inconvenient to admit. If we slowed down and defined success clearly, debates would feel less chaotic. Most systems reward speed over thoughtfulness. None of this is simple, but pretending it is makes it worse.",1
ai_0574,"The weird part is campus life conversations keep looping without addressing root causes. In my view, burnout builds slowly and then hits all at once. People argue about headlines, but the structural pieces rarely change. There’s also a gap between what sounds good online and what actually works in practice. Most tradeoffs are real, even if they’re inconvenient to admit. If we slowed down and defined success clearly, debates would feel less chaotic. Data helps, but context matters just as much. It’s not dramatic, but steady effort probably matters more than viral moments.",1
ai_0575,"Honestly, politics conversations keep looping without addressing root causes. In my view, short term wins crowd out long term planning. People argue about headlines, but the structural pieces rarely change. There’s also a gap between what sounds good online and what actually works in practice. Most tradeoffs are real, even if they’re inconvenient to admit. If we slowed down and defined success clearly, debates would feel less chaotic. Everyone thinks someone else will fix it. There’s room to disagree without pretending the other side is evil.",1
ai_0576,"Low key, tech conversations keep looping without addressing root causes. In my view, data helps, but context matters just as much. People argue about headlines, but the structural pieces rarely change. There’s also a gap between what sounds good online and what actually works in practice. Most tradeoffs are real, even if they’re inconvenient to admit. If we slowed down and defined success clearly, debates would feel less chaotic. Most systems reward speed over thoughtfulness. We should probably focus less on outrage and more on execution.",1
ai_0577,"The weird part is health conversations keep looping without addressing root causes. In my view, data helps, but context matters just as much. People argue about headlines, but the structural pieces rarely change. There’s also a gap between what sounds good online and what actually works in practice. Most tradeoffs are real, even if they’re inconvenient to admit. If we slowed down and defined success clearly, debates would feel less chaotic. Burnout builds slowly and then hits all at once. The boring fixes are usually the ones that work.",1
ai_0578,"A lot of people miss that sports conversations keep looping without addressing root causes. In my view, short term wins crowd out long term planning. People argue about headlines, but the structural pieces rarely change. There’s also a gap between what sounds good online and what actually works in practice. Most tradeoffs are real, even if they’re inconvenient to admit. If we slowed down and defined success clearly, debates would feel less chaotic. Data helps, but context matters just as much. A little humility would go a long way here.",1
ai_0579,"Low key, economy conversations keep looping without addressing root causes. In my view, data helps, but context matters just as much. People argue about headlines, but the structural pieces rarely change. There’s also a gap between what sounds good online and what actually works in practice. Most tradeoffs are real, even if they’re inconvenient to admit. If we slowed down and defined success clearly, debates would feel less chaotic. Burnout builds slowly and then hits all at once. It’s not dramatic, but steady effort probably matters more than viral moments.",1
ai_0580,"I keep noticing that climate conversations keep looping without addressing root causes. In my view, burnout builds slowly and then hits all at once. People argue about headlines, but the structural pieces rarely change. There’s also a gap between what sounds good online and what actually works in practice. Most tradeoffs are real, even if they’re inconvenient to admit. If we slowed down and defined success clearly, debates would feel less chaotic. Communication gaps create unnecessary tension. We don’t need perfection, just fewer obvious mistakes.",1
ai_0581,"If we're being real, campus life conversations keep looping without addressing root causes. In my view, burnout builds slowly and then hits all at once. People argue about headlines, but the structural pieces rarely change. There’s also a gap between what sounds good online and what actually works in practice. Most tradeoffs are real, even if they’re inconvenient to admit. If we slowed down and defined success clearly, debates would feel less chaotic. Small improvements compound over time. The boring fixes are usually the ones that work.",1
ai_0582,"At the end of the day, politics conversations keep looping without addressing root causes. In my view, burnout builds slowly and then hits all at once. People argue about headlines, but the structural pieces rarely change. There’s also a gap between what sounds good online and what actually works in practice. Most tradeoffs are real, even if they’re inconvenient to admit. If we slowed down and defined success clearly, debates would feel less chaotic. Communication gaps create unnecessary tension. It’s not dramatic, but steady effort probably matters more than viral moments.",1
ai_0583,"A lot of people miss that tech conversations keep looping without addressing root causes. In my view, small improvements compound over time. People argue about headlines, but the structural pieces rarely change. There’s also a gap between what sounds good online and what actually works in practice. Most tradeoffs are real, even if they’re inconvenient to admit. If we slowed down and defined success clearly, debates would feel less chaotic. Everyone thinks someone else will fix it. We should probably focus less on outrage and more on execution.",1
ai_0584,"What gets overlooked is health conversations keep looping without addressing root causes. In my view, burnout builds slowly and then hits all at once. People argue about headlines, but the structural pieces rarely change. There’s also a gap between what sounds good online and what actually works in practice. Most tradeoffs are real, even if they’re inconvenient to admit. If we slowed down and defined success clearly, debates would feel less chaotic. Everyone thinks someone else will fix it. It’s not dramatic, but steady effort probably matters more than viral moments.",1
ai_0585,"Low key, sports conversations keep looping without addressing root causes. In my view, data helps, but context matters just as much. People argue about headlines, but the structural pieces rarely change. There’s also a gap between what sounds good online and what actually works in practice. Most tradeoffs are real, even if they’re inconvenient to admit. If we slowed down and defined success clearly, debates would feel less chaotic. Most systems reward speed over thoughtfulness. We should probably focus less on outrage and more on execution.",1
ai_0586,"What gets overlooked is economy conversations keep looping without addressing root causes. In my view, incentives shape behavior more than speeches do. People argue about headlines, but the structural pieces rarely change. There’s also a gap between what sounds good online and what actually works in practice. Most tradeoffs are real, even if they’re inconvenient to admit. If we slowed down and defined success clearly, debates would feel less chaotic. Incentives shape behavior more than speeches do. It’s not dramatic, but steady effort probably matters more than viral moments.",1
ai_0587,"Honestly, climate conversations keep looping without addressing root causes. In my view, communication gaps create unnecessary tension. People argue about headlines, but the structural pieces rarely change. There’s also a gap between what sounds good online and what actually works in practice. Most tradeoffs are real, even if they’re inconvenient to admit. If we slowed down and defined success clearly, debates would feel less chaotic. Short term wins crowd out long term planning. We don’t need perfection, just fewer obvious mistakes.",1
ai_0588,"At the end of the day, campus life conversations keep looping without addressing root causes. In my view, most systems reward speed over thoughtfulness. People argue about headlines, but the structural pieces rarely change. There’s also a gap between what sounds good online and what actually works in practice. Most tradeoffs are real, even if they’re inconvenient to admit. If we slowed down and defined success clearly, debates would feel less chaotic. People respond to what is easy and visible. We should probably focus less on outrage and more on execution.",1
ai_0589,"At the end of the day, politics conversations keep looping without addressing root causes. In my view, incentives shape behavior more than speeches do. People argue about headlines, but the structural pieces rarely change. There’s also a gap between what sounds good online and what actually works in practice. Most tradeoffs are real, even if they’re inconvenient to admit. If we slowed down and defined success clearly, debates would feel less chaotic. Short term wins crowd out long term planning. None of this is simple, but pretending it is makes it worse.",1
ai_0590,"A lot of people miss that tech conversations keep looping without addressing root causes. In my view, most systems reward speed over thoughtfulness. People argue about headlines, but the structural pieces rarely change. There’s also a gap between what sounds good online and what actually works in practice. Most tradeoffs are real, even if they’re inconvenient to admit. If we slowed down and defined success clearly, debates would feel less chaotic. Burnout builds slowly and then hits all at once. There’s room to disagree without pretending the other side is evil.",1
ai_0591,"Honestly, health conversations keep looping without addressing root causes. In my view, most systems reward speed over thoughtfulness. People argue about headlines, but the structural pieces rarely change. There’s also a gap between what sounds good online and what actually works in practice. Most tradeoffs are real, even if they’re inconvenient to admit. If we slowed down and defined success clearly, debates would feel less chaotic. Policy details matter more than slogans. The boring fixes are usually the ones that work.",1
ai_0592,"If we're being real, sports conversations keep looping without addressing root causes. In my view, most systems reward speed over thoughtfulness. People argue about headlines, but the structural pieces rarely change. There’s also a gap between what sounds good online and what actually works in practice. Most tradeoffs are real, even if they’re inconvenient to admit. If we slowed down and defined success clearly, debates would feel less chaotic. Most systems reward speed over thoughtfulness. We don’t need perfection, just fewer obvious mistakes.",1
ai_0593,"It kind of feels like economy conversations keep looping without addressing root causes. In my view, policy details matter more than slogans. People argue about headlines, but the structural pieces rarely change. There’s also a gap between what sounds good online and what actually works in practice. Most tradeoffs are real, even if they’re inconvenient to admit. If we slowed down and defined success clearly, debates would feel less chaotic. People respond to what is easy and visible. None of this is simple, but pretending it is makes it worse.",1
ai_0594,"It kind of feels like climate conversations keep looping without addressing root causes. In my view, communication gaps create unnecessary tension. People argue about headlines, but the structural pieces rarely change. There’s also a gap between what sounds good online and what actually works in practice. Most tradeoffs are real, even if they’re inconvenient to admit. If we slowed down and defined success clearly, debates would feel less chaotic. Most systems reward speed over thoughtfulness. We don’t need perfection, just fewer obvious mistakes.",1
ai_0595,"Low key, campus life conversations keep looping without addressing root causes. In my view, most systems reward speed over thoughtfulness. People argue about headlines, but the structural pieces rarely change. There’s also a gap between what sounds good online and what actually works in practice. Most tradeoffs are real, even if they’re inconvenient to admit. If we slowed down and defined success clearly, debates would feel less chaotic. Communication gaps create unnecessary tension. The boring fixes are usually the ones that work.",1
ai_0596,"Honestly, politics conversations keep looping without addressing root causes. In my view, most systems reward speed over thoughtfulness. People argue about headlines, but the structural pieces rarely change. There’s also a gap between what sounds good online and what actually works in practice. Most tradeoffs are real, even if they’re inconvenient to admit. If we slowed down and defined success clearly, debates would feel less chaotic. Short term wins crowd out long term planning. None of this is simple, but pretending it is makes it worse.",1
ai_0597,"Low key, tech conversations keep looping without addressing root causes. In my view, data helps, but context matters just as much. People argue about headlines, but the structural pieces rarely change. There’s also a gap between what sounds good online and what actually works in practice. Most tradeoffs are real, even if they’re inconvenient to admit. If we slowed down and defined success clearly, debates would feel less chaotic. Burnout builds slowly and then hits all at once. We should probably focus less on outrage and more on execution.",1
ai_0598,"I keep noticing that health conversations keep looping without addressing root causes. In my view, short term wins crowd out long term planning. People argue about headlines, but the structural pieces rarely change. There’s also a gap between what sounds good online and what actually works in practice. Most tradeoffs are real, even if they’re inconvenient to admit. If we slowed down and defined success clearly, debates would feel less chaotic. Most systems reward speed over thoughtfulness. There’s room to disagree without pretending the other side is evil.",1
ai_0599,"Honestly, sports conversations keep looping without addressing root causes. In my view, short term wins crowd out long term planning. People argue about headlines, but the structural pieces rarely change. There’s also a gap between what sounds good online and what actually works in practice. Most tradeoffs are real, even if they’re inconvenient to admit. If we slowed down and defined success clearly, debates would feel less chaotic. Everyone thinks someone else will fix it. We don’t need perfection, just fewer obvious mistakes.",1
ai_0600,"What gets overlooked is economy conversations keep looping without addressing root causes. In my view, most systems reward speed over thoughtfulness. People argue about headlines, but the structural pieces rarely change. There’s also a gap between what sounds good online and what actually works in practice. Most tradeoffs are real, even if they’re inconvenient to admit. If we slowed down and defined success clearly, debates would feel less chaotic. People respond to what is easy and visible. None of this is simple, but pretending it is makes it worse.",1
ai_0601,"It kind of feels like climate conversations keep looping without addressing root causes. In my view, data helps, but context matters just as much. People argue about headlines, but the structural pieces rarely change. There’s also a gap between what sounds good online and what actually works in practice. Most tradeoffs are real, even if they’re inconvenient to admit. If we slowed down and defined success clearly, debates would feel less chaotic. Data helps, but context matters just as much. None of this is simple, but pretending it is makes it worse.",1
ai_0602,"I keep noticing that campus life conversations keep looping without addressing root causes. In my view, people respond to what is easy and visible. People argue about headlines, but the structural pieces rarely change. There’s also a gap between what sounds good online and what actually works in practice. Most tradeoffs are real, even if they’re inconvenient to admit. If we slowed down and defined success clearly, debates would feel less chaotic. Data helps, but context matters just as much. There’s room to disagree without pretending the other side is evil.",1
ai_0603,"Low key, politics conversations keep looping without addressing root causes. In my view, data helps, but context matters just as much. People argue about headlines, but the structural pieces rarely change. There’s also a gap between what sounds good online and what actually works in practice. Most tradeoffs are real, even if they’re inconvenient to admit. If we slowed down and defined success clearly, debates would feel less chaotic. Everyone thinks someone else will fix it. There’s room to disagree without pretending the other side is evil.",1
ai_0604,"The weird part is tech conversations keep looping without addressing root causes. In my view, burnout builds slowly and then hits all at once. People argue about headlines, but the structural pieces rarely change. There’s also a gap between what sounds good online and what actually works in practice. Most tradeoffs are real, even if they’re inconvenient to admit. If we slowed down and defined success clearly, debates would feel less chaotic. People respond to what is easy and visible. The boring fixes are usually the ones that work.",1
ai_0605,"What gets overlooked is health conversations keep looping without addressing root causes. In my view, data helps, but context matters just as much. People argue about headlines, but the structural pieces rarely change. There’s also a gap between what sounds good online and what actually works in practice. Most tradeoffs are real, even if they’re inconvenient to admit. If we slowed down and defined success clearly, debates would feel less chaotic. Policy details matter more than slogans. There’s room to disagree without pretending the other side is evil.",1
ai_0606,"It kind of feels like sports conversations keep looping without addressing root causes. In my view, data helps, but context matters just as much. People argue about headlines, but the structural pieces rarely change. There’s also a gap between what sounds good online and what actually works in practice. Most tradeoffs are real, even if they’re inconvenient to admit. If we slowed down and defined success clearly, debates would feel less chaotic. Policy details matter more than slogans. None of this is simple, but pretending it is makes it worse.",1
ai_0607,"What gets overlooked is economy conversations keep looping without addressing root causes. In my view, communication gaps create unnecessary tension. People argue about headlines, but the structural pieces rarely change. There’s also a gap between what sounds good online and what actually works in practice. Most tradeoffs are real, even if they’re inconvenient to admit. If we slowed down and defined success clearly, debates would feel less chaotic. Data helps, but context matters just as much. A little humility would go a long way here.",1
ai_0608,"At the end of the day, climate conversations keep looping without addressing root causes. In my view, people respond to what is easy and visible. People argue about headlines, but the structural pieces rarely change. There’s also a gap between what sounds good online and what actually works in practice. Most tradeoffs are real, even if they’re inconvenient to admit. If we slowed down and defined success clearly, debates would feel less chaotic. Short term wins crowd out long term planning. It’s not dramatic, but steady effort probably matters more than viral moments.",1
ai_0609,"I keep noticing that campus life conversations keep looping without addressing root causes. In my view, incentives shape behavior more than speeches do. People argue about headlines, but the structural pieces rarely change. There’s also a gap between what sounds good online and what actually works in practice. Most tradeoffs are real, even if they’re inconvenient to admit. If we slowed down and defined success clearly, debates would feel less chaotic. People respond to what is easy and visible. We should probably focus less on outrage and more on execution.",1
ai_0610,"The weird part is politics conversations keep looping without addressing root causes. In my view, people respond to what is easy and visible. People argue about headlines, but the structural pieces rarely change. There’s also a gap between what sounds good online and what actually works in practice. Most tradeoffs are real, even if they’re inconvenient to admit. If we slowed down and defined success clearly, debates would feel less chaotic. Burnout builds slowly and then hits all at once. There’s room to disagree without pretending the other side is evil.",1
ai_0611,"The weird part is tech conversations keep looping without addressing root causes. In my view, burnout builds slowly and then hits all at once. People argue about headlines, but the structural pieces rarely change. There’s also a gap between what sounds good online and what actually works in practice. Most tradeoffs are real, even if they’re inconvenient to admit. If we slowed down and defined success clearly, debates would feel less chaotic. Policy details matter more than slogans. There’s room to disagree without pretending the other side is evil.",1
ai_0612,"A lot of people miss that health conversations keep looping without addressing root causes. In my view, communication gaps create unnecessary tension. People argue about headlines, but the structural pieces rarely change. There’s also a gap between what sounds good online and what actually works in practice. Most tradeoffs are real, even if they’re inconvenient to admit. If we slowed down and defined success clearly, debates would feel less chaotic. Short term wins crowd out long term planning. A little humility would go a long way here.",1
ai_0613,"A lot of people miss that sports conversations keep looping without addressing root causes. In my view, policy details matter more than slogans. People argue about headlines, but the structural pieces rarely change. There’s also a gap between what sounds good online and what actually works in practice. Most tradeoffs are real, even if they’re inconvenient to admit. If we slowed down and defined success clearly, debates would feel less chaotic. Burnout builds slowly and then hits all at once. A little humility would go a long way here.",1
ai_0614,"Honestly, economy conversations keep looping without addressing root causes. In my view, communication gaps create unnecessary tension. People argue about headlines, but the structural pieces rarely change. There’s also a gap between what sounds good online and what actually works in practice. Most tradeoffs are real, even if they’re inconvenient to admit. If we slowed down and defined success clearly, debates would feel less chaotic. Everyone thinks someone else will fix it. A little humility would go a long way here.",1
ai_0615,"Honestly, climate conversations keep looping without addressing root causes. In my view, everyone thinks someone else will fix it. People argue about headlines, but the structural pieces rarely change. There’s also a gap between what sounds good online and what actually works in practice. Most tradeoffs are real, even if they’re inconvenient to admit. If we slowed down and defined success clearly, debates would feel less chaotic. Short term wins crowd out long term planning. We should probably focus less on outrage and more on execution.",1
ai_0616,"The weird part is campus life conversations keep looping without addressing root causes. In my view, incentives shape behavior more than speeches do. People argue about headlines, but the structural pieces rarely change. There’s also a gap between what sounds good online and what actually works in practice. Most tradeoffs are real, even if they’re inconvenient to admit. If we slowed down and defined success clearly, debates would feel less chaotic. Everyone thinks someone else will fix it. A little humility would go a long way here.",1
ai_0617,"If we're being real, politics conversations keep looping without addressing root causes. In my view, short term wins crowd out long term planning. People argue about headlines, but the structural pieces rarely change. There’s also a gap between what sounds good online and what actually works in practice. Most tradeoffs are real, even if they’re inconvenient to admit. If we slowed down and defined success clearly, debates would feel less chaotic. Short term wins crowd out long term planning. None of this is simple, but pretending it is makes it worse.",1
ai_0618,"I keep noticing that tech conversations keep looping without addressing root causes. In my view, most systems reward speed over thoughtfulness. People argue about headlines, but the structural pieces rarely change. There’s also a gap between what sounds good online and what actually works in practice. Most tradeoffs are real, even if they’re inconvenient to admit. If we slowed down and defined success clearly, debates would feel less chaotic. Burnout builds slowly and then hits all at once. It’s not dramatic, but steady effort probably matters more than viral moments.",1
ai_0619,"At the end of the day, health conversations keep looping without addressing root causes. In my view, small improvements compound over time. People argue about headlines, but the structural pieces rarely change. There’s also a gap between what sounds good online and what actually works in practice. Most tradeoffs are real, even if they’re inconvenient to admit. If we slowed down and defined success clearly, debates would feel less chaotic. Burnout builds slowly and then hits all at once. None of this is simple, but pretending it is makes it worse.",1
ai_0620,"Low key, sports conversations keep looping without addressing root causes. In my view, people respond to what is easy and visible. People argue about headlines, but the structural pieces rarely change. There’s also a gap between what sounds good online and what actually works in practice. Most tradeoffs are real, even if they’re inconvenient to admit. If we slowed down and defined success clearly, debates would feel less chaotic. Communication gaps create unnecessary tension. We should probably focus less on outrage and more on execution.",1
ai_0621,"It kind of feels like economy conversations keep looping without addressing root causes. In my view, policy details matter more than slogans. People argue about headlines, but the structural pieces rarely change. There’s also a gap between what sounds good online and what actually works in practice. Most tradeoffs are real, even if they’re inconvenient to admit. If we slowed down and defined success clearly, debates would feel less chaotic. Policy details matter more than slogans. We don’t need perfection, just fewer obvious mistakes.",1
ai_0622,"Low key, climate conversations keep looping without addressing root causes. In my view, incentives shape behavior more than speeches do. People argue about headlines, but the structural pieces rarely change. There’s also a gap between what sounds good online and what actually works in practice. Most tradeoffs are real, even if they’re inconvenient to admit. If we slowed down and defined success clearly, debates would feel less chaotic. Data helps, but context matters just as much. There’s room to disagree without pretending the other side is evil.",1
ai_0623,"What gets overlooked is campus life conversations keep looping without addressing root causes. In my view, policy details matter more than slogans. People argue about headlines, but the structural pieces rarely change. There’s also a gap between what sounds good online and what actually works in practice. Most tradeoffs are real, even if they’re inconvenient to admit. If we slowed down and defined success clearly, debates would feel less chaotic. Short term wins crowd out long term planning. The boring fixes are usually the ones that work.",1
ai_0624,"It kind of feels like politics conversations keep looping without addressing root causes. In my view, everyone thinks someone else will fix it. People argue about headlines, but the structural pieces rarely change. There’s also a gap between what sounds good online and what actually works in practice. Most tradeoffs are real, even if they’re inconvenient to admit. If we slowed down and defined success clearly, debates would feel less chaotic. Communication gaps create unnecessary tension. A little humility would go a long way here.",1
ai_0625,"If we're being real, tech conversations keep looping without addressing root causes. In my view, people respond to what is easy and visible. People argue about headlines, but the structural pieces rarely change. There’s also a gap between what sounds good online and what actually works in practice. Most tradeoffs are real, even if they’re inconvenient to admit. If we slowed down and defined success clearly, debates would feel less chaotic. Communication gaps create unnecessary tension. It’s not dramatic, but steady effort probably matters more than viral moments.",1
ai_0626,"Honestly, health conversations keep looping without addressing root causes. In my view, data helps, but context matters just as much. People argue about headlines, but the structural pieces rarely change. There’s also a gap between what sounds good online and what actually works in practice. Most tradeoffs are real, even if they’re inconvenient to admit. If we slowed down and defined success clearly, debates would feel less chaotic. Burnout builds slowly and then hits all at once. None of this is simple, but pretending it is makes it worse.",1
ai_0627,"At the end of the day, sports conversations keep looping without addressing root causes. In my view, small improvements compound over time. People argue about headlines, but the structural pieces rarely change. There’s also a gap between what sounds good online and what actually works in practice. Most tradeoffs are real, even if they’re inconvenient to admit. If we slowed down and defined success clearly, debates would feel less chaotic. Policy details matter more than slogans. We don’t need perfection, just fewer obvious mistakes.",1
ai_0628,"The weird part is economy conversations keep looping without addressing root causes. In my view, everyone thinks someone else will fix it. People argue about headlines, but the structural pieces rarely change. There’s also a gap between what sounds good online and what actually works in practice. Most tradeoffs are real, even if they’re inconvenient to admit. If we slowed down and defined success clearly, debates would feel less chaotic. Short term wins crowd out long term planning. None of this is simple, but pretending it is makes it worse.",1
ai_0629,"A lot of people miss that climate conversations keep looping without addressing root causes. In my view, everyone thinks someone else will fix it. People argue about headlines, but the structural pieces rarely change. There’s also a gap between what sounds good online and what actually works in practice. Most tradeoffs are real, even if they’re inconvenient to admit. If we slowed down and defined success clearly, debates would feel less chaotic. Incentives shape behavior more than speeches do. We should probably focus less on outrage and more on execution.",1
ai_0630,"It kind of feels like campus life conversations keep looping without addressing root causes. In my view, short term wins crowd out long term planning. People argue about headlines, but the structural pieces rarely change. There’s also a gap between what sounds good online and what actually works in practice. Most tradeoffs are real, even if they’re inconvenient to admit. If we slowed down and defined success clearly, debates would feel less chaotic. Everyone thinks someone else will fix it. The boring fixes are usually the ones that work.",1
ai_0631,"A lot of people miss that politics conversations keep looping without addressing root causes. In my view, policy details matter more than slogans. People argue about headlines, but the structural pieces rarely change. There’s also a gap between what sounds good online and what actually works in practice. Most tradeoffs are real, even if they’re inconvenient to admit. If we slowed down and defined success clearly, debates would feel less chaotic. Incentives shape behavior more than speeches do. We don’t need perfection, just fewer obvious mistakes.",1
ai_0632,"A lot of people miss that tech conversations keep looping without addressing root causes. In my view, most systems reward speed over thoughtfulness. People argue about headlines, but the structural pieces rarely change. There’s also a gap between what sounds good online and what actually works in practice. Most tradeoffs are real, even if they’re inconvenient to admit. If we slowed down and defined success clearly, debates would feel less chaotic. Communication gaps create unnecessary tension. We don’t need perfection, just fewer obvious mistakes.",1
ai_0633,"At the end of the day, health conversations keep looping without addressing root causes. In my view, small improvements compound over time. People argue about headlines, but the structural pieces rarely change. There’s also a gap between what sounds good online and what actually works in practice. Most tradeoffs are real, even if they’re inconvenient to admit. If we slowed down and defined success clearly, debates would feel less chaotic. Policy details matter more than slogans. The boring fixes are usually the ones that work.",1
ai_0634,"The weird part is sports conversations keep looping without addressing root causes. In my view, data helps, but context matters just as much. People argue about headlines, but the structural pieces rarely change. There’s also a gap between what sounds good online and what actually works in practice. Most tradeoffs are real, even if they’re inconvenient to admit. If we slowed down and defined success clearly, debates would feel less chaotic. People respond to what is easy and visible. We don’t need perfection, just fewer obvious mistakes.",1
ai_0635,"What gets overlooked is economy conversations keep looping without addressing root causes. In my view, most systems reward speed over thoughtfulness. People argue about headlines, but the structural pieces rarely change. There’s also a gap between what sounds good online and what actually works in practice. Most tradeoffs are real, even if they’re inconvenient to admit. If we slowed down and defined success clearly, debates would feel less chaotic. Incentives shape behavior more than speeches do. There’s room to disagree without pretending the other side is evil.",1
ai_0636,"At the end of the day, climate conversations keep looping without addressing root causes. In my view, most systems reward speed over thoughtfulness. People argue about headlines, but the structural pieces rarely change. There’s also a gap between what sounds good online and what actually works in practice. Most tradeoffs are real, even if they’re inconvenient to admit. If we slowed down and defined success clearly, debates would feel less chaotic. Incentives shape behavior more than speeches do. A little humility would go a long way here.",1
ai_0637,"A lot of people miss that campus life conversations keep looping without addressing root causes. In my view, communication gaps create unnecessary tension. People argue about headlines, but the structural pieces rarely change. There’s also a gap between what sounds good online and what actually works in practice. Most tradeoffs are real, even if they’re inconvenient to admit. If we slowed down and defined success clearly, debates would feel less chaotic. Everyone thinks someone else will fix it. It’s not dramatic, but steady effort probably matters more than viral moments.",1
ai_0638,"Honestly, politics conversations keep looping without addressing root causes. In my view, everyone thinks someone else will fix it. People argue about headlines, but the structural pieces rarely change. There’s also a gap between what sounds good online and what actually works in practice. Most tradeoffs are real, even if they’re inconvenient to admit. If we slowed down and defined success clearly, debates would feel less chaotic. Most systems reward speed over thoughtfulness. None of this is simple, but pretending it is makes it worse.",1
ai_0639,"If we're being real, tech conversations keep looping without addressing root causes. In my view, data helps, but context matters just as much. People argue about headlines, but the structural pieces rarely change. There’s also a gap between what sounds good online and what actually works in practice. Most tradeoffs are real, even if they’re inconvenient to admit. If we slowed down and defined success clearly, debates would feel less chaotic. People respond to what is easy and visible. A little humility would go a long way here.",1
ai_0640,"I keep noticing that health conversations keep looping without addressing root causes. In my view, communication gaps create unnecessary tension. People argue about headlines, but the structural pieces rarely change. There’s also a gap between what sounds good online and what actually works in practice. Most tradeoffs are real, even if they’re inconvenient to admit. If we slowed down and defined success clearly, debates would feel less chaotic. Everyone thinks someone else will fix it. We don’t need perfection, just fewer obvious mistakes.",1
ai_0641,"At the end of the day, sports conversations keep looping without addressing root causes. In my view, policy details matter more than slogans. People argue about headlines, but the structural pieces rarely change. There’s also a gap between what sounds good online and what actually works in practice. Most tradeoffs are real, even if they’re inconvenient to admit. If we slowed down and defined success clearly, debates would feel less chaotic. Incentives shape behavior more than speeches do. There’s room to disagree without pretending the other side is evil.",1
ai_0642,"At the end of the day, economy conversations keep looping without addressing root causes. In my view, communication gaps create unnecessary tension. People argue about headlines, but the structural pieces rarely change. There’s also a gap between what sounds good online and what actually works in practice. Most tradeoffs are real, even if they’re inconvenient to admit. If we slowed down and defined success clearly, debates would feel less chaotic. Incentives shape behavior more than speeches do. A little humility would go a long way here.",1
ai_0643,"If we're being real, climate conversations keep looping without addressing root causes. In my view, policy details matter more than slogans. People argue about headlines, but the structural pieces rarely change. There’s also a gap between what sounds good online and what actually works in practice. Most tradeoffs are real, even if they’re inconvenient to admit. If we slowed down and defined success clearly, debates would feel less chaotic. Incentives shape behavior more than speeches do. A little humility would go a long way here.",1
ai_0644,"I keep noticing that campus life conversations keep looping without addressing root causes. In my view, short term wins crowd out long term planning. People argue about headlines, but the structural pieces rarely change. There’s also a gap between what sounds good online and what actually works in practice. Most tradeoffs are real, even if they’re inconvenient to admit. If we slowed down and defined success clearly, debates would feel less chaotic. Communication gaps create unnecessary tension. We don’t need perfection, just fewer obvious mistakes.",1
ai_0645,"Honestly, politics conversations keep looping without addressing root causes. In my view, data helps, but context matters just as much. People argue about headlines, but the structural pieces rarely change. There’s also a gap between what sounds good online and what actually works in practice. Most tradeoffs are real, even if they’re inconvenient to admit. If we slowed down and defined success clearly, debates would feel less chaotic. Policy details matter more than slogans. We don’t need perfection, just fewer obvious mistakes.",1
ai_0646,"If we're being real, tech conversations keep looping without addressing root causes. In my view, short term wins crowd out long term planning. People argue about headlines, but the structural pieces rarely change. There’s also a gap between what sounds good online and what actually works in practice. Most tradeoffs are real, even if they’re inconvenient to admit. If we slowed down and defined success clearly, debates would feel less chaotic. Everyone thinks someone else will fix it. We should probably focus less on outrage and more on execution.",1
ai_0647,"I keep noticing that health conversations keep looping without addressing root causes. In my view, small improvements compound over time. People argue about headlines, but the structural pieces rarely change. There’s also a gap between what sounds good online and what actually works in practice. Most tradeoffs are real, even if they’re inconvenient to admit. If we slowed down and defined success clearly, debates would feel less chaotic. Incentives shape behavior more than speeches do. None of this is simple, but pretending it is makes it worse.",1
ai_0648,"Low key, sports conversations keep looping without addressing root causes. In my view, incentives shape behavior more than speeches do. People argue about headlines, but the structural pieces rarely change. There’s also a gap between what sounds good online and what actually works in practice. Most tradeoffs are real, even if they’re inconvenient to admit. If we slowed down and defined success clearly, debates would feel less chaotic. Data helps, but context matters just as much. It’s not dramatic, but steady effort probably matters more than viral moments.",1
ai_0649,"A lot of people miss that economy conversations keep looping without addressing root causes. In my view, incentives shape behavior more than speeches do. People argue about headlines, but the structural pieces rarely change. There’s also a gap between what sounds good online and what actually works in practice. Most tradeoffs are real, even if they’re inconvenient to admit. If we slowed down and defined success clearly, debates would feel less chaotic. Short term wins crowd out long term planning. None of this is simple, but pretending it is makes it worse.",1
ai_0650,"I keep noticing that climate conversations keep looping without addressing root causes. In my view, small improvements compound over time. People argue about headlines, but the structural pieces rarely change. There’s also a gap between what sounds good online and what actually works in practice. Most tradeoffs are real, even if they’re inconvenient to admit. If we slowed down and defined success clearly, debates would feel less chaotic. Short term wins crowd out long term planning. It’s not dramatic, but steady effort probably matters more than viral moments.",1
ai_0651,"What gets overlooked is campus life conversations keep looping without addressing root causes. In my view, burnout builds slowly and then hits all at once. People argue about headlines, but the structural pieces rarely change. There’s also a gap between what sounds good online and what actually works in practice. Most tradeoffs are real, even if they’re inconvenient to admit. If we slowed down and defined success clearly, debates would feel less chaotic. Communication gaps create unnecessary tension. A little humility would go a long way here.",1
ai_0652,"If we're being real, politics conversations keep looping without addressing root causes. In my view, everyone thinks someone else will fix it. People argue about headlines, but the structural pieces rarely change. There’s also a gap between what sounds good online and what actually works in practice. Most tradeoffs are real, even if they’re inconvenient to admit. If we slowed down and defined success clearly, debates would feel less chaotic. Communication gaps create unnecessary tension. A little humility would go a long way here.",1
ai_0653,"Low key, tech conversations keep looping without addressing root causes. In my view, communication gaps create unnecessary tension. People argue about headlines, but the structural pieces rarely change. There’s also a gap between what sounds good online and what actually works in practice. Most tradeoffs are real, even if they’re inconvenient to admit. If we slowed down and defined success clearly, debates would feel less chaotic. People respond to what is easy and visible. A little humility would go a long way here.",1
ai_0654,"What gets overlooked is health conversations keep looping without addressing root causes. In my view, short term wins crowd out long term planning. People argue about headlines, but the structural pieces rarely change. There’s also a gap between what sounds good online and what actually works in practice. Most tradeoffs are real, even if they’re inconvenient to admit. If we slowed down and defined success clearly, debates would feel less chaotic. Incentives shape behavior more than speeches do. A little humility would go a long way here.",1
ai_0655,"A lot of people miss that sports conversations keep looping without addressing root causes. In my view, most systems reward speed over thoughtfulness. People argue about headlines, but the structural pieces rarely change. There’s also a gap between what sounds good online and what actually works in practice. Most tradeoffs are real, even if they’re inconvenient to admit. If we slowed down and defined success clearly, debates would feel less chaotic. Short term wins crowd out long term planning. The boring fixes are usually the ones that work.",1
ai_0656,"Honestly, economy conversations keep looping without addressing root causes. In my view, incentives shape behavior more than speeches do. People argue about headlines, but the structural pieces rarely change. There’s also a gap between what sounds good online and what actually works in practice. Most tradeoffs are real, even if they’re inconvenient to admit. If we slowed down and defined success clearly, debates would feel less chaotic. Communication gaps create unnecessary tension. We should probably focus less on outrage and more on execution.",1
ai_0657,"Low key, climate conversations keep looping without addressing root causes. In my view, data helps, but context matters just as much. People argue about headlines, but the structural pieces rarely change. There’s also a gap between what sounds good online and what actually works in practice. Most tradeoffs are real, even if they’re inconvenient to admit. If we slowed down and defined success clearly, debates would feel less chaotic. Short term wins crowd out long term planning. We don’t need perfection, just fewer obvious mistakes.",1
ai_0658,"At the end of the day, campus life conversations keep looping without addressing root causes. In my view, incentives shape behavior more than speeches do. People argue about headlines, but the structural pieces rarely change. There’s also a gap between what sounds good online and what actually works in practice. Most tradeoffs are real, even if they’re inconvenient to admit. If we slowed down and defined success clearly, debates would feel less chaotic. People respond to what is easy and visible. A little humility would go a long way here.",1
ai_0659,"The weird part is politics conversations keep looping without addressing root causes. In my view, burnout builds slowly and then hits all at once. People argue about headlines, but the structural pieces rarely change. There’s also a gap between what sounds good online and what actually works in practice. Most tradeoffs are real, even if they’re inconvenient to admit. If we slowed down and defined success clearly, debates would feel less chaotic. People respond to what is easy and visible. It’s not dramatic, but steady effort probably matters more than viral moments.",1
ai_0660,"At the end of the day, tech conversations keep looping without addressing root causes. In my view, people respond to what is easy and visible. People argue about headlines, but the structural pieces rarely change. There’s also a gap between what sounds good online and what actually works in practice. Most tradeoffs are real, even if they’re inconvenient to admit. If we slowed down and defined success clearly, debates would feel less chaotic. Short term wins crowd out long term planning. We don’t need perfection, just fewer obvious mistakes.",1
ai_0661,"If we're being real, health conversations keep looping without addressing root causes. In my view, everyone thinks someone else will fix it. People argue about headlines, but the structural pieces rarely change. There’s also a gap between what sounds good online and what actually works in practice. Most tradeoffs are real, even if they’re inconvenient to admit. If we slowed down and defined success clearly, debates would feel less chaotic. Policy details matter more than slogans. We don’t need perfection, just fewer obvious mistakes.",1
ai_0662,"The weird part is sports conversations keep looping without addressing root causes. In my view, everyone thinks someone else will fix it. People argue about headlines, but the structural pieces rarely change. There’s also a gap between what sounds good online and what actually works in practice. Most tradeoffs are real, even if they’re inconvenient to admit. If we slowed down and defined success clearly, debates would feel less chaotic. Most systems reward speed over thoughtfulness. None of this is simple, but pretending it is makes it worse.",1
ai_0663,"At the end of the day, economy conversations keep looping without addressing root causes. In my view, communication gaps create unnecessary tension. People argue about headlines, but the structural pieces rarely change. There’s also a gap between what sounds good online and what actually works in practice. Most tradeoffs are real, even if they’re inconvenient to admit. If we slowed down and defined success clearly, debates would feel less chaotic. Incentives shape behavior more than speeches do. It’s not dramatic, but steady effort probably matters more than viral moments.",1
ai_0664,"The weird part is climate conversations keep looping without addressing root causes. In my view, burnout builds slowly and then hits all at once. People argue about headlines, but the structural pieces rarely change. There’s also a gap between what sounds good online and what actually works in practice. Most tradeoffs are real, even if they’re inconvenient to admit. If we slowed down and defined success clearly, debates would feel less chaotic. Most systems reward speed over thoughtfulness. We should probably focus less on outrage and more on execution.",1
ai_0665,"What gets overlooked is campus life conversations keep looping without addressing root causes. In my view, incentives shape behavior more than speeches do. People argue about headlines, but the structural pieces rarely change. There’s also a gap between what sounds good online and what actually works in practice. Most tradeoffs are real, even if they’re inconvenient to admit. If we slowed down and defined success clearly, debates would feel less chaotic. People respond to what is easy and visible. There’s room to disagree without pretending the other side is evil.",1
ai_0666,"If we're being real, politics conversations keep looping without addressing root causes. In my view, short term wins crowd out long term planning. People argue about headlines, but the structural pieces rarely change. There’s also a gap between what sounds good online and what actually works in practice. Most tradeoffs are real, even if they’re inconvenient to admit. If we slowed down and defined success clearly, debates would feel less chaotic. Burnout builds slowly and then hits all at once. The boring fixes are usually the ones that work.",1
ai_0667,"A lot of people miss that tech conversations keep looping without addressing root causes. In my view, short term wins crowd out long term planning. People argue about headlines, but the structural pieces rarely change. There’s also a gap between what sounds good online and what actually works in practice. Most tradeoffs are real, even if they’re inconvenient to admit. If we slowed down and defined success clearly, debates would feel less chaotic. Small improvements compound over time. None of this is simple, but pretending it is makes it worse.",1
ai_0668,"Honestly, health conversations keep looping without addressing root causes. In my view, incentives shape behavior more than speeches do. People argue about headlines, but the structural pieces rarely change. There’s also a gap between what sounds good online and what actually works in practice. Most tradeoffs are real, even if they’re inconvenient to admit. If we slowed down and defined success clearly, debates would feel less chaotic. Burnout builds slowly and then hits all at once. None of this is simple, but pretending it is makes it worse.",1
ai_0669,"Low key, sports conversations keep looping without addressing root causes. In my view, everyone thinks someone else will fix it. People argue about headlines, but the structural pieces rarely change. There’s also a gap between what sounds good online and what actually works in practice. Most tradeoffs are real, even if they’re inconvenient to admit. If we slowed down and defined success clearly, debates would feel less chaotic. Data helps, but context matters just as much. It’s not dramatic, but steady effort probably matters more than viral moments.",1
ai_0670,"It kind of feels like economy conversations keep looping without addressing root causes. In my view, communication gaps create unnecessary tension. People argue about headlines, but the structural pieces rarely change. There’s also a gap between what sounds good online and what actually works in practice. Most tradeoffs are real, even if they’re inconvenient to admit. If we slowed down and defined success clearly, debates would feel less chaotic. Small improvements compound over time. A little humility would go a long way here.",1
ai_0671,"At the end of the day, climate conversations keep looping without addressing root causes. In my view, incentives shape behavior more than speeches do. People argue about headlines, but the structural pieces rarely change. There’s also a gap between what sounds good online and what actually works in practice. Most tradeoffs are real, even if they’re inconvenient to admit. If we slowed down and defined success clearly, debates would feel less chaotic. Data helps, but context matters just as much. A little humility would go a long way here.",1
ai_0672,"If we're being real, campus life conversations keep looping without addressing root causes. In my view, short term wins crowd out long term planning. People argue about headlines, but the structural pieces rarely change. There’s also a gap between what sounds good online and what actually works in practice. Most tradeoffs are real, even if they’re inconvenient to admit. If we slowed down and defined success clearly, debates would feel less chaotic. Short term wins crowd out long term planning. We should probably focus less on outrage and more on execution.",1
ai_0673,"If we're being real, politics conversations keep looping without addressing root causes. In my view, most systems reward speed over thoughtfulness. People argue about headlines, but the structural pieces rarely change. There’s also a gap between what sounds good online and what actually works in practice. Most tradeoffs are real, even if they’re inconvenient to admit. If we slowed down and defined success clearly, debates would feel less chaotic. Small improvements compound over time. We don’t need perfection, just fewer obvious mistakes.",1
ai_0674,"I keep noticing that tech conversations keep looping without addressing root causes. In my view, everyone thinks someone else will fix it. People argue about headlines, but the structural pieces rarely change. There’s also a gap between what sounds good online and what actually works in practice. Most tradeoffs are real, even if they’re inconvenient to admit. If we slowed down and defined success clearly, debates would feel less chaotic. Communication gaps create unnecessary tension. There’s room to disagree without pretending the other side is evil.",1
ai_0675,"Honestly, health conversations keep looping without addressing root causes. In my view, most systems reward speed over thoughtfulness. People argue about headlines, but the structural pieces rarely change. There’s also a gap between what sounds good online and what actually works in practice. Most tradeoffs are real, even if they’re inconvenient to admit. If we slowed down and defined success clearly, debates would feel less chaotic. Everyone thinks someone else will fix it. There’s room to disagree without pretending the other side is evil.",1
ai_0676,"A lot of people miss that sports conversations keep looping without addressing root causes. In my view, most systems reward speed over thoughtfulness. People argue about headlines, but the structural pieces rarely change. There’s also a gap between what sounds good online and what actually works in practice. Most tradeoffs are real, even if they’re inconvenient to admit. If we slowed down and defined success clearly, debates would feel less chaotic. Short term wins crowd out long term planning. There’s room to disagree without pretending the other side is evil.",1
ai_0677,"Low key, economy conversations keep looping without addressing root causes. In my view, people respond to what is easy and visible. People argue about headlines, but the structural pieces rarely change. There’s also a gap between what sounds good online and what actually works in practice. Most tradeoffs are real, even if they’re inconvenient to admit. If we slowed down and defined success clearly, debates would feel less chaotic. People respond to what is easy and visible. We should probably focus less on outrage and more on execution.",1
ai_0678,"Honestly, climate conversations keep looping without addressing root causes. In my view, everyone thinks someone else will fix it. People argue about headlines, but the structural pieces rarely change. There’s also a gap between what sounds good online and what actually works in practice. Most tradeoffs are real, even if they’re inconvenient to admit. If we slowed down and defined success clearly, debates would feel less chaotic. Communication gaps create unnecessary tension. The boring fixes are usually the ones that work.",1
ai_0679,"The weird part is campus life conversations keep looping without addressing root causes. In my view, data helps, but context matters just as much. People argue about headlines, but the structural pieces rarely change. There’s also a gap between what sounds good online and what actually works in practice. Most tradeoffs are real, even if they’re inconvenient to admit. If we slowed down and defined success clearly, debates would feel less chaotic. Small improvements compound over time. It’s not dramatic, but steady effort probably matters more than viral moments.",1
ai_0680,"Honestly, politics conversations keep looping without addressing root causes. In my view, burnout builds slowly and then hits all at once. People argue about headlines, but the structural pieces rarely change. There’s also a gap between what sounds good online and what actually works in practice. Most tradeoffs are real, even if they’re inconvenient to admit. If we slowed down and defined success clearly, debates would feel less chaotic. People respond to what is easy and visible. None of this is simple, but pretending it is makes it worse.",1
ai_0681,"If we're being real, tech conversations keep looping without addressing root causes. In my view, small improvements compound over time. People argue about headlines, but the structural pieces rarely change. There’s also a gap between what sounds good online and what actually works in practice. Most tradeoffs are real, even if they’re inconvenient to admit. If we slowed down and defined success clearly, debates would feel less chaotic. Data helps, but context matters just as much. The boring fixes are usually the ones that work.",1
ai_0682,"Honestly, health conversations keep looping without addressing root causes. In my view, burnout builds slowly and then hits all at once. People argue about headlines, but the structural pieces rarely change. There’s also a gap between what sounds good online and what actually works in practice. Most tradeoffs are real, even if they’re inconvenient to admit. If we slowed down and defined success clearly, debates would feel less chaotic. Incentives shape behavior more than speeches do. The boring fixes are usually the ones that work.",1
ai_0683,"It kind of feels like sports conversations keep looping without addressing root causes. In my view, short term wins crowd out long term planning. People argue about headlines, but the structural pieces rarely change. There’s also a gap between what sounds good online and what actually works in practice. Most tradeoffs are real, even if they’re inconvenient to admit. If we slowed down and defined success clearly, debates would feel less chaotic. Most systems reward speed over thoughtfulness. The boring fixes are usually the ones that work.",1
ai_0684,"It kind of feels like economy conversations keep looping without addressing root causes. In my view, small improvements compound over time. People argue about headlines, but the structural pieces rarely change. There’s also a gap between what sounds good online and what actually works in practice. Most tradeoffs are real, even if they’re inconvenient to admit. If we slowed down and defined success clearly, debates would feel less chaotic. Communication gaps create unnecessary tension. It’s not dramatic, but steady effort probably matters more than viral moments.",1
ai_0685,"The weird part is climate conversations keep looping without addressing root causes. In my view, small improvements compound over time. People argue about headlines, but the structural pieces rarely change. There’s also a gap between what sounds good online and what actually works in practice. Most tradeoffs are real, even if they’re inconvenient to admit. If we slowed down and defined success clearly, debates would feel less chaotic. People respond to what is easy and visible. We don’t need perfection, just fewer obvious mistakes.",1
ai_0686,"A lot of people miss that campus life conversations keep looping without addressing root causes. In my view, people respond to what is easy and visible. People argue about headlines, but the structural pieces rarely change. There’s also a gap between what sounds good online and what actually works in practice. Most tradeoffs are real, even if they’re inconvenient to admit. If we slowed down and defined success clearly, debates would feel less chaotic. Everyone thinks someone else will fix it. None of this is simple, but pretending it is makes it worse.",1
ai_0687,"At the end of the day, politics conversations keep looping without addressing root causes. In my view, everyone thinks someone else will fix it. People argue about headlines, but the structural pieces rarely change. There’s also a gap between what sounds good online and what actually works in practice. Most tradeoffs are real, even if they’re inconvenient to admit. If we slowed down and defined success clearly, debates would feel less chaotic. Data helps, but context matters just as much. We don’t need perfection, just fewer obvious mistakes.",1
ai_0688,"If we're being real, tech conversations keep looping without addressing root causes. In my view, short term wins crowd out long term planning. People argue about headlines, but the structural pieces rarely change. There’s also a gap between what sounds good online and what actually works in practice. Most tradeoffs are real, even if they’re inconvenient to admit. If we slowed down and defined success clearly, debates would feel less chaotic. Policy details matter more than slogans. None of this is simple, but pretending it is makes it worse.",1
ai_0689,"The weird part is health conversations keep looping without addressing root causes. In my view, data helps, but context matters just as much. People argue about headlines, but the structural pieces rarely change. There’s also a gap between what sounds good online and what actually works in practice. Most tradeoffs are real, even if they’re inconvenient to admit. If we slowed down and defined success clearly, debates would feel less chaotic. Small improvements compound over time. A little humility would go a long way here.",1
ai_0690,"What gets overlooked is sports conversations keep looping without addressing root causes. In my view, everyone thinks someone else will fix it. People argue about headlines, but the structural pieces rarely change. There’s also a gap between what sounds good online and what actually works in practice. Most tradeoffs are real, even if they’re inconvenient to admit. If we slowed down and defined success clearly, debates would feel less chaotic. Everyone thinks someone else will fix it. None of this is simple, but pretending it is makes it worse.",1
ai_0691,"If we're being real, economy conversations keep looping without addressing root causes. In my view, incentives shape behavior more than speeches do. People argue about headlines, but the structural pieces rarely change. There’s also a gap between what sounds good online and what actually works in practice. Most tradeoffs are real, even if they’re inconvenient to admit. If we slowed down and defined success clearly, debates would feel less chaotic. People respond to what is easy and visible. It’s not dramatic, but steady effort probably matters more than viral moments.",1
ai_0692,"The weird part is climate conversations keep looping without addressing root causes. In my view, short term wins crowd out long term planning. People argue about headlines, but the structural pieces rarely change. There’s also a gap between what sounds good online and what actually works in practice. Most tradeoffs are real, even if they’re inconvenient to admit. If we slowed down and defined success clearly, debates would feel less chaotic. People respond to what is easy and visible. It’s not dramatic, but steady effort probably matters more than viral moments.",1
ai_0693,"Honestly, campus life conversations keep looping without addressing root causes. In my view, incentives shape behavior more than speeches do. People argue about headlines, but the structural pieces rarely change. There’s also a gap between what sounds good online and what actually works in practice. Most tradeoffs are real, even if they’re inconvenient to admit. If we slowed down and defined success clearly, debates would feel less chaotic. Burnout builds slowly and then hits all at once. None of this is simple, but pretending it is makes it worse.",1
ai_0694,"If we're being real, politics conversations keep looping without addressing root causes. In my view, small improvements compound over time. People argue about headlines, but the structural pieces rarely change. There’s also a gap between what sounds good online and what actually works in practice. Most tradeoffs are real, even if they’re inconvenient to admit. If we slowed down and defined success clearly, debates would feel less chaotic. Most systems reward speed over thoughtfulness. The boring fixes are usually the ones that work.",1
ai_0695,"The weird part is tech conversations keep looping without addressing root causes. In my view, everyone thinks someone else will fix it. People argue about headlines, but the structural pieces rarely change. There’s also a gap between what sounds good online and what actually works in practice. Most tradeoffs are real, even if they’re inconvenient to admit. If we slowed down and defined success clearly, debates would feel less chaotic. Burnout builds slowly and then hits all at once. We don’t need perfection, just fewer obvious mistakes.",1
ai_0696,"At the end of the day, health conversations keep looping without addressing root causes. In my view, data helps, but context matters just as much. People argue about headlines, but the structural pieces rarely change. There’s also a gap between what sounds good online and what actually works in practice. Most tradeoffs are real, even if they’re inconvenient to admit. If we slowed down and defined success clearly, debates would feel less chaotic. Incentives shape behavior more than speeches do. It’s not dramatic, but steady effort probably matters more than viral moments.",1
ai_0697,"It kind of feels like sports conversations keep looping without addressing root causes. In my view, most systems reward speed over thoughtfulness. People argue about headlines, but the structural pieces rarely change. There’s also a gap between what sounds good online and what actually works in practice. Most tradeoffs are real, even if they’re inconvenient to admit. If we slowed down and defined success clearly, debates would feel less chaotic. Policy details matter more than slogans. There’s room to disagree without pretending the other side is evil.",1
ai_0698,"A lot of people miss that economy conversations keep looping without addressing root causes. In my view, people respond to what is easy and visible. People argue about headlines, but the structural pieces rarely change. There’s also a gap between what sounds good online and what actually works in practice. Most tradeoffs are real, even if they’re inconvenient to admit. If we slowed down and defined success clearly, debates would feel less chaotic. People respond to what is easy and visible. None of this is simple, but pretending it is makes it worse.",1
ai_0699,"If we're being real, climate conversations keep looping without addressing root causes. In my view, data helps, but context matters just as much. People argue about headlines, but the structural pieces rarely change. There’s also a gap between what sounds good online and what actually works in practice. Most tradeoffs are real, even if they’re inconvenient to admit. If we slowed down and defined success clearly, debates would feel less chaotic. Incentives shape behavior more than speeches do. We should probably focus less on outrage and more on execution.",1
ai_0700,"Low key, campus life conversations keep looping without addressing root causes. In my view, short term wins crowd out long term planning. People argue about headlines, but the structural pieces rarely change. There’s also a gap between what sounds good online and what actually works in practice. Most tradeoffs are real, even if they’re inconvenient to admit. If we slowed down and defined success clearly, debates would feel less chaotic. Small improvements compound over time. We don’t need perfection, just fewer obvious mistakes.",1
ai_0701,"A lot of people miss that politics conversations keep looping without addressing root causes. In my view, data helps, but context matters just as much. People argue about headlines, but the structural pieces rarely change. There’s also a gap between what sounds good online and what actually works in practice. Most tradeoffs are real, even if they’re inconvenient to admit. If we slowed down and defined success clearly, debates would feel less chaotic. Policy details matter more than slogans. A little humility would go a long way here.",1
ai_0702,"Low key, tech conversations keep looping without addressing root causes. In my view, everyone thinks someone else will fix it. People argue about headlines, but the structural pieces rarely change. There’s also a gap between what sounds good online and what actually works in practice. Most tradeoffs are real, even if they’re inconvenient to admit. If we slowed down and defined success clearly, debates would feel less chaotic. Incentives shape behavior more than speeches do. It’s not dramatic, but steady effort probably matters more than viral moments.",1
ai_0703,"At the end of the day, health conversations keep looping without addressing root causes. In my view, small improvements compound over time. People argue about headlines, but the structural pieces rarely change. There’s also a gap between what sounds good online and what actually works in practice. Most tradeoffs are real, even if they’re inconvenient to admit. If we slowed down and defined success clearly, debates would feel less chaotic. Small improvements compound over time. We should probably focus less on outrage and more on execution.",1
ai_0704,"At the end of the day, sports conversations keep looping without addressing root causes. In my view, short term wins crowd out long term planning. People argue about headlines, but the structural pieces rarely change. There’s also a gap between what sounds good online and what actually works in practice. Most tradeoffs are real, even if they’re inconvenient to admit. If we slowed down and defined success clearly, debates would feel less chaotic. Data helps, but context matters just as much. There’s room to disagree without pretending the other side is evil.",1
ai_0705,"What gets overlooked is economy conversations keep looping without addressing root causes. In my view, people respond to what is easy and visible. People argue about headlines, but the structural pieces rarely change. There’s also a gap between what sounds good online and what actually works in practice. Most tradeoffs are real, even if they’re inconvenient to admit. If we slowed down and defined success clearly, debates would feel less chaotic. Data helps, but context matters just as much. There’s room to disagree without pretending the other side is evil.",1
ai_0706,"It kind of feels like climate conversations keep looping without addressing root causes. In my view, short term wins crowd out long term planning. People argue about headlines, but the structural pieces rarely change. There’s also a gap between what sounds good online and what actually works in practice. Most tradeoffs are real, even if they’re inconvenient to admit. If we slowed down and defined success clearly, debates would feel less chaotic. Communication gaps create unnecessary tension. A little humility would go a long way here.",1
ai_0707,"What gets overlooked is campus life conversations keep looping without addressing root causes. In my view, communication gaps create unnecessary tension. People argue about headlines, but the structural pieces rarely change. There’s also a gap between what sounds good online and what actually works in practice. Most tradeoffs are real, even if they’re inconvenient to admit. If we slowed down and defined success clearly, debates would feel less chaotic. Policy details matter more than slogans. A little humility would go a long way here.",1
ai_0708,"At the end of the day, politics conversations keep looping without addressing root causes. In my view, burnout builds slowly and then hits all at once. People argue about headlines, but the structural pieces rarely change. There’s also a gap between what sounds good online and what actually works in practice. Most tradeoffs are real, even if they’re inconvenient to admit. If we slowed down and defined success clearly, debates would feel less chaotic. Incentives shape behavior more than speeches do. None of this is simple, but pretending it is makes it worse.",1
ai_0709,"It kind of feels like tech conversations keep looping without addressing root causes. In my view, incentives shape behavior more than speeches do. People argue about headlines, but the structural pieces rarely change. There’s also a gap between what sounds good online and what actually works in practice. Most tradeoffs are real, even if they’re inconvenient to admit. If we slowed down and defined success clearly, debates would feel less chaotic. Everyone thinks someone else will fix it. A little humility would go a long way here.",1
ai_0710,"It kind of feels like health conversations keep looping without addressing root causes. In my view, most systems reward speed over thoughtfulness. People argue about headlines, but the structural pieces rarely change. There’s also a gap between what sounds good online and what actually works in practice. Most tradeoffs are real, even if they’re inconvenient to admit. If we slowed down and defined success clearly, debates would feel less chaotic. Data helps, but context matters just as much. We should probably focus less on outrage and more on execution.",1
ai_0711,"Low key, sports conversations keep looping without addressing root causes. In my view, most systems reward speed over thoughtfulness. People argue about headlines, but the structural pieces rarely change. There’s also a gap between what sounds good online and what actually works in practice. Most tradeoffs are real, even if they’re inconvenient to admit. If we slowed down and defined success clearly, debates would feel less chaotic. Everyone thinks someone else will fix it. We don’t need perfection, just fewer obvious mistakes.",1
ai_0712,"At the end of the day, economy conversations keep looping without addressing root causes. In my view, most systems reward speed over thoughtfulness. People argue about headlines, but the structural pieces rarely change. There’s also a gap between what sounds good online and what actually works in practice. Most tradeoffs are real, even if they’re inconvenient to admit. If we slowed down and defined success clearly, debates would feel less chaotic. People respond to what is easy and visible. There’s room to disagree without pretending the other side is evil.",1
ai_0713,"Low key, climate conversations keep looping without addressing root causes. In my view, incentives shape behavior more than speeches do. People argue about headlines, but the structural pieces rarely change. There’s also a gap between what sounds good online and what actually works in practice. Most tradeoffs are real, even if they’re inconvenient to admit. If we slowed down and defined success clearly, debates would feel less chaotic. Communication gaps create unnecessary tension. We don’t need perfection, just fewer obvious mistakes.",1
ai_0714,"A lot of people miss that campus life conversations keep looping without addressing root causes. In my view, short term wins crowd out long term planning. People argue about headlines, but the structural pieces rarely change. There’s also a gap between what sounds good online and what actually works in practice. Most tradeoffs are real, even if they’re inconvenient to admit. If we slowed down and defined success clearly, debates would feel less chaotic. Everyone thinks someone else will fix it. A little humility would go a long way here.",1
ai_0715,"What gets overlooked is politics conversations keep looping without addressing root causes. In my view, burnout builds slowly and then hits all at once. People argue about headlines, but the structural pieces rarely change. There’s also a gap between what sounds good online and what actually works in practice. Most tradeoffs are real, even if they’re inconvenient to admit. If we slowed down and defined success clearly, debates would feel less chaotic. Incentives shape behavior more than speeches do. None of this is simple, but pretending it is makes it worse.",1
ai_0716,"A lot of people miss that tech conversations keep looping without addressing root causes. In my view, burnout builds slowly and then hits all at once. People argue about headlines, but the structural pieces rarely change. There’s also a gap between what sounds good online and what actually works in practice. Most tradeoffs are real, even if they’re inconvenient to admit. If we slowed down and defined success clearly, debates would feel less chaotic. Burnout builds slowly and then hits all at once. We don’t need perfection, just fewer obvious mistakes.",1
ai_0717,"Honestly, health conversations keep looping without addressing root causes. In my view, people respond to what is easy and visible. People argue about headlines, but the structural pieces rarely change. There’s also a gap between what sounds good online and what actually works in practice. Most tradeoffs are real, even if they’re inconvenient to admit. If we slowed down and defined success clearly, debates would feel less chaotic. Data helps, but context matters just as much. It’s not dramatic, but steady effort probably matters more than viral moments.",1
ai_0718,"If we're being real, sports conversations keep looping without addressing root causes. In my view, communication gaps create unnecessary tension. People argue about headlines, but the structural pieces rarely change. There’s also a gap between what sounds good online and what actually works in practice. Most tradeoffs are real, even if they’re inconvenient to admit. If we slowed down and defined success clearly, debates would feel less chaotic. Policy details matter more than slogans. It’s not dramatic, but steady effort probably matters more than viral moments.",1
ai_0719,"At the end of the day, economy conversations keep looping without addressing root causes. In my view, data helps, but context matters just as much. People argue about headlines, but the structural pieces rarely change. There’s also a gap between what sounds good online and what actually works in practice. Most tradeoffs are real, even if they’re inconvenient to admit. If we slowed down and defined success clearly, debates would feel less chaotic. Communication gaps create unnecessary tension. The boring fixes are usually the ones that work.",1
ai_0720,"Honestly, climate conversations keep looping without addressing root causes. In my view, everyone thinks someone else will fix it. People argue about headlines, but the structural pieces rarely change. There’s also a gap between what sounds good online and what actually works in practice. Most tradeoffs are real, even if they’re inconvenient to admit. If we slowed down and defined success clearly, debates would feel less chaotic. Communication gaps create unnecessary tension. We should probably focus less on outrage and more on execution.",1
ai_0721,"I keep noticing that campus life conversations keep looping without addressing root causes. In my view, people respond to what is easy and visible. People argue about headlines, but the structural pieces rarely change. There’s also a gap between what sounds good online and what actually works in practice. Most tradeoffs are real, even if they’re inconvenient to admit. If we slowed down and defined success clearly, debates would feel less chaotic. People respond to what is easy and visible. The boring fixes are usually the ones that work.",1
ai_0722,"I keep noticing that politics conversations keep looping without addressing root causes. In my view, small improvements compound over time. People argue about headlines, but the structural pieces rarely change. There’s also a gap between what sounds good online and what actually works in practice. Most tradeoffs are real, even if they’re inconvenient to admit. If we slowed down and defined success clearly, debates would feel less chaotic. Most systems reward speed over thoughtfulness. It’s not dramatic, but steady effort probably matters more than viral moments.",1
ai_0723,"What gets overlooked is tech conversations keep looping without addressing root causes. In my view, data helps, but context matters just as much. People argue about headlines, but the structural pieces rarely change. There’s also a gap between what sounds good online and what actually works in practice. Most tradeoffs are real, even if they’re inconvenient to admit. If we slowed down and defined success clearly, debates would feel less chaotic. Data helps, but context matters just as much. The boring fixes are usually the ones that work.",1
ai_0724,"I keep noticing that health conversations keep looping without addressing root causes. In my view, everyone thinks someone else will fix it. People argue about headlines, but the structural pieces rarely change. There’s also a gap between what sounds good online and what actually works in practice. Most tradeoffs are real, even if they’re inconvenient to admit. If we slowed down and defined success clearly, debates would feel less chaotic. Policy details matter more than slogans. A little humility would go a long way here.",1
ai_0725,"A lot of people miss that sports conversations keep looping without addressing root causes. In my view, policy details matter more than slogans. People argue about headlines, but the structural pieces rarely change. There’s also a gap between what sounds good online and what actually works in practice. Most tradeoffs are real, even if they’re inconvenient to admit. If we slowed down and defined success clearly, debates would feel less chaotic. Data helps, but context matters just as much. We don’t need perfection, just fewer obvious mistakes.",1
ai_0726,"At the end of the day, economy conversations keep looping without addressing root causes. In my view, short term wins crowd out long term planning. People argue about headlines, but the structural pieces rarely change. There’s also a gap between what sounds good online and what actually works in practice. Most tradeoffs are real, even if they’re inconvenient to admit. If we slowed down and defined success clearly, debates would feel less chaotic. Short term wins crowd out long term planning. It’s not dramatic, but steady effort probably matters more than viral moments.",1
ai_0727,"It kind of feels like climate conversations keep looping without addressing root causes. In my view, incentives shape behavior more than speeches do. People argue about headlines, but the structural pieces rarely change. There’s also a gap between what sounds good online and what actually works in practice. Most tradeoffs are real, even if they’re inconvenient to admit. If we slowed down and defined success clearly, debates would feel less chaotic. Policy details matter more than slogans. We don’t need perfection, just fewer obvious mistakes.",1
ai_0728,"It kind of feels like campus life conversations keep looping without addressing root causes. In my view, data helps, but context matters just as much. People argue about headlines, but the structural pieces rarely change. There’s also a gap between what sounds good online and what actually works in practice. Most tradeoffs are real, even if they’re inconvenient to admit. If we slowed down and defined success clearly, debates would feel less chaotic. Burnout builds slowly and then hits all at once. There’s room to disagree without pretending the other side is evil.",1
ai_0729,"I keep noticing that politics conversations keep looping without addressing root causes. In my view, policy details matter more than slogans. People argue about headlines, but the structural pieces rarely change. There’s also a gap between what sounds good online and what actually works in practice. Most tradeoffs are real, even if they’re inconvenient to admit. If we slowed down and defined success clearly, debates would feel less chaotic. Communication gaps create unnecessary tension. The boring fixes are usually the ones that work.",1
ai_0730,"At the end of the day, tech conversations keep looping without addressing root causes. In my view, small improvements compound over time. People argue about headlines, but the structural pieces rarely change. There’s also a gap between what sounds good online and what actually works in practice. Most tradeoffs are real, even if they’re inconvenient to admit. If we slowed down and defined success clearly, debates would feel less chaotic. Communication gaps create unnecessary tension. It’s not dramatic, but steady effort probably matters more than viral moments.",1
ai_0731,"The weird part is health conversations keep looping without addressing root causes. In my view, people respond to what is easy and visible. People argue about headlines, but the structural pieces rarely change. There’s also a gap between what sounds good online and what actually works in practice. Most tradeoffs are real, even if they’re inconvenient to admit. If we slowed down and defined success clearly, debates would feel less chaotic. Everyone thinks someone else will fix it. We don’t need perfection, just fewer obvious mistakes.",1
ai_0732,"If we're being real, sports conversations keep looping without addressing root causes. In my view, everyone thinks someone else will fix it. People argue about headlines, but the structural pieces rarely change. There’s also a gap between what sounds good online and what actually works in practice. Most tradeoffs are real, even if they’re inconvenient to admit. If we slowed down and defined success clearly, debates would feel less chaotic. Burnout builds slowly and then hits all at once. We should probably focus less on outrage and more on execution.",1
ai_0733,"It kind of feels like economy conversations keep looping without addressing root causes. In my view, incentives shape behavior more than speeches do. People argue about headlines, but the structural pieces rarely change. There’s also a gap between what sounds good online and what actually works in practice. Most tradeoffs are real, even if they’re inconvenient to admit. If we slowed down and defined success clearly, debates would feel less chaotic. People respond to what is easy and visible. A little humility would go a long way here.",1
ai_0734,"What gets overlooked is climate conversations keep looping without addressing root causes. In my view, small improvements compound over time. People argue about headlines, but the structural pieces rarely change. There’s also a gap between what sounds good online and what actually works in practice. Most tradeoffs are real, even if they’re inconvenient to admit. If we slowed down and defined success clearly, debates would feel less chaotic. Data helps, but context matters just as much. None of this is simple, but pretending it is makes it worse.",1
ai_0735,"What gets overlooked is campus life conversations keep looping without addressing root causes. In my view, most systems reward speed over thoughtfulness. People argue about headlines, but the structural pieces rarely change. There’s also a gap between what sounds good online and what actually works in practice. Most tradeoffs are real, even if they’re inconvenient to admit. If we slowed down and defined success clearly, debates would feel less chaotic. Incentives shape behavior more than speeches do. None of this is simple, but pretending it is makes it worse.",1
ai_0736,"The weird part is politics conversations keep looping without addressing root causes. In my view, small improvements compound over time. People argue about headlines, but the structural pieces rarely change. There’s also a gap between what sounds good online and what actually works in practice. Most tradeoffs are real, even if they’re inconvenient to admit. If we slowed down and defined success clearly, debates would feel less chaotic. Small improvements compound over time. We should probably focus less on outrage and more on execution.",1
ai_0737,"Low key, tech conversations keep looping without addressing root causes. In my view, burnout builds slowly and then hits all at once. People argue about headlines, but the structural pieces rarely change. There’s also a gap between what sounds good online and what actually works in practice. Most tradeoffs are real, even if they’re inconvenient to admit. If we slowed down and defined success clearly, debates would feel less chaotic. Most systems reward speed over thoughtfulness. A little humility would go a long way here.",1
ai_0738,"At the end of the day, health conversations keep looping without addressing root causes. In my view, everyone thinks someone else will fix it. People argue about headlines, but the structural pieces rarely change. There’s also a gap between what sounds good online and what actually works in practice. Most tradeoffs are real, even if they’re inconvenient to admit. If we slowed down and defined success clearly, debates would feel less chaotic. Data helps, but context matters just as much. The boring fixes are usually the ones that work.",1
ai_0739,"What gets overlooked is sports conversations keep looping without addressing root causes. In my view, small improvements compound over time. People argue about headlines, but the structural pieces rarely change. There’s also a gap between what sounds good online and what actually works in practice. Most tradeoffs are real, even if they’re inconvenient to admit. If we slowed down and defined success clearly, debates would feel less chaotic. Small improvements compound over time. It’s not dramatic, but steady effort probably matters more than viral moments.",1
ai_0740,"It kind of feels like economy conversations keep looping without addressing root causes. In my view, policy details matter more than slogans. People argue about headlines, but the structural pieces rarely change. There’s also a gap between what sounds good online and what actually works in practice. Most tradeoffs are real, even if they’re inconvenient to admit. If we slowed down and defined success clearly, debates would feel less chaotic. Short term wins crowd out long term planning. The boring fixes are usually the ones that work.",1
ai_0741,"It kind of feels like climate conversations keep looping without addressing root causes. In my view, small improvements compound over time. People argue about headlines, but the structural pieces rarely change. There’s also a gap between what sounds good online and what actually works in practice. Most tradeoffs are real, even if they’re inconvenient to admit. If we slowed down and defined success clearly, debates would feel less chaotic. Policy details matter more than slogans. It’s not dramatic, but steady effort probably matters more than viral moments.",1
ai_0742,"What gets overlooked is campus life conversations keep looping without addressing root causes. In my view, most systems reward speed over thoughtfulness. People argue about headlines, but the structural pieces rarely change. There’s also a gap between what sounds good online and what actually works in practice. Most tradeoffs are real, even if they’re inconvenient to admit. If we slowed down and defined success clearly, debates would feel less chaotic. Data helps, but context matters just as much. We don’t need perfection, just fewer obvious mistakes.",1
ai_0743,"Honestly, politics conversations keep looping without addressing root causes. In my view, data helps, but context matters just as much. People argue about headlines, but the structural pieces rarely change. There’s also a gap between what sounds good online and what actually works in practice. Most tradeoffs are real, even if they’re inconvenient to admit. If we slowed down and defined success clearly, debates would feel less chaotic. Policy details matter more than slogans. It’s not dramatic, but steady effort probably matters more than viral moments.",1
ai_0744,"If we're being real, tech conversations keep looping without addressing root causes. In my view, burnout builds slowly and then hits all at once. People argue about headlines, but the structural pieces rarely change. There’s also a gap between what sounds good online and what actually works in practice. Most tradeoffs are real, even if they’re inconvenient to admit. If we slowed down and defined success clearly, debates would feel less chaotic. Communication gaps create unnecessary tension. None of this is simple, but pretending it is makes it worse.",1
ai_0745,"A lot of people miss that health conversations keep looping without addressing root causes. In my view, incentives shape behavior more than speeches do. People argue about headlines, but the structural pieces rarely change. There’s also a gap between what sounds good online and what actually works in practice. Most tradeoffs are real, even if they’re inconvenient to admit. If we slowed down and defined success clearly, debates would feel less chaotic. Communication gaps create unnecessary tension. The boring fixes are usually the ones that work.",1
ai_0746,"What gets overlooked is sports conversations keep looping without addressing root causes. In my view, burnout builds slowly and then hits all at once. People argue about headlines, but the structural pieces rarely change. There’s also a gap between what sounds good online and what actually works in practice. Most tradeoffs are real, even if they’re inconvenient to admit. If we slowed down and defined success clearly, debates would feel less chaotic. Everyone thinks someone else will fix it. None of this is simple, but pretending it is makes it worse.",1
ai_0747,"Honestly, economy conversations keep looping without addressing root causes. In my view, incentives shape behavior more than speeches do. People argue about headlines, but the structural pieces rarely change. There’s also a gap between what sounds good online and what actually works in practice. Most tradeoffs are real, even if they’re inconvenient to admit. If we slowed down and defined success clearly, debates would feel less chaotic. Small improvements compound over time. None of this is simple, but pretending it is makes it worse.",1
ai_0748,"If we're being real, climate conversations keep looping without addressing root causes. In my view, most systems reward speed over thoughtfulness. People argue about headlines, but the structural pieces rarely change. There’s also a gap between what sounds good online and what actually works in practice. Most tradeoffs are real, even if they’re inconvenient to admit. If we slowed down and defined success clearly, debates would feel less chaotic. Incentives shape behavior more than speeches do. We don’t need perfection, just fewer obvious mistakes.",1
ai_0749,"Low key, campus life conversations keep looping without addressing root causes. In my view, most systems reward speed over thoughtfulness. People argue about headlines, but the structural pieces rarely change. There’s also a gap between what sounds good online and what actually works in practice. Most tradeoffs are real, even if they’re inconvenient to admit. If we slowed down and defined success clearly, debates would feel less chaotic. Communication gaps create unnecessary tension. The boring fixes are usually the ones that work.",1
ai_0750,"The weird part is politics conversations keep looping without addressing root causes. In my view, short term wins crowd out long term planning. People argue about headlines, but the structural pieces rarely change. There’s also a gap between what sounds good online and what actually works in practice. Most tradeoffs are real, even if they’re inconvenient to admit. If we slowed down and defined success clearly, debates would feel less chaotic. Data helps, but context matters just as much. It’s not dramatic, but steady effort probably matters more than viral moments.",1
ai_0751,"Honestly, tech conversations keep looping without addressing root causes. In my view, burnout builds slowly and then hits all at once. People argue about headlines, but the structural pieces rarely change. There’s also a gap between what sounds good online and what actually works in practice. Most tradeoffs are real, even if they’re inconvenient to admit. If we slowed down and defined success clearly, debates would feel less chaotic. Policy details matter more than slogans. It’s not dramatic, but steady effort probably matters more than viral moments.",1
ai_0752,"I keep noticing that health conversations keep looping without addressing root causes. In my view, short term wins crowd out long term planning. People argue about headlines, but the structural pieces rarely change. There’s also a gap between what sounds good online and what actually works in practice. Most tradeoffs are real, even if they’re inconvenient to admit. If we slowed down and defined success clearly, debates would feel less chaotic. Burnout builds slowly and then hits all at once. None of this is simple, but pretending it is makes it worse.",1
ai_0753,"The weird part is sports conversations keep looping without addressing root causes. In my view, people respond to what is easy and visible. People argue about headlines, but the structural pieces rarely change. There’s also a gap between what sounds good online and what actually works in practice. Most tradeoffs are real, even if they’re inconvenient to admit. If we slowed down and defined success clearly, debates would feel less chaotic. Small improvements compound over time. We don’t need perfection, just fewer obvious mistakes.",1
ai_0754,"If we're being real, economy conversations keep looping without addressing root causes. In my view, everyone thinks someone else will fix it. People argue about headlines, but the structural pieces rarely change. There’s also a gap between what sounds good online and what actually works in practice. Most tradeoffs are real, even if they’re inconvenient to admit. If we slowed down and defined success clearly, debates would feel less chaotic. Most systems reward speed over thoughtfulness. The boring fixes are usually the ones that work.",1
ai_0755,"It kind of feels like climate conversations keep looping without addressing root causes. In my view, small improvements compound over time. People argue about headlines, but the structural pieces rarely change. There’s also a gap between what sounds good online and what actually works in practice. Most tradeoffs are real, even if they’re inconvenient to admit. If we slowed down and defined success clearly, debates would feel less chaotic. Short term wins crowd out long term planning. A little humility would go a long way here.",1
ai_0756,"Honestly, campus life conversations keep looping without addressing root causes. In my view, communication gaps create unnecessary tension. People argue about headlines, but the structural pieces rarely change. There’s also a gap between what sounds good online and what actually works in practice. Most tradeoffs are real, even if they’re inconvenient to admit. If we slowed down and defined success clearly, debates would feel less chaotic. Incentives shape behavior more than speeches do. It’s not dramatic, but steady effort probably matters more than viral moments.",1
ai_0757,"If we're being real, politics conversations keep looping without addressing root causes. In my view, communication gaps create unnecessary tension. People argue about headlines, but the structural pieces rarely change. There’s also a gap between what sounds good online and what actually works in practice. Most tradeoffs are real, even if they’re inconvenient to admit. If we slowed down and defined success clearly, debates would feel less chaotic. Short term wins crowd out long term planning. We don’t need perfection, just fewer obvious mistakes.",1
ai_0758,"What gets overlooked is tech conversations keep looping without addressing root causes. In my view, small improvements compound over time. People argue about headlines, but the structural pieces rarely change. There’s also a gap between what sounds good online and what actually works in practice. Most tradeoffs are real, even if they’re inconvenient to admit. If we slowed down and defined success clearly, debates would feel less chaotic. Communication gaps create unnecessary tension. We should probably focus less on outrage and more on execution.",1
ai_0759,"What gets overlooked is health conversations keep looping without addressing root causes. In my view, incentives shape behavior more than speeches do. People argue about headlines, but the structural pieces rarely change. There’s also a gap between what sounds good online and what actually works in practice. Most tradeoffs are real, even if they’re inconvenient to admit. If we slowed down and defined success clearly, debates would feel less chaotic. People respond to what is easy and visible. We should probably focus less on outrage and more on execution.",1
ai_0760,"At the end of the day, sports conversations keep looping without addressing root causes. In my view, policy details matter more than slogans. People argue about headlines, but the structural pieces rarely change. There’s also a gap between what sounds good online and what actually works in practice. Most tradeoffs are real, even if they’re inconvenient to admit. If we slowed down and defined success clearly, debates would feel less chaotic. Short term wins crowd out long term planning. We should probably focus less on outrage and more on execution.",1
ai_0761,"The weird part is economy conversations keep looping without addressing root causes. In my view, communication gaps create unnecessary tension. People argue about headlines, but the structural pieces rarely change. There’s also a gap between what sounds good online and what actually works in practice. Most tradeoffs are real, even if they’re inconvenient to admit. If we slowed down and defined success clearly, debates would feel less chaotic. Data helps, but context matters just as much. It’s not dramatic, but steady effort probably matters more than viral moments.",1
ai_0762,"A lot of people miss that climate conversations keep looping without addressing root causes. In my view, small improvements compound over time. People argue about headlines, but the structural pieces rarely change. There’s also a gap between what sounds good online and what actually works in practice. Most tradeoffs are real, even if they’re inconvenient to admit. If we slowed down and defined success clearly, debates would feel less chaotic. Communication gaps create unnecessary tension. None of this is simple, but pretending it is makes it worse.",1
ai_0763,"At the end of the day, campus life conversations keep looping without addressing root causes. In my view, most systems reward speed over thoughtfulness. People argue about headlines, but the structural pieces rarely change. There’s also a gap between what sounds good online and what actually works in practice. Most tradeoffs are real, even if they’re inconvenient to admit. If we slowed down and defined success clearly, debates would feel less chaotic. Incentives shape behavior more than speeches do. We should probably focus less on outrage and more on execution.",1
ai_0764,"Low key, politics conversations keep looping without addressing root causes. In my view, communication gaps create unnecessary tension. People argue about headlines, but the structural pieces rarely change. There’s also a gap between what sounds good online and what actually works in practice. Most tradeoffs are real, even if they’re inconvenient to admit. If we slowed down and defined success clearly, debates would feel less chaotic. Data helps, but context matters just as much. None of this is simple, but pretending it is makes it worse.",1
ai_0765,"It kind of feels like tech conversations keep looping without addressing root causes. In my view, most systems reward speed over thoughtfulness. People argue about headlines, but the structural pieces rarely change. There’s also a gap between what sounds good online and what actually works in practice. Most tradeoffs are real, even if they’re inconvenient to admit. If we slowed down and defined success clearly, debates would feel less chaotic. Most systems reward speed over thoughtfulness. None of this is simple, but pretending it is makes it worse.",1
ai_0766,"What gets overlooked is health conversations keep looping without addressing root causes. In my view, data helps, but context matters just as much. People argue about headlines, but the structural pieces rarely change. There’s also a gap between what sounds good online and what actually works in practice. Most tradeoffs are real, even if they’re inconvenient to admit. If we slowed down and defined success clearly, debates would feel less chaotic. Most systems reward speed over thoughtfulness. A little humility would go a long way here.",1
ai_0767,"If we're being real, sports conversations keep looping without addressing root causes. In my view, data helps, but context matters just as much. People argue about headlines, but the structural pieces rarely change. There’s also a gap between what sounds good online and what actually works in practice. Most tradeoffs are real, even if they’re inconvenient to admit. If we slowed down and defined success clearly, debates would feel less chaotic. People respond to what is easy and visible. We should probably focus less on outrage and more on execution.",1
ai_0768,"It kind of feels like economy conversations keep looping without addressing root causes. In my view, incentives shape behavior more than speeches do. People argue about headlines, but the structural pieces rarely change. There’s also a gap between what sounds good online and what actually works in practice. Most tradeoffs are real, even if they’re inconvenient to admit. If we slowed down and defined success clearly, debates would feel less chaotic. Incentives shape behavior more than speeches do. The boring fixes are usually the ones that work.",1
ai_0769,"Honestly, climate conversations keep looping without addressing root causes. In my view, communication gaps create unnecessary tension. People argue about headlines, but the structural pieces rarely change. There’s also a gap between what sounds good online and what actually works in practice. Most tradeoffs are real, even if they’re inconvenient to admit. If we slowed down and defined success clearly, debates would feel less chaotic. Communication gaps create unnecessary tension. It’s not dramatic, but steady effort probably matters more than viral moments.",1
ai_0770,"A lot of people miss that campus life conversations keep looping without addressing root causes. In my view, incentives shape behavior more than speeches do. People argue about headlines, but the structural pieces rarely change. There’s also a gap between what sounds good online and what actually works in practice. Most tradeoffs are real, even if they’re inconvenient to admit. If we slowed down and defined success clearly, debates would feel less chaotic. Burnout builds slowly and then hits all at once. The boring fixes are usually the ones that work.",1
ai_0771,"I keep noticing that politics conversations keep looping without addressing root causes. In my view, data helps, but context matters just as much. People argue about headlines, but the structural pieces rarely change. There’s also a gap between what sounds good online and what actually works in practice. Most tradeoffs are real, even if they’re inconvenient to admit. If we slowed down and defined success clearly, debates would feel less chaotic. Incentives shape behavior more than speeches do. The boring fixes are usually the ones that work.",1
ai_0772,"The weird part is tech conversations keep looping without addressing root causes. In my view, most systems reward speed over thoughtfulness. People argue about headlines, but the structural pieces rarely change. There’s also a gap between what sounds good online and what actually works in practice. Most tradeoffs are real, even if they’re inconvenient to admit. If we slowed down and defined success clearly, debates would feel less chaotic. Data helps, but context matters just as much. There’s room to disagree without pretending the other side is evil.",1
ai_0773,"If we're being real, health conversations keep looping without addressing root causes. In my view, small improvements compound over time. People argue about headlines, but the structural pieces rarely change. There’s also a gap between what sounds good online and what actually works in practice. Most tradeoffs are real, even if they’re inconvenient to admit. If we slowed down and defined success clearly, debates would feel less chaotic. Policy details matter more than slogans. There’s room to disagree without pretending the other side is evil.",1
ai_0774,"The weird part is sports conversations keep looping without addressing root causes. In my view, policy details matter more than slogans. People argue about headlines, but the structural pieces rarely change. There’s also a gap between what sounds good online and what actually works in practice. Most tradeoffs are real, even if they’re inconvenient to admit. If we slowed down and defined success clearly, debates would feel less chaotic. Policy details matter more than slogans. There’s room to disagree without pretending the other side is evil.",1
ai_0775,"If we're being real, economy conversations keep looping without addressing root causes. In my view, data helps, but context matters just as much. People argue about headlines, but the structural pieces rarely change. There’s also a gap between what sounds good online and what actually works in practice. Most tradeoffs are real, even if they’re inconvenient to admit. If we slowed down and defined success clearly, debates would feel less chaotic. Policy details matter more than slogans. A little humility would go a long way here.",1
ai_0776,"If we're being real, climate conversations keep looping without addressing root causes. In my view, incentives shape behavior more than speeches do. People argue about headlines, but the structural pieces rarely change. There’s also a gap between what sounds good online and what actually works in practice. Most tradeoffs are real, even if they’re inconvenient to admit. If we slowed down and defined success clearly, debates would feel less chaotic. Most systems reward speed over thoughtfulness. It’s not dramatic, but steady effort probably matters more than viral moments.",1
ai_0777,"I keep noticing that campus life conversations keep looping without addressing root causes. In my view, short term wins crowd out long term planning. People argue about headlines, but the structural pieces rarely change. There’s also a gap between what sounds good online and what actually works in practice. Most tradeoffs are real, even if they’re inconvenient to admit. If we slowed down and defined success clearly, debates would feel less chaotic. Everyone thinks someone else will fix it. We should probably focus less on outrage and more on execution.",1
ai_0778,"It kind of feels like politics conversations keep looping without addressing root causes. In my view, small improvements compound over time. People argue about headlines, but the structural pieces rarely change. There’s also a gap between what sounds good online and what actually works in practice. Most tradeoffs are real, even if they’re inconvenient to admit. If we slowed down and defined success clearly, debates would feel less chaotic. Most systems reward speed over thoughtfulness. The boring fixes are usually the ones that work.",1
ai_0779,"It kind of feels like tech conversations keep looping without addressing root causes. In my view, data helps, but context matters just as much. People argue about headlines, but the structural pieces rarely change. There’s also a gap between what sounds good online and what actually works in practice. Most tradeoffs are real, even if they’re inconvenient to admit. If we slowed down and defined success clearly, debates would feel less chaotic. People respond to what is easy and visible. We should probably focus less on outrage and more on execution.",1
ai_0780,"I keep noticing that health conversations keep looping without addressing root causes. In my view, incentives shape behavior more than speeches do. People argue about headlines, but the structural pieces rarely change. There’s also a gap between what sounds good online and what actually works in practice. Most tradeoffs are real, even if they’re inconvenient to admit. If we slowed down and defined success clearly, debates would feel less chaotic. Burnout builds slowly and then hits all at once. It’s not dramatic, but steady effort probably matters more than viral moments.",1
ai_0781,"The weird part is sports conversations keep looping without addressing root causes. In my view, incentives shape behavior more than speeches do. People argue about headlines, but the structural pieces rarely change. There’s also a gap between what sounds good online and what actually works in practice. Most tradeoffs are real, even if they’re inconvenient to admit. If we slowed down and defined success clearly, debates would feel less chaotic. Most systems reward speed over thoughtfulness. The boring fixes are usually the ones that work.",1
ai_0782,"It kind of feels like economy conversations keep looping without addressing root causes. In my view, short term wins crowd out long term planning. People argue about headlines, but the structural pieces rarely change. There’s also a gap between what sounds good online and what actually works in practice. Most tradeoffs are real, even if they’re inconvenient to admit. If we slowed down and defined success clearly, debates would feel less chaotic. Short term wins crowd out long term planning. There’s room to disagree without pretending the other side is evil.",1
ai_0783,"I keep noticing that climate conversations keep looping without addressing root causes. In my view, communication gaps create unnecessary tension. People argue about headlines, but the structural pieces rarely change. There’s also a gap between what sounds good online and what actually works in practice. Most tradeoffs are real, even if they’re inconvenient to admit. If we slowed down and defined success clearly, debates would feel less chaotic. Policy details matter more than slogans. The boring fixes are usually the ones that work.",1
ai_0784,"At the end of the day, campus life conversations keep looping without addressing root causes. In my view, short term wins crowd out long term planning. People argue about headlines, but the structural pieces rarely change. There’s also a gap between what sounds good online and what actually works in practice. Most tradeoffs are real, even if they’re inconvenient to admit. If we slowed down and defined success clearly, debates would feel less chaotic. Small improvements compound over time. The boring fixes are usually the ones that work.",1
ai_0785,"I keep noticing that politics conversations keep looping without addressing root causes. In my view, data helps, but context matters just as much. People argue about headlines, but the structural pieces rarely change. There’s also a gap between what sounds good online and what actually works in practice. Most tradeoffs are real, even if they’re inconvenient to admit. If we slowed down and defined success clearly, debates would feel less chaotic. Data helps, but context matters just as much. The boring fixes are usually the ones that work.",1
ai_0786,"A lot of people miss that tech conversations keep looping without addressing root causes. In my view, incentives shape behavior more than speeches do. People argue about headlines, but the structural pieces rarely change. There’s also a gap between what sounds good online and what actually works in practice. Most tradeoffs are real, even if they’re inconvenient to admit. If we slowed down and defined success clearly, debates would feel less chaotic. People respond to what is easy and visible. The boring fixes are usually the ones that work.",1
ai_0787,"If we're being real, health conversations keep looping without addressing root causes. In my view, incentives shape behavior more than speeches do. People argue about headlines, but the structural pieces rarely change. There’s also a gap between what sounds good online and what actually works in practice. Most tradeoffs are real, even if they’re inconvenient to admit. If we slowed down and defined success clearly, debates would feel less chaotic. Communication gaps create unnecessary tension. The boring fixes are usually the ones that work.",1
ai_0788,"Honestly, sports conversations keep looping without addressing root causes. In my view, everyone thinks someone else will fix it. People argue about headlines, but the structural pieces rarely change. There’s also a gap between what sounds good online and what actually works in practice. Most tradeoffs are real, even if they’re inconvenient to admit. If we slowed down and defined success clearly, debates would feel less chaotic. Communication gaps create unnecessary tension. None of this is simple, but pretending it is makes it worse.",1
ai_0789,"What gets overlooked is economy conversations keep looping without addressing root causes. In my view, everyone thinks someone else will fix it. People argue about headlines, but the structural pieces rarely change. There’s also a gap between what sounds good online and what actually works in practice. Most tradeoffs are real, even if they’re inconvenient to admit. If we slowed down and defined success clearly, debates would feel less chaotic. Everyone thinks someone else will fix it. A little humility would go a long way here.",1
ai_0790,"It kind of feels like climate conversations keep looping without addressing root causes. In my view, incentives shape behavior more than speeches do. People argue about headlines, but the structural pieces rarely change. There’s also a gap between what sounds good online and what actually works in practice. Most tradeoffs are real, even if they’re inconvenient to admit. If we slowed down and defined success clearly, debates would feel less chaotic. Short term wins crowd out long term planning. It’s not dramatic, but steady effort probably matters more than viral moments.",1
ai_0791,"The weird part is campus life conversations keep looping without addressing root causes. In my view, most systems reward speed over thoughtfulness. People argue about headlines, but the structural pieces rarely change. There’s also a gap between what sounds good online and what actually works in practice. Most tradeoffs are real, even if they’re inconvenient to admit. If we slowed down and defined success clearly, debates would feel less chaotic. Policy details matter more than slogans. There’s room to disagree without pretending the other side is evil.",1
ai_0792,"The weird part is politics conversations keep looping without addressing root causes. In my view, short term wins crowd out long term planning. People argue about headlines, but the structural pieces rarely change. There’s also a gap between what sounds good online and what actually works in practice. Most tradeoffs are real, even if they’re inconvenient to admit. If we slowed down and defined success clearly, debates would feel less chaotic. Burnout builds slowly and then hits all at once. There’s room to disagree without pretending the other side is evil.",1
ai_0793,"Honestly, tech conversations keep looping without addressing root causes. In my view, burnout builds slowly and then hits all at once. People argue about headlines, but the structural pieces rarely change. There’s also a gap between what sounds good online and what actually works in practice. Most tradeoffs are real, even if they’re inconvenient to admit. If we slowed down and defined success clearly, debates would feel less chaotic. Short term wins crowd out long term planning. The boring fixes are usually the ones that work.",1
ai_0794,"Honestly, health conversations keep looping without addressing root causes. In my view, burnout builds slowly and then hits all at once. People argue about headlines, but the structural pieces rarely change. There’s also a gap between what sounds good online and what actually works in practice. Most tradeoffs are real, even if they’re inconvenient to admit. If we slowed down and defined success clearly, debates would feel less chaotic. People respond to what is easy and visible. We don’t need perfection, just fewer obvious mistakes.",1
ai_0795,"If we're being real, sports conversations keep looping without addressing root causes. In my view, incentives shape behavior more than speeches do. People argue about headlines, but the structural pieces rarely change. There’s also a gap between what sounds good online and what actually works in practice. Most tradeoffs are real, even if they’re inconvenient to admit. If we slowed down and defined success clearly, debates would feel less chaotic. Short term wins crowd out long term planning. A little humility would go a long way here.",1
ai_0796,"The weird part is economy conversations keep looping without addressing root causes. In my view, data helps, but context matters just as much. People argue about headlines, but the structural pieces rarely change. There’s also a gap between what sounds good online and what actually works in practice. Most tradeoffs are real, even if they’re inconvenient to admit. If we slowed down and defined success clearly, debates would feel less chaotic. Everyone thinks someone else will fix it. A little humility would go a long way here.",1
ai_0797,"I keep noticing that climate conversations keep looping without addressing root causes. In my view, everyone thinks someone else will fix it. People argue about headlines, but the structural pieces rarely change. There’s also a gap between what sounds good online and what actually works in practice. Most tradeoffs are real, even if they’re inconvenient to admit. If we slowed down and defined success clearly, debates would feel less chaotic. Everyone thinks someone else will fix it. None of this is simple, but pretending it is makes it worse.",1
ai_0798,"A lot of people miss that campus life conversations keep looping without addressing root causes. In my view, most systems reward speed over thoughtfulness. People argue about headlines, but the structural pieces rarely change. There’s also a gap between what sounds good online and what actually works in practice. Most tradeoffs are real, even if they’re inconvenient to admit. If we slowed down and defined success clearly, debates would feel less chaotic. Short term wins crowd out long term planning. We should probably focus less on outrage and more on execution.",1
ai_0799,"I keep noticing that politics conversations keep looping without addressing root causes. In my view, small improvements compound over time. People argue about headlines, but the structural pieces rarely change. There’s also a gap between what sounds good online and what actually works in practice. Most tradeoffs are real, even if they’re inconvenient to admit. If we slowed down and defined success clearly, debates would feel less chaotic. Communication gaps create unnecessary tension. The boring fixes are usually the ones that work.",1
ai_0800,"It kind of feels like tech conversations keep looping without addressing root causes. In my view, policy details matter more than slogans. People argue about headlines, but the structural pieces rarely change. There’s also a gap between what sounds good online and what actually works in practice. Most tradeoffs are real, even if they’re inconvenient to admit. If we slowed down and defined success clearly, debates would feel less chaotic. Small improvements compound over time. The boring fixes are usually the ones that work.",1
ai_0801,"If we're being real, health conversations keep looping without addressing root causes. In my view, communication gaps create unnecessary tension. People argue about headlines, but the structural pieces rarely change. There’s also a gap between what sounds good online and what actually works in practice. Most tradeoffs are real, even if they’re inconvenient to admit. If we slowed down and defined success clearly, debates would feel less chaotic. Burnout builds slowly and then hits all at once. There’s room to disagree without pretending the other side is evil.",1
ai_0802,"If we're being real, sports conversations keep looping without addressing root causes. In my view, people respond to what is easy and visible. People argue about headlines, but the structural pieces rarely change. There’s also a gap between what sounds good online and what actually works in practice. Most tradeoffs are real, even if they’re inconvenient to admit. If we slowed down and defined success clearly, debates would feel less chaotic. Everyone thinks someone else will fix it. It’s not dramatic, but steady effort probably matters more than viral moments.",1
ai_0803,"A lot of people miss that economy conversations keep looping without addressing root causes. In my view, communication gaps create unnecessary tension. People argue about headlines, but the structural pieces rarely change. There’s also a gap between what sounds good online and what actually works in practice. Most tradeoffs are real, even if they’re inconvenient to admit. If we slowed down and defined success clearly, debates would feel less chaotic. Burnout builds slowly and then hits all at once. A little humility would go a long way here.",1
ai_0804,"What gets overlooked is climate conversations keep looping without addressing root causes. In my view, communication gaps create unnecessary tension. People argue about headlines, but the structural pieces rarely change. There’s also a gap between what sounds good online and what actually works in practice. Most tradeoffs are real, even if they’re inconvenient to admit. If we slowed down and defined success clearly, debates would feel less chaotic. Burnout builds slowly and then hits all at once. The boring fixes are usually the ones that work.",1
ai_0805,"It kind of feels like campus life conversations keep looping without addressing root causes. In my view, incentives shape behavior more than speeches do. People argue about headlines, but the structural pieces rarely change. There’s also a gap between what sounds good online and what actually works in practice. Most tradeoffs are real, even if they’re inconvenient to admit. If we slowed down and defined success clearly, debates would feel less chaotic. Short term wins crowd out long term planning. We should probably focus less on outrage and more on execution.",1
ai_0806,"Honestly, politics conversations keep looping without addressing root causes. In my view, short term wins crowd out long term planning. People argue about headlines, but the structural pieces rarely change. There’s also a gap between what sounds good online and what actually works in practice. Most tradeoffs are real, even if they’re inconvenient to admit. If we slowed down and defined success clearly, debates would feel less chaotic. Communication gaps create unnecessary tension. We don’t need perfection, just fewer obvious mistakes.",1
ai_0807,"Low key, tech conversations keep looping without addressing root causes. In my view, data helps, but context matters just as much. People argue about headlines, but the structural pieces rarely change. There’s also a gap between what sounds good online and what actually works in practice. Most tradeoffs are real, even if they’re inconvenient to admit. If we slowed down and defined success clearly, debates would feel less chaotic. Communication gaps create unnecessary tension. We don’t need perfection, just fewer obvious mistakes.",1
ai_0808,"At the end of the day, health conversations keep looping without addressing root causes. In my view, incentives shape behavior more than speeches do. People argue about headlines, but the structural pieces rarely change. There’s also a gap between what sounds good online and what actually works in practice. Most tradeoffs are real, even if they’re inconvenient to admit. If we slowed down and defined success clearly, debates would feel less chaotic. Policy details matter more than slogans. None of this is simple, but pretending it is makes it worse.",1
ai_0809,"What gets overlooked is sports conversations keep looping without addressing root causes. In my view, small improvements compound over time. People argue about headlines, but the structural pieces rarely change. There’s also a gap between what sounds good online and what actually works in practice. Most tradeoffs are real, even if they’re inconvenient to admit. If we slowed down and defined success clearly, debates would feel less chaotic. Policy details matter more than slogans. None of this is simple, but pretending it is makes it worse.",1
ai_0810,"If we're being real, economy conversations keep looping without addressing root causes. In my view, incentives shape behavior more than speeches do. People argue about headlines, but the structural pieces rarely change. There’s also a gap between what sounds good online and what actually works in practice. Most tradeoffs are real, even if they’re inconvenient to admit. If we slowed down and defined success clearly, debates would feel less chaotic. Policy details matter more than slogans. The boring fixes are usually the ones that work.",1
ai_0811,"What gets overlooked is climate conversations keep looping without addressing root causes. In my view, burnout builds slowly and then hits all at once. People argue about headlines, but the structural pieces rarely change. There’s also a gap between what sounds good online and what actually works in practice. Most tradeoffs are real, even if they’re inconvenient to admit. If we slowed down and defined success clearly, debates would feel less chaotic. Communication gaps create unnecessary tension. The boring fixes are usually the ones that work.",1
ai_0812,"Honestly, campus life conversations keep looping without addressing root causes. In my view, people respond to what is easy and visible. People argue about headlines, but the structural pieces rarely change. There’s also a gap between what sounds good online and what actually works in practice. Most tradeoffs are real, even if they’re inconvenient to admit. If we slowed down and defined success clearly, debates would feel less chaotic. Communication gaps create unnecessary tension. None of this is simple, but pretending it is makes it worse.",1
ai_0813,"If we're being real, politics conversations keep looping without addressing root causes. In my view, people respond to what is easy and visible. People argue about headlines, but the structural pieces rarely change. There’s also a gap between what sounds good online and what actually works in practice. Most tradeoffs are real, even if they’re inconvenient to admit. If we slowed down and defined success clearly, debates would feel less chaotic. Most systems reward speed over thoughtfulness. There’s room to disagree without pretending the other side is evil.",1
ai_0814,"What gets overlooked is tech conversations keep looping without addressing root causes. In my view, policy details matter more than slogans. People argue about headlines, but the structural pieces rarely change. There’s also a gap between what sounds good online and what actually works in practice. Most tradeoffs are real, even if they’re inconvenient to admit. If we slowed down and defined success clearly, debates would feel less chaotic. People respond to what is easy and visible. We don’t need perfection, just fewer obvious mistakes.",1
ai_0815,"It kind of feels like health conversations keep looping without addressing root causes. In my view, data helps, but context matters just as much. People argue about headlines, but the structural pieces rarely change. There’s also a gap between what sounds good online and what actually works in practice. Most tradeoffs are real, even if they’re inconvenient to admit. If we slowed down and defined success clearly, debates would feel less chaotic. Data helps, but context matters just as much. There’s room to disagree without pretending the other side is evil.",1
ai_0816,"Honestly, sports conversations keep looping without addressing root causes. In my view, short term wins crowd out long term planning. People argue about headlines, but the structural pieces rarely change. There’s also a gap between what sounds good online and what actually works in practice. Most tradeoffs are real, even if they’re inconvenient to admit. If we slowed down and defined success clearly, debates would feel less chaotic. Short term wins crowd out long term planning. We should probably focus less on outrage and more on execution.",1
ai_0817,"The weird part is economy conversations keep looping without addressing root causes. In my view, policy details matter more than slogans. People argue about headlines, but the structural pieces rarely change. There’s also a gap between what sounds good online and what actually works in practice. Most tradeoffs are real, even if they’re inconvenient to admit. If we slowed down and defined success clearly, debates would feel less chaotic. Communication gaps create unnecessary tension. We don’t need perfection, just fewer obvious mistakes.",1
ai_0818,"The weird part is climate conversations keep looping without addressing root causes. In my view, most systems reward speed over thoughtfulness. People argue about headlines, but the structural pieces rarely change. There’s also a gap between what sounds good online and what actually works in practice. Most tradeoffs are real, even if they’re inconvenient to admit. If we slowed down and defined success clearly, debates would feel less chaotic. Small improvements compound over time. It’s not dramatic, but steady effort probably matters more than viral moments.",1
ai_0819,"If we're being real, campus life conversations keep looping without addressing root causes. In my view, people respond to what is easy and visible. People argue about headlines, but the structural pieces rarely change. There’s also a gap between what sounds good online and what actually works in practice. Most tradeoffs are real, even if they’re inconvenient to admit. If we slowed down and defined success clearly, debates would feel less chaotic. Data helps, but context matters just as much. It’s not dramatic, but steady effort probably matters more than viral moments.",1
ai_0820,"A lot of people miss that politics conversations keep looping without addressing root causes. In my view, people respond to what is easy and visible. People argue about headlines, but the structural pieces rarely change. There’s also a gap between what sounds good online and what actually works in practice. Most tradeoffs are real, even if they’re inconvenient to admit. If we slowed down and defined success clearly, debates would feel less chaotic. Burnout builds slowly and then hits all at once. It’s not dramatic, but steady effort probably matters more than viral moments.",1
ai_0821,"I keep noticing that tech conversations keep looping without addressing root causes. In my view, communication gaps create unnecessary tension. People argue about headlines, but the structural pieces rarely change. There’s also a gap between what sounds good online and what actually works in practice. Most tradeoffs are real, even if they’re inconvenient to admit. If we slowed down and defined success clearly, debates would feel less chaotic. Incentives shape behavior more than speeches do. None of this is simple, but pretending it is makes it worse.",1
ai_0822,"A lot of people miss that health conversations keep looping without addressing root causes. In my view, incentives shape behavior more than speeches do. People argue about headlines, but the structural pieces rarely change. There’s also a gap between what sounds good online and what actually works in practice. Most tradeoffs are real, even if they’re inconvenient to admit. If we slowed down and defined success clearly, debates would feel less chaotic. Small improvements compound over time. The boring fixes are usually the ones that work.",1
ai_0823,"The weird part is sports conversations keep looping without addressing root causes. In my view, communication gaps create unnecessary tension. People argue about headlines, but the structural pieces rarely change. There’s also a gap between what sounds good online and what actually works in practice. Most tradeoffs are real, even if they’re inconvenient to admit. If we slowed down and defined success clearly, debates would feel less chaotic. Communication gaps create unnecessary tension. There’s room to disagree without pretending the other side is evil.",1
ai_0824,"At the end of the day, economy conversations keep looping without addressing root causes. In my view, short term wins crowd out long term planning. People argue about headlines, but the structural pieces rarely change. There’s also a gap between what sounds good online and what actually works in practice. Most tradeoffs are real, even if they’re inconvenient to admit. If we slowed down and defined success clearly, debates would feel less chaotic. Burnout builds slowly and then hits all at once. There’s room to disagree without pretending the other side is evil.",1
ai_0825,"Honestly, climate conversations keep looping without addressing root causes. In my view, people respond to what is easy and visible. People argue about headlines, but the structural pieces rarely change. There’s also a gap between what sounds good online and what actually works in practice. Most tradeoffs are real, even if they’re inconvenient to admit. If we slowed down and defined success clearly, debates would feel less chaotic. Burnout builds slowly and then hits all at once. We don’t need perfection, just fewer obvious mistakes.",1
ai_0826,"A lot of people miss that campus life conversations keep looping without addressing root causes. In my view, policy details matter more than slogans. People argue about headlines, but the structural pieces rarely change. There’s also a gap between what sounds good online and what actually works in practice. Most tradeoffs are real, even if they’re inconvenient to admit. If we slowed down and defined success clearly, debates would feel less chaotic. People respond to what is easy and visible. There’s room to disagree without pretending the other side is evil.",1
ai_0827,"I keep noticing that politics conversations keep looping without addressing root causes. In my view, communication gaps create unnecessary tension. People argue about headlines, but the structural pieces rarely change. There’s also a gap between what sounds good online and what actually works in practice. Most tradeoffs are real, even if they’re inconvenient to admit. If we slowed down and defined success clearly, debates would feel less chaotic. Policy details matter more than slogans. We don’t need perfection, just fewer obvious mistakes.",1
ai_0828,"At the end of the day, tech conversations keep looping without addressing root causes. In my view, communication gaps create unnecessary tension. People argue about headlines, but the structural pieces rarely change. There’s also a gap between what sounds good online and what actually works in practice. Most tradeoffs are real, even if they’re inconvenient to admit. If we slowed down and defined success clearly, debates would feel less chaotic. Data helps, but context matters just as much. It’s not dramatic, but steady effort probably matters more than viral moments.",1
ai_0829,"A lot of people miss that health conversations keep looping without addressing root causes. In my view, communication gaps create unnecessary tension. People argue about headlines, but the structural pieces rarely change. There’s also a gap between what sounds good online and what actually works in practice. Most tradeoffs are real, even if they’re inconvenient to admit. If we slowed down and defined success clearly, debates would feel less chaotic. Most systems reward speed over thoughtfulness. A little humility would go a long way here.",1
ai_0830,"What gets overlooked is sports conversations keep looping without addressing root causes. In my view, policy details matter more than slogans. People argue about headlines, but the structural pieces rarely change. There’s also a gap between what sounds good online and what actually works in practice. Most tradeoffs are real, even if they’re inconvenient to admit. If we slowed down and defined success clearly, debates would feel less chaotic. Most systems reward speed over thoughtfulness. We don’t need perfection, just fewer obvious mistakes.",1
ai_0831,"What gets overlooked is economy conversations keep looping without addressing root causes. In my view, incentives shape behavior more than speeches do. People argue about headlines, but the structural pieces rarely change. There’s also a gap between what sounds good online and what actually works in practice. Most tradeoffs are real, even if they’re inconvenient to admit. If we slowed down and defined success clearly, debates would feel less chaotic. Communication gaps create unnecessary tension. The boring fixes are usually the ones that work.",1
ai_0832,"The weird part is climate conversations keep looping without addressing root causes. In my view, everyone thinks someone else will fix it. People argue about headlines, but the structural pieces rarely change. There’s also a gap between what sounds good online and what actually works in practice. Most tradeoffs are real, even if they’re inconvenient to admit. If we slowed down and defined success clearly, debates would feel less chaotic. Everyone thinks someone else will fix it. There’s room to disagree without pretending the other side is evil.",1
ai_0833,"At the end of the day, campus life conversations keep looping without addressing root causes. In my view, most systems reward speed over thoughtfulness. People argue about headlines, but the structural pieces rarely change. There’s also a gap between what sounds good online and what actually works in practice. Most tradeoffs are real, even if they’re inconvenient to admit. If we slowed down and defined success clearly, debates would feel less chaotic. People respond to what is easy and visible. We should probably focus less on outrage and more on execution.",1
ai_0834,"The weird part is politics conversations keep looping without addressing root causes. In my view, people respond to what is easy and visible. People argue about headlines, but the structural pieces rarely change. There’s also a gap between what sounds good online and what actually works in practice. Most tradeoffs are real, even if they’re inconvenient to admit. If we slowed down and defined success clearly, debates would feel less chaotic. Most systems reward speed over thoughtfulness. It’s not dramatic, but steady effort probably matters more than viral moments.",1
ai_0835,"I keep noticing that tech conversations keep looping without addressing root causes. In my view, everyone thinks someone else will fix it. People argue about headlines, but the structural pieces rarely change. There’s also a gap between what sounds good online and what actually works in practice. Most tradeoffs are real, even if they’re inconvenient to admit. If we slowed down and defined success clearly, debates would feel less chaotic. Short term wins crowd out long term planning. The boring fixes are usually the ones that work.",1
ai_0836,"If we're being real, health conversations keep looping without addressing root causes. In my view, most systems reward speed over thoughtfulness. People argue about headlines, but the structural pieces rarely change. There’s also a gap between what sounds good online and what actually works in practice. Most tradeoffs are real, even if they’re inconvenient to admit. If we slowed down and defined success clearly, debates would feel less chaotic. Incentives shape behavior more than speeches do. The boring fixes are usually the ones that work.",1
ai_0837,"If we're being real, sports conversations keep looping without addressing root causes. In my view, everyone thinks someone else will fix it. People argue about headlines, but the structural pieces rarely change. There’s also a gap between what sounds good online and what actually works in practice. Most tradeoffs are real, even if they’re inconvenient to admit. If we slowed down and defined success clearly, debates would feel less chaotic. People respond to what is easy and visible. There’s room to disagree without pretending the other side is evil.",1
ai_0838,"Honestly, economy conversations keep looping without addressing root causes. In my view, data helps, but context matters just as much. People argue about headlines, but the structural pieces rarely change. There’s also a gap between what sounds good online and what actually works in practice. Most tradeoffs are real, even if they’re inconvenient to admit. If we slowed down and defined success clearly, debates would feel less chaotic. Burnout builds slowly and then hits all at once. It’s not dramatic, but steady effort probably matters more than viral moments.",1
ai_0839,"I keep noticing that climate conversations keep looping without addressing root causes. In my view, most systems reward speed over thoughtfulness. People argue about headlines, but the structural pieces rarely change. There’s also a gap between what sounds good online and what actually works in practice. Most tradeoffs are real, even if they’re inconvenient to admit. If we slowed down and defined success clearly, debates would feel less chaotic. Data helps, but context matters just as much. There’s room to disagree without pretending the other side is evil.",1
ai_0840,"A lot of people miss that campus life conversations keep looping without addressing root causes. In my view, communication gaps create unnecessary tension. People argue about headlines, but the structural pieces rarely change. There’s also a gap between what sounds good online and what actually works in practice. Most tradeoffs are real, even if they’re inconvenient to admit. If we slowed down and defined success clearly, debates would feel less chaotic. Communication gaps create unnecessary tension. None of this is simple, but pretending it is makes it worse.",1
ai_0841,"A lot of people miss that politics conversations keep looping without addressing root causes. In my view, short term wins crowd out long term planning. People argue about headlines, but the structural pieces rarely change. There’s also a gap between what sounds good online and what actually works in practice. Most tradeoffs are real, even if they’re inconvenient to admit. If we slowed down and defined success clearly, debates would feel less chaotic. Burnout builds slowly and then hits all at once. There’s room to disagree without pretending the other side is evil.",1
ai_0842,"It kind of feels like tech conversations keep looping without addressing root causes. In my view, small improvements compound over time. People argue about headlines, but the structural pieces rarely change. There’s also a gap between what sounds good online and what actually works in practice. Most tradeoffs are real, even if they’re inconvenient to admit. If we slowed down and defined success clearly, debates would feel less chaotic. Incentives shape behavior more than speeches do. We should probably focus less on outrage and more on execution.",1
ai_0843,"At the end of the day, health conversations keep looping without addressing root causes. In my view, most systems reward speed over thoughtfulness. People argue about headlines, but the structural pieces rarely change. There’s also a gap between what sounds good online and what actually works in practice. Most tradeoffs are real, even if they’re inconvenient to admit. If we slowed down and defined success clearly, debates would feel less chaotic. Communication gaps create unnecessary tension. It’s not dramatic, but steady effort probably matters more than viral moments.",1
ai_0844,"It kind of feels like sports conversations keep looping without addressing root causes. In my view, everyone thinks someone else will fix it. People argue about headlines, but the structural pieces rarely change. There’s also a gap between what sounds good online and what actually works in practice. Most tradeoffs are real, even if they’re inconvenient to admit. If we slowed down and defined success clearly, debates would feel less chaotic. Small improvements compound over time. None of this is simple, but pretending it is makes it worse.",1
ai_0845,"If we're being real, economy conversations keep looping without addressing root causes. In my view, short term wins crowd out long term planning. People argue about headlines, but the structural pieces rarely change. There’s also a gap between what sounds good online and what actually works in practice. Most tradeoffs are real, even if they’re inconvenient to admit. If we slowed down and defined success clearly, debates would feel less chaotic. Communication gaps create unnecessary tension. We should probably focus less on outrage and more on execution.",1
ai_0846,"At the end of the day, climate conversations keep looping without addressing root causes. In my view, policy details matter more than slogans. People argue about headlines, but the structural pieces rarely change. There’s also a gap between what sounds good online and what actually works in practice. Most tradeoffs are real, even if they’re inconvenient to admit. If we slowed down and defined success clearly, debates would feel less chaotic. Everyone thinks someone else will fix it. We should probably focus less on outrage and more on execution.",1
ai_0847,"A lot of people miss that campus life conversations keep looping without addressing root causes. In my view, incentives shape behavior more than speeches do. People argue about headlines, but the structural pieces rarely change. There’s also a gap between what sounds good online and what actually works in practice. Most tradeoffs are real, even if they’re inconvenient to admit. If we slowed down and defined success clearly, debates would feel less chaotic. Everyone thinks someone else will fix it. None of this is simple, but pretending it is makes it worse.",1
ai_0848,"What gets overlooked is politics conversations keep looping without addressing root causes. In my view, burnout builds slowly and then hits all at once. People argue about headlines, but the structural pieces rarely change. There’s also a gap between what sounds good online and what actually works in practice. Most tradeoffs are real, even if they’re inconvenient to admit. If we slowed down and defined success clearly, debates would feel less chaotic. Data helps, but context matters just as much. It’s not dramatic, but steady effort probably matters more than viral moments.",1
ai_0849,"At the end of the day, tech conversations keep looping without addressing root causes. In my view, burnout builds slowly and then hits all at once. People argue about headlines, but the structural pieces rarely change. There’s also a gap between what sounds good online and what actually works in practice. Most tradeoffs are real, even if they’re inconvenient to admit. If we slowed down and defined success clearly, debates would feel less chaotic. Communication gaps create unnecessary tension. We don’t need perfection, just fewer obvious mistakes.",1
ai_0850,"A lot of people miss that health conversations keep looping without addressing root causes. In my view, most systems reward speed over thoughtfulness. People argue about headlines, but the structural pieces rarely change. There’s also a gap between what sounds good online and what actually works in practice. Most tradeoffs are real, even if they’re inconvenient to admit. If we slowed down and defined success clearly, debates would feel less chaotic. Small improvements compound over time. It’s not dramatic, but steady effort probably matters more than viral moments.",1
ai_0851,"A lot of people miss that sports conversations keep looping without addressing root causes. In my view, burnout builds slowly and then hits all at once. People argue about headlines, but the structural pieces rarely change. There’s also a gap between what sounds good online and what actually works in practice. Most tradeoffs are real, even if they’re inconvenient to admit. If we slowed down and defined success clearly, debates would feel less chaotic. Policy details matter more than slogans. It’s not dramatic, but steady effort probably matters more than viral moments.",1
ai_0852,"The weird part is economy conversations keep looping without addressing root causes. In my view, everyone thinks someone else will fix it. People argue about headlines, but the structural pieces rarely change. There’s also a gap between what sounds good online and what actually works in practice. Most tradeoffs are real, even if they’re inconvenient to admit. If we slowed down and defined success clearly, debates would feel less chaotic. Most systems reward speed over thoughtfulness. We don’t need perfection, just fewer obvious mistakes.",1
ai_0853,"A lot of people miss that climate conversations keep looping without addressing root causes. In my view, incentives shape behavior more than speeches do. People argue about headlines, but the structural pieces rarely change. There’s also a gap between what sounds good online and what actually works in practice. Most tradeoffs are real, even if they’re inconvenient to admit. If we slowed down and defined success clearly, debates would feel less chaotic. Incentives shape behavior more than speeches do. There’s room to disagree without pretending the other side is evil.",1
ai_0854,"Low key, campus life conversations keep looping without addressing root causes. In my view, policy details matter more than slogans. People argue about headlines, but the structural pieces rarely change. There’s also a gap between what sounds good online and what actually works in practice. Most tradeoffs are real, even if they’re inconvenient to admit. If we slowed down and defined success clearly, debates would feel less chaotic. Burnout builds slowly and then hits all at once. We should probably focus less on outrage and more on execution.",1
ai_0855,"What gets overlooked is politics conversations keep looping without addressing root causes. In my view, short term wins crowd out long term planning. People argue about headlines, but the structural pieces rarely change. There’s also a gap between what sounds good online and what actually works in practice. Most tradeoffs are real, even if they’re inconvenient to admit. If we slowed down and defined success clearly, debates would feel less chaotic. Everyone thinks someone else will fix it. None of this is simple, but pretending it is makes it worse.",1
ai_0856,"What gets overlooked is tech conversations keep looping without addressing root causes. In my view, short term wins crowd out long term planning. People argue about headlines, but the structural pieces rarely change. There’s also a gap between what sounds good online and what actually works in practice. Most tradeoffs are real, even if they’re inconvenient to admit. If we slowed down and defined success clearly, debates would feel less chaotic. Data helps, but context matters just as much. We should probably focus less on outrage and more on execution.",1
ai_0857,"A lot of people miss that health conversations keep looping without addressing root causes. In my view, most systems reward speed over thoughtfulness. People argue about headlines, but the structural pieces rarely change. There’s also a gap between what sounds good online and what actually works in practice. Most tradeoffs are real, even if they’re inconvenient to admit. If we slowed down and defined success clearly, debates would feel less chaotic. Short term wins crowd out long term planning. We don’t need perfection, just fewer obvious mistakes.",1
ai_0858,"At the end of the day, sports conversations keep looping without addressing root causes. In my view, policy details matter more than slogans. People argue about headlines, but the structural pieces rarely change. There’s also a gap between what sounds good online and what actually works in practice. Most tradeoffs are real, even if they’re inconvenient to admit. If we slowed down and defined success clearly, debates would feel less chaotic. Data helps, but context matters just as much. None of this is simple, but pretending it is makes it worse.",1
ai_0859,"Honestly, economy conversations keep looping without addressing root causes. In my view, everyone thinks someone else will fix it. People argue about headlines, but the structural pieces rarely change. There’s also a gap between what sounds good online and what actually works in practice. Most tradeoffs are real, even if they’re inconvenient to admit. If we slowed down and defined success clearly, debates would feel less chaotic. Data helps, but context matters just as much. A little humility would go a long way here.",1
ai_0860,"Low key, climate conversations keep looping without addressing root causes. In my view, communication gaps create unnecessary tension. People argue about headlines, but the structural pieces rarely change. There’s also a gap between what sounds good online and what actually works in practice. Most tradeoffs are real, even if they’re inconvenient to admit. If we slowed down and defined success clearly, debates would feel less chaotic. Short term wins crowd out long term planning. A little humility would go a long way here.",1
ai_0861,"If we're being real, campus life conversations keep looping without addressing root causes. In my view, communication gaps create unnecessary tension. People argue about headlines, but the structural pieces rarely change. There’s also a gap between what sounds good online and what actually works in practice. Most tradeoffs are real, even if they’re inconvenient to admit. If we slowed down and defined success clearly, debates would feel less chaotic. Data helps, but context matters just as much. None of this is simple, but pretending it is makes it worse.",1
ai_0862,"At the end of the day, politics conversations keep looping without addressing root causes. In my view, people respond to what is easy and visible. People argue about headlines, but the structural pieces rarely change. There’s also a gap between what sounds good online and what actually works in practice. Most tradeoffs are real, even if they’re inconvenient to admit. If we slowed down and defined success clearly, debates would feel less chaotic. Burnout builds slowly and then hits all at once. It’s not dramatic, but steady effort probably matters more than viral moments.",1
ai_0863,"Low key, tech conversations keep looping without addressing root causes. In my view, everyone thinks someone else will fix it. People argue about headlines, but the structural pieces rarely change. There’s also a gap between what sounds good online and what actually works in practice. Most tradeoffs are real, even if they’re inconvenient to admit. If we slowed down and defined success clearly, debates would feel less chaotic. Small improvements compound over time. The boring fixes are usually the ones that work.",1
ai_0864,"A lot of people miss that health conversations keep looping without addressing root causes. In my view, incentives shape behavior more than speeches do. People argue about headlines, but the structural pieces rarely change. There’s also a gap between what sounds good online and what actually works in practice. Most tradeoffs are real, even if they’re inconvenient to admit. If we slowed down and defined success clearly, debates would feel less chaotic. Everyone thinks someone else will fix it. A little humility would go a long way here.",1
ai_0865,"I keep noticing that sports conversations keep looping without addressing root causes. In my view, incentives shape behavior more than speeches do. People argue about headlines, but the structural pieces rarely change. There’s also a gap between what sounds good online and what actually works in practice. Most tradeoffs are real, even if they’re inconvenient to admit. If we slowed down and defined success clearly, debates would feel less chaotic. Incentives shape behavior more than speeches do. The boring fixes are usually the ones that work.",1
ai_0866,"I keep noticing that economy conversations keep looping without addressing root causes. In my view, most systems reward speed over thoughtfulness. People argue about headlines, but the structural pieces rarely change. There’s also a gap between what sounds good online and what actually works in practice. Most tradeoffs are real, even if they’re inconvenient to admit. If we slowed down and defined success clearly, debates would feel less chaotic. Short term wins crowd out long term planning. It’s not dramatic, but steady effort probably matters more than viral moments.",1
ai_0867,"What gets overlooked is climate conversations keep looping without addressing root causes. In my view, most systems reward speed over thoughtfulness. People argue about headlines, but the structural pieces rarely change. There’s also a gap between what sounds good online and what actually works in practice. Most tradeoffs are real, even if they’re inconvenient to admit. If we slowed down and defined success clearly, debates would feel less chaotic. Short term wins crowd out long term planning. A little humility would go a long way here.",1
ai_0868,"I keep noticing that campus life conversations keep looping without addressing root causes. In my view, incentives shape behavior more than speeches do. People argue about headlines, but the structural pieces rarely change. There’s also a gap between what sounds good online and what actually works in practice. Most tradeoffs are real, even if they’re inconvenient to admit. If we slowed down and defined success clearly, debates would feel less chaotic. Incentives shape behavior more than speeches do. It’s not dramatic, but steady effort probably matters more than viral moments.",1
ai_0869,"The weird part is politics conversations keep looping without addressing root causes. In my view, policy details matter more than slogans. People argue about headlines, but the structural pieces rarely change. There’s also a gap between what sounds good online and what actually works in practice. Most tradeoffs are real, even if they’re inconvenient to admit. If we slowed down and defined success clearly, debates would feel less chaotic. Most systems reward speed over thoughtfulness. We should probably focus less on outrage and more on execution.",1
ai_0870,"It kind of feels like tech conversations keep looping without addressing root causes. In my view, burnout builds slowly and then hits all at once. People argue about headlines, but the structural pieces rarely change. There’s also a gap between what sounds good online and what actually works in practice. Most tradeoffs are real, even if they’re inconvenient to admit. If we slowed down and defined success clearly, debates would feel less chaotic. Everyone thinks someone else will fix it. None of this is simple, but pretending it is makes it worse.",1
ai_0871,"What gets overlooked is health conversations keep looping without addressing root causes. In my view, short term wins crowd out long term planning. People argue about headlines, but the structural pieces rarely change. There’s also a gap between what sounds good online and what actually works in practice. Most tradeoffs are real, even if they’re inconvenient to admit. If we slowed down and defined success clearly, debates would feel less chaotic. Policy details matter more than slogans. The boring fixes are usually the ones that work.",1
ai_0872,"At the end of the day, sports conversations keep looping without addressing root causes. In my view, data helps, but context matters just as much. People argue about headlines, but the structural pieces rarely change. There’s also a gap between what sounds good online and what actually works in practice. Most tradeoffs are real, even if they’re inconvenient to admit. If we slowed down and defined success clearly, debates would feel less chaotic. Most systems reward speed over thoughtfulness. We should probably focus less on outrage and more on execution.",1
ai_0873,"The weird part is economy conversations keep looping without addressing root causes. In my view, policy details matter more than slogans. People argue about headlines, but the structural pieces rarely change. There’s also a gap between what sounds good online and what actually works in practice. Most tradeoffs are real, even if they’re inconvenient to admit. If we slowed down and defined success clearly, debates would feel less chaotic. Everyone thinks someone else will fix it. A little humility would go a long way here.",1
ai_0874,"At the end of the day, climate conversations keep looping without addressing root causes. In my view, incentives shape behavior more than speeches do. People argue about headlines, but the structural pieces rarely change. There’s also a gap between what sounds good online and what actually works in practice. Most tradeoffs are real, even if they’re inconvenient to admit. If we slowed down and defined success clearly, debates would feel less chaotic. Incentives shape behavior more than speeches do. None of this is simple, but pretending it is makes it worse.",1
ai_0875,"If we're being real, campus life conversations keep looping without addressing root causes. In my view, burnout builds slowly and then hits all at once. People argue about headlines, but the structural pieces rarely change. There’s also a gap between what sounds good online and what actually works in practice. Most tradeoffs are real, even if they’re inconvenient to admit. If we slowed down and defined success clearly, debates would feel less chaotic. Short term wins crowd out long term planning. We don’t need perfection, just fewer obvious mistakes.",1
ai_0876,"At the end of the day, politics conversations keep looping without addressing root causes. In my view, people respond to what is easy and visible. People argue about headlines, but the structural pieces rarely change. There’s also a gap between what sounds good online and what actually works in practice. Most tradeoffs are real, even if they’re inconvenient to admit. If we slowed down and defined success clearly, debates would feel less chaotic. Everyone thinks someone else will fix it. It’s not dramatic, but steady effort probably matters more than viral moments.",1
ai_0877,"Low key, tech conversations keep looping without addressing root causes. In my view, incentives shape behavior more than speeches do. People argue about headlines, but the structural pieces rarely change. There’s also a gap between what sounds good online and what actually works in practice. Most tradeoffs are real, even if they’re inconvenient to admit. If we slowed down and defined success clearly, debates would feel less chaotic. Everyone thinks someone else will fix it. There’s room to disagree without pretending the other side is evil.",1
ai_0878,"The weird part is health conversations keep looping without addressing root causes. In my view, incentives shape behavior more than speeches do. People argue about headlines, but the structural pieces rarely change. There’s also a gap between what sounds good online and what actually works in practice. Most tradeoffs are real, even if they’re inconvenient to admit. If we slowed down and defined success clearly, debates would feel less chaotic. People respond to what is easy and visible. There’s room to disagree without pretending the other side is evil.",1
ai_0879,"It kind of feels like sports conversations keep looping without addressing root causes. In my view, burnout builds slowly and then hits all at once. People argue about headlines, but the structural pieces rarely change. There’s also a gap between what sounds good online and what actually works in practice. Most tradeoffs are real, even if they’re inconvenient to admit. If we slowed down and defined success clearly, debates would feel less chaotic. Communication gaps create unnecessary tension. It’s not dramatic, but steady effort probably matters more than viral moments.",1
ai_0880,"The weird part is economy conversations keep looping without addressing root causes. In my view, small improvements compound over time. People argue about headlines, but the structural pieces rarely change. There’s also a gap between what sounds good online and what actually works in practice. Most tradeoffs are real, even if they’re inconvenient to admit. If we slowed down and defined success clearly, debates would feel less chaotic. Incentives shape behavior more than speeches do. The boring fixes are usually the ones that work.",1
ai_0881,"Low key, climate conversations keep looping without addressing root causes. In my view, most systems reward speed over thoughtfulness. People argue about headlines, but the structural pieces rarely change. There’s also a gap between what sounds good online and what actually works in practice. Most tradeoffs are real, even if they’re inconvenient to admit. If we slowed down and defined success clearly, debates would feel less chaotic. Most systems reward speed over thoughtfulness. A little humility would go a long way here.",1
ai_0882,"I keep noticing that campus life conversations keep looping without addressing root causes. In my view, incentives shape behavior more than speeches do. People argue about headlines, but the structural pieces rarely change. There’s also a gap between what sounds good online and what actually works in practice. Most tradeoffs are real, even if they’re inconvenient to admit. If we slowed down and defined success clearly, debates would feel less chaotic. Burnout builds slowly and then hits all at once. A little humility would go a long way here.",1
ai_0883,"At the end of the day, politics conversations keep looping without addressing root causes. In my view, communication gaps create unnecessary tension. People argue about headlines, but the structural pieces rarely change. There’s also a gap between what sounds good online and what actually works in practice. Most tradeoffs are real, even if they’re inconvenient to admit. If we slowed down and defined success clearly, debates would feel less chaotic. Most systems reward speed over thoughtfulness. It’s not dramatic, but steady effort probably matters more than viral moments.",1
ai_0884,"The weird part is tech conversations keep looping without addressing root causes. In my view, most systems reward speed over thoughtfulness. People argue about headlines, but the structural pieces rarely change. There’s also a gap between what sounds good online and what actually works in practice. Most tradeoffs are real, even if they’re inconvenient to admit. If we slowed down and defined success clearly, debates would feel less chaotic. Policy details matter more than slogans. We should probably focus less on outrage and more on execution.",1
ai_0885,"What gets overlooked is health conversations keep looping without addressing root causes. In my view, everyone thinks someone else will fix it. People argue about headlines, but the structural pieces rarely change. There’s also a gap between what sounds good online and what actually works in practice. Most tradeoffs are real, even if they’re inconvenient to admit. If we slowed down and defined success clearly, debates would feel less chaotic. Short term wins crowd out long term planning. None of this is simple, but pretending it is makes it worse.",1
ai_0886,"At the end of the day, sports conversations keep looping without addressing root causes. In my view, short term wins crowd out long term planning. People argue about headlines, but the structural pieces rarely change. There’s also a gap between what sounds good online and what actually works in practice. Most tradeoffs are real, even if they’re inconvenient to admit. If we slowed down and defined success clearly, debates would feel less chaotic. Short term wins crowd out long term planning. We don’t need perfection, just fewer obvious mistakes.",1
ai_0887,"What gets overlooked is economy conversations keep looping without addressing root causes. In my view, most systems reward speed over thoughtfulness. People argue about headlines, but the structural pieces rarely change. There’s also a gap between what sounds good online and what actually works in practice. Most tradeoffs are real, even if they’re inconvenient to admit. If we slowed down and defined success clearly, debates would feel less chaotic. Most systems reward speed over thoughtfulness. We don’t need perfection, just fewer obvious mistakes.",1
ai_0888,"At the end of the day, climate conversations keep looping without addressing root causes. In my view, short term wins crowd out long term planning. People argue about headlines, but the structural pieces rarely change. There’s also a gap between what sounds good online and what actually works in practice. Most tradeoffs are real, even if they’re inconvenient to admit. If we slowed down and defined success clearly, debates would feel less chaotic. Small improvements compound over time. The boring fixes are usually the ones that work.",1
ai_0889,"I keep noticing that campus life conversations keep looping without addressing root causes. In my view, everyone thinks someone else will fix it. People argue about headlines, but the structural pieces rarely change. There’s also a gap between what sounds good online and what actually works in practice. Most tradeoffs are real, even if they’re inconvenient to admit. If we slowed down and defined success clearly, debates would feel less chaotic. Most systems reward speed over thoughtfulness. It’s not dramatic, but steady effort probably matters more than viral moments.",1
ai_0890,"At the end of the day, politics conversations keep looping without addressing root causes. In my view, short term wins crowd out long term planning. People argue about headlines, but the structural pieces rarely change. There’s also a gap between what sounds good online and what actually works in practice. Most tradeoffs are real, even if they’re inconvenient to admit. If we slowed down and defined success clearly, debates would feel less chaotic. Small improvements compound over time. It’s not dramatic, but steady effort probably matters more than viral moments.",1
ai_0891,"If we're being real, tech conversations keep looping without addressing root causes. In my view, burnout builds slowly and then hits all at once. People argue about headlines, but the structural pieces rarely change. There’s also a gap between what sounds good online and what actually works in practice. Most tradeoffs are real, even if they’re inconvenient to admit. If we slowed down and defined success clearly, debates would feel less chaotic. Small improvements compound over time. It’s not dramatic, but steady effort probably matters more than viral moments.",1
ai_0892,"I keep noticing that health conversations keep looping without addressing root causes. In my view, short term wins crowd out long term planning. People argue about headlines, but the structural pieces rarely change. There’s also a gap between what sounds good online and what actually works in practice. Most tradeoffs are real, even if they’re inconvenient to admit. If we slowed down and defined success clearly, debates would feel less chaotic. Burnout builds slowly and then hits all at once. None of this is simple, but pretending it is makes it worse.",1
ai_0893,"Honestly, sports conversations keep looping without addressing root causes. In my view, most systems reward speed over thoughtfulness. People argue about headlines, but the structural pieces rarely change. There’s also a gap between what sounds good online and what actually works in practice. Most tradeoffs are real, even if they’re inconvenient to admit. If we slowed down and defined success clearly, debates would feel less chaotic. Burnout builds slowly and then hits all at once. The boring fixes are usually the ones that work.",1
ai_0894,"At the end of the day, economy conversations keep looping without addressing root causes. In my view, people respond to what is easy and visible. People argue about headlines, but the structural pieces rarely change. There’s also a gap between what sounds good online and what actually works in practice. Most tradeoffs are real, even if they’re inconvenient to admit. If we slowed down and defined success clearly, debates would feel less chaotic. People respond to what is easy and visible. The boring fixes are usually the ones that work.",1
ai_0895,"Low key, climate conversations keep looping without addressing root causes. In my view, policy details matter more than slogans. People argue about headlines, but the structural pieces rarely change. There’s also a gap between what sounds good online and what actually works in practice. Most tradeoffs are real, even if they’re inconvenient to admit. If we slowed down and defined success clearly, debates would feel less chaotic. Incentives shape behavior more than speeches do. There’s room to disagree without pretending the other side is evil.",1
ai_0896,"Low key, campus life conversations keep looping without addressing root causes. In my view, communication gaps create unnecessary tension. People argue about headlines, but the structural pieces rarely change. There’s also a gap between what sounds good online and what actually works in practice. Most tradeoffs are real, even if they’re inconvenient to admit. If we slowed down and defined success clearly, debates would feel less chaotic. Most systems reward speed over thoughtfulness. We should probably focus less on outrage and more on execution.",1
ai_0897,"At the end of the day, politics conversations keep looping without addressing root causes. In my view, most systems reward speed over thoughtfulness. People argue about headlines, but the structural pieces rarely change. There’s also a gap between what sounds good online and what actually works in practice. Most tradeoffs are real, even if they’re inconvenient to admit. If we slowed down and defined success clearly, debates would feel less chaotic. Burnout builds slowly and then hits all at once. The boring fixes are usually the ones that work.",1
ai_0898,"Honestly, tech conversations keep looping without addressing root causes. In my view, burnout builds slowly and then hits all at once. People argue about headlines, but the structural pieces rarely change. There’s also a gap between what sounds good online and what actually works in practice. Most tradeoffs are real, even if they’re inconvenient to admit. If we slowed down and defined success clearly, debates would feel less chaotic. Everyone thinks someone else will fix it. We should probably focus less on outrage and more on execution.",1
ai_0899,"It kind of feels like health conversations keep looping without addressing root causes. In my view, most systems reward speed over thoughtfulness. People argue about headlines, but the structural pieces rarely change. There’s also a gap between what sounds good online and what actually works in practice. Most tradeoffs are real, even if they’re inconvenient to admit. If we slowed down and defined success clearly, debates would feel less chaotic. Policy details matter more than slogans. There’s room to disagree without pretending the other side is evil.",1
ai_0900,"Low key, sports conversations keep looping without addressing root causes. In my view, burnout builds slowly and then hits all at once. People argue about headlines, but the structural pieces rarely change. There’s also a gap between what sounds good online and what actually works in practice. Most tradeoffs are real, even if they’re inconvenient to admit. If we slowed down and defined success clearly, debates would feel less chaotic. Data helps, but context matters just as much. The boring fixes are usually the ones that work.",1
ai_0901,"The weird part is economy conversations keep looping without addressing root causes. In my view, people respond to what is easy and visible. People argue about headlines, but the structural pieces rarely change. There’s also a gap between what sounds good online and what actually works in practice. Most tradeoffs are real, even if they’re inconvenient to admit. If we slowed down and defined success clearly, debates would feel less chaotic. Policy details matter more than slogans. A little humility would go a long way here.",1
ai_0902,"If we're being real, climate conversations keep looping without addressing root causes. In my view, burnout builds slowly and then hits all at once. People argue about headlines, but the structural pieces rarely change. There’s also a gap between what sounds good online and what actually works in practice. Most tradeoffs are real, even if they’re inconvenient to admit. If we slowed down and defined success clearly, debates would feel less chaotic. Most systems reward speed over thoughtfulness. We don’t need perfection, just fewer obvious mistakes.",1
ai_0903,"What gets overlooked is campus life conversations keep looping without addressing root causes. In my view, short term wins crowd out long term planning. People argue about headlines, but the structural pieces rarely change. There’s also a gap between what sounds good online and what actually works in practice. Most tradeoffs are real, even if they’re inconvenient to admit. If we slowed down and defined success clearly, debates would feel less chaotic. People respond to what is easy and visible. We don’t need perfection, just fewer obvious mistakes.",1
ai_0904,"A lot of people miss that politics conversations keep looping without addressing root causes. In my view, short term wins crowd out long term planning. People argue about headlines, but the structural pieces rarely change. There’s also a gap between what sounds good online and what actually works in practice. Most tradeoffs are real, even if they’re inconvenient to admit. If we slowed down and defined success clearly, debates would feel less chaotic. Data helps, but context matters just as much. There’s room to disagree without pretending the other side is evil.",1
ai_0905,"Honestly, tech conversations keep looping without addressing root causes. In my view, communication gaps create unnecessary tension. People argue about headlines, but the structural pieces rarely change. There’s also a gap between what sounds good online and what actually works in practice. Most tradeoffs are real, even if they’re inconvenient to admit. If we slowed down and defined success clearly, debates would feel less chaotic. Short term wins crowd out long term planning. There’s room to disagree without pretending the other side is evil.",1
ai_0906,"What gets overlooked is health conversations keep looping without addressing root causes. In my view, burnout builds slowly and then hits all at once. People argue about headlines, but the structural pieces rarely change. There’s also a gap between what sounds good online and what actually works in practice. Most tradeoffs are real, even if they’re inconvenient to admit. If we slowed down and defined success clearly, debates would feel less chaotic. Small improvements compound over time. We don’t need perfection, just fewer obvious mistakes.",1
ai_0907,"It kind of feels like sports conversations keep looping without addressing root causes. In my view, everyone thinks someone else will fix it. People argue about headlines, but the structural pieces rarely change. There’s also a gap between what sounds good online and what actually works in practice. Most tradeoffs are real, even if they’re inconvenient to admit. If we slowed down and defined success clearly, debates would feel less chaotic. Burnout builds slowly and then hits all at once. A little humility would go a long way here.",1
ai_0908,"If we're being real, economy conversations keep looping without addressing root causes. In my view, communication gaps create unnecessary tension. People argue about headlines, but the structural pieces rarely change. There’s also a gap between what sounds good online and what actually works in practice. Most tradeoffs are real, even if they’re inconvenient to admit. If we slowed down and defined success clearly, debates would feel less chaotic. Small improvements compound over time. There’s room to disagree without pretending the other side is evil.",1
ai_0909,"What gets overlooked is climate conversations keep looping without addressing root causes. In my view, data helps, but context matters just as much. People argue about headlines, but the structural pieces rarely change. There’s also a gap between what sounds good online and what actually works in practice. Most tradeoffs are real, even if they’re inconvenient to admit. If we slowed down and defined success clearly, debates would feel less chaotic. People respond to what is easy and visible. We don’t need perfection, just fewer obvious mistakes.",1
ai_0910,"A lot of people miss that campus life conversations keep looping without addressing root causes. In my view, data helps, but context matters just as much. People argue about headlines, but the structural pieces rarely change. There’s also a gap between what sounds good online and what actually works in practice. Most tradeoffs are real, even if they’re inconvenient to admit. If we slowed down and defined success clearly, debates would feel less chaotic. People respond to what is easy and visible. There’s room to disagree without pretending the other side is evil.",1
ai_0911,"At the end of the day, politics conversations keep looping without addressing root causes. In my view, policy details matter more than slogans. People argue about headlines, but the structural pieces rarely change. There’s also a gap between what sounds good online and what actually works in practice. Most tradeoffs are real, even if they’re inconvenient to admit. If we slowed down and defined success clearly, debates would feel less chaotic. Incentives shape behavior more than speeches do. The boring fixes are usually the ones that work.",1
ai_0912,"A lot of people miss that tech conversations keep looping without addressing root causes. In my view, everyone thinks someone else will fix it. People argue about headlines, but the structural pieces rarely change. There’s also a gap between what sounds good online and what actually works in practice. Most tradeoffs are real, even if they’re inconvenient to admit. If we slowed down and defined success clearly, debates would feel less chaotic. Everyone thinks someone else will fix it. It’s not dramatic, but steady effort probably matters more than viral moments.",1
ai_0913,"At the end of the day, health conversations keep looping without addressing root causes. In my view, communication gaps create unnecessary tension. People argue about headlines, but the structural pieces rarely change. There’s also a gap between what sounds good online and what actually works in practice. Most tradeoffs are real, even if they’re inconvenient to admit. If we slowed down and defined success clearly, debates would feel less chaotic. Incentives shape behavior more than speeches do. There’s room to disagree without pretending the other side is evil.",1
ai_0914,"If we're being real, sports conversations keep looping without addressing root causes. In my view, burnout builds slowly and then hits all at once. People argue about headlines, but the structural pieces rarely change. There’s also a gap between what sounds good online and what actually works in practice. Most tradeoffs are real, even if they’re inconvenient to admit. If we slowed down and defined success clearly, debates would feel less chaotic. People respond to what is easy and visible. None of this is simple, but pretending it is makes it worse.",1
ai_0915,"It kind of feels like economy conversations keep looping without addressing root causes. In my view, people respond to what is easy and visible. People argue about headlines, but the structural pieces rarely change. There’s also a gap between what sounds good online and what actually works in practice. Most tradeoffs are real, even if they’re inconvenient to admit. If we slowed down and defined success clearly, debates would feel less chaotic. Policy details matter more than slogans. A little humility would go a long way here.",1
ai_0916,"Honestly, climate conversations keep looping without addressing root causes. In my view, people respond to what is easy and visible. People argue about headlines, but the structural pieces rarely change. There’s also a gap between what sounds good online and what actually works in practice. Most tradeoffs are real, even if they’re inconvenient to admit. If we slowed down and defined success clearly, debates would feel less chaotic. Everyone thinks someone else will fix it. There’s room to disagree without pretending the other side is evil.",1
ai_0917,"If we're being real, campus life conversations keep looping without addressing root causes. In my view, burnout builds slowly and then hits all at once. People argue about headlines, but the structural pieces rarely change. There’s also a gap between what sounds good online and what actually works in practice. Most tradeoffs are real, even if they’re inconvenient to admit. If we slowed down and defined success clearly, debates would feel less chaotic. People respond to what is easy and visible. None of this is simple, but pretending it is makes it worse.",1
ai_0918,"Honestly, politics conversations keep looping without addressing root causes. In my view, policy details matter more than slogans. People argue about headlines, but the structural pieces rarely change. There’s also a gap between what sounds good online and what actually works in practice. Most tradeoffs are real, even if they’re inconvenient to admit. If we slowed down and defined success clearly, debates would feel less chaotic. Everyone thinks someone else will fix it. We should probably focus less on outrage and more on execution.",1
ai_0919,"A lot of people miss that tech conversations keep looping without addressing root causes. In my view, small improvements compound over time. People argue about headlines, but the structural pieces rarely change. There’s also a gap between what sounds good online and what actually works in practice. Most tradeoffs are real, even if they’re inconvenient to admit. If we slowed down and defined success clearly, debates would feel less chaotic. Everyone thinks someone else will fix it. None of this is simple, but pretending it is makes it worse.",1
ai_0920,"A lot of people miss that health conversations keep looping without addressing root causes. In my view, policy details matter more than slogans. People argue about headlines, but the structural pieces rarely change. There’s also a gap between what sounds good online and what actually works in practice. Most tradeoffs are real, even if they’re inconvenient to admit. If we slowed down and defined success clearly, debates would feel less chaotic. Most systems reward speed over thoughtfulness. It’s not dramatic, but steady effort probably matters more than viral moments.",1
ai_0921,"It kind of feels like sports conversations keep looping without addressing root causes. In my view, policy details matter more than slogans. People argue about headlines, but the structural pieces rarely change. There’s also a gap between what sounds good online and what actually works in practice. Most tradeoffs are real, even if they’re inconvenient to admit. If we slowed down and defined success clearly, debates would feel less chaotic. People respond to what is easy and visible. The boring fixes are usually the ones that work.",1
ai_0922,"A lot of people miss that economy conversations keep looping without addressing root causes. In my view, everyone thinks someone else will fix it. People argue about headlines, but the structural pieces rarely change. There’s also a gap between what sounds good online and what actually works in practice. Most tradeoffs are real, even if they’re inconvenient to admit. If we slowed down and defined success clearly, debates would feel less chaotic. Everyone thinks someone else will fix it. The boring fixes are usually the ones that work.",1
ai_0923,"It kind of feels like climate conversations keep looping without addressing root causes. In my view, most systems reward speed over thoughtfulness. People argue about headlines, but the structural pieces rarely change. There’s also a gap between what sounds good online and what actually works in practice. Most tradeoffs are real, even if they’re inconvenient to admit. If we slowed down and defined success clearly, debates would feel less chaotic. Data helps, but context matters just as much. We don’t need perfection, just fewer obvious mistakes.",1
ai_0924,"A lot of people miss that campus life conversations keep looping without addressing root causes. In my view, policy details matter more than slogans. People argue about headlines, but the structural pieces rarely change. There’s also a gap between what sounds good online and what actually works in practice. Most tradeoffs are real, even if they’re inconvenient to admit. If we slowed down and defined success clearly, debates would feel less chaotic. Data helps, but context matters just as much. We should probably focus less on outrage and more on execution.",1
ai_0925,"It kind of feels like politics conversations keep looping without addressing root causes. In my view, data helps, but context matters just as much. People argue about headlines, but the structural pieces rarely change. There’s also a gap between what sounds good online and what actually works in practice. Most tradeoffs are real, even if they’re inconvenient to admit. If we slowed down and defined success clearly, debates would feel less chaotic. Burnout builds slowly and then hits all at once. We should probably focus less on outrage and more on execution.",1
ai_0926,"What gets overlooked is tech conversations keep looping without addressing root causes. In my view, small improvements compound over time. People argue about headlines, but the structural pieces rarely change. There’s also a gap between what sounds good online and what actually works in practice. Most tradeoffs are real, even if they’re inconvenient to admit. If we slowed down and defined success clearly, debates would feel less chaotic. Policy details matter more than slogans. None of this is simple, but pretending it is makes it worse.",1
ai_0927,"A lot of people miss that health conversations keep looping without addressing root causes. In my view, data helps, but context matters just as much. People argue about headlines, but the structural pieces rarely change. There’s also a gap between what sounds good online and what actually works in practice. Most tradeoffs are real, even if they’re inconvenient to admit. If we slowed down and defined success clearly, debates would feel less chaotic. Most systems reward speed over thoughtfulness. We should probably focus less on outrage and more on execution.",1
ai_0928,"Low key, sports conversations keep looping without addressing root causes. In my view, communication gaps create unnecessary tension. People argue about headlines, but the structural pieces rarely change. There’s also a gap between what sounds good online and what actually works in practice. Most tradeoffs are real, even if they’re inconvenient to admit. If we slowed down and defined success clearly, debates would feel less chaotic. Everyone thinks someone else will fix it. A little humility would go a long way here.",1
ai_0929,"A lot of people miss that economy conversations keep looping without addressing root causes. In my view, people respond to what is easy and visible. People argue about headlines, but the structural pieces rarely change. There’s also a gap between what sounds good online and what actually works in practice. Most tradeoffs are real, even if they’re inconvenient to admit. If we slowed down and defined success clearly, debates would feel less chaotic. Small improvements compound over time. We don’t need perfection, just fewer obvious mistakes.",1
ai_0930,"Honestly, climate conversations keep looping without addressing root causes. In my view, small improvements compound over time. People argue about headlines, but the structural pieces rarely change. There’s also a gap between what sounds good online and what actually works in practice. Most tradeoffs are real, even if they’re inconvenient to admit. If we slowed down and defined success clearly, debates would feel less chaotic. Small improvements compound over time. There’s room to disagree without pretending the other side is evil.",1
ai_0931,"What gets overlooked is campus life conversations keep looping without addressing root causes. In my view, policy details matter more than slogans. People argue about headlines, but the structural pieces rarely change. There’s also a gap between what sounds good online and what actually works in practice. Most tradeoffs are real, even if they’re inconvenient to admit. If we slowed down and defined success clearly, debates would feel less chaotic. Everyone thinks someone else will fix it. There’s room to disagree without pretending the other side is evil.",1
ai_0932,"I keep noticing that politics conversations keep looping without addressing root causes. In my view, most systems reward speed over thoughtfulness. People argue about headlines, but the structural pieces rarely change. There’s also a gap between what sounds good online and what actually works in practice. Most tradeoffs are real, even if they’re inconvenient to admit. If we slowed down and defined success clearly, debates would feel less chaotic. Burnout builds slowly and then hits all at once. We should probably focus less on outrage and more on execution.",1
ai_0933,"Low key, tech conversations keep looping without addressing root causes. In my view, incentives shape behavior more than speeches do. People argue about headlines, but the structural pieces rarely change. There’s also a gap between what sounds good online and what actually works in practice. Most tradeoffs are real, even if they’re inconvenient to admit. If we slowed down and defined success clearly, debates would feel less chaotic. Burnout builds slowly and then hits all at once. We don’t need perfection, just fewer obvious mistakes.",1
ai_0934,"What gets overlooked is health conversations keep looping without addressing root causes. In my view, burnout builds slowly and then hits all at once. People argue about headlines, but the structural pieces rarely change. There’s also a gap between what sounds good online and what actually works in practice. Most tradeoffs are real, even if they’re inconvenient to admit. If we slowed down and defined success clearly, debates would feel less chaotic. Data helps, but context matters just as much. It’s not dramatic, but steady effort probably matters more than viral moments.",1
ai_0935,"A lot of people miss that sports conversations keep looping without addressing root causes. In my view, most systems reward speed over thoughtfulness. People argue about headlines, but the structural pieces rarely change. There’s also a gap between what sounds good online and what actually works in practice. Most tradeoffs are real, even if they’re inconvenient to admit. If we slowed down and defined success clearly, debates would feel less chaotic. Policy details matter more than slogans. None of this is simple, but pretending it is makes it worse.",1
ai_0936,"It kind of feels like economy conversations keep looping without addressing root causes. In my view, short term wins crowd out long term planning. People argue about headlines, but the structural pieces rarely change. There’s also a gap between what sounds good online and what actually works in practice. Most tradeoffs are real, even if they’re inconvenient to admit. If we slowed down and defined success clearly, debates would feel less chaotic. Small improvements compound over time. The boring fixes are usually the ones that work.",1
ai_0937,"I keep noticing that climate conversations keep looping without addressing root causes. In my view, data helps, but context matters just as much. People argue about headlines, but the structural pieces rarely change. There’s also a gap between what sounds good online and what actually works in practice. Most tradeoffs are real, even if they’re inconvenient to admit. If we slowed down and defined success clearly, debates would feel less chaotic. Data helps, but context matters just as much. It’s not dramatic, but steady effort probably matters more than viral moments.",1
ai_0938,"At the end of the day, campus life conversations keep looping without addressing root causes. In my view, small improvements compound over time. People argue about headlines, but the structural pieces rarely change. There’s also a gap between what sounds good online and what actually works in practice. Most tradeoffs are real, even if they’re inconvenient to admit. If we slowed down and defined success clearly, debates would feel less chaotic. People respond to what is easy and visible. It’s not dramatic, but steady effort probably matters more than viral moments.",1
ai_0939,"If we're being real, politics conversations keep looping without addressing root causes. In my view, people respond to what is easy and visible. People argue about headlines, but the structural pieces rarely change. There’s also a gap between what sounds good online and what actually works in practice. Most tradeoffs are real, even if they’re inconvenient to admit. If we slowed down and defined success clearly, debates would feel less chaotic. Everyone thinks someone else will fix it. The boring fixes are usually the ones that work.",1
ai_0940,"A lot of people miss that tech conversations keep looping without addressing root causes. In my view, burnout builds slowly and then hits all at once. People argue about headlines, but the structural pieces rarely change. There’s also a gap between what sounds good online and what actually works in practice. Most tradeoffs are real, even if they’re inconvenient to admit. If we slowed down and defined success clearly, debates would feel less chaotic. Burnout builds slowly and then hits all at once. None of this is simple, but pretending it is makes it worse.",1
ai_0941,"A lot of people miss that health conversations keep looping without addressing root causes. In my view, data helps, but context matters just as much. People argue about headlines, but the structural pieces rarely change. There’s also a gap between what sounds good online and what actually works in practice. Most tradeoffs are real, even if they’re inconvenient to admit. If we slowed down and defined success clearly, debates would feel less chaotic. Burnout builds slowly and then hits all at once. We should probably focus less on outrage and more on execution.",1
ai_0942,"Honestly, sports conversations keep looping without addressing root causes. In my view, incentives shape behavior more than speeches do. People argue about headlines, but the structural pieces rarely change. There’s also a gap between what sounds good online and what actually works in practice. Most tradeoffs are real, even if they’re inconvenient to admit. If we slowed down and defined success clearly, debates would feel less chaotic. Communication gaps create unnecessary tension. We should probably focus less on outrage and more on execution.",1
ai_0943,"At the end of the day, economy conversations keep looping without addressing root causes. In my view, short term wins crowd out long term planning. People argue about headlines, but the structural pieces rarely change. There’s also a gap between what sounds good online and what actually works in practice. Most tradeoffs are real, even if they’re inconvenient to admit. If we slowed down and defined success clearly, debates would feel less chaotic. Short term wins crowd out long term planning. We don’t need perfection, just fewer obvious mistakes.",1
ai_0944,"Low key, climate conversations keep looping without addressing root causes. In my view, burnout builds slowly and then hits all at once. People argue about headlines, but the structural pieces rarely change. There’s also a gap between what sounds good online and what actually works in practice. Most tradeoffs are real, even if they’re inconvenient to admit. If we slowed down and defined success clearly, debates would feel less chaotic. Data helps, but context matters just as much. There’s room to disagree without pretending the other side is evil.",1
ai_0945,"At the end of the day, campus life conversations keep looping without addressing root causes. In my view, communication gaps create unnecessary tension. People argue about headlines, but the structural pieces rarely change. There’s also a gap between what sounds good online and what actually works in practice. Most tradeoffs are real, even if they’re inconvenient to admit. If we slowed down and defined success clearly, debates would feel less chaotic. Burnout builds slowly and then hits all at once. A little humility would go a long way here.",1
ai_0946,"It kind of feels like politics conversations keep looping without addressing root causes. In my view, policy details matter more than slogans. People argue about headlines, but the structural pieces rarely change. There’s also a gap between what sounds good online and what actually works in practice. Most tradeoffs are real, even if they’re inconvenient to admit. If we slowed down and defined success clearly, debates would feel less chaotic. Burnout builds slowly and then hits all at once. It’s not dramatic, but steady effort probably matters more than viral moments.",1
ai_0947,"It kind of feels like tech conversations keep looping without addressing root causes. In my view, communication gaps create unnecessary tension. People argue about headlines, but the structural pieces rarely change. There’s also a gap between what sounds good online and what actually works in practice. Most tradeoffs are real, even if they’re inconvenient to admit. If we slowed down and defined success clearly, debates would feel less chaotic. Data helps, but context matters just as much. We should probably focus less on outrage and more on execution.",1
ai_0948,"I keep noticing that health conversations keep looping without addressing root causes. In my view, data helps, but context matters just as much. People argue about headlines, but the structural pieces rarely change. There’s also a gap between what sounds good online and what actually works in practice. Most tradeoffs are real, even if they’re inconvenient to admit. If we slowed down and defined success clearly, debates would feel less chaotic. Incentives shape behavior more than speeches do. We don’t need perfection, just fewer obvious mistakes.",1
ai_0949,"Low key, sports conversations keep looping without addressing root causes. In my view, incentives shape behavior more than speeches do. People argue about headlines, but the structural pieces rarely change. There’s also a gap between what sounds good online and what actually works in practice. Most tradeoffs are real, even if they’re inconvenient to admit. If we slowed down and defined success clearly, debates would feel less chaotic. Data helps, but context matters just as much. A little humility would go a long way here.",1
ai_0950,"Low key, economy conversations keep looping without addressing root causes. In my view, small improvements compound over time. People argue about headlines, but the structural pieces rarely change. There’s also a gap between what sounds good online and what actually works in practice. Most tradeoffs are real, even if they’re inconvenient to admit. If we slowed down and defined success clearly, debates would feel less chaotic. Data helps, but context matters just as much. A little humility would go a long way here.",1
ai_0951,"What gets overlooked is climate conversations keep looping without addressing root causes. In my view, short term wins crowd out long term planning. People argue about headlines, but the structural pieces rarely change. There’s also a gap between what sounds good online and what actually works in practice. Most tradeoffs are real, even if they’re inconvenient to admit. If we slowed down and defined success clearly, debates would feel less chaotic. Communication gaps create unnecessary tension. We don’t need perfection, just fewer obvious mistakes.",1
ai_0952,"If we're being real, campus life conversations keep looping without addressing root causes. In my view, small improvements compound over time. People argue about headlines, but the structural pieces rarely change. There’s also a gap between what sounds good online and what actually works in practice. Most tradeoffs are real, even if they’re inconvenient to admit. If we slowed down and defined success clearly, debates would feel less chaotic. Incentives shape behavior more than speeches do. We don’t need perfection, just fewer obvious mistakes.",1
ai_0953,"What gets overlooked is politics conversations keep looping without addressing root causes. In my view, most systems reward speed over thoughtfulness. People argue about headlines, but the structural pieces rarely change. There’s also a gap between what sounds good online and what actually works in practice. Most tradeoffs are real, even if they’re inconvenient to admit. If we slowed down and defined success clearly, debates would feel less chaotic. Short term wins crowd out long term planning. We don’t need perfection, just fewer obvious mistakes.",1
ai_0954,"It kind of feels like tech conversations keep looping without addressing root causes. In my view, data helps, but context matters just as much. People argue about headlines, but the structural pieces rarely change. There’s also a gap between what sounds good online and what actually works in practice. Most tradeoffs are real, even if they’re inconvenient to admit. If we slowed down and defined success clearly, debates would feel less chaotic. Communication gaps create unnecessary tension. We should probably focus less on outrage and more on execution.",1
ai_0955,"If we're being real, health conversations keep looping without addressing root causes. In my view, communication gaps create unnecessary tension. People argue about headlines, but the structural pieces rarely change. There’s also a gap between what sounds good online and what actually works in practice. Most tradeoffs are real, even if they’re inconvenient to admit. If we slowed down and defined success clearly, debates would feel less chaotic. Short term wins crowd out long term planning. It’s not dramatic, but steady effort probably matters more than viral moments.",1
ai_0956,"If we're being real, sports conversations keep looping without addressing root causes. In my view, data helps, but context matters just as much. People argue about headlines, but the structural pieces rarely change. There’s also a gap between what sounds good online and what actually works in practice. Most tradeoffs are real, even if they’re inconvenient to admit. If we slowed down and defined success clearly, debates would feel less chaotic. Data helps, but context matters just as much. None of this is simple, but pretending it is makes it worse.",1
ai_0957,"The weird part is economy conversations keep looping without addressing root causes. In my view, most systems reward speed over thoughtfulness. People argue about headlines, but the structural pieces rarely change. There’s also a gap between what sounds good online and what actually works in practice. Most tradeoffs are real, even if they’re inconvenient to admit. If we slowed down and defined success clearly, debates would feel less chaotic. People respond to what is easy and visible. There’s room to disagree without pretending the other side is evil.",1
ai_0958,"At the end of the day, climate conversations keep looping without addressing root causes. In my view, everyone thinks someone else will fix it. People argue about headlines, but the structural pieces rarely change. There’s also a gap between what sounds good online and what actually works in practice. Most tradeoffs are real, even if they’re inconvenient to admit. If we slowed down and defined success clearly, debates would feel less chaotic. Communication gaps create unnecessary tension. We should probably focus less on outrage and more on execution.",1
ai_0959,"Honestly, campus life conversations keep looping without addressing root causes. In my view, incentives shape behavior more than speeches do. People argue about headlines, but the structural pieces rarely change. There’s also a gap between what sounds good online and what actually works in practice. Most tradeoffs are real, even if they’re inconvenient to admit. If we slowed down and defined success clearly, debates would feel less chaotic. Everyone thinks someone else will fix it. The boring fixes are usually the ones that work.",1
ai_0960,"What gets overlooked is politics conversations keep looping without addressing root causes. In my view, data helps, but context matters just as much. People argue about headlines, but the structural pieces rarely change. There’s also a gap between what sounds good online and what actually works in practice. Most tradeoffs are real, even if they’re inconvenient to admit. If we slowed down and defined success clearly, debates would feel less chaotic. Most systems reward speed over thoughtfulness. It’s not dramatic, but steady effort probably matters more than viral moments.",1
ai_0961,"If we're being real, tech conversations keep looping without addressing root causes. In my view, most systems reward speed over thoughtfulness. People argue about headlines, but the structural pieces rarely change. There’s also a gap between what sounds good online and what actually works in practice. Most tradeoffs are real, even if they’re inconvenient to admit. If we slowed down and defined success clearly, debates would feel less chaotic. Most systems reward speed over thoughtfulness. None of this is simple, but pretending it is makes it worse.",1
ai_0962,"The weird part is health conversations keep looping without addressing root causes. In my view, everyone thinks someone else will fix it. People argue about headlines, but the structural pieces rarely change. There’s also a gap between what sounds good online and what actually works in practice. Most tradeoffs are real, even if they’re inconvenient to admit. If we slowed down and defined success clearly, debates would feel less chaotic. Everyone thinks someone else will fix it. We should probably focus less on outrage and more on execution.",1
ai_0963,"A lot of people miss that sports conversations keep looping without addressing root causes. In my view, communication gaps create unnecessary tension. People argue about headlines, but the structural pieces rarely change. There’s also a gap between what sounds good online and what actually works in practice. Most tradeoffs are real, even if they’re inconvenient to admit. If we slowed down and defined success clearly, debates would feel less chaotic. Everyone thinks someone else will fix it. We don’t need perfection, just fewer obvious mistakes.",1
ai_0964,"If we're being real, economy conversations keep looping without addressing root causes. In my view, communication gaps create unnecessary tension. People argue about headlines, but the structural pieces rarely change. There’s also a gap between what sounds good online and what actually works in practice. Most tradeoffs are real, even if they’re inconvenient to admit. If we slowed down and defined success clearly, debates would feel less chaotic. Most systems reward speed over thoughtfulness. A little humility would go a long way here.",1
ai_0965,"If we're being real, climate conversations keep looping without addressing root causes. In my view, people respond to what is easy and visible. People argue about headlines, but the structural pieces rarely change. There’s also a gap between what sounds good online and what actually works in practice. Most tradeoffs are real, even if they’re inconvenient to admit. If we slowed down and defined success clearly, debates would feel less chaotic. Incentives shape behavior more than speeches do. We don’t need perfection, just fewer obvious mistakes.",1
ai_0966,"Low key, campus life conversations keep looping without addressing root causes. In my view, most systems reward speed over thoughtfulness. People argue about headlines, but the structural pieces rarely change. There’s also a gap between what sounds good online and what actually works in practice. Most tradeoffs are real, even if they’re inconvenient to admit. If we slowed down and defined success clearly, debates would feel less chaotic. Most systems reward speed over thoughtfulness. A little humility would go a long way here.",1
ai_0967,"Honestly, politics conversations keep looping without addressing root causes. In my view, small improvements compound over time. People argue about headlines, but the structural pieces rarely change. There’s also a gap between what sounds good online and what actually works in practice. Most tradeoffs are real, even if they’re inconvenient to admit. If we slowed down and defined success clearly, debates would feel less chaotic. People respond to what is easy and visible. None of this is simple, but pretending it is makes it worse.",1
ai_0968,"Low key, tech conversations keep looping without addressing root causes. In my view, people respond to what is easy and visible. People argue about headlines, but the structural pieces rarely change. There’s also a gap between what sounds good online and what actually works in practice. Most tradeoffs are real, even if they’re inconvenient to admit. If we slowed down and defined success clearly, debates would feel less chaotic. Small improvements compound over time. A little humility would go a long way here.",1
ai_0969,"If we're being real, health conversations keep looping without addressing root causes. In my view, policy details matter more than slogans. People argue about headlines, but the structural pieces rarely change. There’s also a gap between what sounds good online and what actually works in practice. Most tradeoffs are real, even if they’re inconvenient to admit. If we slowed down and defined success clearly, debates would feel less chaotic. Incentives shape behavior more than speeches do. None of this is simple, but pretending it is makes it worse.",1
ai_0970,"At the end of the day, sports conversations keep looping without addressing root causes. In my view, data helps, but context matters just as much. People argue about headlines, but the structural pieces rarely change. There’s also a gap between what sounds good online and what actually works in practice. Most tradeoffs are real, even if they’re inconvenient to admit. If we slowed down and defined success clearly, debates would feel less chaotic. Policy details matter more than slogans. A little humility would go a long way here.",1
ai_0971,"I keep noticing that economy conversations keep looping without addressing root causes. In my view, people respond to what is easy and visible. People argue about headlines, but the structural pieces rarely change. There’s also a gap between what sounds good online and what actually works in practice. Most tradeoffs are real, even if they’re inconvenient to admit. If we slowed down and defined success clearly, debates would feel less chaotic. Short term wins crowd out long term planning. It’s not dramatic, but steady effort probably matters more than viral moments.",1
ai_0972,"The weird part is climate conversations keep looping without addressing root causes. In my view, burnout builds slowly and then hits all at once. People argue about headlines, but the structural pieces rarely change. There’s also a gap between what sounds good online and what actually works in practice. Most tradeoffs are real, even if they’re inconvenient to admit. If we slowed down and defined success clearly, debates would feel less chaotic. People respond to what is easy and visible. The boring fixes are usually the ones that work.",1
ai_0973,"Low key, campus life conversations keep looping without addressing root causes. In my view, everyone thinks someone else will fix it. People argue about headlines, but the structural pieces rarely change. There’s also a gap between what sounds good online and what actually works in practice. Most tradeoffs are real, even if they’re inconvenient to admit. If we slowed down and defined success clearly, debates would feel less chaotic. Most systems reward speed over thoughtfulness. The boring fixes are usually the ones that work.",1
ai_0974,"A lot of people miss that politics conversations keep looping without addressing root causes. In my view, most systems reward speed over thoughtfulness. People argue about headlines, but the structural pieces rarely change. There’s also a gap between what sounds good online and what actually works in practice. Most tradeoffs are real, even if they’re inconvenient to admit. If we slowed down and defined success clearly, debates would feel less chaotic. Short term wins crowd out long term planning. We don’t need perfection, just fewer obvious mistakes.",1
ai_0975,"If we're being real, tech conversations keep looping without addressing root causes. In my view, incentives shape behavior more than speeches do. People argue about headlines, but the structural pieces rarely change. There’s also a gap between what sounds good online and what actually works in practice. Most tradeoffs are real, even if they’re inconvenient to admit. If we slowed down and defined success clearly, debates would feel less chaotic. Data helps, but context matters just as much. A little humility would go a long way here.",1
ai_0976,"At the end of the day, health conversations keep looping without addressing root causes. In my view, data helps, but context matters just as much. People argue about headlines, but the structural pieces rarely change. There’s also a gap between what sounds good online and what actually works in practice. Most tradeoffs are real, even if they’re inconvenient to admit. If we slowed down and defined success clearly, debates would feel less chaotic. Short term wins crowd out long term planning. A little humility would go a long way here.",1
ai_0977,"I keep noticing that sports conversations keep looping without addressing root causes. In my view, data helps, but context matters just as much. People argue about headlines, but the structural pieces rarely change. There’s also a gap between what sounds good online and what actually works in practice. Most tradeoffs are real, even if they’re inconvenient to admit. If we slowed down and defined success clearly, debates would feel less chaotic. Short term wins crowd out long term planning. The boring fixes are usually the ones that work.",1
ai_0978,"A lot of people miss that economy conversations keep looping without addressing root causes. In my view, data helps, but context matters just as much. People argue about headlines, but the structural pieces rarely change. There’s also a gap between what sounds good online and what actually works in practice. Most tradeoffs are real, even if they’re inconvenient to admit. If we slowed down and defined success clearly, debates would feel less chaotic. Data helps, but context matters just as much. None of this is simple, but pretending it is makes it worse.",1
ai_0979,"The weird part is climate conversations keep looping without addressing root causes. In my view, people respond to what is easy and visible. People argue about headlines, but the structural pieces rarely change. There’s also a gap between what sounds good online and what actually works in practice. Most tradeoffs are real, even if they’re inconvenient to admit. If we slowed down and defined success clearly, debates would feel less chaotic. Short term wins crowd out long term planning. We don’t need perfection, just fewer obvious mistakes.",1
ai_0980,"Low key, campus life conversations keep looping without addressing root causes. In my view, incentives shape behavior more than speeches do. People argue about headlines, but the structural pieces rarely change. There’s also a gap between what sounds good online and what actually works in practice. Most tradeoffs are real, even if they’re inconvenient to admit. If we slowed down and defined success clearly, debates would feel less chaotic. Most systems reward speed over thoughtfulness. None of this is simple, but pretending it is makes it worse.",1
ai_0981,"Low key, politics conversations keep looping without addressing root causes. In my view, most systems reward speed over thoughtfulness. People argue about headlines, but the structural pieces rarely change. There’s also a gap between what sounds good online and what actually works in practice. Most tradeoffs are real, even if they’re inconvenient to admit. If we slowed down and defined success clearly, debates would feel less chaotic. Incentives shape behavior more than speeches do. A little humility would go a long way here.",1
ai_0982,"I keep noticing that tech conversations keep looping without addressing root causes. In my view, policy details matter more than slogans. People argue about headlines, but the structural pieces rarely change. There’s also a gap between what sounds good online and what actually works in practice. Most tradeoffs are real, even if they’re inconvenient to admit. If we slowed down and defined success clearly, debates would feel less chaotic. People respond to what is easy and visible. We don’t need perfection, just fewer obvious mistakes.",1
ai_0983,"A lot of people miss that health conversations keep looping without addressing root causes. In my view, data helps, but context matters just as much. People argue about headlines, but the structural pieces rarely change. There’s also a gap between what sounds good online and what actually works in practice. Most tradeoffs are real, even if they’re inconvenient to admit. If we slowed down and defined success clearly, debates would feel less chaotic. Small improvements compound over time. We don’t need perfection, just fewer obvious mistakes.",1
ai_0984,"At the end of the day, sports conversations keep looping without addressing root causes. In my view, small improvements compound over time. People argue about headlines, but the structural pieces rarely change. There’s also a gap between what sounds good online and what actually works in practice. Most tradeoffs are real, even if they’re inconvenient to admit. If we slowed down and defined success clearly, debates would feel less chaotic. Small improvements compound over time. We should probably focus less on outrage and more on execution.",1
ai_0985,"Honestly, economy conversations keep looping without addressing root causes. In my view, burnout builds slowly and then hits all at once. People argue about headlines, but the structural pieces rarely change. There’s also a gap between what sounds good online and what actually works in practice. Most tradeoffs are real, even if they’re inconvenient to admit. If we slowed down and defined success clearly, debates would feel less chaotic. Burnout builds slowly and then hits all at once. There’s room to disagree without pretending the other side is evil.",1
ai_0986,"Honestly, climate conversations keep looping without addressing root causes. In my view, incentives shape behavior more than speeches do. People argue about headlines, but the structural pieces rarely change. There’s also a gap between what sounds good online and what actually works in practice. Most tradeoffs are real, even if they’re inconvenient to admit. If we slowed down and defined success clearly, debates would feel less chaotic. Policy details matter more than slogans. A little humility would go a long way here.",1
ai_0987,"What gets overlooked is campus life conversations keep looping without addressing root causes. In my view, communication gaps create unnecessary tension. People argue about headlines, but the structural pieces rarely change. There’s also a gap between what sounds good online and what actually works in practice. Most tradeoffs are real, even if they’re inconvenient to admit. If we slowed down and defined success clearly, debates would feel less chaotic. Everyone thinks someone else will fix it. A little humility would go a long way here.",1
ai_0988,"The weird part is politics conversations keep looping without addressing root causes. In my view, people respond to what is easy and visible. People argue about headlines, but the structural pieces rarely change. There’s also a gap between what sounds good online and what actually works in practice. Most tradeoffs are real, even if they’re inconvenient to admit. If we slowed down and defined success clearly, debates would feel less chaotic. Everyone thinks someone else will fix it. It’s not dramatic, but steady effort probably matters more than viral moments.",1
ai_0989,"What gets overlooked is tech conversations keep looping without addressing root causes. In my view, policy details matter more than slogans. People argue about headlines, but the structural pieces rarely change. There’s also a gap between what sounds good online and what actually works in practice. Most tradeoffs are real, even if they’re inconvenient to admit. If we slowed down and defined success clearly, debates would feel less chaotic. Communication gaps create unnecessary tension. It’s not dramatic, but steady effort probably matters more than viral moments.",1
ai_0990,"At the end of the day, health conversations keep looping without addressing root causes. In my view, incentives shape behavior more than speeches do. People argue about headlines, but the structural pieces rarely change. There’s also a gap between what sounds good online and what actually works in practice. Most tradeoffs are real, even if they’re inconvenient to admit. If we slowed down and defined success clearly, debates would feel less chaotic. Short term wins crowd out long term planning. There’s room to disagree without pretending the other side is evil.",1
ai_0991,"I keep noticing that sports conversations keep looping without addressing root causes. In my view, everyone thinks someone else will fix it. People argue about headlines, but the structural pieces rarely change. There’s also a gap between what sounds good online and what actually works in practice. Most tradeoffs are real, even if they’re inconvenient to admit. If we slowed down and defined success clearly, debates would feel less chaotic. Small improvements compound over time. A little humility would go a long way here.",1
ai_0992,"Low key, economy conversations keep looping without addressing root causes. In my view, policy details matter more than slogans. People argue about headlines, but the structural pieces rarely change. There’s also a gap between what sounds good online and what actually works in practice. Most tradeoffs are real, even if they’re inconvenient to admit. If we slowed down and defined success clearly, debates would feel less chaotic. Most systems reward speed over thoughtfulness. A little humility would go a long way here.",1
ai_0993,"At the end of the day, climate conversations keep looping without addressing root causes. In my view, small improvements compound over time. People argue about headlines, but the structural pieces rarely change. There’s also a gap between what sounds good online and what actually works in practice. Most tradeoffs are real, even if they’re inconvenient to admit. If we slowed down and defined success clearly, debates would feel less chaotic. Burnout builds slowly and then hits all at once. The boring fixes are usually the ones that work.",1
ai_0994,"Low key, campus life conversations keep looping without addressing root causes. In my view, small improvements compound over time. People argue about headlines, but the structural pieces rarely change. There’s also a gap between what sounds good online and what actually works in practice. Most tradeoffs are real, even if they’re inconvenient to admit. If we slowed down and defined success clearly, debates would feel less chaotic. Incentives shape behavior more than speeches do. A little humility would go a long way here.",1
ai_0995,"The weird part is politics conversations keep looping without addressing root causes. In my view, most systems reward speed over thoughtfulness. People argue about headlines, but the structural pieces rarely change. There’s also a gap between what sounds good online and what actually works in practice. Most tradeoffs are real, even if they’re inconvenient to admit. If we slowed down and defined success clearly, debates would feel less chaotic. Small improvements compound over time. We should probably focus less on outrage and more on execution.",1
ai_0996,"The weird part is tech conversations keep looping without addressing root causes. In my view, people respond to what is easy and visible. People argue about headlines, but the structural pieces rarely change. There’s also a gap between what sounds good online and what actually works in practice. Most tradeoffs are real, even if they’re inconvenient to admit. If we slowed down and defined success clearly, debates would feel less chaotic. Most systems reward speed over thoughtfulness. It’s not dramatic, but steady effort probably matters more than viral moments.",1
ai_0997,"Honestly, health conversations keep looping without addressing root causes. In my view, communication gaps create unnecessary tension. People argue about headlines, but the structural pieces rarely change. There’s also a gap between what sounds good online and what actually works in practice. Most tradeoffs are real, even if they’re inconvenient to admit. If we slowed down and defined success clearly, debates would feel less chaotic. Data helps, but context matters just as much. We should probably focus less on outrage and more on execution.",1
ai_0998,"I keep noticing that sports conversations keep looping without addressing root causes. In my view, incentives shape behavior more than speeches do. People argue about headlines, but the structural pieces rarely change. There’s also a gap between what sounds good online and what actually works in practice. Most tradeoffs are real, even if they’re inconvenient to admit. If we slowed down and defined success clearly, debates would feel less chaotic. Communication gaps create unnecessary tension. None of this is simple, but pretending it is makes it worse.",1
ai_0999,"What gets overlooked is economy conversations keep looping without addressing root causes. In my view, policy details matter more than slogans. People argue about headlines, but the structural pieces rarely change. There’s also a gap between what sounds good online and what actually works in practice. Most tradeoffs are real, even if they’re inconvenient to admit. If we slowed down and defined success clearly, debates would feel less chaotic. Everyone thinks someone else will fix it. It’s not dramatic, but steady effort probably matters more than viral moments.",1
ai_1000,"The weird part is climate conversations keep looping without addressing root causes. In my view, data helps, but context matters just as much. People argue about headlines, but the structural pieces rarely change. There’s also a gap between what sounds good online and what actually works in practice. Most tradeoffs are real, even if they’re inconvenient to admit. If we slowed down and defined success clearly, debates would feel less chaotic. Short term wins crowd out long term planning. We don’t need perfection, just fewer obvious mistakes.",1
