id,text,label
ai_0001,"The simple version is that in politics, we overcomplicate things that are pretty structural. People spend a lot of time arguing about headlines instead of structure. People follow incentives more than inspiration. I understand why some people push back. Fast change can spark creativity and urgency. But without guardrails and follow through, momentum fades quickly. A lot of energy goes into optics instead of outcomes. If we focused more on long term alignment and less on quick wins, debates would cool down. That’s kind of the whole point.",1
ai_0002,"If I’m being honest, in tech, we overcomplicate things that are pretty structural. People spend a lot of time arguing about headlines instead of structure. Systems respond to what is measured, not what is promised. It’s fair to say disruption has benefits. Fast change can spark creativity and urgency. But without guardrails and follow through, momentum fades quickly. Small design tweaks can shift behavior dramatically. If we focused more on long term alignment and less on quick wins, debates would cool down. No drama, just fundamentals.",1
ai_0003,"Here’s my take: in health, clear goals change behavior fast. People spend a lot of time arguing about headlines instead of structure. The loudest voices are not always the most informed. There are valid counterpoints. Fast change can spark creativity and urgency. But without guardrails and follow through, momentum fades quickly. Short term wins feel good, but they rarely fix root causes. If we focused more on long term alignment and less on quick wins, debates would cool down. We can disagree without ignoring tradeoffs.",1
ai_0004,"The simple version is that in sports, we overcomplicate things that are pretty structural. People spend a lot of time arguing about headlines instead of structure. A lot of energy goes into optics instead of outcomes. It’s fair to say disruption has benefits. Fast change can spark creativity and urgency. But without guardrails and follow through, momentum fades quickly. People follow incentives more than inspiration. If we focused more on long term alignment and less on quick wins, debates would cool down. We can disagree without ignoring tradeoffs.",1
ai_0005,"The simple version is that in economy, most issues come down to incentives. People spend a lot of time arguing about headlines instead of structure. When rewards are misaligned, people adapt in predictable ways. There are valid counterpoints. Fast change can spark creativity and urgency. But without guardrails and follow through, momentum fades quickly. People follow incentives more than inspiration. If we focused more on long term alignment and less on quick wins, debates would cool down. Simple doesn’t mean easy.",1
ai_0006,"Not to overthink it, but in climate, we overcomplicate things that are pretty structural. People spend a lot of time arguing about headlines instead of structure. Systems respond to what is measured, not what is promised. There are valid counterpoints. Fast change can spark creativity and urgency. But without guardrails and follow through, momentum fades quickly. Systems respond to what is measured, not what is promised. If we focused more on long term alignment and less on quick wins, debates would cool down. It’s not flashy, but steady effort usually wins.",1
ai_0007,"Low key, in campus life, consistency beats sudden bursts of energy. People spend a lot of time arguing about headlines instead of structure. When rewards are misaligned, people adapt in predictable ways. I understand why some people push back. Fast change can spark creativity and urgency. But without guardrails and follow through, momentum fades quickly. Small design tweaks can shift behavior dramatically. If we focused more on long term alignment and less on quick wins, debates would cool down. It’s not flashy, but steady effort usually wins.",1
ai_0008,"Here’s my take: in politics, clear goals change behavior fast. People spend a lot of time arguing about headlines instead of structure. When rewards are misaligned, people adapt in predictable ways. There are valid counterpoints. Fast change can spark creativity and urgency. But without guardrails and follow through, momentum fades quickly. Small design tweaks can shift behavior dramatically. If we focused more on long term alignment and less on quick wins, debates would cool down. Simple doesn’t mean easy.",1
ai_0009,"The simple version is that in tech, most issues come down to incentives. People spend a lot of time arguing about headlines instead of structure. Short term wins feel good, but they rarely fix root causes. There’s definitely another perspective. Fast change can spark creativity and urgency. But without guardrails and follow through, momentum fades quickly. Systems respond to what is measured, not what is promised. If we focused more on long term alignment and less on quick wins, debates would cool down. It’s not flashy, but steady effort usually wins.",1
ai_0010,"Low key, in health, execution gaps create more damage than bad intentions. People spend a lot of time arguing about headlines instead of structure. People follow incentives more than inspiration. Some folks argue the opposite, and I see why. Fast change can spark creativity and urgency. But without guardrails and follow through, momentum fades quickly. Systems respond to what is measured, not what is promised. If we focused more on long term alignment and less on quick wins, debates would cool down. Simple doesn’t mean easy.",1
ai_0011,"Low key, in sports, execution gaps create more damage than bad intentions. People spend a lot of time arguing about headlines instead of structure. Systems respond to what is measured, not what is promised. Some folks argue the opposite, and I see why. Fast change can spark creativity and urgency. But without guardrails and follow through, momentum fades quickly. The loudest voices are not always the most informed. If we focused more on long term alignment and less on quick wins, debates would cool down. It’s not flashy, but steady effort usually wins.",1
ai_0012,"If I’m being honest, in economy, consistency beats sudden bursts of energy. People spend a lot of time arguing about headlines instead of structure. A lot of energy goes into optics instead of outcomes. I understand why some people push back. Fast change can spark creativity and urgency. But without guardrails and follow through, momentum fades quickly. Short term wins feel good, but they rarely fix root causes. If we focused more on long term alignment and less on quick wins, debates would cool down. No drama, just fundamentals.",1
ai_0013,"Here’s my take: in climate, clear goals change behavior fast. People spend a lot of time arguing about headlines instead of structure. Systems respond to what is measured, not what is promised. It’s fair to say disruption has benefits. Fast change can spark creativity and urgency. But without guardrails and follow through, momentum fades quickly. Small design tweaks can shift behavior dramatically. If we focused more on long term alignment and less on quick wins, debates would cool down. We can disagree without ignoring tradeoffs.",1
ai_0014,"Here’s my take: in campus life, most issues come down to incentives. People spend a lot of time arguing about headlines instead of structure. When rewards are misaligned, people adapt in predictable ways. It’s fair to say disruption has benefits. Fast change can spark creativity and urgency. But without guardrails and follow through, momentum fades quickly. People follow incentives more than inspiration. If we focused more on long term alignment and less on quick wins, debates would cool down. Simple doesn’t mean easy.",1
ai_0015,"Here’s my take: in politics, execution gaps create more damage than bad intentions. People spend a lot of time arguing about headlines instead of structure. Small design tweaks can shift behavior dramatically. There’s definitely another perspective. Fast change can spark creativity and urgency. But without guardrails and follow through, momentum fades quickly. Systems respond to what is measured, not what is promised. If we focused more on long term alignment and less on quick wins, debates would cool down. It’s not flashy, but steady effort usually wins.",1
ai_0016,"Here’s my take: in tech, consistency beats sudden bursts of energy. People spend a lot of time arguing about headlines instead of structure. Small design tweaks can shift behavior dramatically. It’s fair to say disruption has benefits. Fast change can spark creativity and urgency. But without guardrails and follow through, momentum fades quickly. Short term wins feel good, but they rarely fix root causes. If we focused more on long term alignment and less on quick wins, debates would cool down. It’s not flashy, but steady effort usually wins.",1
ai_0017,"Not to overthink it, but in health, most issues come down to incentives. People spend a lot of time arguing about headlines instead of structure. People follow incentives more than inspiration. I understand why some people push back. Fast change can spark creativity and urgency. But without guardrails and follow through, momentum fades quickly. Systems respond to what is measured, not what is promised. If we focused more on long term alignment and less on quick wins, debates would cool down. It’s not flashy, but steady effort usually wins.",1
ai_0018,"The simple version is that in sports, clear goals change behavior fast. People spend a lot of time arguing about headlines instead of structure. People follow incentives more than inspiration. There are valid counterpoints. Fast change can spark creativity and urgency. But without guardrails and follow through, momentum fades quickly. The loudest voices are not always the most informed. If we focused more on long term alignment and less on quick wins, debates would cool down. It’s not flashy, but steady effort usually wins.",1
ai_0019,"If I’m being honest, in economy, we overcomplicate things that are pretty structural. People spend a lot of time arguing about headlines instead of structure. When rewards are misaligned, people adapt in predictable ways. I understand why some people push back. Fast change can spark creativity and urgency. But without guardrails and follow through, momentum fades quickly. Systems respond to what is measured, not what is promised. If we focused more on long term alignment and less on quick wins, debates would cool down. No drama, just fundamentals.",1
ai_0020,"Not to overthink it, but in climate, consistency beats sudden bursts of energy. People spend a lot of time arguing about headlines instead of structure. Small design tweaks can shift behavior dramatically. Some folks argue the opposite, and I see why. Fast change can spark creativity and urgency. But without guardrails and follow through, momentum fades quickly. People follow incentives more than inspiration. If we focused more on long term alignment and less on quick wins, debates would cool down. Simple doesn’t mean easy.",1
ai_0021,"Low key, in campus life, execution gaps create more damage than bad intentions. People spend a lot of time arguing about headlines instead of structure. Short term wins feel good, but they rarely fix root causes. It’s fair to say disruption has benefits. Fast change can spark creativity and urgency. But without guardrails and follow through, momentum fades quickly. Systems respond to what is measured, not what is promised. If we focused more on long term alignment and less on quick wins, debates would cool down. It’s not flashy, but steady effort usually wins.",1
ai_0022,"Low key, in politics, consistency beats sudden bursts of energy. People spend a lot of time arguing about headlines instead of structure. When rewards are misaligned, people adapt in predictable ways. It’s fair to say disruption has benefits. Fast change can spark creativity and urgency. But without guardrails and follow through, momentum fades quickly. The loudest voices are not always the most informed. If we focused more on long term alignment and less on quick wins, debates would cool down. No drama, just fundamentals.",1
ai_0023,"If I’m being honest, in tech, we overcomplicate things that are pretty structural. People spend a lot of time arguing about headlines instead of structure. When rewards are misaligned, people adapt in predictable ways. There’s definitely another perspective. Fast change can spark creativity and urgency. But without guardrails and follow through, momentum fades quickly. The loudest voices are not always the most informed. If we focused more on long term alignment and less on quick wins, debates would cool down. That’s kind of the whole point.",1
ai_0024,"The simple version is that in health, we overcomplicate things that are pretty structural. People spend a lot of time arguing about headlines instead of structure. Small design tweaks can shift behavior dramatically. There are valid counterpoints. Fast change can spark creativity and urgency. But without guardrails and follow through, momentum fades quickly. Systems respond to what is measured, not what is promised. If we focused more on long term alignment and less on quick wins, debates would cool down. No drama, just fundamentals.",1
ai_0025,"The simple version is that in sports, clear goals change behavior fast. People spend a lot of time arguing about headlines instead of structure. Systems respond to what is measured, not what is promised. I understand why some people push back. Fast change can spark creativity and urgency. But without guardrails and follow through, momentum fades quickly. Systems respond to what is measured, not what is promised. If we focused more on long term alignment and less on quick wins, debates would cool down. Simple doesn’t mean easy.",1
ai_0026,"If I’m being honest, in economy, execution gaps create more damage than bad intentions. People spend a lot of time arguing about headlines instead of structure. People follow incentives more than inspiration. Some folks argue the opposite, and I see why. Fast change can spark creativity and urgency. But without guardrails and follow through, momentum fades quickly. People follow incentives more than inspiration. If we focused more on long term alignment and less on quick wins, debates would cool down. That’s kind of the whole point.",1
ai_0027,"If I’m being honest, in climate, we overcomplicate things that are pretty structural. People spend a lot of time arguing about headlines instead of structure. People follow incentives more than inspiration. It’s fair to say disruption has benefits. Fast change can spark creativity and urgency. But without guardrails and follow through, momentum fades quickly. The loudest voices are not always the most informed. If we focused more on long term alignment and less on quick wins, debates would cool down. That’s kind of the whole point.",1
ai_0028,"If I’m being honest, in campus life, most issues come down to incentives. People spend a lot of time arguing about headlines instead of structure. Short term wins feel good, but they rarely fix root causes. It’s fair to say disruption has benefits. Fast change can spark creativity and urgency. But without guardrails and follow through, momentum fades quickly. People follow incentives more than inspiration. If we focused more on long term alignment and less on quick wins, debates would cool down. That’s kind of the whole point.",1
ai_0029,"Here’s my take: in politics, clear goals change behavior fast. People spend a lot of time arguing about headlines instead of structure. Small design tweaks can shift behavior dramatically. Some folks argue the opposite, and I see why. Fast change can spark creativity and urgency. But without guardrails and follow through, momentum fades quickly. When rewards are misaligned, people adapt in predictable ways. If we focused more on long term alignment and less on quick wins, debates would cool down. We can disagree without ignoring tradeoffs.",1
ai_0030,"Here’s my take: in tech, execution gaps create more damage than bad intentions. People spend a lot of time arguing about headlines instead of structure. Small design tweaks can shift behavior dramatically. It’s fair to say disruption has benefits. Fast change can spark creativity and urgency. But without guardrails and follow through, momentum fades quickly. When rewards are misaligned, people adapt in predictable ways. If we focused more on long term alignment and less on quick wins, debates would cool down. It’s not flashy, but steady effort usually wins.",1
ai_0031,"If I’m being honest, in health, consistency beats sudden bursts of energy. People spend a lot of time arguing about headlines instead of structure. Short term wins feel good, but they rarely fix root causes. I understand why some people push back. Fast change can spark creativity and urgency. But without guardrails and follow through, momentum fades quickly. Systems respond to what is measured, not what is promised. If we focused more on long term alignment and less on quick wins, debates would cool down. We can disagree without ignoring tradeoffs.",1
ai_0032,"If I’m being honest, in sports, clear goals change behavior fast. People spend a lot of time arguing about headlines instead of structure. The loudest voices are not always the most informed. Some folks argue the opposite, and I see why. Fast change can spark creativity and urgency. But without guardrails and follow through, momentum fades quickly. A lot of energy goes into optics instead of outcomes. If we focused more on long term alignment and less on quick wins, debates would cool down. That’s kind of the whole point.",1
ai_0033,"If I’m being honest, in economy, we overcomplicate things that are pretty structural. People spend a lot of time arguing about headlines instead of structure. People follow incentives more than inspiration. Some folks argue the opposite, and I see why. Fast change can spark creativity and urgency. But without guardrails and follow through, momentum fades quickly. When rewards are misaligned, people adapt in predictable ways. If we focused more on long term alignment and less on quick wins, debates would cool down. That’s kind of the whole point.",1
ai_0034,"Low key, in climate, we overcomplicate things that are pretty structural. People spend a lot of time arguing about headlines instead of structure. A lot of energy goes into optics instead of outcomes. There are valid counterpoints. Fast change can spark creativity and urgency. But without guardrails and follow through, momentum fades quickly. When rewards are misaligned, people adapt in predictable ways. If we focused more on long term alignment and less on quick wins, debates would cool down. That’s kind of the whole point.",1
ai_0035,"The simple version is that in campus life, consistency beats sudden bursts of energy. People spend a lot of time arguing about headlines instead of structure. Short term wins feel good, but they rarely fix root causes. It’s fair to say disruption has benefits. Fast change can spark creativity and urgency. But without guardrails and follow through, momentum fades quickly. A lot of energy goes into optics instead of outcomes. If we focused more on long term alignment and less on quick wins, debates would cool down. Simple doesn’t mean easy.",1
ai_0036,"Here’s my take: in politics, we overcomplicate things that are pretty structural. People spend a lot of time arguing about headlines instead of structure. People follow incentives more than inspiration. I understand why some people push back. Fast change can spark creativity and urgency. But without guardrails and follow through, momentum fades quickly. Short term wins feel good, but they rarely fix root causes. If we focused more on long term alignment and less on quick wins, debates would cool down. Simple doesn’t mean easy.",1
ai_0037,"Here’s my take: in tech, consistency beats sudden bursts of energy. People spend a lot of time arguing about headlines instead of structure. Short term wins feel good, but they rarely fix root causes. It’s fair to say disruption has benefits. Fast change can spark creativity and urgency. But without guardrails and follow through, momentum fades quickly. Systems respond to what is measured, not what is promised. If we focused more on long term alignment and less on quick wins, debates would cool down. Simple doesn’t mean easy.",1
ai_0038,"Low key, in health, execution gaps create more damage than bad intentions. People spend a lot of time arguing about headlines instead of structure. Small design tweaks can shift behavior dramatically. There are valid counterpoints. Fast change can spark creativity and urgency. But without guardrails and follow through, momentum fades quickly. A lot of energy goes into optics instead of outcomes. If we focused more on long term alignment and less on quick wins, debates would cool down. We can disagree without ignoring tradeoffs.",1
ai_0039,"Low key, in sports, consistency beats sudden bursts of energy. People spend a lot of time arguing about headlines instead of structure. Systems respond to what is measured, not what is promised. I understand why some people push back. Fast change can spark creativity and urgency. But without guardrails and follow through, momentum fades quickly. Systems respond to what is measured, not what is promised. If we focused more on long term alignment and less on quick wins, debates would cool down. Simple doesn’t mean easy.",1
ai_0040,"Low key, in economy, consistency beats sudden bursts of energy. People spend a lot of time arguing about headlines instead of structure. A lot of energy goes into optics instead of outcomes. Some folks argue the opposite, and I see why. Fast change can spark creativity and urgency. But without guardrails and follow through, momentum fades quickly. People follow incentives more than inspiration. If we focused more on long term alignment and less on quick wins, debates would cool down. Simple doesn’t mean easy.",1
ai_0041,"If I’m being honest, in climate, most issues come down to incentives. People spend a lot of time arguing about headlines instead of structure. Small design tweaks can shift behavior dramatically. There’s definitely another perspective. Fast change can spark creativity and urgency. But without guardrails and follow through, momentum fades quickly. People follow incentives more than inspiration. If we focused more on long term alignment and less on quick wins, debates would cool down. No drama, just fundamentals.",1
ai_0042,"The simple version is that in campus life, execution gaps create more damage than bad intentions. People spend a lot of time arguing about headlines instead of structure. The loudest voices are not always the most informed. Some folks argue the opposite, and I see why. Fast change can spark creativity and urgency. But without guardrails and follow through, momentum fades quickly. The loudest voices are not always the most informed. If we focused more on long term alignment and less on quick wins, debates would cool down. No drama, just fundamentals.",1
ai_0043,"Here’s my take: in politics, clear goals change behavior fast. People spend a lot of time arguing about headlines instead of structure. A lot of energy goes into optics instead of outcomes. I understand why some people push back. Fast change can spark creativity and urgency. But without guardrails and follow through, momentum fades quickly. People follow incentives more than inspiration. If we focused more on long term alignment and less on quick wins, debates would cool down. No drama, just fundamentals.",1
ai_0044,"The simple version is that in tech, clear goals change behavior fast. People spend a lot of time arguing about headlines instead of structure. Small design tweaks can shift behavior dramatically. It’s fair to say disruption has benefits. Fast change can spark creativity and urgency. But without guardrails and follow through, momentum fades quickly. People follow incentives more than inspiration. If we focused more on long term alignment and less on quick wins, debates would cool down. No drama, just fundamentals.",1
ai_0045,"The simple version is that in health, clear goals change behavior fast. People spend a lot of time arguing about headlines instead of structure. Systems respond to what is measured, not what is promised. There’s definitely another perspective. Fast change can spark creativity and urgency. But without guardrails and follow through, momentum fades quickly. Short term wins feel good, but they rarely fix root causes. If we focused more on long term alignment and less on quick wins, debates would cool down. No drama, just fundamentals.",1
ai_0046,"The simple version is that in sports, execution gaps create more damage than bad intentions. People spend a lot of time arguing about headlines instead of structure. People follow incentives more than inspiration. It’s fair to say disruption has benefits. Fast change can spark creativity and urgency. But without guardrails and follow through, momentum fades quickly. The loudest voices are not always the most informed. If we focused more on long term alignment and less on quick wins, debates would cool down. It’s not flashy, but steady effort usually wins.",1
ai_0047,"Low key, in economy, execution gaps create more damage than bad intentions. People spend a lot of time arguing about headlines instead of structure. Systems respond to what is measured, not what is promised. I understand why some people push back. Fast change can spark creativity and urgency. But without guardrails and follow through, momentum fades quickly. Small design tweaks can shift behavior dramatically. If we focused more on long term alignment and less on quick wins, debates would cool down. No drama, just fundamentals.",1
ai_0048,"The simple version is that in climate, clear goals change behavior fast. People spend a lot of time arguing about headlines instead of structure. People follow incentives more than inspiration. There are valid counterpoints. Fast change can spark creativity and urgency. But without guardrails and follow through, momentum fades quickly. Systems respond to what is measured, not what is promised. If we focused more on long term alignment and less on quick wins, debates would cool down. We can disagree without ignoring tradeoffs.",1
ai_0049,"Not to overthink it, but in campus life, consistency beats sudden bursts of energy. People spend a lot of time arguing about headlines instead of structure. People follow incentives more than inspiration. There are valid counterpoints. Fast change can spark creativity and urgency. But without guardrails and follow through, momentum fades quickly. Systems respond to what is measured, not what is promised. If we focused more on long term alignment and less on quick wins, debates would cool down. We can disagree without ignoring tradeoffs.",1
ai_0050,"Not to overthink it, but in politics, clear goals change behavior fast. People spend a lot of time arguing about headlines instead of structure. People follow incentives more than inspiration. There are valid counterpoints. Fast change can spark creativity and urgency. But without guardrails and follow through, momentum fades quickly. People follow incentives more than inspiration. If we focused more on long term alignment and less on quick wins, debates would cool down. Simple doesn’t mean easy. Incentives quietly shape outcomes.",1
ai_0051,"Not to overthink it, but in tech, clear goals change behavior fast. People spend a lot of time arguing about headlines instead of structure. Systems respond to what is measured, not what is promised. It’s fair to say disruption has benefits. Fast change can spark creativity and urgency. But without guardrails and follow through, momentum fades quickly. People follow incentives more than inspiration. If we focused more on long term alignment and less on quick wins, debates would cool down. We can disagree without ignoring tradeoffs.",1
ai_0052,"Not to overthink it, but in health, execution gaps create more damage than bad intentions. People spend a lot of time arguing about headlines instead of structure. Systems respond to what is measured, not what is promised. Some folks argue the opposite, and I see why. Fast change can spark creativity and urgency. But without guardrails and follow through, momentum fades quickly. When rewards are misaligned, people adapt in predictable ways. If we focused more on long term alignment and less on quick wins, debates would cool down. We can disagree without ignoring tradeoffs.",1
ai_0053,"The simple version is that in sports, clear goals change behavior fast. People spend a lot of time arguing about headlines instead of structure. The loudest voices are not always the most informed. It’s fair to say disruption has benefits. Fast change can spark creativity and urgency. But without guardrails and follow through, momentum fades quickly. Small design tweaks can shift behavior dramatically. If we focused more on long term alignment and less on quick wins, debates would cool down. Simple doesn’t mean easy.",1
ai_0054,"Here’s my take: in economy, execution gaps create more damage than bad intentions. People spend a lot of time arguing about headlines instead of structure. Small design tweaks can shift behavior dramatically. It’s fair to say disruption has benefits. Fast change can spark creativity and urgency. But without guardrails and follow through, momentum fades quickly. Small design tweaks can shift behavior dramatically. If we focused more on long term alignment and less on quick wins, debates would cool down. We can disagree without ignoring tradeoffs.",1
ai_0055,"Low key, in climate, most issues come down to incentives. People spend a lot of time arguing about headlines instead of structure. Small design tweaks can shift behavior dramatically. I understand why some people push back. Fast change can spark creativity and urgency. But without guardrails and follow through, momentum fades quickly. The loudest voices are not always the most informed. If we focused more on long term alignment and less on quick wins, debates would cool down. That’s kind of the whole point.",1
ai_0056,"Not to overthink it, but in campus life, execution gaps create more damage than bad intentions. People spend a lot of time arguing about headlines instead of structure. When rewards are misaligned, people adapt in predictable ways. Some folks argue the opposite, and I see why. Fast change can spark creativity and urgency. But without guardrails and follow through, momentum fades quickly. A lot of energy goes into optics instead of outcomes. If we focused more on long term alignment and less on quick wins, debates would cool down. We can disagree without ignoring tradeoffs.",1
ai_0057,"Here’s my take: in politics, clear goals change behavior fast. People spend a lot of time arguing about headlines instead of structure. When rewards are misaligned, people adapt in predictable ways. There are valid counterpoints. Fast change can spark creativity and urgency. But without guardrails and follow through, momentum fades quickly. People follow incentives more than inspiration. If we focused more on long term alignment and less on quick wins, debates would cool down. It’s not flashy, but steady effort usually wins.",1
ai_0058,"Low key, in tech, clear goals change behavior fast. People spend a lot of time arguing about headlines instead of structure. When rewards are misaligned, people adapt in predictable ways. There are valid counterpoints. Fast change can spark creativity and urgency. But without guardrails and follow through, momentum fades quickly. When rewards are misaligned, people adapt in predictable ways. If we focused more on long term alignment and less on quick wins, debates would cool down. We can disagree without ignoring tradeoffs.",1
ai_0059,"The simple version is that in health, clear goals change behavior fast. People spend a lot of time arguing about headlines instead of structure. When rewards are misaligned, people adapt in predictable ways. I understand why some people push back. Fast change can spark creativity and urgency. But without guardrails and follow through, momentum fades quickly. When rewards are misaligned, people adapt in predictable ways. If we focused more on long term alignment and less on quick wins, debates would cool down. That’s kind of the whole point.",1
ai_0060,"The simple version is that in sports, consistency beats sudden bursts of energy. People spend a lot of time arguing about headlines instead of structure. A lot of energy goes into optics instead of outcomes. There’s definitely another perspective. Fast change can spark creativity and urgency. But without guardrails and follow through, momentum fades quickly. When rewards are misaligned, people adapt in predictable ways. If we focused more on long term alignment and less on quick wins, debates would cool down. It’s not flashy, but steady effort usually wins.",1
ai_0061,"Here’s my take: in economy, consistency beats sudden bursts of energy. People spend a lot of time arguing about headlines instead of structure. Short term wins feel good, but they rarely fix root causes. I understand why some people push back. Fast change can spark creativity and urgency. But without guardrails and follow through, momentum fades quickly. When rewards are misaligned, people adapt in predictable ways. If we focused more on long term alignment and less on quick wins, debates would cool down. We can disagree without ignoring tradeoffs.",1
ai_0062,"Not to overthink it, but in climate, most issues come down to incentives. People spend a lot of time arguing about headlines instead of structure. When rewards are misaligned, people adapt in predictable ways. Some folks argue the opposite, and I see why. Fast change can spark creativity and urgency. But without guardrails and follow through, momentum fades quickly. Short term wins feel good, but they rarely fix root causes. If we focused more on long term alignment and less on quick wins, debates would cool down. It’s not flashy, but steady effort usually wins.",1
ai_0063,"Not to overthink it, but in campus life, clear goals change behavior fast. People spend a lot of time arguing about headlines instead of structure. Small design tweaks can shift behavior dramatically. I understand why some people push back. Fast change can spark creativity and urgency. But without guardrails and follow through, momentum fades quickly. A lot of energy goes into optics instead of outcomes. If we focused more on long term alignment and less on quick wins, debates would cool down. It’s not flashy, but steady effort usually wins.",1
ai_0064,"The simple version is that in politics, most issues come down to incentives. People spend a lot of time arguing about headlines instead of structure. People follow incentives more than inspiration. There’s definitely another perspective. Fast change can spark creativity and urgency. But without guardrails and follow through, momentum fades quickly. People follow incentives more than inspiration. If we focused more on long term alignment and less on quick wins, debates would cool down. That’s kind of the whole point.",1
ai_0065,"The simple version is that in tech, clear goals change behavior fast. People spend a lot of time arguing about headlines instead of structure. A lot of energy goes into optics instead of outcomes. There’s definitely another perspective. Fast change can spark creativity and urgency. But without guardrails and follow through, momentum fades quickly. Small design tweaks can shift behavior dramatically. If we focused more on long term alignment and less on quick wins, debates would cool down. We can disagree without ignoring tradeoffs.",1
ai_0066,"If I’m being honest, in health, most issues come down to incentives. People spend a lot of time arguing about headlines instead of structure. Short term wins feel good, but they rarely fix root causes. There’s definitely another perspective. Fast change can spark creativity and urgency. But without guardrails and follow through, momentum fades quickly. People follow incentives more than inspiration. If we focused more on long term alignment and less on quick wins, debates would cool down. It’s not flashy, but steady effort usually wins.",1
ai_0067,"Here’s my take: in sports, most issues come down to incentives. People spend a lot of time arguing about headlines instead of structure. People follow incentives more than inspiration. It’s fair to say disruption has benefits. Fast change can spark creativity and urgency. But without guardrails and follow through, momentum fades quickly. When rewards are misaligned, people adapt in predictable ways. If we focused more on long term alignment and less on quick wins, debates would cool down. That’s kind of the whole point.",1
ai_0068,"Low key, in economy, we overcomplicate things that are pretty structural. People spend a lot of time arguing about headlines instead of structure. Small design tweaks can shift behavior dramatically. Some folks argue the opposite, and I see why. Fast change can spark creativity and urgency. But without guardrails and follow through, momentum fades quickly. People follow incentives more than inspiration. If we focused more on long term alignment and less on quick wins, debates would cool down. Simple doesn’t mean easy.",1
ai_0069,"Not to overthink it, but in climate, clear goals change behavior fast. People spend a lot of time arguing about headlines instead of structure. Systems respond to what is measured, not what is promised. I understand why some people push back. Fast change can spark creativity and urgency. But without guardrails and follow through, momentum fades quickly. Systems respond to what is measured, not what is promised. If we focused more on long term alignment and less on quick wins, debates would cool down. Simple doesn’t mean easy.",1
ai_0070,"Here’s my take: in campus life, clear goals change behavior fast. People spend a lot of time arguing about headlines instead of structure. People follow incentives more than inspiration. There are valid counterpoints. Fast change can spark creativity and urgency. But without guardrails and follow through, momentum fades quickly. Small design tweaks can shift behavior dramatically. If we focused more on long term alignment and less on quick wins, debates would cool down. We can disagree without ignoring tradeoffs.",1
ai_0071,"Not to overthink it, but in politics, we overcomplicate things that are pretty structural. People spend a lot of time arguing about headlines instead of structure. Systems respond to what is measured, not what is promised. Some folks argue the opposite, and I see why. Fast change can spark creativity and urgency. But without guardrails and follow through, momentum fades quickly. Systems respond to what is measured, not what is promised. If we focused more on long term alignment and less on quick wins, debates would cool down. We can disagree without ignoring tradeoffs.",1
ai_0072,"Not to overthink it, but in tech, we overcomplicate things that are pretty structural. People spend a lot of time arguing about headlines instead of structure. When rewards are misaligned, people adapt in predictable ways. There’s definitely another perspective. Fast change can spark creativity and urgency. But without guardrails and follow through, momentum fades quickly. Short term wins feel good, but they rarely fix root causes. If we focused more on long term alignment and less on quick wins, debates would cool down. No drama, just fundamentals.",1
ai_0073,"Low key, in health, consistency beats sudden bursts of energy. People spend a lot of time arguing about headlines instead of structure. The loudest voices are not always the most informed. Some folks argue the opposite, and I see why. Fast change can spark creativity and urgency. But without guardrails and follow through, momentum fades quickly. When rewards are misaligned, people adapt in predictable ways. If we focused more on long term alignment and less on quick wins, debates would cool down. Simple doesn’t mean easy.",1
ai_0074,"If I’m being honest, in sports, we overcomplicate things that are pretty structural. People spend a lot of time arguing about headlines instead of structure. The loudest voices are not always the most informed. It’s fair to say disruption has benefits. Fast change can spark creativity and urgency. But without guardrails and follow through, momentum fades quickly. A lot of energy goes into optics instead of outcomes. If we focused more on long term alignment and less on quick wins, debates would cool down. Simple doesn’t mean easy.",1
ai_0075,"Low key, in economy, consistency beats sudden bursts of energy. People spend a lot of time arguing about headlines instead of structure. People follow incentives more than inspiration. Some folks argue the opposite, and I see why. Fast change can spark creativity and urgency. But without guardrails and follow through, momentum fades quickly. Systems respond to what is measured, not what is promised. If we focused more on long term alignment and less on quick wins, debates would cool down. No drama, just fundamentals.",1
ai_0076,"The simple version is that in climate, clear goals change behavior fast. People spend a lot of time arguing about headlines instead of structure. When rewards are misaligned, people adapt in predictable ways. There are valid counterpoints. Fast change can spark creativity and urgency. But without guardrails and follow through, momentum fades quickly. Small design tweaks can shift behavior dramatically. If we focused more on long term alignment and less on quick wins, debates would cool down. It’s not flashy, but steady effort usually wins.",1
ai_0077,"Low key, in campus life, consistency beats sudden bursts of energy. People spend a lot of time arguing about headlines instead of structure. Systems respond to what is measured, not what is promised. There are valid counterpoints. Fast change can spark creativity and urgency. But without guardrails and follow through, momentum fades quickly. Systems respond to what is measured, not what is promised. If we focused more on long term alignment and less on quick wins, debates would cool down. We can disagree without ignoring tradeoffs.",1
ai_0078,"The simple version is that in politics, execution gaps create more damage than bad intentions. People spend a lot of time arguing about headlines instead of structure. Small design tweaks can shift behavior dramatically. There are valid counterpoints. Fast change can spark creativity and urgency. But without guardrails and follow through, momentum fades quickly. Systems respond to what is measured, not what is promised. If we focused more on long term alignment and less on quick wins, debates would cool down. Simple doesn’t mean easy.",1
ai_0079,"Here’s my take: in tech, we overcomplicate things that are pretty structural. People spend a lot of time arguing about headlines instead of structure. The loudest voices are not always the most informed. Some folks argue the opposite, and I see why. Fast change can spark creativity and urgency. But without guardrails and follow through, momentum fades quickly. A lot of energy goes into optics instead of outcomes. If we focused more on long term alignment and less on quick wins, debates would cool down. We can disagree without ignoring tradeoffs.",1
ai_0080,"If I’m being honest, in health, consistency beats sudden bursts of energy. People spend a lot of time arguing about headlines instead of structure. When rewards are misaligned, people adapt in predictable ways. It’s fair to say disruption has benefits. Fast change can spark creativity and urgency. But without guardrails and follow through, momentum fades quickly. Systems respond to what is measured, not what is promised. If we focused more on long term alignment and less on quick wins, debates would cool down. We can disagree without ignoring tradeoffs.",1
ai_0081,"Low key, in sports, we overcomplicate things that are pretty structural. People spend a lot of time arguing about headlines instead of structure. When rewards are misaligned, people adapt in predictable ways. Some folks argue the opposite, and I see why. Fast change can spark creativity and urgency. But without guardrails and follow through, momentum fades quickly. When rewards are misaligned, people adapt in predictable ways. If we focused more on long term alignment and less on quick wins, debates would cool down. We can disagree without ignoring tradeoffs.",1
ai_0082,"Not to overthink it, but in economy, consistency beats sudden bursts of energy. People spend a lot of time arguing about headlines instead of structure. The loudest voices are not always the most informed. It’s fair to say disruption has benefits. Fast change can spark creativity and urgency. But without guardrails and follow through, momentum fades quickly. People follow incentives more than inspiration. If we focused more on long term alignment and less on quick wins, debates would cool down. That’s kind of the whole point.",1
ai_0083,"Low key, in climate, execution gaps create more damage than bad intentions. People spend a lot of time arguing about headlines instead of structure. When rewards are misaligned, people adapt in predictable ways. There are valid counterpoints. Fast change can spark creativity and urgency. But without guardrails and follow through, momentum fades quickly. Short term wins feel good, but they rarely fix root causes. If we focused more on long term alignment and less on quick wins, debates would cool down. It’s not flashy, but steady effort usually wins.",1
ai_0084,"Not to overthink it, but in campus life, clear goals change behavior fast. People spend a lot of time arguing about headlines instead of structure. Systems respond to what is measured, not what is promised. I understand why some people push back. Fast change can spark creativity and urgency. But without guardrails and follow through, momentum fades quickly. Short term wins feel good, but they rarely fix root causes. If we focused more on long term alignment and less on quick wins, debates would cool down. No drama, just fundamentals.",1
ai_0085,"Low key, in politics, execution gaps create more damage than bad intentions. People spend a lot of time arguing about headlines instead of structure. People follow incentives more than inspiration. There are valid counterpoints. Fast change can spark creativity and urgency. But without guardrails and follow through, momentum fades quickly. When rewards are misaligned, people adapt in predictable ways. If we focused more on long term alignment and less on quick wins, debates would cool down. That’s kind of the whole point.",1
ai_0086,"If I’m being honest, in tech, most issues come down to incentives. People spend a lot of time arguing about headlines instead of structure. Small design tweaks can shift behavior dramatically. It’s fair to say disruption has benefits. Fast change can spark creativity and urgency. But without guardrails and follow through, momentum fades quickly. People follow incentives more than inspiration. If we focused more on long term alignment and less on quick wins, debates would cool down. That’s kind of the whole point.",1
ai_0087,"Low key, in health, consistency beats sudden bursts of energy. People spend a lot of time arguing about headlines instead of structure. Small design tweaks can shift behavior dramatically. There are valid counterpoints. Fast change can spark creativity and urgency. But without guardrails and follow through, momentum fades quickly. When rewards are misaligned, people adapt in predictable ways. If we focused more on long term alignment and less on quick wins, debates would cool down. No drama, just fundamentals. Incentives quietly shape outcomes.",1
ai_0088,"Low key, in sports, we overcomplicate things that are pretty structural. People spend a lot of time arguing about headlines instead of structure. Short term wins feel good, but they rarely fix root causes. There are valid counterpoints. Fast change can spark creativity and urgency. But without guardrails and follow through, momentum fades quickly. Systems respond to what is measured, not what is promised. If we focused more on long term alignment and less on quick wins, debates would cool down. That’s kind of the whole point.",1
ai_0089,"Here’s my take: in economy, execution gaps create more damage than bad intentions. People spend a lot of time arguing about headlines instead of structure. A lot of energy goes into optics instead of outcomes. It’s fair to say disruption has benefits. Fast change can spark creativity and urgency. But without guardrails and follow through, momentum fades quickly. People follow incentives more than inspiration. If we focused more on long term alignment and less on quick wins, debates would cool down. Simple doesn’t mean easy.",1
ai_0090,"If I’m being honest, in climate, execution gaps create more damage than bad intentions. People spend a lot of time arguing about headlines instead of structure. Short term wins feel good, but they rarely fix root causes. There are valid counterpoints. Fast change can spark creativity and urgency. But without guardrails and follow through, momentum fades quickly. Short term wins feel good, but they rarely fix root causes. If we focused more on long term alignment and less on quick wins, debates would cool down. No drama, just fundamentals.",1
ai_0091,"Low key, in campus life, clear goals change behavior fast. People spend a lot of time arguing about headlines instead of structure. When rewards are misaligned, people adapt in predictable ways. It’s fair to say disruption has benefits. Fast change can spark creativity and urgency. But without guardrails and follow through, momentum fades quickly. Short term wins feel good, but they rarely fix root causes. If we focused more on long term alignment and less on quick wins, debates would cool down. No drama, just fundamentals.",1
ai_0092,"Here’s my take: in politics, consistency beats sudden bursts of energy. People spend a lot of time arguing about headlines instead of structure. The loudest voices are not always the most informed. I understand why some people push back. Fast change can spark creativity and urgency. But without guardrails and follow through, momentum fades quickly. A lot of energy goes into optics instead of outcomes. If we focused more on long term alignment and less on quick wins, debates would cool down. No drama, just fundamentals.",1
ai_0093,"Not to overthink it, but in tech, execution gaps create more damage than bad intentions. People spend a lot of time arguing about headlines instead of structure. The loudest voices are not always the most informed. There’s definitely another perspective. Fast change can spark creativity and urgency. But without guardrails and follow through, momentum fades quickly. A lot of energy goes into optics instead of outcomes. If we focused more on long term alignment and less on quick wins, debates would cool down. We can disagree without ignoring tradeoffs.",1
ai_0094,"The simple version is that in health, we overcomplicate things that are pretty structural. People spend a lot of time arguing about headlines instead of structure. A lot of energy goes into optics instead of outcomes. Some folks argue the opposite, and I see why. Fast change can spark creativity and urgency. But without guardrails and follow through, momentum fades quickly. Short term wins feel good, but they rarely fix root causes. If we focused more on long term alignment and less on quick wins, debates would cool down. No drama, just fundamentals.",1
ai_0095,"Here’s my take: in sports, we overcomplicate things that are pretty structural. People spend a lot of time arguing about headlines instead of structure. The loudest voices are not always the most informed. There’s definitely another perspective. Fast change can spark creativity and urgency. But without guardrails and follow through, momentum fades quickly. A lot of energy goes into optics instead of outcomes. If we focused more on long term alignment and less on quick wins, debates would cool down. No drama, just fundamentals.",1
ai_0096,"Not to overthink it, but in economy, consistency beats sudden bursts of energy. People spend a lot of time arguing about headlines instead of structure. People follow incentives more than inspiration. I understand why some people push back. Fast change can spark creativity and urgency. But without guardrails and follow through, momentum fades quickly. A lot of energy goes into optics instead of outcomes. If we focused more on long term alignment and less on quick wins, debates would cool down. We can disagree without ignoring tradeoffs.",1
ai_0097,"Not to overthink it, but in climate, consistency beats sudden bursts of energy. People spend a lot of time arguing about headlines instead of structure. A lot of energy goes into optics instead of outcomes. It’s fair to say disruption has benefits. Fast change can spark creativity and urgency. But without guardrails and follow through, momentum fades quickly. Short term wins feel good, but they rarely fix root causes. If we focused more on long term alignment and less on quick wins, debates would cool down. It’s not flashy, but steady effort usually wins.",1
ai_0098,"If I’m being honest, in campus life, consistency beats sudden bursts of energy. People spend a lot of time arguing about headlines instead of structure. People follow incentives more than inspiration. There’s definitely another perspective. Fast change can spark creativity and urgency. But without guardrails and follow through, momentum fades quickly. Small design tweaks can shift behavior dramatically. If we focused more on long term alignment and less on quick wins, debates would cool down. That’s kind of the whole point.",1
ai_0099,"Here’s my take: in politics, execution gaps create more damage than bad intentions. People spend a lot of time arguing about headlines instead of structure. The loudest voices are not always the most informed. It’s fair to say disruption has benefits. Fast change can spark creativity and urgency. But without guardrails and follow through, momentum fades quickly. A lot of energy goes into optics instead of outcomes. If we focused more on long term alignment and less on quick wins, debates would cool down. It’s not flashy, but steady effort usually wins.",1
ai_0100,"Here’s my take: in tech, execution gaps create more damage than bad intentions. People spend a lot of time arguing about headlines instead of structure. The loudest voices are not always the most informed. There’s definitely another perspective. Fast change can spark creativity and urgency. But without guardrails and follow through, momentum fades quickly. The loudest voices are not always the most informed. If we focused more on long term alignment and less on quick wins, debates would cool down. No drama, just fundamentals.",1
ai_0101,"Here’s my take: in health, consistency beats sudden bursts of energy. People spend a lot of time arguing about headlines instead of structure. The loudest voices are not always the most informed. I understand why some people push back. Fast change can spark creativity and urgency. But without guardrails and follow through, momentum fades quickly. A lot of energy goes into optics instead of outcomes. If we focused more on long term alignment and less on quick wins, debates would cool down. That’s kind of the whole point.",1
ai_0102,"The simple version is that in sports, execution gaps create more damage than bad intentions. People spend a lot of time arguing about headlines instead of structure. Systems respond to what is measured, not what is promised. I understand why some people push back. Fast change can spark creativity and urgency. But without guardrails and follow through, momentum fades quickly. Systems respond to what is measured, not what is promised. If we focused more on long term alignment and less on quick wins, debates would cool down. That’s kind of the whole point.",1
ai_0103,"If I’m being honest, in economy, clear goals change behavior fast. People spend a lot of time arguing about headlines instead of structure. Systems respond to what is measured, not what is promised. I understand why some people push back. Fast change can spark creativity and urgency. But without guardrails and follow through, momentum fades quickly. Short term wins feel good, but they rarely fix root causes. If we focused more on long term alignment and less on quick wins, debates would cool down. No drama, just fundamentals.",1
ai_0104,"Low key, in climate, execution gaps create more damage than bad intentions. People spend a lot of time arguing about headlines instead of structure. When rewards are misaligned, people adapt in predictable ways. There’s definitely another perspective. Fast change can spark creativity and urgency. But without guardrails and follow through, momentum fades quickly. When rewards are misaligned, people adapt in predictable ways. If we focused more on long term alignment and less on quick wins, debates would cool down. No drama, just fundamentals.",1
ai_0105,"Here’s my take: in campus life, clear goals change behavior fast. People spend a lot of time arguing about headlines instead of structure. When rewards are misaligned, people adapt in predictable ways. It’s fair to say disruption has benefits. Fast change can spark creativity and urgency. But without guardrails and follow through, momentum fades quickly. Systems respond to what is measured, not what is promised. If we focused more on long term alignment and less on quick wins, debates would cool down. That’s kind of the whole point.",1
ai_0106,"Not to overthink it, but in politics, we overcomplicate things that are pretty structural. People spend a lot of time arguing about headlines instead of structure. A lot of energy goes into optics instead of outcomes. I understand why some people push back. Fast change can spark creativity and urgency. But without guardrails and follow through, momentum fades quickly. People follow incentives more than inspiration. If we focused more on long term alignment and less on quick wins, debates would cool down. We can disagree without ignoring tradeoffs.",1
ai_0107,"Not to overthink it, but in tech, most issues come down to incentives. People spend a lot of time arguing about headlines instead of structure. Short term wins feel good, but they rarely fix root causes. I understand why some people push back. Fast change can spark creativity and urgency. But without guardrails and follow through, momentum fades quickly. The loudest voices are not always the most informed. If we focused more on long term alignment and less on quick wins, debates would cool down. Simple doesn’t mean easy.",1
ai_0108,"If I’m being honest, in health, most issues come down to incentives. People spend a lot of time arguing about headlines instead of structure. When rewards are misaligned, people adapt in predictable ways. It’s fair to say disruption has benefits. Fast change can spark creativity and urgency. But without guardrails and follow through, momentum fades quickly. Short term wins feel good, but they rarely fix root causes. If we focused more on long term alignment and less on quick wins, debates would cool down. We can disagree without ignoring tradeoffs.",1
ai_0109,"If I’m being honest, in sports, most issues come down to incentives. People spend a lot of time arguing about headlines instead of structure. Systems respond to what is measured, not what is promised. There are valid counterpoints. Fast change can spark creativity and urgency. But without guardrails and follow through, momentum fades quickly. A lot of energy goes into optics instead of outcomes. If we focused more on long term alignment and less on quick wins, debates would cool down. That’s kind of the whole point.",1
ai_0110,"Not to overthink it, but in economy, most issues come down to incentives. People spend a lot of time arguing about headlines instead of structure. People follow incentives more than inspiration. There’s definitely another perspective. Fast change can spark creativity and urgency. But without guardrails and follow through, momentum fades quickly. Systems respond to what is measured, not what is promised. If we focused more on long term alignment and less on quick wins, debates would cool down. No drama, just fundamentals.",1
ai_0111,"Here’s my take: in climate, execution gaps create more damage than bad intentions. People spend a lot of time arguing about headlines instead of structure. Systems respond to what is measured, not what is promised. There’s definitely another perspective. Fast change can spark creativity and urgency. But without guardrails and follow through, momentum fades quickly. A lot of energy goes into optics instead of outcomes. If we focused more on long term alignment and less on quick wins, debates would cool down. We can disagree without ignoring tradeoffs.",1
ai_0112,"Here’s my take: in campus life, clear goals change behavior fast. People spend a lot of time arguing about headlines instead of structure. Systems respond to what is measured, not what is promised. I understand why some people push back. Fast change can spark creativity and urgency. But without guardrails and follow through, momentum fades quickly. Short term wins feel good, but they rarely fix root causes. If we focused more on long term alignment and less on quick wins, debates would cool down. It’s not flashy, but steady effort usually wins.",1
ai_0113,"The simple version is that in politics, we overcomplicate things that are pretty structural. People spend a lot of time arguing about headlines instead of structure. The loudest voices are not always the most informed. It’s fair to say disruption has benefits. Fast change can spark creativity and urgency. But without guardrails and follow through, momentum fades quickly. The loudest voices are not always the most informed. If we focused more on long term alignment and less on quick wins, debates would cool down. We can disagree without ignoring tradeoffs.",1
ai_0114,"Low key, in tech, clear goals change behavior fast. People spend a lot of time arguing about headlines instead of structure. Small design tweaks can shift behavior dramatically. Some folks argue the opposite, and I see why. Fast change can spark creativity and urgency. But without guardrails and follow through, momentum fades quickly. Short term wins feel good, but they rarely fix root causes. If we focused more on long term alignment and less on quick wins, debates would cool down. No drama, just fundamentals.",1
ai_0115,"If I’m being honest, in health, most issues come down to incentives. People spend a lot of time arguing about headlines instead of structure. The loudest voices are not always the most informed. I understand why some people push back. Fast change can spark creativity and urgency. But without guardrails and follow through, momentum fades quickly. A lot of energy goes into optics instead of outcomes. If we focused more on long term alignment and less on quick wins, debates would cool down. Simple doesn’t mean easy.",1
ai_0116,"The simple version is that in sports, we overcomplicate things that are pretty structural. People spend a lot of time arguing about headlines instead of structure. Short term wins feel good, but they rarely fix root causes. There’s definitely another perspective. Fast change can spark creativity and urgency. But without guardrails and follow through, momentum fades quickly. People follow incentives more than inspiration. If we focused more on long term alignment and less on quick wins, debates would cool down. We can disagree without ignoring tradeoffs.",1
ai_0117,"Not to overthink it, but in economy, clear goals change behavior fast. People spend a lot of time arguing about headlines instead of structure. A lot of energy goes into optics instead of outcomes. There’s definitely another perspective. Fast change can spark creativity and urgency. But without guardrails and follow through, momentum fades quickly. People follow incentives more than inspiration. If we focused more on long term alignment and less on quick wins, debates would cool down. It’s not flashy, but steady effort usually wins.",1
ai_0118,"Low key, in climate, we overcomplicate things that are pretty structural. People spend a lot of time arguing about headlines instead of structure. People follow incentives more than inspiration. Some folks argue the opposite, and I see why. Fast change can spark creativity and urgency. But without guardrails and follow through, momentum fades quickly. Short term wins feel good, but they rarely fix root causes. If we focused more on long term alignment and less on quick wins, debates would cool down. That’s kind of the whole point.",1
ai_0119,"The simple version is that in campus life, clear goals change behavior fast. People spend a lot of time arguing about headlines instead of structure. Short term wins feel good, but they rarely fix root causes. There are valid counterpoints. Fast change can spark creativity and urgency. But without guardrails and follow through, momentum fades quickly. A lot of energy goes into optics instead of outcomes. If we focused more on long term alignment and less on quick wins, debates would cool down. That’s kind of the whole point.",1
ai_0120,"Low key, in politics, we overcomplicate things that are pretty structural. People spend a lot of time arguing about headlines instead of structure. The loudest voices are not always the most informed. It’s fair to say disruption has benefits. Fast change can spark creativity and urgency. But without guardrails and follow through, momentum fades quickly. Small design tweaks can shift behavior dramatically. If we focused more on long term alignment and less on quick wins, debates would cool down. Simple doesn’t mean easy.",1
ai_0121,"Low key, in tech, clear goals change behavior fast. People spend a lot of time arguing about headlines instead of structure. People follow incentives more than inspiration. Some folks argue the opposite, and I see why. Fast change can spark creativity and urgency. But without guardrails and follow through, momentum fades quickly. A lot of energy goes into optics instead of outcomes. If we focused more on long term alignment and less on quick wins, debates would cool down. That’s kind of the whole point.",1
ai_0122,"If I’m being honest, in health, consistency beats sudden bursts of energy. People spend a lot of time arguing about headlines instead of structure. When rewards are misaligned, people adapt in predictable ways. I understand why some people push back. Fast change can spark creativity and urgency. But without guardrails and follow through, momentum fades quickly. A lot of energy goes into optics instead of outcomes. If we focused more on long term alignment and less on quick wins, debates would cool down. No drama, just fundamentals.",1
ai_0123,"Low key, in sports, execution gaps create more damage than bad intentions. People spend a lot of time arguing about headlines instead of structure. Systems respond to what is measured, not what is promised. There are valid counterpoints. Fast change can spark creativity and urgency. But without guardrails and follow through, momentum fades quickly. Short term wins feel good, but they rarely fix root causes. If we focused more on long term alignment and less on quick wins, debates would cool down. No drama, just fundamentals.",1
ai_0124,"The simple version is that in economy, consistency beats sudden bursts of energy. People spend a lot of time arguing about headlines instead of structure. Systems respond to what is measured, not what is promised. There’s definitely another perspective. Fast change can spark creativity and urgency. But without guardrails and follow through, momentum fades quickly. Small design tweaks can shift behavior dramatically. If we focused more on long term alignment and less on quick wins, debates would cool down. No drama, just fundamentals.",1
ai_0125,"The simple version is that in climate, most issues come down to incentives. People spend a lot of time arguing about headlines instead of structure. When rewards are misaligned, people adapt in predictable ways. It’s fair to say disruption has benefits. Fast change can spark creativity and urgency. But without guardrails and follow through, momentum fades quickly. The loudest voices are not always the most informed. If we focused more on long term alignment and less on quick wins, debates would cool down. That’s kind of the whole point.",1
ai_0126,"Here’s my take: in campus life, we overcomplicate things that are pretty structural. People spend a lot of time arguing about headlines instead of structure. The loudest voices are not always the most informed. There are valid counterpoints. Fast change can spark creativity and urgency. But without guardrails and follow through, momentum fades quickly. Short term wins feel good, but they rarely fix root causes. If we focused more on long term alignment and less on quick wins, debates would cool down. That’s kind of the whole point.",1
ai_0127,"Low key, in politics, we overcomplicate things that are pretty structural. People spend a lot of time arguing about headlines instead of structure. People follow incentives more than inspiration. I understand why some people push back. Fast change can spark creativity and urgency. But without guardrails and follow through, momentum fades quickly. Short term wins feel good, but they rarely fix root causes. If we focused more on long term alignment and less on quick wins, debates would cool down. That’s kind of the whole point.",1
ai_0128,"Not to overthink it, but in tech, most issues come down to incentives. People spend a lot of time arguing about headlines instead of structure. Systems respond to what is measured, not what is promised. Some folks argue the opposite, and I see why. Fast change can spark creativity and urgency. But without guardrails and follow through, momentum fades quickly. Small design tweaks can shift behavior dramatically. If we focused more on long term alignment and less on quick wins, debates would cool down. No drama, just fundamentals.",1
ai_0129,"Low key, in health, most issues come down to incentives. People spend a lot of time arguing about headlines instead of structure. When rewards are misaligned, people adapt in predictable ways. Some folks argue the opposite, and I see why. Fast change can spark creativity and urgency. But without guardrails and follow through, momentum fades quickly. Small design tweaks can shift behavior dramatically. If we focused more on long term alignment and less on quick wins, debates would cool down. No drama, just fundamentals.",1
ai_0130,"The simple version is that in sports, we overcomplicate things that are pretty structural. People spend a lot of time arguing about headlines instead of structure. Small design tweaks can shift behavior dramatically. There are valid counterpoints. Fast change can spark creativity and urgency. But without guardrails and follow through, momentum fades quickly. When rewards are misaligned, people adapt in predictable ways. If we focused more on long term alignment and less on quick wins, debates would cool down. No drama, just fundamentals.",1
ai_0131,"Not to overthink it, but in economy, we overcomplicate things that are pretty structural. People spend a lot of time arguing about headlines instead of structure. A lot of energy goes into optics instead of outcomes. I understand why some people push back. Fast change can spark creativity and urgency. But without guardrails and follow through, momentum fades quickly. Small design tweaks can shift behavior dramatically. If we focused more on long term alignment and less on quick wins, debates would cool down. That’s kind of the whole point.",1
ai_0132,"Not to overthink it, but in climate, we overcomplicate things that are pretty structural. People spend a lot of time arguing about headlines instead of structure. People follow incentives more than inspiration. There’s definitely another perspective. Fast change can spark creativity and urgency. But without guardrails and follow through, momentum fades quickly. Short term wins feel good, but they rarely fix root causes. If we focused more on long term alignment and less on quick wins, debates would cool down. That’s kind of the whole point.",1
ai_0133,"If I’m being honest, in campus life, consistency beats sudden bursts of energy. People spend a lot of time arguing about headlines instead of structure. People follow incentives more than inspiration. Some folks argue the opposite, and I see why. Fast change can spark creativity and urgency. But without guardrails and follow through, momentum fades quickly. People follow incentives more than inspiration. If we focused more on long term alignment and less on quick wins, debates would cool down. It’s not flashy, but steady effort usually wins.",1
ai_0134,"If I’m being honest, in politics, we overcomplicate things that are pretty structural. People spend a lot of time arguing about headlines instead of structure. Short term wins feel good, but they rarely fix root causes. Some folks argue the opposite, and I see why. Fast change can spark creativity and urgency. But without guardrails and follow through, momentum fades quickly. Systems respond to what is measured, not what is promised. If we focused more on long term alignment and less on quick wins, debates would cool down. That’s kind of the whole point.",1
ai_0135,"Low key, in tech, consistency beats sudden bursts of energy. People spend a lot of time arguing about headlines instead of structure. Systems respond to what is measured, not what is promised. There’s definitely another perspective. Fast change can spark creativity and urgency. But without guardrails and follow through, momentum fades quickly. When rewards are misaligned, people adapt in predictable ways. If we focused more on long term alignment and less on quick wins, debates would cool down. Simple doesn’t mean easy.",1
ai_0136,"Here’s my take: in health, execution gaps create more damage than bad intentions. People spend a lot of time arguing about headlines instead of structure. A lot of energy goes into optics instead of outcomes. I understand why some people push back. Fast change can spark creativity and urgency. But without guardrails and follow through, momentum fades quickly. A lot of energy goes into optics instead of outcomes. If we focused more on long term alignment and less on quick wins, debates would cool down. It’s not flashy, but steady effort usually wins.",1
ai_0137,"Low key, in sports, clear goals change behavior fast. People spend a lot of time arguing about headlines instead of structure. The loudest voices are not always the most informed. I understand why some people push back. Fast change can spark creativity and urgency. But without guardrails and follow through, momentum fades quickly. Small design tweaks can shift behavior dramatically. If we focused more on long term alignment and less on quick wins, debates would cool down. No drama, just fundamentals.",1
ai_0138,"The simple version is that in economy, we overcomplicate things that are pretty structural. People spend a lot of time arguing about headlines instead of structure. People follow incentives more than inspiration. There are valid counterpoints. Fast change can spark creativity and urgency. But without guardrails and follow through, momentum fades quickly. When rewards are misaligned, people adapt in predictable ways. If we focused more on long term alignment and less on quick wins, debates would cool down. No drama, just fundamentals.",1
ai_0139,"Not to overthink it, but in climate, clear goals change behavior fast. People spend a lot of time arguing about headlines instead of structure. A lot of energy goes into optics instead of outcomes. There are valid counterpoints. Fast change can spark creativity and urgency. But without guardrails and follow through, momentum fades quickly. Short term wins feel good, but they rarely fix root causes. If we focused more on long term alignment and less on quick wins, debates would cool down. It’s not flashy, but steady effort usually wins.",1
ai_0140,"Low key, in campus life, most issues come down to incentives. People spend a lot of time arguing about headlines instead of structure. Systems respond to what is measured, not what is promised. I understand why some people push back. Fast change can spark creativity and urgency. But without guardrails and follow through, momentum fades quickly. When rewards are misaligned, people adapt in predictable ways. If we focused more on long term alignment and less on quick wins, debates would cool down. That’s kind of the whole point.",1
ai_0141,"The simple version is that in politics, clear goals change behavior fast. People spend a lot of time arguing about headlines instead of structure. Short term wins feel good, but they rarely fix root causes. I understand why some people push back. Fast change can spark creativity and urgency. But without guardrails and follow through, momentum fades quickly. Short term wins feel good, but they rarely fix root causes. If we focused more on long term alignment and less on quick wins, debates would cool down. Simple doesn’t mean easy.",1
ai_0142,"If I’m being honest, in tech, execution gaps create more damage than bad intentions. People spend a lot of time arguing about headlines instead of structure. A lot of energy goes into optics instead of outcomes. There’s definitely another perspective. Fast change can spark creativity and urgency. But without guardrails and follow through, momentum fades quickly. The loudest voices are not always the most informed. If we focused more on long term alignment and less on quick wins, debates would cool down. No drama, just fundamentals.",1
ai_0143,"Not to overthink it, but in health, most issues come down to incentives. People spend a lot of time arguing about headlines instead of structure. Small design tweaks can shift behavior dramatically. It’s fair to say disruption has benefits. Fast change can spark creativity and urgency. But without guardrails and follow through, momentum fades quickly. Short term wins feel good, but they rarely fix root causes. If we focused more on long term alignment and less on quick wins, debates would cool down. It’s not flashy, but steady effort usually wins.",1
ai_0144,"The simple version is that in sports, clear goals change behavior fast. People spend a lot of time arguing about headlines instead of structure. The loudest voices are not always the most informed. There’s definitely another perspective. Fast change can spark creativity and urgency. But without guardrails and follow through, momentum fades quickly. When rewards are misaligned, people adapt in predictable ways. If we focused more on long term alignment and less on quick wins, debates would cool down. That’s kind of the whole point.",1
ai_0145,"The simple version is that in economy, we overcomplicate things that are pretty structural. People spend a lot of time arguing about headlines instead of structure. Short term wins feel good, but they rarely fix root causes. I understand why some people push back. Fast change can spark creativity and urgency. But without guardrails and follow through, momentum fades quickly. The loudest voices are not always the most informed. If we focused more on long term alignment and less on quick wins, debates would cool down. It’s not flashy, but steady effort usually wins.",1
ai_0146,"Here’s my take: in climate, consistency beats sudden bursts of energy. People spend a lot of time arguing about headlines instead of structure. Systems respond to what is measured, not what is promised. There are valid counterpoints. Fast change can spark creativity and urgency. But without guardrails and follow through, momentum fades quickly. People follow incentives more than inspiration. If we focused more on long term alignment and less on quick wins, debates would cool down. We can disagree without ignoring tradeoffs.",1
ai_0147,"Here’s my take: in campus life, we overcomplicate things that are pretty structural. People spend a lot of time arguing about headlines instead of structure. People follow incentives more than inspiration. Some folks argue the opposite, and I see why. Fast change can spark creativity and urgency. But without guardrails and follow through, momentum fades quickly. Short term wins feel good, but they rarely fix root causes. If we focused more on long term alignment and less on quick wins, debates would cool down. Simple doesn’t mean easy.",1
ai_0148,"The simple version is that in politics, execution gaps create more damage than bad intentions. People spend a lot of time arguing about headlines instead of structure. The loudest voices are not always the most informed. Some folks argue the opposite, and I see why. Fast change can spark creativity and urgency. But without guardrails and follow through, momentum fades quickly. A lot of energy goes into optics instead of outcomes. If we focused more on long term alignment and less on quick wins, debates would cool down. We can disagree without ignoring tradeoffs.",1
ai_0149,"Not to overthink it, but in tech, execution gaps create more damage than bad intentions. People spend a lot of time arguing about headlines instead of structure. Short term wins feel good, but they rarely fix root causes. Some folks argue the opposite, and I see why. Fast change can spark creativity and urgency. But without guardrails and follow through, momentum fades quickly. The loudest voices are not always the most informed. If we focused more on long term alignment and less on quick wins, debates would cool down. That’s kind of the whole point.",1
ai_0150,"Not to overthink it, but in health, most issues come down to incentives. People spend a lot of time arguing about headlines instead of structure. The loudest voices are not always the most informed. It’s fair to say disruption has benefits. Fast change can spark creativity and urgency. But without guardrails and follow through, momentum fades quickly. Systems respond to what is measured, not what is promised. If we focused more on long term alignment and less on quick wins, debates would cool down. That’s kind of the whole point.",1
ai_0151,"Low key, in sports, execution gaps create more damage than bad intentions. People spend a lot of time arguing about headlines instead of structure. The loudest voices are not always the most informed. It’s fair to say disruption has benefits. Fast change can spark creativity and urgency. But without guardrails and follow through, momentum fades quickly. People follow incentives more than inspiration. If we focused more on long term alignment and less on quick wins, debates would cool down. It’s not flashy, but steady effort usually wins.",1
ai_0152,"If I’m being honest, in economy, clear goals change behavior fast. People spend a lot of time arguing about headlines instead of structure. A lot of energy goes into optics instead of outcomes. Some folks argue the opposite, and I see why. Fast change can spark creativity and urgency. But without guardrails and follow through, momentum fades quickly. A lot of energy goes into optics instead of outcomes. If we focused more on long term alignment and less on quick wins, debates would cool down. Simple doesn’t mean easy.",1
ai_0153,"If I’m being honest, in climate, we overcomplicate things that are pretty structural. People spend a lot of time arguing about headlines instead of structure. Systems respond to what is measured, not what is promised. Some folks argue the opposite, and I see why. Fast change can spark creativity and urgency. But without guardrails and follow through, momentum fades quickly. Small design tweaks can shift behavior dramatically. If we focused more on long term alignment and less on quick wins, debates would cool down. It’s not flashy, but steady effort usually wins.",1
ai_0154,"If I’m being honest, in campus life, most issues come down to incentives. People spend a lot of time arguing about headlines instead of structure. People follow incentives more than inspiration. There are valid counterpoints. Fast change can spark creativity and urgency. But without guardrails and follow through, momentum fades quickly. Systems respond to what is measured, not what is promised. If we focused more on long term alignment and less on quick wins, debates would cool down. It’s not flashy, but steady effort usually wins.",1
ai_0155,"The simple version is that in politics, consistency beats sudden bursts of energy. People spend a lot of time arguing about headlines instead of structure. Small design tweaks can shift behavior dramatically. Some folks argue the opposite, and I see why. Fast change can spark creativity and urgency. But without guardrails and follow through, momentum fades quickly. When rewards are misaligned, people adapt in predictable ways. If we focused more on long term alignment and less on quick wins, debates would cool down. We can disagree without ignoring tradeoffs.",1
ai_0156,"Low key, in tech, most issues come down to incentives. People spend a lot of time arguing about headlines instead of structure. People follow incentives more than inspiration. I understand why some people push back. Fast change can spark creativity and urgency. But without guardrails and follow through, momentum fades quickly. Short term wins feel good, but they rarely fix root causes. If we focused more on long term alignment and less on quick wins, debates would cool down. We can disagree without ignoring tradeoffs.",1
ai_0157,"The simple version is that in health, most issues come down to incentives. People spend a lot of time arguing about headlines instead of structure. Systems respond to what is measured, not what is promised. There are valid counterpoints. Fast change can spark creativity and urgency. But without guardrails and follow through, momentum fades quickly. People follow incentives more than inspiration. If we focused more on long term alignment and less on quick wins, debates would cool down. It’s not flashy, but steady effort usually wins.",1
ai_0158,"Here’s my take: in sports, consistency beats sudden bursts of energy. People spend a lot of time arguing about headlines instead of structure. The loudest voices are not always the most informed. There’s definitely another perspective. Fast change can spark creativity and urgency. But without guardrails and follow through, momentum fades quickly. A lot of energy goes into optics instead of outcomes. If we focused more on long term alignment and less on quick wins, debates would cool down. Simple doesn’t mean easy.",1
ai_0159,"Low key, in economy, clear goals change behavior fast. People spend a lot of time arguing about headlines instead of structure. The loudest voices are not always the most informed. Some folks argue the opposite, and I see why. Fast change can spark creativity and urgency. But without guardrails and follow through, momentum fades quickly. Short term wins feel good, but they rarely fix root causes. If we focused more on long term alignment and less on quick wins, debates would cool down. It’s not flashy, but steady effort usually wins.",1
ai_0160,"If I’m being honest, in climate, execution gaps create more damage than bad intentions. People spend a lot of time arguing about headlines instead of structure. The loudest voices are not always the most informed. It’s fair to say disruption has benefits. Fast change can spark creativity and urgency. But without guardrails and follow through, momentum fades quickly. Small design tweaks can shift behavior dramatically. If we focused more on long term alignment and less on quick wins, debates would cool down. We can disagree without ignoring tradeoffs.",1
ai_0161,"If I’m being honest, in campus life, most issues come down to incentives. People spend a lot of time arguing about headlines instead of structure. A lot of energy goes into optics instead of outcomes. It’s fair to say disruption has benefits. Fast change can spark creativity and urgency. But without guardrails and follow through, momentum fades quickly. Systems respond to what is measured, not what is promised. If we focused more on long term alignment and less on quick wins, debates would cool down. No drama, just fundamentals.",1
ai_0162,"Not to overthink it, but in politics, clear goals change behavior fast. People spend a lot of time arguing about headlines instead of structure. Small design tweaks can shift behavior dramatically. Some folks argue the opposite, and I see why. Fast change can spark creativity and urgency. But without guardrails and follow through, momentum fades quickly. People follow incentives more than inspiration. If we focused more on long term alignment and less on quick wins, debates would cool down. It’s not flashy, but steady effort usually wins.",1
ai_0163,"The simple version is that in tech, we overcomplicate things that are pretty structural. People spend a lot of time arguing about headlines instead of structure. Systems respond to what is measured, not what is promised. There are valid counterpoints. Fast change can spark creativity and urgency. But without guardrails and follow through, momentum fades quickly. When rewards are misaligned, people adapt in predictable ways. If we focused more on long term alignment and less on quick wins, debates would cool down. It’s not flashy, but steady effort usually wins.",1
ai_0164,"Not to overthink it, but in health, consistency beats sudden bursts of energy. People spend a lot of time arguing about headlines instead of structure. When rewards are misaligned, people adapt in predictable ways. There are valid counterpoints. Fast change can spark creativity and urgency. But without guardrails and follow through, momentum fades quickly. The loudest voices are not always the most informed. If we focused more on long term alignment and less on quick wins, debates would cool down. No drama, just fundamentals.",1
ai_0165,"Low key, in sports, consistency beats sudden bursts of energy. People spend a lot of time arguing about headlines instead of structure. Systems respond to what is measured, not what is promised. There are valid counterpoints. Fast change can spark creativity and urgency. But without guardrails and follow through, momentum fades quickly. When rewards are misaligned, people adapt in predictable ways. If we focused more on long term alignment and less on quick wins, debates would cool down. We can disagree without ignoring tradeoffs.",1
ai_0166,"If I’m being honest, in economy, consistency beats sudden bursts of energy. People spend a lot of time arguing about headlines instead of structure. When rewards are misaligned, people adapt in predictable ways. Some folks argue the opposite, and I see why. Fast change can spark creativity and urgency. But without guardrails and follow through, momentum fades quickly. Small design tweaks can shift behavior dramatically. If we focused more on long term alignment and less on quick wins, debates would cool down. No drama, just fundamentals.",1
ai_0167,"If I’m being honest, in climate, execution gaps create more damage than bad intentions. People spend a lot of time arguing about headlines instead of structure. When rewards are misaligned, people adapt in predictable ways. There’s definitely another perspective. Fast change can spark creativity and urgency. But without guardrails and follow through, momentum fades quickly. Short term wins feel good, but they rarely fix root causes. If we focused more on long term alignment and less on quick wins, debates would cool down. That’s kind of the whole point.",1
ai_0168,"Not to overthink it, but in campus life, clear goals change behavior fast. People spend a lot of time arguing about headlines instead of structure. The loudest voices are not always the most informed. It’s fair to say disruption has benefits. Fast change can spark creativity and urgency. But without guardrails and follow through, momentum fades quickly. Systems respond to what is measured, not what is promised. If we focused more on long term alignment and less on quick wins, debates would cool down. We can disagree without ignoring tradeoffs.",1
ai_0169,"Here’s my take: in politics, clear goals change behavior fast. People spend a lot of time arguing about headlines instead of structure. Systems respond to what is measured, not what is promised. I understand why some people push back. Fast change can spark creativity and urgency. But without guardrails and follow through, momentum fades quickly. A lot of energy goes into optics instead of outcomes. If we focused more on long term alignment and less on quick wins, debates would cool down. It’s not flashy, but steady effort usually wins.",1
ai_0170,"If I’m being honest, in tech, execution gaps create more damage than bad intentions. People spend a lot of time arguing about headlines instead of structure. A lot of energy goes into optics instead of outcomes. There are valid counterpoints. Fast change can spark creativity and urgency. But without guardrails and follow through, momentum fades quickly. People follow incentives more than inspiration. If we focused more on long term alignment and less on quick wins, debates would cool down. Simple doesn’t mean easy.",1
ai_0171,"If I’m being honest, in health, clear goals change behavior fast. People spend a lot of time arguing about headlines instead of structure. Systems respond to what is measured, not what is promised. It’s fair to say disruption has benefits. Fast change can spark creativity and urgency. But without guardrails and follow through, momentum fades quickly. Small design tweaks can shift behavior dramatically. If we focused more on long term alignment and less on quick wins, debates would cool down. Simple doesn’t mean easy.",1
ai_0172,"Low key, in sports, most issues come down to incentives. People spend a lot of time arguing about headlines instead of structure. When rewards are misaligned, people adapt in predictable ways. There are valid counterpoints. Fast change can spark creativity and urgency. But without guardrails and follow through, momentum fades quickly. Systems respond to what is measured, not what is promised. If we focused more on long term alignment and less on quick wins, debates would cool down. That’s kind of the whole point.",1
ai_0173,"Low key, in economy, consistency beats sudden bursts of energy. People spend a lot of time arguing about headlines instead of structure. People follow incentives more than inspiration. I understand why some people push back. Fast change can spark creativity and urgency. But without guardrails and follow through, momentum fades quickly. When rewards are misaligned, people adapt in predictable ways. If we focused more on long term alignment and less on quick wins, debates would cool down. No drama, just fundamentals.",1
ai_0174,"The simple version is that in climate, clear goals change behavior fast. People spend a lot of time arguing about headlines instead of structure. When rewards are misaligned, people adapt in predictable ways. Some folks argue the opposite, and I see why. Fast change can spark creativity and urgency. But without guardrails and follow through, momentum fades quickly. People follow incentives more than inspiration. If we focused more on long term alignment and less on quick wins, debates would cool down. No drama, just fundamentals.",1
ai_0175,"Here’s my take: in campus life, we overcomplicate things that are pretty structural. People spend a lot of time arguing about headlines instead of structure. A lot of energy goes into optics instead of outcomes. There are valid counterpoints. Fast change can spark creativity and urgency. But without guardrails and follow through, momentum fades quickly. Systems respond to what is measured, not what is promised. If we focused more on long term alignment and less on quick wins, debates would cool down. That’s kind of the whole point.",1
ai_0176,"If I’m being honest, in politics, consistency beats sudden bursts of energy. People spend a lot of time arguing about headlines instead of structure. Short term wins feel good, but they rarely fix root causes. I understand why some people push back. Fast change can spark creativity and urgency. But without guardrails and follow through, momentum fades quickly. A lot of energy goes into optics instead of outcomes. If we focused more on long term alignment and less on quick wins, debates would cool down. That’s kind of the whole point.",1
ai_0177,"Low key, in tech, execution gaps create more damage than bad intentions. People spend a lot of time arguing about headlines instead of structure. People follow incentives more than inspiration. It’s fair to say disruption has benefits. Fast change can spark creativity and urgency. But without guardrails and follow through, momentum fades quickly. A lot of energy goes into optics instead of outcomes. If we focused more on long term alignment and less on quick wins, debates would cool down. No drama, just fundamentals.",1
ai_0178,"The simple version is that in health, we overcomplicate things that are pretty structural. People spend a lot of time arguing about headlines instead of structure. A lot of energy goes into optics instead of outcomes. There’s definitely another perspective. Fast change can spark creativity and urgency. But without guardrails and follow through, momentum fades quickly. A lot of energy goes into optics instead of outcomes. If we focused more on long term alignment and less on quick wins, debates would cool down. We can disagree without ignoring tradeoffs.",1
ai_0179,"If I’m being honest, in sports, most issues come down to incentives. People spend a lot of time arguing about headlines instead of structure. Systems respond to what is measured, not what is promised. There’s definitely another perspective. Fast change can spark creativity and urgency. But without guardrails and follow through, momentum fades quickly. Short term wins feel good, but they rarely fix root causes. If we focused more on long term alignment and less on quick wins, debates would cool down. It’s not flashy, but steady effort usually wins.",1
ai_0180,"If I’m being honest, in economy, most issues come down to incentives. People spend a lot of time arguing about headlines instead of structure. Systems respond to what is measured, not what is promised. There are valid counterpoints. Fast change can spark creativity and urgency. But without guardrails and follow through, momentum fades quickly. When rewards are misaligned, people adapt in predictable ways. If we focused more on long term alignment and less on quick wins, debates would cool down. Simple doesn’t mean easy.",1
ai_0181,"Low key, in climate, consistency beats sudden bursts of energy. People spend a lot of time arguing about headlines instead of structure. A lot of energy goes into optics instead of outcomes. Some folks argue the opposite, and I see why. Fast change can spark creativity and urgency. But without guardrails and follow through, momentum fades quickly. Systems respond to what is measured, not what is promised. If we focused more on long term alignment and less on quick wins, debates would cool down. No drama, just fundamentals.",1
ai_0182,"Here’s my take: in campus life, most issues come down to incentives. People spend a lot of time arguing about headlines instead of structure. Small design tweaks can shift behavior dramatically. Some folks argue the opposite, and I see why. Fast change can spark creativity and urgency. But without guardrails and follow through, momentum fades quickly. People follow incentives more than inspiration. If we focused more on long term alignment and less on quick wins, debates would cool down. Simple doesn’t mean easy.",1
ai_0183,"Not to overthink it, but in politics, most issues come down to incentives. People spend a lot of time arguing about headlines instead of structure. Small design tweaks can shift behavior dramatically. I understand why some people push back. Fast change can spark creativity and urgency. But without guardrails and follow through, momentum fades quickly. The loudest voices are not always the most informed. If we focused more on long term alignment and less on quick wins, debates would cool down. It’s not flashy, but steady effort usually wins.",1
ai_0184,"Here’s my take: in tech, most issues come down to incentives. People spend a lot of time arguing about headlines instead of structure. A lot of energy goes into optics instead of outcomes. It’s fair to say disruption has benefits. Fast change can spark creativity and urgency. But without guardrails and follow through, momentum fades quickly. Small design tweaks can shift behavior dramatically. If we focused more on long term alignment and less on quick wins, debates would cool down. Simple doesn’t mean easy.",1
ai_0185,"If I’m being honest, in health, most issues come down to incentives. People spend a lot of time arguing about headlines instead of structure. Short term wins feel good, but they rarely fix root causes. It’s fair to say disruption has benefits. Fast change can spark creativity and urgency. But without guardrails and follow through, momentum fades quickly. When rewards are misaligned, people adapt in predictable ways. If we focused more on long term alignment and less on quick wins, debates would cool down. Simple doesn’t mean easy.",1
ai_0186,"Low key, in sports, execution gaps create more damage than bad intentions. People spend a lot of time arguing about headlines instead of structure. The loudest voices are not always the most informed. Some folks argue the opposite, and I see why. Fast change can spark creativity and urgency. But without guardrails and follow through, momentum fades quickly. Small design tweaks can shift behavior dramatically. If we focused more on long term alignment and less on quick wins, debates would cool down. That’s kind of the whole point.",1
ai_0187,"Low key, in economy, most issues come down to incentives. People spend a lot of time arguing about headlines instead of structure. Short term wins feel good, but they rarely fix root causes. I understand why some people push back. Fast change can spark creativity and urgency. But without guardrails and follow through, momentum fades quickly. A lot of energy goes into optics instead of outcomes. If we focused more on long term alignment and less on quick wins, debates would cool down. We can disagree without ignoring tradeoffs.",1
ai_0188,"Not to overthink it, but in climate, consistency beats sudden bursts of energy. People spend a lot of time arguing about headlines instead of structure. The loudest voices are not always the most informed. There’s definitely another perspective. Fast change can spark creativity and urgency. But without guardrails and follow through, momentum fades quickly. Short term wins feel good, but they rarely fix root causes. If we focused more on long term alignment and less on quick wins, debates would cool down. Simple doesn’t mean easy.",1
ai_0189,"Low key, in campus life, consistency beats sudden bursts of energy. People spend a lot of time arguing about headlines instead of structure. A lot of energy goes into optics instead of outcomes. There’s definitely another perspective. Fast change can spark creativity and urgency. But without guardrails and follow through, momentum fades quickly. Short term wins feel good, but they rarely fix root causes. If we focused more on long term alignment and less on quick wins, debates would cool down. Simple doesn’t mean easy.",1
ai_0190,"If I’m being honest, in politics, we overcomplicate things that are pretty structural. People spend a lot of time arguing about headlines instead of structure. People follow incentives more than inspiration. It’s fair to say disruption has benefits. Fast change can spark creativity and urgency. But without guardrails and follow through, momentum fades quickly. Short term wins feel good, but they rarely fix root causes. If we focused more on long term alignment and less on quick wins, debates would cool down. No drama, just fundamentals.",1
ai_0191,"Low key, in tech, clear goals change behavior fast. People spend a lot of time arguing about headlines instead of structure. People follow incentives more than inspiration. There’s definitely another perspective. Fast change can spark creativity and urgency. But without guardrails and follow through, momentum fades quickly. The loudest voices are not always the most informed. If we focused more on long term alignment and less on quick wins, debates would cool down. No drama, just fundamentals. Incentives quietly shape outcomes.",1
ai_0192,"Here’s my take: in health, clear goals change behavior fast. People spend a lot of time arguing about headlines instead of structure. When rewards are misaligned, people adapt in predictable ways. There’s definitely another perspective. Fast change can spark creativity and urgency. But without guardrails and follow through, momentum fades quickly. Short term wins feel good, but they rarely fix root causes. If we focused more on long term alignment and less on quick wins, debates would cool down. That’s kind of the whole point.",1
ai_0193,"Here’s my take: in sports, we overcomplicate things that are pretty structural. People spend a lot of time arguing about headlines instead of structure. Small design tweaks can shift behavior dramatically. I understand why some people push back. Fast change can spark creativity and urgency. But without guardrails and follow through, momentum fades quickly. The loudest voices are not always the most informed. If we focused more on long term alignment and less on quick wins, debates would cool down. It’s not flashy, but steady effort usually wins.",1
ai_0194,"Low key, in economy, execution gaps create more damage than bad intentions. People spend a lot of time arguing about headlines instead of structure. The loudest voices are not always the most informed. It’s fair to say disruption has benefits. Fast change can spark creativity and urgency. But without guardrails and follow through, momentum fades quickly. Short term wins feel good, but they rarely fix root causes. If we focused more on long term alignment and less on quick wins, debates would cool down. No drama, just fundamentals.",1
ai_0195,"The simple version is that in climate, consistency beats sudden bursts of energy. People spend a lot of time arguing about headlines instead of structure. The loudest voices are not always the most informed. Some folks argue the opposite, and I see why. Fast change can spark creativity and urgency. But without guardrails and follow through, momentum fades quickly. Systems respond to what is measured, not what is promised. If we focused more on long term alignment and less on quick wins, debates would cool down. It’s not flashy, but steady effort usually wins.",1
ai_0196,"Low key, in campus life, clear goals change behavior fast. People spend a lot of time arguing about headlines instead of structure. Short term wins feel good, but they rarely fix root causes. There’s definitely another perspective. Fast change can spark creativity and urgency. But without guardrails and follow through, momentum fades quickly. A lot of energy goes into optics instead of outcomes. If we focused more on long term alignment and less on quick wins, debates would cool down. No drama, just fundamentals.",1
ai_0197,"The simple version is that in politics, execution gaps create more damage than bad intentions. People spend a lot of time arguing about headlines instead of structure. Short term wins feel good, but they rarely fix root causes. It’s fair to say disruption has benefits. Fast change can spark creativity and urgency. But without guardrails and follow through, momentum fades quickly. People follow incentives more than inspiration. If we focused more on long term alignment and less on quick wins, debates would cool down. No drama, just fundamentals.",1
ai_0198,"If I’m being honest, in tech, clear goals change behavior fast. People spend a lot of time arguing about headlines instead of structure. Short term wins feel good, but they rarely fix root causes. Some folks argue the opposite, and I see why. Fast change can spark creativity and urgency. But without guardrails and follow through, momentum fades quickly. A lot of energy goes into optics instead of outcomes. If we focused more on long term alignment and less on quick wins, debates would cool down. Simple doesn’t mean easy.",1
ai_0199,"Here’s my take: in health, consistency beats sudden bursts of energy. People spend a lot of time arguing about headlines instead of structure. Small design tweaks can shift behavior dramatically. There are valid counterpoints. Fast change can spark creativity and urgency. But without guardrails and follow through, momentum fades quickly. Small design tweaks can shift behavior dramatically. If we focused more on long term alignment and less on quick wins, debates would cool down. It’s not flashy, but steady effort usually wins.",1
ai_0200,"Low key, in sports, consistency beats sudden bursts of energy. People spend a lot of time arguing about headlines instead of structure. The loudest voices are not always the most informed. It’s fair to say disruption has benefits. Fast change can spark creativity and urgency. But without guardrails and follow through, momentum fades quickly. Short term wins feel good, but they rarely fix root causes. If we focused more on long term alignment and less on quick wins, debates would cool down. We can disagree without ignoring tradeoffs.",1
ai_0201,"Here’s my take: in economy, consistency beats sudden bursts of energy. People spend a lot of time arguing about headlines instead of structure. The loudest voices are not always the most informed. I understand why some people push back. Fast change can spark creativity and urgency. But without guardrails and follow through, momentum fades quickly. When rewards are misaligned, people adapt in predictable ways. If we focused more on long term alignment and less on quick wins, debates would cool down. We can disagree without ignoring tradeoffs.",1
ai_0202,"Low key, in climate, most issues come down to incentives. People spend a lot of time arguing about headlines instead of structure. Small design tweaks can shift behavior dramatically. Some folks argue the opposite, and I see why. Fast change can spark creativity and urgency. But without guardrails and follow through, momentum fades quickly. The loudest voices are not always the most informed. If we focused more on long term alignment and less on quick wins, debates would cool down. Simple doesn’t mean easy.",1
ai_0203,"Low key, in campus life, most issues come down to incentives. People spend a lot of time arguing about headlines instead of structure. Short term wins feel good, but they rarely fix root causes. There are valid counterpoints. Fast change can spark creativity and urgency. But without guardrails and follow through, momentum fades quickly. The loudest voices are not always the most informed. If we focused more on long term alignment and less on quick wins, debates would cool down. No drama, just fundamentals.",1
ai_0204,"Low key, in politics, clear goals change behavior fast. People spend a lot of time arguing about headlines instead of structure. The loudest voices are not always the most informed. I understand why some people push back. Fast change can spark creativity and urgency. But without guardrails and follow through, momentum fades quickly. Small design tweaks can shift behavior dramatically. If we focused more on long term alignment and less on quick wins, debates would cool down. That’s kind of the whole point.",1
ai_0205,"Not to overthink it, but in tech, most issues come down to incentives. People spend a lot of time arguing about headlines instead of structure. Small design tweaks can shift behavior dramatically. There are valid counterpoints. Fast change can spark creativity and urgency. But without guardrails and follow through, momentum fades quickly. Small design tweaks can shift behavior dramatically. If we focused more on long term alignment and less on quick wins, debates would cool down. We can disagree without ignoring tradeoffs.",1
ai_0206,"Here’s my take: in health, clear goals change behavior fast. People spend a lot of time arguing about headlines instead of structure. A lot of energy goes into optics instead of outcomes. Some folks argue the opposite, and I see why. Fast change can spark creativity and urgency. But without guardrails and follow through, momentum fades quickly. When rewards are misaligned, people adapt in predictable ways. If we focused more on long term alignment and less on quick wins, debates would cool down. No drama, just fundamentals.",1
ai_0207,"The simple version is that in sports, we overcomplicate things that are pretty structural. People spend a lot of time arguing about headlines instead of structure. The loudest voices are not always the most informed. Some folks argue the opposite, and I see why. Fast change can spark creativity and urgency. But without guardrails and follow through, momentum fades quickly. Systems respond to what is measured, not what is promised. If we focused more on long term alignment and less on quick wins, debates would cool down. We can disagree without ignoring tradeoffs.",1
ai_0208,"Not to overthink it, but in economy, consistency beats sudden bursts of energy. People spend a lot of time arguing about headlines instead of structure. Systems respond to what is measured, not what is promised. I understand why some people push back. Fast change can spark creativity and urgency. But without guardrails and follow through, momentum fades quickly. People follow incentives more than inspiration. If we focused more on long term alignment and less on quick wins, debates would cool down. Simple doesn’t mean easy.",1
ai_0209,"Low key, in climate, consistency beats sudden bursts of energy. People spend a lot of time arguing about headlines instead of structure. Small design tweaks can shift behavior dramatically. It’s fair to say disruption has benefits. Fast change can spark creativity and urgency. But without guardrails and follow through, momentum fades quickly. People follow incentives more than inspiration. If we focused more on long term alignment and less on quick wins, debates would cool down. No drama, just fundamentals.",1
ai_0210,"If I’m being honest, in campus life, consistency beats sudden bursts of energy. People spend a lot of time arguing about headlines instead of structure. The loudest voices are not always the most informed. It’s fair to say disruption has benefits. Fast change can spark creativity and urgency. But without guardrails and follow through, momentum fades quickly. A lot of energy goes into optics instead of outcomes. If we focused more on long term alignment and less on quick wins, debates would cool down. It’s not flashy, but steady effort usually wins.",1
ai_0211,"Here’s my take: in politics, we overcomplicate things that are pretty structural. People spend a lot of time arguing about headlines instead of structure. Small design tweaks can shift behavior dramatically. I understand why some people push back. Fast change can spark creativity and urgency. But without guardrails and follow through, momentum fades quickly. When rewards are misaligned, people adapt in predictable ways. If we focused more on long term alignment and less on quick wins, debates would cool down. Simple doesn’t mean easy.",1
ai_0212,"If I’m being honest, in tech, consistency beats sudden bursts of energy. People spend a lot of time arguing about headlines instead of structure. When rewards are misaligned, people adapt in predictable ways. I understand why some people push back. Fast change can spark creativity and urgency. But without guardrails and follow through, momentum fades quickly. Short term wins feel good, but they rarely fix root causes. If we focused more on long term alignment and less on quick wins, debates would cool down. No drama, just fundamentals.",1
ai_0213,"Here’s my take: in health, clear goals change behavior fast. People spend a lot of time arguing about headlines instead of structure. The loudest voices are not always the most informed. It’s fair to say disruption has benefits. Fast change can spark creativity and urgency. But without guardrails and follow through, momentum fades quickly. When rewards are misaligned, people adapt in predictable ways. If we focused more on long term alignment and less on quick wins, debates would cool down. No drama, just fundamentals.",1
ai_0214,"Low key, in sports, most issues come down to incentives. People spend a lot of time arguing about headlines instead of structure. When rewards are misaligned, people adapt in predictable ways. There’s definitely another perspective. Fast change can spark creativity and urgency. But without guardrails and follow through, momentum fades quickly. People follow incentives more than inspiration. If we focused more on long term alignment and less on quick wins, debates would cool down. Simple doesn’t mean easy.",1
ai_0215,"Here’s my take: in economy, we overcomplicate things that are pretty structural. People spend a lot of time arguing about headlines instead of structure. Small design tweaks can shift behavior dramatically. I understand why some people push back. Fast change can spark creativity and urgency. But without guardrails and follow through, momentum fades quickly. The loudest voices are not always the most informed. If we focused more on long term alignment and less on quick wins, debates would cool down. We can disagree without ignoring tradeoffs.",1
ai_0216,"Low key, in climate, most issues come down to incentives. People spend a lot of time arguing about headlines instead of structure. Systems respond to what is measured, not what is promised. It’s fair to say disruption has benefits. Fast change can spark creativity and urgency. But without guardrails and follow through, momentum fades quickly. Systems respond to what is measured, not what is promised. If we focused more on long term alignment and less on quick wins, debates would cool down. No drama, just fundamentals.",1
ai_0217,"Not to overthink it, but in campus life, clear goals change behavior fast. People spend a lot of time arguing about headlines instead of structure. When rewards are misaligned, people adapt in predictable ways. It’s fair to say disruption has benefits. Fast change can spark creativity and urgency. But without guardrails and follow through, momentum fades quickly. When rewards are misaligned, people adapt in predictable ways. If we focused more on long term alignment and less on quick wins, debates would cool down. That’s kind of the whole point.",1
ai_0218,"The simple version is that in politics, we overcomplicate things that are pretty structural. People spend a lot of time arguing about headlines instead of structure. People follow incentives more than inspiration. There are valid counterpoints. Fast change can spark creativity and urgency. But without guardrails and follow through, momentum fades quickly. A lot of energy goes into optics instead of outcomes. If we focused more on long term alignment and less on quick wins, debates would cool down. We can disagree without ignoring tradeoffs.",1
ai_0219,"The simple version is that in tech, clear goals change behavior fast. People spend a lot of time arguing about headlines instead of structure. Small design tweaks can shift behavior dramatically. It’s fair to say disruption has benefits. Fast change can spark creativity and urgency. But without guardrails and follow through, momentum fades quickly. A lot of energy goes into optics instead of outcomes. If we focused more on long term alignment and less on quick wins, debates would cool down. It’s not flashy, but steady effort usually wins.",1
ai_0220,"Not to overthink it, but in health, clear goals change behavior fast. People spend a lot of time arguing about headlines instead of structure. A lot of energy goes into optics instead of outcomes. Some folks argue the opposite, and I see why. Fast change can spark creativity and urgency. But without guardrails and follow through, momentum fades quickly. Short term wins feel good, but they rarely fix root causes. If we focused more on long term alignment and less on quick wins, debates would cool down. That’s kind of the whole point.",1
ai_0221,"If I’m being honest, in sports, execution gaps create more damage than bad intentions. People spend a lot of time arguing about headlines instead of structure. Systems respond to what is measured, not what is promised. There are valid counterpoints. Fast change can spark creativity and urgency. But without guardrails and follow through, momentum fades quickly. People follow incentives more than inspiration. If we focused more on long term alignment and less on quick wins, debates would cool down. It’s not flashy, but steady effort usually wins.",1
ai_0222,"Low key, in economy, most issues come down to incentives. People spend a lot of time arguing about headlines instead of structure. When rewards are misaligned, people adapt in predictable ways. There’s definitely another perspective. Fast change can spark creativity and urgency. But without guardrails and follow through, momentum fades quickly. Systems respond to what is measured, not what is promised. If we focused more on long term alignment and less on quick wins, debates would cool down. We can disagree without ignoring tradeoffs.",1
ai_0223,"Not to overthink it, but in climate, most issues come down to incentives. People spend a lot of time arguing about headlines instead of structure. The loudest voices are not always the most informed. I understand why some people push back. Fast change can spark creativity and urgency. But without guardrails and follow through, momentum fades quickly. Systems respond to what is measured, not what is promised. If we focused more on long term alignment and less on quick wins, debates would cool down. No drama, just fundamentals.",1
ai_0224,"The simple version is that in campus life, consistency beats sudden bursts of energy. People spend a lot of time arguing about headlines instead of structure. When rewards are misaligned, people adapt in predictable ways. I understand why some people push back. Fast change can spark creativity and urgency. But without guardrails and follow through, momentum fades quickly. Systems respond to what is measured, not what is promised. If we focused more on long term alignment and less on quick wins, debates would cool down. No drama, just fundamentals.",1
ai_0225,"Low key, in politics, we overcomplicate things that are pretty structural. People spend a lot of time arguing about headlines instead of structure. A lot of energy goes into optics instead of outcomes. There are valid counterpoints. Fast change can spark creativity and urgency. But without guardrails and follow through, momentum fades quickly. People follow incentives more than inspiration. If we focused more on long term alignment and less on quick wins, debates would cool down. That’s kind of the whole point.",1
ai_0226,"Low key, in tech, clear goals change behavior fast. People spend a lot of time arguing about headlines instead of structure. The loudest voices are not always the most informed. There’s definitely another perspective. Fast change can spark creativity and urgency. But without guardrails and follow through, momentum fades quickly. When rewards are misaligned, people adapt in predictable ways. If we focused more on long term alignment and less on quick wins, debates would cool down. We can disagree without ignoring tradeoffs.",1
ai_0227,"Not to overthink it, but in health, consistency beats sudden bursts of energy. People spend a lot of time arguing about headlines instead of structure. Systems respond to what is measured, not what is promised. There’s definitely another perspective. Fast change can spark creativity and urgency. But without guardrails and follow through, momentum fades quickly. Small design tweaks can shift behavior dramatically. If we focused more on long term alignment and less on quick wins, debates would cool down. No drama, just fundamentals.",1
ai_0228,"Here’s my take: in sports, we overcomplicate things that are pretty structural. People spend a lot of time arguing about headlines instead of structure. Systems respond to what is measured, not what is promised. There are valid counterpoints. Fast change can spark creativity and urgency. But without guardrails and follow through, momentum fades quickly. Small design tweaks can shift behavior dramatically. If we focused more on long term alignment and less on quick wins, debates would cool down. Simple doesn’t mean easy.",1
ai_0229,"Low key, in economy, execution gaps create more damage than bad intentions. People spend a lot of time arguing about headlines instead of structure. The loudest voices are not always the most informed. There’s definitely another perspective. Fast change can spark creativity and urgency. But without guardrails and follow through, momentum fades quickly. Systems respond to what is measured, not what is promised. If we focused more on long term alignment and less on quick wins, debates would cool down. We can disagree without ignoring tradeoffs.",1
ai_0230,"Not to overthink it, but in climate, most issues come down to incentives. People spend a lot of time arguing about headlines instead of structure. A lot of energy goes into optics instead of outcomes. Some folks argue the opposite, and I see why. Fast change can spark creativity and urgency. But without guardrails and follow through, momentum fades quickly. Short term wins feel good, but they rarely fix root causes. If we focused more on long term alignment and less on quick wins, debates would cool down. No drama, just fundamentals.",1
ai_0231,"Here’s my take: in campus life, execution gaps create more damage than bad intentions. People spend a lot of time arguing about headlines instead of structure. Systems respond to what is measured, not what is promised. There are valid counterpoints. Fast change can spark creativity and urgency. But without guardrails and follow through, momentum fades quickly. Small design tweaks can shift behavior dramatically. If we focused more on long term alignment and less on quick wins, debates would cool down. Simple doesn’t mean easy.",1
ai_0232,"The simple version is that in politics, clear goals change behavior fast. People spend a lot of time arguing about headlines instead of structure. A lot of energy goes into optics instead of outcomes. I understand why some people push back. Fast change can spark creativity and urgency. But without guardrails and follow through, momentum fades quickly. Systems respond to what is measured, not what is promised. If we focused more on long term alignment and less on quick wins, debates would cool down. Simple doesn’t mean easy.",1
ai_0233,"If I’m being honest, in tech, most issues come down to incentives. People spend a lot of time arguing about headlines instead of structure. The loudest voices are not always the most informed. I understand why some people push back. Fast change can spark creativity and urgency. But without guardrails and follow through, momentum fades quickly. People follow incentives more than inspiration. If we focused more on long term alignment and less on quick wins, debates would cool down. It’s not flashy, but steady effort usually wins.",1
ai_0234,"Not to overthink it, but in health, most issues come down to incentives. People spend a lot of time arguing about headlines instead of structure. A lot of energy goes into optics instead of outcomes. I understand why some people push back. Fast change can spark creativity and urgency. But without guardrails and follow through, momentum fades quickly. Short term wins feel good, but they rarely fix root causes. If we focused more on long term alignment and less on quick wins, debates would cool down. That’s kind of the whole point.",1
ai_0235,"Here’s my take: in sports, consistency beats sudden bursts of energy. People spend a lot of time arguing about headlines instead of structure. People follow incentives more than inspiration. I understand why some people push back. Fast change can spark creativity and urgency. But without guardrails and follow through, momentum fades quickly. A lot of energy goes into optics instead of outcomes. If we focused more on long term alignment and less on quick wins, debates would cool down. Simple doesn’t mean easy.",1
ai_0236,"If I’m being honest, in economy, consistency beats sudden bursts of energy. People spend a lot of time arguing about headlines instead of structure. The loudest voices are not always the most informed. It’s fair to say disruption has benefits. Fast change can spark creativity and urgency. But without guardrails and follow through, momentum fades quickly. Short term wins feel good, but they rarely fix root causes. If we focused more on long term alignment and less on quick wins, debates would cool down. That’s kind of the whole point.",1
ai_0237,"Here’s my take: in climate, clear goals change behavior fast. People spend a lot of time arguing about headlines instead of structure. Systems respond to what is measured, not what is promised. There’s definitely another perspective. Fast change can spark creativity and urgency. But without guardrails and follow through, momentum fades quickly. The loudest voices are not always the most informed. If we focused more on long term alignment and less on quick wins, debates would cool down. It’s not flashy, but steady effort usually wins.",1
ai_0238,"Not to overthink it, but in campus life, consistency beats sudden bursts of energy. People spend a lot of time arguing about headlines instead of structure. A lot of energy goes into optics instead of outcomes. It’s fair to say disruption has benefits. Fast change can spark creativity and urgency. But without guardrails and follow through, momentum fades quickly. Systems respond to what is measured, not what is promised. If we focused more on long term alignment and less on quick wins, debates would cool down. Simple doesn’t mean easy.",1
ai_0239,"If I’m being honest, in politics, most issues come down to incentives. People spend a lot of time arguing about headlines instead of structure. People follow incentives more than inspiration. Some folks argue the opposite, and I see why. Fast change can spark creativity and urgency. But without guardrails and follow through, momentum fades quickly. Small design tweaks can shift behavior dramatically. If we focused more on long term alignment and less on quick wins, debates would cool down. We can disagree without ignoring tradeoffs.",1
ai_0240,"If I’m being honest, in tech, clear goals change behavior fast. People spend a lot of time arguing about headlines instead of structure. Short term wins feel good, but they rarely fix root causes. Some folks argue the opposite, and I see why. Fast change can spark creativity and urgency. But without guardrails and follow through, momentum fades quickly. People follow incentives more than inspiration. If we focused more on long term alignment and less on quick wins, debates would cool down. No drama, just fundamentals.",1
ai_0241,"The simple version is that in health, most issues come down to incentives. People spend a lot of time arguing about headlines instead of structure. Small design tweaks can shift behavior dramatically. There’s definitely another perspective. Fast change can spark creativity and urgency. But without guardrails and follow through, momentum fades quickly. Small design tweaks can shift behavior dramatically. If we focused more on long term alignment and less on quick wins, debates would cool down. We can disagree without ignoring tradeoffs.",1
ai_0242,"The simple version is that in sports, consistency beats sudden bursts of energy. People spend a lot of time arguing about headlines instead of structure. Short term wins feel good, but they rarely fix root causes. There’s definitely another perspective. Fast change can spark creativity and urgency. But without guardrails and follow through, momentum fades quickly. Systems respond to what is measured, not what is promised. If we focused more on long term alignment and less on quick wins, debates would cool down. That’s kind of the whole point.",1
ai_0243,"Not to overthink it, but in economy, most issues come down to incentives. People spend a lot of time arguing about headlines instead of structure. Short term wins feel good, but they rarely fix root causes. There’s definitely another perspective. Fast change can spark creativity and urgency. But without guardrails and follow through, momentum fades quickly. A lot of energy goes into optics instead of outcomes. If we focused more on long term alignment and less on quick wins, debates would cool down. Simple doesn’t mean easy.",1
ai_0244,"Here’s my take: in climate, clear goals change behavior fast. People spend a lot of time arguing about headlines instead of structure. Short term wins feel good, but they rarely fix root causes. Some folks argue the opposite, and I see why. Fast change can spark creativity and urgency. But without guardrails and follow through, momentum fades quickly. Small design tweaks can shift behavior dramatically. If we focused more on long term alignment and less on quick wins, debates would cool down. We can disagree without ignoring tradeoffs.",1
ai_0245,"Not to overthink it, but in campus life, clear goals change behavior fast. People spend a lot of time arguing about headlines instead of structure. The loudest voices are not always the most informed. There are valid counterpoints. Fast change can spark creativity and urgency. But without guardrails and follow through, momentum fades quickly. People follow incentives more than inspiration. If we focused more on long term alignment and less on quick wins, debates would cool down. Simple doesn’t mean easy.",1
ai_0246,"If I’m being honest, in politics, clear goals change behavior fast. People spend a lot of time arguing about headlines instead of structure. Short term wins feel good, but they rarely fix root causes. I understand why some people push back. Fast change can spark creativity and urgency. But without guardrails and follow through, momentum fades quickly. Systems respond to what is measured, not what is promised. If we focused more on long term alignment and less on quick wins, debates would cool down. It’s not flashy, but steady effort usually wins.",1
ai_0247,"Not to overthink it, but in tech, we overcomplicate things that are pretty structural. People spend a lot of time arguing about headlines instead of structure. Systems respond to what is measured, not what is promised. I understand why some people push back. Fast change can spark creativity and urgency. But without guardrails and follow through, momentum fades quickly. When rewards are misaligned, people adapt in predictable ways. If we focused more on long term alignment and less on quick wins, debates would cool down. That’s kind of the whole point.",1
ai_0248,"If I’m being honest, in health, we overcomplicate things that are pretty structural. People spend a lot of time arguing about headlines instead of structure. Short term wins feel good, but they rarely fix root causes. Some folks argue the opposite, and I see why. Fast change can spark creativity and urgency. But without guardrails and follow through, momentum fades quickly. Systems respond to what is measured, not what is promised. If we focused more on long term alignment and less on quick wins, debates would cool down. It’s not flashy, but steady effort usually wins.",1
ai_0249,"If I’m being honest, in sports, clear goals change behavior fast. People spend a lot of time arguing about headlines instead of structure. Systems respond to what is measured, not what is promised. It’s fair to say disruption has benefits. Fast change can spark creativity and urgency. But without guardrails and follow through, momentum fades quickly. When rewards are misaligned, people adapt in predictable ways. If we focused more on long term alignment and less on quick wins, debates would cool down. It’s not flashy, but steady effort usually wins.",1
ai_0250,"Not to overthink it, but in economy, consistency beats sudden bursts of energy. People spend a lot of time arguing about headlines instead of structure. People follow incentives more than inspiration. Some folks argue the opposite, and I see why. Fast change can spark creativity and urgency. But without guardrails and follow through, momentum fades quickly. Small design tweaks can shift behavior dramatically. If we focused more on long term alignment and less on quick wins, debates would cool down. That’s kind of the whole point.",1
ai_0251,"Low key, in climate, execution gaps create more damage than bad intentions. People spend a lot of time arguing about headlines instead of structure. A lot of energy goes into optics instead of outcomes. Some folks argue the opposite, and I see why. Fast change can spark creativity and urgency. But without guardrails and follow through, momentum fades quickly. When rewards are misaligned, people adapt in predictable ways. If we focused more on long term alignment and less on quick wins, debates would cool down. We can disagree without ignoring tradeoffs.",1
ai_0252,"Here’s my take: in campus life, most issues come down to incentives. People spend a lot of time arguing about headlines instead of structure. The loudest voices are not always the most informed. It’s fair to say disruption has benefits. Fast change can spark creativity and urgency. But without guardrails and follow through, momentum fades quickly. When rewards are misaligned, people adapt in predictable ways. If we focused more on long term alignment and less on quick wins, debates would cool down. Simple doesn’t mean easy.",1
ai_0253,"Here’s my take: in politics, clear goals change behavior fast. People spend a lot of time arguing about headlines instead of structure. People follow incentives more than inspiration. It’s fair to say disruption has benefits. Fast change can spark creativity and urgency. But without guardrails and follow through, momentum fades quickly. The loudest voices are not always the most informed. If we focused more on long term alignment and less on quick wins, debates would cool down. No drama, just fundamentals.",1
ai_0254,"If I’m being honest, in tech, most issues come down to incentives. People spend a lot of time arguing about headlines instead of structure. Systems respond to what is measured, not what is promised. There’s definitely another perspective. Fast change can spark creativity and urgency. But without guardrails and follow through, momentum fades quickly. A lot of energy goes into optics instead of outcomes. If we focused more on long term alignment and less on quick wins, debates would cool down. We can disagree without ignoring tradeoffs.",1
ai_0255,"Low key, in health, execution gaps create more damage than bad intentions. People spend a lot of time arguing about headlines instead of structure. Systems respond to what is measured, not what is promised. It’s fair to say disruption has benefits. Fast change can spark creativity and urgency. But without guardrails and follow through, momentum fades quickly. A lot of energy goes into optics instead of outcomes. If we focused more on long term alignment and less on quick wins, debates would cool down. Simple doesn’t mean easy.",1
ai_0256,"Here’s my take: in sports, consistency beats sudden bursts of energy. People spend a lot of time arguing about headlines instead of structure. Small design tweaks can shift behavior dramatically. It’s fair to say disruption has benefits. Fast change can spark creativity and urgency. But without guardrails and follow through, momentum fades quickly. The loudest voices are not always the most informed. If we focused more on long term alignment and less on quick wins, debates would cool down. We can disagree without ignoring tradeoffs.",1
ai_0257,"Not to overthink it, but in economy, we overcomplicate things that are pretty structural. People spend a lot of time arguing about headlines instead of structure. When rewards are misaligned, people adapt in predictable ways. There’s definitely another perspective. Fast change can spark creativity and urgency. But without guardrails and follow through, momentum fades quickly. A lot of energy goes into optics instead of outcomes. If we focused more on long term alignment and less on quick wins, debates would cool down. We can disagree without ignoring tradeoffs.",1
ai_0258,"Here’s my take: in climate, execution gaps create more damage than bad intentions. People spend a lot of time arguing about headlines instead of structure. When rewards are misaligned, people adapt in predictable ways. There’s definitely another perspective. Fast change can spark creativity and urgency. But without guardrails and follow through, momentum fades quickly. The loudest voices are not always the most informed. If we focused more on long term alignment and less on quick wins, debates would cool down. Simple doesn’t mean easy.",1
ai_0259,"Low key, in campus life, we overcomplicate things that are pretty structural. People spend a lot of time arguing about headlines instead of structure. A lot of energy goes into optics instead of outcomes. I understand why some people push back. Fast change can spark creativity and urgency. But without guardrails and follow through, momentum fades quickly. People follow incentives more than inspiration. If we focused more on long term alignment and less on quick wins, debates would cool down. No drama, just fundamentals.",1
ai_0260,"Here’s my take: in politics, we overcomplicate things that are pretty structural. People spend a lot of time arguing about headlines instead of structure. When rewards are misaligned, people adapt in predictable ways. Some folks argue the opposite, and I see why. Fast change can spark creativity and urgency. But without guardrails and follow through, momentum fades quickly. Short term wins feel good, but they rarely fix root causes. If we focused more on long term alignment and less on quick wins, debates would cool down. No drama, just fundamentals.",1
ai_0261,"The simple version is that in tech, clear goals change behavior fast. People spend a lot of time arguing about headlines instead of structure. A lot of energy goes into optics instead of outcomes. I understand why some people push back. Fast change can spark creativity and urgency. But without guardrails and follow through, momentum fades quickly. Systems respond to what is measured, not what is promised. If we focused more on long term alignment and less on quick wins, debates would cool down. Simple doesn’t mean easy.",1
ai_0262,"Here’s my take: in health, most issues come down to incentives. People spend a lot of time arguing about headlines instead of structure. Short term wins feel good, but they rarely fix root causes. It’s fair to say disruption has benefits. Fast change can spark creativity and urgency. But without guardrails and follow through, momentum fades quickly. Systems respond to what is measured, not what is promised. If we focused more on long term alignment and less on quick wins, debates would cool down. We can disagree without ignoring tradeoffs.",1
ai_0263,"Not to overthink it, but in sports, clear goals change behavior fast. People spend a lot of time arguing about headlines instead of structure. The loudest voices are not always the most informed. There’s definitely another perspective. Fast change can spark creativity and urgency. But without guardrails and follow through, momentum fades quickly. The loudest voices are not always the most informed. If we focused more on long term alignment and less on quick wins, debates would cool down. It’s not flashy, but steady effort usually wins.",1
ai_0264,"The simple version is that in economy, clear goals change behavior fast. People spend a lot of time arguing about headlines instead of structure. Systems respond to what is measured, not what is promised. Some folks argue the opposite, and I see why. Fast change can spark creativity and urgency. But without guardrails and follow through, momentum fades quickly. The loudest voices are not always the most informed. If we focused more on long term alignment and less on quick wins, debates would cool down. No drama, just fundamentals.",1
ai_0265,"Here’s my take: in climate, consistency beats sudden bursts of energy. People spend a lot of time arguing about headlines instead of structure. A lot of energy goes into optics instead of outcomes. I understand why some people push back. Fast change can spark creativity and urgency. But without guardrails and follow through, momentum fades quickly. Systems respond to what is measured, not what is promised. If we focused more on long term alignment and less on quick wins, debates would cool down. That’s kind of the whole point.",1
ai_0266,"If I’m being honest, in campus life, most issues come down to incentives. People spend a lot of time arguing about headlines instead of structure. The loudest voices are not always the most informed. It’s fair to say disruption has benefits. Fast change can spark creativity and urgency. But without guardrails and follow through, momentum fades quickly. Short term wins feel good, but they rarely fix root causes. If we focused more on long term alignment and less on quick wins, debates would cool down. Simple doesn’t mean easy.",1
ai_0267,"Here’s my take: in politics, most issues come down to incentives. People spend a lot of time arguing about headlines instead of structure. Systems respond to what is measured, not what is promised. Some folks argue the opposite, and I see why. Fast change can spark creativity and urgency. But without guardrails and follow through, momentum fades quickly. People follow incentives more than inspiration. If we focused more on long term alignment and less on quick wins, debates would cool down. We can disagree without ignoring tradeoffs.",1
ai_0268,"The simple version is that in tech, execution gaps create more damage than bad intentions. People spend a lot of time arguing about headlines instead of structure. Short term wins feel good, but they rarely fix root causes. There are valid counterpoints. Fast change can spark creativity and urgency. But without guardrails and follow through, momentum fades quickly. A lot of energy goes into optics instead of outcomes. If we focused more on long term alignment and less on quick wins, debates would cool down. That’s kind of the whole point.",1
ai_0269,"The simple version is that in health, execution gaps create more damage than bad intentions. People spend a lot of time arguing about headlines instead of structure. When rewards are misaligned, people adapt in predictable ways. There are valid counterpoints. Fast change can spark creativity and urgency. But without guardrails and follow through, momentum fades quickly. A lot of energy goes into optics instead of outcomes. If we focused more on long term alignment and less on quick wins, debates would cool down. It’s not flashy, but steady effort usually wins.",1
ai_0270,"Here’s my take: in sports, we overcomplicate things that are pretty structural. People spend a lot of time arguing about headlines instead of structure. A lot of energy goes into optics instead of outcomes. It’s fair to say disruption has benefits. Fast change can spark creativity and urgency. But without guardrails and follow through, momentum fades quickly. When rewards are misaligned, people adapt in predictable ways. If we focused more on long term alignment and less on quick wins, debates would cool down. We can disagree without ignoring tradeoffs.",1
ai_0271,"Not to overthink it, but in economy, consistency beats sudden bursts of energy. People spend a lot of time arguing about headlines instead of structure. People follow incentives more than inspiration. It’s fair to say disruption has benefits. Fast change can spark creativity and urgency. But without guardrails and follow through, momentum fades quickly. Short term wins feel good, but they rarely fix root causes. If we focused more on long term alignment and less on quick wins, debates would cool down. Simple doesn’t mean easy.",1
ai_0272,"Low key, in climate, consistency beats sudden bursts of energy. People spend a lot of time arguing about headlines instead of structure. Systems respond to what is measured, not what is promised. I understand why some people push back. Fast change can spark creativity and urgency. But without guardrails and follow through, momentum fades quickly. People follow incentives more than inspiration. If we focused more on long term alignment and less on quick wins, debates would cool down. It’s not flashy, but steady effort usually wins.",1
ai_0273,"The simple version is that in campus life, clear goals change behavior fast. People spend a lot of time arguing about headlines instead of structure. People follow incentives more than inspiration. Some folks argue the opposite, and I see why. Fast change can spark creativity and urgency. But without guardrails and follow through, momentum fades quickly. Short term wins feel good, but they rarely fix root causes. If we focused more on long term alignment and less on quick wins, debates would cool down. That’s kind of the whole point.",1
ai_0274,"Not to overthink it, but in politics, we overcomplicate things that are pretty structural. People spend a lot of time arguing about headlines instead of structure. The loudest voices are not always the most informed. There’s definitely another perspective. Fast change can spark creativity and urgency. But without guardrails and follow through, momentum fades quickly. When rewards are misaligned, people adapt in predictable ways. If we focused more on long term alignment and less on quick wins, debates would cool down. No drama, just fundamentals.",1
ai_0275,"Not to overthink it, but in tech, execution gaps create more damage than bad intentions. People spend a lot of time arguing about headlines instead of structure. The loudest voices are not always the most informed. Some folks argue the opposite, and I see why. Fast change can spark creativity and urgency. But without guardrails and follow through, momentum fades quickly. Short term wins feel good, but they rarely fix root causes. If we focused more on long term alignment and less on quick wins, debates would cool down. That’s kind of the whole point.",1
ai_0276,"Here’s my take: in health, execution gaps create more damage than bad intentions. People spend a lot of time arguing about headlines instead of structure. Short term wins feel good, but they rarely fix root causes. There’s definitely another perspective. Fast change can spark creativity and urgency. But without guardrails and follow through, momentum fades quickly. People follow incentives more than inspiration. If we focused more on long term alignment and less on quick wins, debates would cool down. That’s kind of the whole point.",1
ai_0277,"If I’m being honest, in sports, most issues come down to incentives. People spend a lot of time arguing about headlines instead of structure. People follow incentives more than inspiration. I understand why some people push back. Fast change can spark creativity and urgency. But without guardrails and follow through, momentum fades quickly. People follow incentives more than inspiration. If we focused more on long term alignment and less on quick wins, debates would cool down. That’s kind of the whole point.",1
ai_0278,"Low key, in economy, consistency beats sudden bursts of energy. People spend a lot of time arguing about headlines instead of structure. Small design tweaks can shift behavior dramatically. Some folks argue the opposite, and I see why. Fast change can spark creativity and urgency. But without guardrails and follow through, momentum fades quickly. Short term wins feel good, but they rarely fix root causes. If we focused more on long term alignment and less on quick wins, debates would cool down. No drama, just fundamentals.",1
ai_0279,"Here’s my take: in climate, clear goals change behavior fast. People spend a lot of time arguing about headlines instead of structure. People follow incentives more than inspiration. Some folks argue the opposite, and I see why. Fast change can spark creativity and urgency. But without guardrails and follow through, momentum fades quickly. People follow incentives more than inspiration. If we focused more on long term alignment and less on quick wins, debates would cool down. Simple doesn’t mean easy.",1
ai_0280,"If I’m being honest, in campus life, clear goals change behavior fast. People spend a lot of time arguing about headlines instead of structure. Small design tweaks can shift behavior dramatically. It’s fair to say disruption has benefits. Fast change can spark creativity and urgency. But without guardrails and follow through, momentum fades quickly. Small design tweaks can shift behavior dramatically. If we focused more on long term alignment and less on quick wins, debates would cool down. No drama, just fundamentals.",1
ai_0281,"Not to overthink it, but in politics, most issues come down to incentives. People spend a lot of time arguing about headlines instead of structure. The loudest voices are not always the most informed. There’s definitely another perspective. Fast change can spark creativity and urgency. But without guardrails and follow through, momentum fades quickly. When rewards are misaligned, people adapt in predictable ways. If we focused more on long term alignment and less on quick wins, debates would cool down. Simple doesn’t mean easy.",1
ai_0282,"Here’s my take: in tech, consistency beats sudden bursts of energy. People spend a lot of time arguing about headlines instead of structure. Systems respond to what is measured, not what is promised. I understand why some people push back. Fast change can spark creativity and urgency. But without guardrails and follow through, momentum fades quickly. Small design tweaks can shift behavior dramatically. If we focused more on long term alignment and less on quick wins, debates would cool down. We can disagree without ignoring tradeoffs.",1
ai_0283,"Not to overthink it, but in health, we overcomplicate things that are pretty structural. People spend a lot of time arguing about headlines instead of structure. People follow incentives more than inspiration. There are valid counterpoints. Fast change can spark creativity and urgency. But without guardrails and follow through, momentum fades quickly. Small design tweaks can shift behavior dramatically. If we focused more on long term alignment and less on quick wins, debates would cool down. It’s not flashy, but steady effort usually wins.",1
ai_0284,"Low key, in sports, we overcomplicate things that are pretty structural. People spend a lot of time arguing about headlines instead of structure. When rewards are misaligned, people adapt in predictable ways. It’s fair to say disruption has benefits. Fast change can spark creativity and urgency. But without guardrails and follow through, momentum fades quickly. Short term wins feel good, but they rarely fix root causes. If we focused more on long term alignment and less on quick wins, debates would cool down. That’s kind of the whole point.",1
ai_0285,"If I’m being honest, in economy, clear goals change behavior fast. People spend a lot of time arguing about headlines instead of structure. When rewards are misaligned, people adapt in predictable ways. Some folks argue the opposite, and I see why. Fast change can spark creativity and urgency. But without guardrails and follow through, momentum fades quickly. When rewards are misaligned, people adapt in predictable ways. If we focused more on long term alignment and less on quick wins, debates would cool down. No drama, just fundamentals.",1
ai_0286,"If I’m being honest, in climate, we overcomplicate things that are pretty structural. People spend a lot of time arguing about headlines instead of structure. People follow incentives more than inspiration. There’s definitely another perspective. Fast change can spark creativity and urgency. But without guardrails and follow through, momentum fades quickly. When rewards are misaligned, people adapt in predictable ways. If we focused more on long term alignment and less on quick wins, debates would cool down. It’s not flashy, but steady effort usually wins.",1
ai_0287,"Low key, in campus life, execution gaps create more damage than bad intentions. People spend a lot of time arguing about headlines instead of structure. A lot of energy goes into optics instead of outcomes. There’s definitely another perspective. Fast change can spark creativity and urgency. But without guardrails and follow through, momentum fades quickly. Short term wins feel good, but they rarely fix root causes. If we focused more on long term alignment and less on quick wins, debates would cool down. It’s not flashy, but steady effort usually wins.",1
ai_0288,"Low key, in politics, execution gaps create more damage than bad intentions. People spend a lot of time arguing about headlines instead of structure. Small design tweaks can shift behavior dramatically. There are valid counterpoints. Fast change can spark creativity and urgency. But without guardrails and follow through, momentum fades quickly. When rewards are misaligned, people adapt in predictable ways. If we focused more on long term alignment and less on quick wins, debates would cool down. It’s not flashy, but steady effort usually wins.",1
ai_0289,"If I’m being honest, in tech, clear goals change behavior fast. People spend a lot of time arguing about headlines instead of structure. The loudest voices are not always the most informed. It’s fair to say disruption has benefits. Fast change can spark creativity and urgency. But without guardrails and follow through, momentum fades quickly. Small design tweaks can shift behavior dramatically. If we focused more on long term alignment and less on quick wins, debates would cool down. That’s kind of the whole point.",1
ai_0290,"The simple version is that in health, most issues come down to incentives. People spend a lot of time arguing about headlines instead of structure. When rewards are misaligned, people adapt in predictable ways. Some folks argue the opposite, and I see why. Fast change can spark creativity and urgency. But without guardrails and follow through, momentum fades quickly. Short term wins feel good, but they rarely fix root causes. If we focused more on long term alignment and less on quick wins, debates would cool down. That’s kind of the whole point.",1
ai_0291,"Not to overthink it, but in sports, we overcomplicate things that are pretty structural. People spend a lot of time arguing about headlines instead of structure. Systems respond to what is measured, not what is promised. I understand why some people push back. Fast change can spark creativity and urgency. But without guardrails and follow through, momentum fades quickly. People follow incentives more than inspiration. If we focused more on long term alignment and less on quick wins, debates would cool down. That’s kind of the whole point.",1
ai_0292,"If I’m being honest, in economy, we overcomplicate things that are pretty structural. People spend a lot of time arguing about headlines instead of structure. When rewards are misaligned, people adapt in predictable ways. There’s definitely another perspective. Fast change can spark creativity and urgency. But without guardrails and follow through, momentum fades quickly. A lot of energy goes into optics instead of outcomes. If we focused more on long term alignment and less on quick wins, debates would cool down. No drama, just fundamentals.",1
ai_0293,"Low key, in climate, we overcomplicate things that are pretty structural. People spend a lot of time arguing about headlines instead of structure. A lot of energy goes into optics instead of outcomes. It’s fair to say disruption has benefits. Fast change can spark creativity and urgency. But without guardrails and follow through, momentum fades quickly. When rewards are misaligned, people adapt in predictable ways. If we focused more on long term alignment and less on quick wins, debates would cool down. Simple doesn’t mean easy.",1
ai_0294,"The simple version is that in campus life, we overcomplicate things that are pretty structural. People spend a lot of time arguing about headlines instead of structure. Small design tweaks can shift behavior dramatically. Some folks argue the opposite, and I see why. Fast change can spark creativity and urgency. But without guardrails and follow through, momentum fades quickly. A lot of energy goes into optics instead of outcomes. If we focused more on long term alignment and less on quick wins, debates would cool down. That’s kind of the whole point.",1
ai_0295,"Low key, in politics, most issues come down to incentives. People spend a lot of time arguing about headlines instead of structure. The loudest voices are not always the most informed. I understand why some people push back. Fast change can spark creativity and urgency. But without guardrails and follow through, momentum fades quickly. A lot of energy goes into optics instead of outcomes. If we focused more on long term alignment and less on quick wins, debates would cool down. We can disagree without ignoring tradeoffs.",1
ai_0296,"If I’m being honest, in tech, execution gaps create more damage than bad intentions. People spend a lot of time arguing about headlines instead of structure. The loudest voices are not always the most informed. There’s definitely another perspective. Fast change can spark creativity and urgency. But without guardrails and follow through, momentum fades quickly. When rewards are misaligned, people adapt in predictable ways. If we focused more on long term alignment and less on quick wins, debates would cool down. Simple doesn’t mean easy.",1
ai_0297,"Not to overthink it, but in health, execution gaps create more damage than bad intentions. People spend a lot of time arguing about headlines instead of structure. The loudest voices are not always the most informed. There’s definitely another perspective. Fast change can spark creativity and urgency. But without guardrails and follow through, momentum fades quickly. The loudest voices are not always the most informed. If we focused more on long term alignment and less on quick wins, debates would cool down. Simple doesn’t mean easy.",1
ai_0298,"Not to overthink it, but in sports, most issues come down to incentives. People spend a lot of time arguing about headlines instead of structure. When rewards are misaligned, people adapt in predictable ways. I understand why some people push back. Fast change can spark creativity and urgency. But without guardrails and follow through, momentum fades quickly. The loudest voices are not always the most informed. If we focused more on long term alignment and less on quick wins, debates would cool down. We can disagree without ignoring tradeoffs.",1
ai_0299,"Low key, in economy, consistency beats sudden bursts of energy. People spend a lot of time arguing about headlines instead of structure. Small design tweaks can shift behavior dramatically. Some folks argue the opposite, and I see why. Fast change can spark creativity and urgency. But without guardrails and follow through, momentum fades quickly. When rewards are misaligned, people adapt in predictable ways. If we focused more on long term alignment and less on quick wins, debates would cool down. That’s kind of the whole point.",1
ai_0300,"Low key, in climate, consistency beats sudden bursts of energy. People spend a lot of time arguing about headlines instead of structure. Small design tweaks can shift behavior dramatically. There are valid counterpoints. Fast change can spark creativity and urgency. But without guardrails and follow through, momentum fades quickly. Short term wins feel good, but they rarely fix root causes. If we focused more on long term alignment and less on quick wins, debates would cool down. No drama, just fundamentals.",1
ai_0301,"Low key, in campus life, clear goals change behavior fast. People spend a lot of time arguing about headlines instead of structure. Small design tweaks can shift behavior dramatically. I understand why some people push back. Fast change can spark creativity and urgency. But without guardrails and follow through, momentum fades quickly. Small design tweaks can shift behavior dramatically. If we focused more on long term alignment and less on quick wins, debates would cool down. Simple doesn’t mean easy.",1
ai_0302,"If I’m being honest, in politics, most issues come down to incentives. People spend a lot of time arguing about headlines instead of structure. Small design tweaks can shift behavior dramatically. There’s definitely another perspective. Fast change can spark creativity and urgency. But without guardrails and follow through, momentum fades quickly. A lot of energy goes into optics instead of outcomes. If we focused more on long term alignment and less on quick wins, debates would cool down. We can disagree without ignoring tradeoffs.",1
ai_0303,"If I’m being honest, in tech, we overcomplicate things that are pretty structural. People spend a lot of time arguing about headlines instead of structure. People follow incentives more than inspiration. Some folks argue the opposite, and I see why. Fast change can spark creativity and urgency. But without guardrails and follow through, momentum fades quickly. The loudest voices are not always the most informed. If we focused more on long term alignment and less on quick wins, debates would cool down. Simple doesn’t mean easy.",1
ai_0304,"Not to overthink it, but in health, execution gaps create more damage than bad intentions. People spend a lot of time arguing about headlines instead of structure. Short term wins feel good, but they rarely fix root causes. There’s definitely another perspective. Fast change can spark creativity and urgency. But without guardrails and follow through, momentum fades quickly. Short term wins feel good, but they rarely fix root causes. If we focused more on long term alignment and less on quick wins, debates would cool down. No drama, just fundamentals.",1
ai_0305,"The simple version is that in sports, execution gaps create more damage than bad intentions. People spend a lot of time arguing about headlines instead of structure. The loudest voices are not always the most informed. It’s fair to say disruption has benefits. Fast change can spark creativity and urgency. But without guardrails and follow through, momentum fades quickly. Small design tweaks can shift behavior dramatically. If we focused more on long term alignment and less on quick wins, debates would cool down. We can disagree without ignoring tradeoffs.",1
ai_0306,"Here’s my take: in economy, clear goals change behavior fast. People spend a lot of time arguing about headlines instead of structure. When rewards are misaligned, people adapt in predictable ways. There’s definitely another perspective. Fast change can spark creativity and urgency. But without guardrails and follow through, momentum fades quickly. People follow incentives more than inspiration. If we focused more on long term alignment and less on quick wins, debates would cool down. Simple doesn’t mean easy.",1
ai_0307,"The simple version is that in climate, execution gaps create more damage than bad intentions. People spend a lot of time arguing about headlines instead of structure. The loudest voices are not always the most informed. I understand why some people push back. Fast change can spark creativity and urgency. But without guardrails and follow through, momentum fades quickly. Small design tweaks can shift behavior dramatically. If we focused more on long term alignment and less on quick wins, debates would cool down. It’s not flashy, but steady effort usually wins.",1
ai_0308,"If I’m being honest, in campus life, most issues come down to incentives. People spend a lot of time arguing about headlines instead of structure. Systems respond to what is measured, not what is promised. There’s definitely another perspective. Fast change can spark creativity and urgency. But without guardrails and follow through, momentum fades quickly. Small design tweaks can shift behavior dramatically. If we focused more on long term alignment and less on quick wins, debates would cool down. We can disagree without ignoring tradeoffs.",1
ai_0309,"Not to overthink it, but in politics, clear goals change behavior fast. People spend a lot of time arguing about headlines instead of structure. When rewards are misaligned, people adapt in predictable ways. There are valid counterpoints. Fast change can spark creativity and urgency. But without guardrails and follow through, momentum fades quickly. Systems respond to what is measured, not what is promised. If we focused more on long term alignment and less on quick wins, debates would cool down. No drama, just fundamentals.",1
ai_0310,"Here’s my take: in tech, we overcomplicate things that are pretty structural. People spend a lot of time arguing about headlines instead of structure. The loudest voices are not always the most informed. There’s definitely another perspective. Fast change can spark creativity and urgency. But without guardrails and follow through, momentum fades quickly. People follow incentives more than inspiration. If we focused more on long term alignment and less on quick wins, debates would cool down. No drama, just fundamentals.",1
ai_0311,"Low key, in health, consistency beats sudden bursts of energy. People spend a lot of time arguing about headlines instead of structure. Small design tweaks can shift behavior dramatically. I understand why some people push back. Fast change can spark creativity and urgency. But without guardrails and follow through, momentum fades quickly. A lot of energy goes into optics instead of outcomes. If we focused more on long term alignment and less on quick wins, debates would cool down. It’s not flashy, but steady effort usually wins.",1
ai_0312,"The simple version is that in sports, clear goals change behavior fast. People spend a lot of time arguing about headlines instead of structure. When rewards are misaligned, people adapt in predictable ways. It’s fair to say disruption has benefits. Fast change can spark creativity and urgency. But without guardrails and follow through, momentum fades quickly. Small design tweaks can shift behavior dramatically. If we focused more on long term alignment and less on quick wins, debates would cool down. No drama, just fundamentals.",1
ai_0313,"Here’s my take: in economy, most issues come down to incentives. People spend a lot of time arguing about headlines instead of structure. Small design tweaks can shift behavior dramatically. Some folks argue the opposite, and I see why. Fast change can spark creativity and urgency. But without guardrails and follow through, momentum fades quickly. Short term wins feel good, but they rarely fix root causes. If we focused more on long term alignment and less on quick wins, debates would cool down. That’s kind of the whole point.",1
ai_0314,"Low key, in climate, execution gaps create more damage than bad intentions. People spend a lot of time arguing about headlines instead of structure. A lot of energy goes into optics instead of outcomes. Some folks argue the opposite, and I see why. Fast change can spark creativity and urgency. But without guardrails and follow through, momentum fades quickly. Short term wins feel good, but they rarely fix root causes. If we focused more on long term alignment and less on quick wins, debates would cool down. Simple doesn’t mean easy.",1
ai_0315,"Low key, in campus life, we overcomplicate things that are pretty structural. People spend a lot of time arguing about headlines instead of structure. People follow incentives more than inspiration. I understand why some people push back. Fast change can spark creativity and urgency. But without guardrails and follow through, momentum fades quickly. The loudest voices are not always the most informed. If we focused more on long term alignment and less on quick wins, debates would cool down. That’s kind of the whole point.",1
ai_0316,"If I’m being honest, in politics, most issues come down to incentives. People spend a lot of time arguing about headlines instead of structure. A lot of energy goes into optics instead of outcomes. It’s fair to say disruption has benefits. Fast change can spark creativity and urgency. But without guardrails and follow through, momentum fades quickly. When rewards are misaligned, people adapt in predictable ways. If we focused more on long term alignment and less on quick wins, debates would cool down. Simple doesn’t mean easy.",1
ai_0317,"The simple version is that in tech, clear goals change behavior fast. People spend a lot of time arguing about headlines instead of structure. When rewards are misaligned, people adapt in predictable ways. It’s fair to say disruption has benefits. Fast change can spark creativity and urgency. But without guardrails and follow through, momentum fades quickly. A lot of energy goes into optics instead of outcomes. If we focused more on long term alignment and less on quick wins, debates would cool down. No drama, just fundamentals.",1
ai_0318,"If I’m being honest, in health, execution gaps create more damage than bad intentions. People spend a lot of time arguing about headlines instead of structure. Small design tweaks can shift behavior dramatically. There’s definitely another perspective. Fast change can spark creativity and urgency. But without guardrails and follow through, momentum fades quickly. People follow incentives more than inspiration. If we focused more on long term alignment and less on quick wins, debates would cool down. It’s not flashy, but steady effort usually wins.",1
ai_0319,"Low key, in sports, execution gaps create more damage than bad intentions. People spend a lot of time arguing about headlines instead of structure. A lot of energy goes into optics instead of outcomes. It’s fair to say disruption has benefits. Fast change can spark creativity and urgency. But without guardrails and follow through, momentum fades quickly. People follow incentives more than inspiration. If we focused more on long term alignment and less on quick wins, debates would cool down. That’s kind of the whole point.",1
ai_0320,"Here’s my take: in economy, most issues come down to incentives. People spend a lot of time arguing about headlines instead of structure. Small design tweaks can shift behavior dramatically. I understand why some people push back. Fast change can spark creativity and urgency. But without guardrails and follow through, momentum fades quickly. Small design tweaks can shift behavior dramatically. If we focused more on long term alignment and less on quick wins, debates would cool down. No drama, just fundamentals.",1
ai_0321,"If I’m being honest, in climate, clear goals change behavior fast. People spend a lot of time arguing about headlines instead of structure. Short term wins feel good, but they rarely fix root causes. There’s definitely another perspective. Fast change can spark creativity and urgency. But without guardrails and follow through, momentum fades quickly. The loudest voices are not always the most informed. If we focused more on long term alignment and less on quick wins, debates would cool down. No drama, just fundamentals.",1
ai_0322,"Low key, in campus life, clear goals change behavior fast. People spend a lot of time arguing about headlines instead of structure. Systems respond to what is measured, not what is promised. There are valid counterpoints. Fast change can spark creativity and urgency. But without guardrails and follow through, momentum fades quickly. A lot of energy goes into optics instead of outcomes. If we focused more on long term alignment and less on quick wins, debates would cool down. We can disagree without ignoring tradeoffs.",1
ai_0323,"Low key, in politics, most issues come down to incentives. People spend a lot of time arguing about headlines instead of structure. Small design tweaks can shift behavior dramatically. There’s definitely another perspective. Fast change can spark creativity and urgency. But without guardrails and follow through, momentum fades quickly. Small design tweaks can shift behavior dramatically. If we focused more on long term alignment and less on quick wins, debates would cool down. No drama, just fundamentals. Incentives quietly shape outcomes.",1
ai_0324,"The simple version is that in tech, most issues come down to incentives. People spend a lot of time arguing about headlines instead of structure. A lot of energy goes into optics instead of outcomes. It’s fair to say disruption has benefits. Fast change can spark creativity and urgency. But without guardrails and follow through, momentum fades quickly. A lot of energy goes into optics instead of outcomes. If we focused more on long term alignment and less on quick wins, debates would cool down. No drama, just fundamentals.",1
ai_0325,"If I’m being honest, in health, clear goals change behavior fast. People spend a lot of time arguing about headlines instead of structure. Short term wins feel good, but they rarely fix root causes. There are valid counterpoints. Fast change can spark creativity and urgency. But without guardrails and follow through, momentum fades quickly. When rewards are misaligned, people adapt in predictable ways. If we focused more on long term alignment and less on quick wins, debates would cool down. We can disagree without ignoring tradeoffs.",1
ai_0326,"Not to overthink it, but in sports, execution gaps create more damage than bad intentions. People spend a lot of time arguing about headlines instead of structure. A lot of energy goes into optics instead of outcomes. Some folks argue the opposite, and I see why. Fast change can spark creativity and urgency. But without guardrails and follow through, momentum fades quickly. People follow incentives more than inspiration. If we focused more on long term alignment and less on quick wins, debates would cool down. No drama, just fundamentals.",1
ai_0327,"Low key, in economy, clear goals change behavior fast. People spend a lot of time arguing about headlines instead of structure. A lot of energy goes into optics instead of outcomes. It’s fair to say disruption has benefits. Fast change can spark creativity and urgency. But without guardrails and follow through, momentum fades quickly. A lot of energy goes into optics instead of outcomes. If we focused more on long term alignment and less on quick wins, debates would cool down. No drama, just fundamentals.",1
ai_0328,"The simple version is that in climate, clear goals change behavior fast. People spend a lot of time arguing about headlines instead of structure. People follow incentives more than inspiration. There are valid counterpoints. Fast change can spark creativity and urgency. But without guardrails and follow through, momentum fades quickly. Short term wins feel good, but they rarely fix root causes. If we focused more on long term alignment and less on quick wins, debates would cool down. That’s kind of the whole point.",1
ai_0329,"The simple version is that in campus life, clear goals change behavior fast. People spend a lot of time arguing about headlines instead of structure. Small design tweaks can shift behavior dramatically. It’s fair to say disruption has benefits. Fast change can spark creativity and urgency. But without guardrails and follow through, momentum fades quickly. The loudest voices are not always the most informed. If we focused more on long term alignment and less on quick wins, debates would cool down. That’s kind of the whole point.",1
ai_0330,"If I’m being honest, in politics, most issues come down to incentives. People spend a lot of time arguing about headlines instead of structure. Small design tweaks can shift behavior dramatically. I understand why some people push back. Fast change can spark creativity and urgency. But without guardrails and follow through, momentum fades quickly. Small design tweaks can shift behavior dramatically. If we focused more on long term alignment and less on quick wins, debates would cool down. No drama, just fundamentals.",1
ai_0331,"Low key, in tech, most issues come down to incentives. People spend a lot of time arguing about headlines instead of structure. Small design tweaks can shift behavior dramatically. Some folks argue the opposite, and I see why. Fast change can spark creativity and urgency. But without guardrails and follow through, momentum fades quickly. Small design tweaks can shift behavior dramatically. If we focused more on long term alignment and less on quick wins, debates would cool down. That’s kind of the whole point.",1
ai_0332,"If I’m being honest, in health, we overcomplicate things that are pretty structural. People spend a lot of time arguing about headlines instead of structure. Short term wins feel good, but they rarely fix root causes. Some folks argue the opposite, and I see why. Fast change can spark creativity and urgency. But without guardrails and follow through, momentum fades quickly. Short term wins feel good, but they rarely fix root causes. If we focused more on long term alignment and less on quick wins, debates would cool down. We can disagree without ignoring tradeoffs.",1
ai_0333,"Low key, in sports, clear goals change behavior fast. People spend a lot of time arguing about headlines instead of structure. Systems respond to what is measured, not what is promised. I understand why some people push back. Fast change can spark creativity and urgency. But without guardrails and follow through, momentum fades quickly. Small design tweaks can shift behavior dramatically. If we focused more on long term alignment and less on quick wins, debates would cool down. It’s not flashy, but steady effort usually wins.",1
ai_0334,"If I’m being honest, in economy, execution gaps create more damage than bad intentions. People spend a lot of time arguing about headlines instead of structure. When rewards are misaligned, people adapt in predictable ways. There are valid counterpoints. Fast change can spark creativity and urgency. But without guardrails and follow through, momentum fades quickly. People follow incentives more than inspiration. If we focused more on long term alignment and less on quick wins, debates would cool down. We can disagree without ignoring tradeoffs.",1
ai_0335,"Not to overthink it, but in climate, consistency beats sudden bursts of energy. People spend a lot of time arguing about headlines instead of structure. Small design tweaks can shift behavior dramatically. There’s definitely another perspective. Fast change can spark creativity and urgency. But without guardrails and follow through, momentum fades quickly. The loudest voices are not always the most informed. If we focused more on long term alignment and less on quick wins, debates would cool down. It’s not flashy, but steady effort usually wins.",1
ai_0336,"The simple version is that in campus life, consistency beats sudden bursts of energy. People spend a lot of time arguing about headlines instead of structure. The loudest voices are not always the most informed. It’s fair to say disruption has benefits. Fast change can spark creativity and urgency. But without guardrails and follow through, momentum fades quickly. Systems respond to what is measured, not what is promised. If we focused more on long term alignment and less on quick wins, debates would cool down. We can disagree without ignoring tradeoffs.",1
ai_0337,"The simple version is that in politics, clear goals change behavior fast. People spend a lot of time arguing about headlines instead of structure. Small design tweaks can shift behavior dramatically. There’s definitely another perspective. Fast change can spark creativity and urgency. But without guardrails and follow through, momentum fades quickly. When rewards are misaligned, people adapt in predictable ways. If we focused more on long term alignment and less on quick wins, debates would cool down. Simple doesn’t mean easy.",1
ai_0338,"Not to overthink it, but in tech, consistency beats sudden bursts of energy. People spend a lot of time arguing about headlines instead of structure. Short term wins feel good, but they rarely fix root causes. There are valid counterpoints. Fast change can spark creativity and urgency. But without guardrails and follow through, momentum fades quickly. The loudest voices are not always the most informed. If we focused more on long term alignment and less on quick wins, debates would cool down. It’s not flashy, but steady effort usually wins.",1
ai_0339,"If I’m being honest, in health, most issues come down to incentives. People spend a lot of time arguing about headlines instead of structure. Systems respond to what is measured, not what is promised. There’s definitely another perspective. Fast change can spark creativity and urgency. But without guardrails and follow through, momentum fades quickly. Systems respond to what is measured, not what is promised. If we focused more on long term alignment and less on quick wins, debates would cool down. No drama, just fundamentals.",1
ai_0340,"If I’m being honest, in sports, we overcomplicate things that are pretty structural. People spend a lot of time arguing about headlines instead of structure. People follow incentives more than inspiration. Some folks argue the opposite, and I see why. Fast change can spark creativity and urgency. But without guardrails and follow through, momentum fades quickly. People follow incentives more than inspiration. If we focused more on long term alignment and less on quick wins, debates would cool down. We can disagree without ignoring tradeoffs.",1
ai_0341,"The simple version is that in economy, consistency beats sudden bursts of energy. People spend a lot of time arguing about headlines instead of structure. When rewards are misaligned, people adapt in predictable ways. I understand why some people push back. Fast change can spark creativity and urgency. But without guardrails and follow through, momentum fades quickly. People follow incentives more than inspiration. If we focused more on long term alignment and less on quick wins, debates would cool down. No drama, just fundamentals.",1
ai_0342,"Here’s my take: in climate, clear goals change behavior fast. People spend a lot of time arguing about headlines instead of structure. Small design tweaks can shift behavior dramatically. There are valid counterpoints. Fast change can spark creativity and urgency. But without guardrails and follow through, momentum fades quickly. Short term wins feel good, but they rarely fix root causes. If we focused more on long term alignment and less on quick wins, debates would cool down. Simple doesn’t mean easy.",1
ai_0343,"If I’m being honest, in campus life, we overcomplicate things that are pretty structural. People spend a lot of time arguing about headlines instead of structure. Short term wins feel good, but they rarely fix root causes. There’s definitely another perspective. Fast change can spark creativity and urgency. But without guardrails and follow through, momentum fades quickly. When rewards are misaligned, people adapt in predictable ways. If we focused more on long term alignment and less on quick wins, debates would cool down. That’s kind of the whole point.",1
ai_0344,"The simple version is that in politics, consistency beats sudden bursts of energy. People spend a lot of time arguing about headlines instead of structure. When rewards are misaligned, people adapt in predictable ways. Some folks argue the opposite, and I see why. Fast change can spark creativity and urgency. But without guardrails and follow through, momentum fades quickly. Small design tweaks can shift behavior dramatically. If we focused more on long term alignment and less on quick wins, debates would cool down. Simple doesn’t mean easy.",1
ai_0345,"Not to overthink it, but in tech, we overcomplicate things that are pretty structural. People spend a lot of time arguing about headlines instead of structure. Small design tweaks can shift behavior dramatically. I understand why some people push back. Fast change can spark creativity and urgency. But without guardrails and follow through, momentum fades quickly. When rewards are misaligned, people adapt in predictable ways. If we focused more on long term alignment and less on quick wins, debates would cool down. It’s not flashy, but steady effort usually wins.",1
ai_0346,"Here’s my take: in health, consistency beats sudden bursts of energy. People spend a lot of time arguing about headlines instead of structure. Small design tweaks can shift behavior dramatically. Some folks argue the opposite, and I see why. Fast change can spark creativity and urgency. But without guardrails and follow through, momentum fades quickly. When rewards are misaligned, people adapt in predictable ways. If we focused more on long term alignment and less on quick wins, debates would cool down. That’s kind of the whole point.",1
ai_0347,"If I’m being honest, in sports, we overcomplicate things that are pretty structural. People spend a lot of time arguing about headlines instead of structure. Systems respond to what is measured, not what is promised. There’s definitely another perspective. Fast change can spark creativity and urgency. But without guardrails and follow through, momentum fades quickly. When rewards are misaligned, people adapt in predictable ways. If we focused more on long term alignment and less on quick wins, debates would cool down. No drama, just fundamentals.",1
ai_0348,"The simple version is that in economy, execution gaps create more damage than bad intentions. People spend a lot of time arguing about headlines instead of structure. Short term wins feel good, but they rarely fix root causes. There’s definitely another perspective. Fast change can spark creativity and urgency. But without guardrails and follow through, momentum fades quickly. Small design tweaks can shift behavior dramatically. If we focused more on long term alignment and less on quick wins, debates would cool down. It’s not flashy, but steady effort usually wins.",1
ai_0349,"If I’m being honest, in climate, we overcomplicate things that are pretty structural. People spend a lot of time arguing about headlines instead of structure. People follow incentives more than inspiration. There’s definitely another perspective. Fast change can spark creativity and urgency. But without guardrails and follow through, momentum fades quickly. Short term wins feel good, but they rarely fix root causes. If we focused more on long term alignment and less on quick wins, debates would cool down. That’s kind of the whole point.",1
ai_0350,"If I’m being honest, in campus life, clear goals change behavior fast. People spend a lot of time arguing about headlines instead of structure. People follow incentives more than inspiration. There are valid counterpoints. Fast change can spark creativity and urgency. But without guardrails and follow through, momentum fades quickly. When rewards are misaligned, people adapt in predictable ways. If we focused more on long term alignment and less on quick wins, debates would cool down. That’s kind of the whole point.",1
ai_0351,"Here’s my take: in politics, clear goals change behavior fast. People spend a lot of time arguing about headlines instead of structure. People follow incentives more than inspiration. Some folks argue the opposite, and I see why. Fast change can spark creativity and urgency. But without guardrails and follow through, momentum fades quickly. When rewards are misaligned, people adapt in predictable ways. If we focused more on long term alignment and less on quick wins, debates would cool down. We can disagree without ignoring tradeoffs.",1
ai_0352,"Here’s my take: in tech, consistency beats sudden bursts of energy. People spend a lot of time arguing about headlines instead of structure. Systems respond to what is measured, not what is promised. I understand why some people push back. Fast change can spark creativity and urgency. But without guardrails and follow through, momentum fades quickly. Systems respond to what is measured, not what is promised. If we focused more on long term alignment and less on quick wins, debates would cool down. We can disagree without ignoring tradeoffs.",1
ai_0353,"Not to overthink it, but in health, most issues come down to incentives. People spend a lot of time arguing about headlines instead of structure. Systems respond to what is measured, not what is promised. There’s definitely another perspective. Fast change can spark creativity and urgency. But without guardrails and follow through, momentum fades quickly. Small design tweaks can shift behavior dramatically. If we focused more on long term alignment and less on quick wins, debates would cool down. That’s kind of the whole point.",1
ai_0354,"If I’m being honest, in sports, we overcomplicate things that are pretty structural. People spend a lot of time arguing about headlines instead of structure. When rewards are misaligned, people adapt in predictable ways. I understand why some people push back. Fast change can spark creativity and urgency. But without guardrails and follow through, momentum fades quickly. The loudest voices are not always the most informed. If we focused more on long term alignment and less on quick wins, debates would cool down. It’s not flashy, but steady effort usually wins.",1
ai_0355,"Here’s my take: in economy, execution gaps create more damage than bad intentions. People spend a lot of time arguing about headlines instead of structure. People follow incentives more than inspiration. There are valid counterpoints. Fast change can spark creativity and urgency. But without guardrails and follow through, momentum fades quickly. People follow incentives more than inspiration. If we focused more on long term alignment and less on quick wins, debates would cool down. No drama, just fundamentals. Incentives quietly shape outcomes.",1
ai_0356,"The simple version is that in climate, most issues come down to incentives. People spend a lot of time arguing about headlines instead of structure. Short term wins feel good, but they rarely fix root causes. Some folks argue the opposite, and I see why. Fast change can spark creativity and urgency. But without guardrails and follow through, momentum fades quickly. Short term wins feel good, but they rarely fix root causes. If we focused more on long term alignment and less on quick wins, debates would cool down. Simple doesn’t mean easy.",1
ai_0357,"Low key, in campus life, we overcomplicate things that are pretty structural. People spend a lot of time arguing about headlines instead of structure. The loudest voices are not always the most informed. There’s definitely another perspective. Fast change can spark creativity and urgency. But without guardrails and follow through, momentum fades quickly. People follow incentives more than inspiration. If we focused more on long term alignment and less on quick wins, debates would cool down. No drama, just fundamentals.",1
ai_0358,"Low key, in politics, clear goals change behavior fast. People spend a lot of time arguing about headlines instead of structure. Systems respond to what is measured, not what is promised. There’s definitely another perspective. Fast change can spark creativity and urgency. But without guardrails and follow through, momentum fades quickly. When rewards are misaligned, people adapt in predictable ways. If we focused more on long term alignment and less on quick wins, debates would cool down. It’s not flashy, but steady effort usually wins.",1
ai_0359,"If I’m being honest, in tech, execution gaps create more damage than bad intentions. People spend a lot of time arguing about headlines instead of structure. Short term wins feel good, but they rarely fix root causes. Some folks argue the opposite, and I see why. Fast change can spark creativity and urgency. But without guardrails and follow through, momentum fades quickly. Short term wins feel good, but they rarely fix root causes. If we focused more on long term alignment and less on quick wins, debates would cool down. Simple doesn’t mean easy.",1
ai_0360,"The simple version is that in health, clear goals change behavior fast. People spend a lot of time arguing about headlines instead of structure. People follow incentives more than inspiration. I understand why some people push back. Fast change can spark creativity and urgency. But without guardrails and follow through, momentum fades quickly. The loudest voices are not always the most informed. If we focused more on long term alignment and less on quick wins, debates would cool down. It’s not flashy, but steady effort usually wins.",1
ai_0361,"Not to overthink it, but in sports, consistency beats sudden bursts of energy. People spend a lot of time arguing about headlines instead of structure. Small design tweaks can shift behavior dramatically. There are valid counterpoints. Fast change can spark creativity and urgency. But without guardrails and follow through, momentum fades quickly. Systems respond to what is measured, not what is promised. If we focused more on long term alignment and less on quick wins, debates would cool down. It’s not flashy, but steady effort usually wins.",1
ai_0362,"Here’s my take: in economy, consistency beats sudden bursts of energy. People spend a lot of time arguing about headlines instead of structure. When rewards are misaligned, people adapt in predictable ways. It’s fair to say disruption has benefits. Fast change can spark creativity and urgency. But without guardrails and follow through, momentum fades quickly. When rewards are misaligned, people adapt in predictable ways. If we focused more on long term alignment and less on quick wins, debates would cool down. It’s not flashy, but steady effort usually wins.",1
ai_0363,"If I’m being honest, in climate, consistency beats sudden bursts of energy. People spend a lot of time arguing about headlines instead of structure. Systems respond to what is measured, not what is promised. There are valid counterpoints. Fast change can spark creativity and urgency. But without guardrails and follow through, momentum fades quickly. Systems respond to what is measured, not what is promised. If we focused more on long term alignment and less on quick wins, debates would cool down. It’s not flashy, but steady effort usually wins.",1
ai_0364,"Here’s my take: in campus life, most issues come down to incentives. People spend a lot of time arguing about headlines instead of structure. The loudest voices are not always the most informed. It’s fair to say disruption has benefits. Fast change can spark creativity and urgency. But without guardrails and follow through, momentum fades quickly. A lot of energy goes into optics instead of outcomes. If we focused more on long term alignment and less on quick wins, debates would cool down. No drama, just fundamentals.",1
ai_0365,"Not to overthink it, but in politics, consistency beats sudden bursts of energy. People spend a lot of time arguing about headlines instead of structure. People follow incentives more than inspiration. There’s definitely another perspective. Fast change can spark creativity and urgency. But without guardrails and follow through, momentum fades quickly. Small design tweaks can shift behavior dramatically. If we focused more on long term alignment and less on quick wins, debates would cool down. We can disagree without ignoring tradeoffs.",1
ai_0366,"Low key, in tech, clear goals change behavior fast. People spend a lot of time arguing about headlines instead of structure. A lot of energy goes into optics instead of outcomes. It’s fair to say disruption has benefits. Fast change can spark creativity and urgency. But without guardrails and follow through, momentum fades quickly. A lot of energy goes into optics instead of outcomes. If we focused more on long term alignment and less on quick wins, debates would cool down. No drama, just fundamentals.",1
ai_0367,"The simple version is that in health, most issues come down to incentives. People spend a lot of time arguing about headlines instead of structure. The loudest voices are not always the most informed. There’s definitely another perspective. Fast change can spark creativity and urgency. But without guardrails and follow through, momentum fades quickly. Systems respond to what is measured, not what is promised. If we focused more on long term alignment and less on quick wins, debates would cool down. It’s not flashy, but steady effort usually wins.",1
ai_0368,"Low key, in sports, clear goals change behavior fast. People spend a lot of time arguing about headlines instead of structure. A lot of energy goes into optics instead of outcomes. I understand why some people push back. Fast change can spark creativity and urgency. But without guardrails and follow through, momentum fades quickly. A lot of energy goes into optics instead of outcomes. If we focused more on long term alignment and less on quick wins, debates would cool down. Simple doesn’t mean easy.",1
ai_0369,"Here’s my take: in economy, most issues come down to incentives. People spend a lot of time arguing about headlines instead of structure. People follow incentives more than inspiration. There’s definitely another perspective. Fast change can spark creativity and urgency. But without guardrails and follow through, momentum fades quickly. Small design tweaks can shift behavior dramatically. If we focused more on long term alignment and less on quick wins, debates would cool down. No drama, just fundamentals. Incentives quietly shape outcomes.",1
ai_0370,"Here’s my take: in climate, most issues come down to incentives. People spend a lot of time arguing about headlines instead of structure. Short term wins feel good, but they rarely fix root causes. It’s fair to say disruption has benefits. Fast change can spark creativity and urgency. But without guardrails and follow through, momentum fades quickly. A lot of energy goes into optics instead of outcomes. If we focused more on long term alignment and less on quick wins, debates would cool down. It’s not flashy, but steady effort usually wins.",1
ai_0371,"If I’m being honest, in campus life, we overcomplicate things that are pretty structural. People spend a lot of time arguing about headlines instead of structure. Systems respond to what is measured, not what is promised. There are valid counterpoints. Fast change can spark creativity and urgency. But without guardrails and follow through, momentum fades quickly. Short term wins feel good, but they rarely fix root causes. If we focused more on long term alignment and less on quick wins, debates would cool down. Simple doesn’t mean easy.",1
ai_0372,"Here’s my take: in politics, most issues come down to incentives. People spend a lot of time arguing about headlines instead of structure. When rewards are misaligned, people adapt in predictable ways. I understand why some people push back. Fast change can spark creativity and urgency. But without guardrails and follow through, momentum fades quickly. The loudest voices are not always the most informed. If we focused more on long term alignment and less on quick wins, debates would cool down. It’s not flashy, but steady effort usually wins.",1
ai_0373,"If I’m being honest, in tech, most issues come down to incentives. People spend a lot of time arguing about headlines instead of structure. People follow incentives more than inspiration. Some folks argue the opposite, and I see why. Fast change can spark creativity and urgency. But without guardrails and follow through, momentum fades quickly. Short term wins feel good, but they rarely fix root causes. If we focused more on long term alignment and less on quick wins, debates would cool down. Simple doesn’t mean easy.",1
ai_0374,"Low key, in health, execution gaps create more damage than bad intentions. People spend a lot of time arguing about headlines instead of structure. Small design tweaks can shift behavior dramatically. There’s definitely another perspective. Fast change can spark creativity and urgency. But without guardrails and follow through, momentum fades quickly. A lot of energy goes into optics instead of outcomes. If we focused more on long term alignment and less on quick wins, debates would cool down. We can disagree without ignoring tradeoffs.",1
ai_0375,"Not to overthink it, but in sports, consistency beats sudden bursts of energy. People spend a lot of time arguing about headlines instead of structure. Systems respond to what is measured, not what is promised. There are valid counterpoints. Fast change can spark creativity and urgency. But without guardrails and follow through, momentum fades quickly. Short term wins feel good, but they rarely fix root causes. If we focused more on long term alignment and less on quick wins, debates would cool down. We can disagree without ignoring tradeoffs.",1
ai_0376,"If I’m being honest, in economy, we overcomplicate things that are pretty structural. People spend a lot of time arguing about headlines instead of structure. People follow incentives more than inspiration. Some folks argue the opposite, and I see why. Fast change can spark creativity and urgency. But without guardrails and follow through, momentum fades quickly. Short term wins feel good, but they rarely fix root causes. If we focused more on long term alignment and less on quick wins, debates would cool down. It’s not flashy, but steady effort usually wins.",1
ai_0377,"Here’s my take: in climate, most issues come down to incentives. People spend a lot of time arguing about headlines instead of structure. Short term wins feel good, but they rarely fix root causes. There are valid counterpoints. Fast change can spark creativity and urgency. But without guardrails and follow through, momentum fades quickly. People follow incentives more than inspiration. If we focused more on long term alignment and less on quick wins, debates would cool down. No drama, just fundamentals.",1
ai_0378,"Low key, in campus life, clear goals change behavior fast. People spend a lot of time arguing about headlines instead of structure. A lot of energy goes into optics instead of outcomes. It’s fair to say disruption has benefits. Fast change can spark creativity and urgency. But without guardrails and follow through, momentum fades quickly. Systems respond to what is measured, not what is promised. If we focused more on long term alignment and less on quick wins, debates would cool down. We can disagree without ignoring tradeoffs.",1
ai_0379,"Here’s my take: in politics, we overcomplicate things that are pretty structural. People spend a lot of time arguing about headlines instead of structure. Short term wins feel good, but they rarely fix root causes. I understand why some people push back. Fast change can spark creativity and urgency. But without guardrails and follow through, momentum fades quickly. The loudest voices are not always the most informed. If we focused more on long term alignment and less on quick wins, debates would cool down. No drama, just fundamentals.",1
ai_0380,"If I’m being honest, in tech, execution gaps create more damage than bad intentions. People spend a lot of time arguing about headlines instead of structure. A lot of energy goes into optics instead of outcomes. Some folks argue the opposite, and I see why. Fast change can spark creativity and urgency. But without guardrails and follow through, momentum fades quickly. A lot of energy goes into optics instead of outcomes. If we focused more on long term alignment and less on quick wins, debates would cool down. No drama, just fundamentals.",1
ai_0381,"If I’m being honest, in health, most issues come down to incentives. People spend a lot of time arguing about headlines instead of structure. The loudest voices are not always the most informed. It’s fair to say disruption has benefits. Fast change can spark creativity and urgency. But without guardrails and follow through, momentum fades quickly. Systems respond to what is measured, not what is promised. If we focused more on long term alignment and less on quick wins, debates would cool down. No drama, just fundamentals.",1
ai_0382,"Not to overthink it, but in sports, most issues come down to incentives. People spend a lot of time arguing about headlines instead of structure. When rewards are misaligned, people adapt in predictable ways. I understand why some people push back. Fast change can spark creativity and urgency. But without guardrails and follow through, momentum fades quickly. People follow incentives more than inspiration. If we focused more on long term alignment and less on quick wins, debates would cool down. No drama, just fundamentals.",1
ai_0383,"Low key, in economy, we overcomplicate things that are pretty structural. People spend a lot of time arguing about headlines instead of structure. A lot of energy goes into optics instead of outcomes. There’s definitely another perspective. Fast change can spark creativity and urgency. But without guardrails and follow through, momentum fades quickly. The loudest voices are not always the most informed. If we focused more on long term alignment and less on quick wins, debates would cool down. Simple doesn’t mean easy.",1
ai_0384,"If I’m being honest, in climate, most issues come down to incentives. People spend a lot of time arguing about headlines instead of structure. The loudest voices are not always the most informed. There are valid counterpoints. Fast change can spark creativity and urgency. But without guardrails and follow through, momentum fades quickly. When rewards are misaligned, people adapt in predictable ways. If we focused more on long term alignment and less on quick wins, debates would cool down. That’s kind of the whole point.",1
ai_0385,"Here’s my take: in campus life, execution gaps create more damage than bad intentions. People spend a lot of time arguing about headlines instead of structure. A lot of energy goes into optics instead of outcomes. There are valid counterpoints. Fast change can spark creativity and urgency. But without guardrails and follow through, momentum fades quickly. The loudest voices are not always the most informed. If we focused more on long term alignment and less on quick wins, debates would cool down. No drama, just fundamentals.",1
ai_0386,"Not to overthink it, but in politics, consistency beats sudden bursts of energy. People spend a lot of time arguing about headlines instead of structure. A lot of energy goes into optics instead of outcomes. There are valid counterpoints. Fast change can spark creativity and urgency. But without guardrails and follow through, momentum fades quickly. When rewards are misaligned, people adapt in predictable ways. If we focused more on long term alignment and less on quick wins, debates would cool down. We can disagree without ignoring tradeoffs.",1
ai_0387,"Here’s my take: in tech, consistency beats sudden bursts of energy. People spend a lot of time arguing about headlines instead of structure. When rewards are misaligned, people adapt in predictable ways. I understand why some people push back. Fast change can spark creativity and urgency. But without guardrails and follow through, momentum fades quickly. Systems respond to what is measured, not what is promised. If we focused more on long term alignment and less on quick wins, debates would cool down. That’s kind of the whole point.",1
ai_0388,"Not to overthink it, but in health, we overcomplicate things that are pretty structural. People spend a lot of time arguing about headlines instead of structure. Systems respond to what is measured, not what is promised. Some folks argue the opposite, and I see why. Fast change can spark creativity and urgency. But without guardrails and follow through, momentum fades quickly. The loudest voices are not always the most informed. If we focused more on long term alignment and less on quick wins, debates would cool down. That’s kind of the whole point.",1
ai_0389,"The simple version is that in sports, most issues come down to incentives. People spend a lot of time arguing about headlines instead of structure. A lot of energy goes into optics instead of outcomes. Some folks argue the opposite, and I see why. Fast change can spark creativity and urgency. But without guardrails and follow through, momentum fades quickly. People follow incentives more than inspiration. If we focused more on long term alignment and less on quick wins, debates would cool down. It’s not flashy, but steady effort usually wins.",1
ai_0390,"Low key, in economy, most issues come down to incentives. People spend a lot of time arguing about headlines instead of structure. People follow incentives more than inspiration. It’s fair to say disruption has benefits. Fast change can spark creativity and urgency. But without guardrails and follow through, momentum fades quickly. Systems respond to what is measured, not what is promised. If we focused more on long term alignment and less on quick wins, debates would cool down. That’s kind of the whole point.",1
ai_0391,"If I’m being honest, in climate, we overcomplicate things that are pretty structural. People spend a lot of time arguing about headlines instead of structure. The loudest voices are not always the most informed. It’s fair to say disruption has benefits. Fast change can spark creativity and urgency. But without guardrails and follow through, momentum fades quickly. The loudest voices are not always the most informed. If we focused more on long term alignment and less on quick wins, debates would cool down. That’s kind of the whole point.",1
ai_0392,"Low key, in campus life, clear goals change behavior fast. People spend a lot of time arguing about headlines instead of structure. Small design tweaks can shift behavior dramatically. There’s definitely another perspective. Fast change can spark creativity and urgency. But without guardrails and follow through, momentum fades quickly. The loudest voices are not always the most informed. If we focused more on long term alignment and less on quick wins, debates would cool down. No drama, just fundamentals.",1
ai_0393,"If I’m being honest, in politics, most issues come down to incentives. People spend a lot of time arguing about headlines instead of structure. When rewards are misaligned, people adapt in predictable ways. Some folks argue the opposite, and I see why. Fast change can spark creativity and urgency. But without guardrails and follow through, momentum fades quickly. A lot of energy goes into optics instead of outcomes. If we focused more on long term alignment and less on quick wins, debates would cool down. It’s not flashy, but steady effort usually wins.",1
ai_0394,"Low key, in tech, execution gaps create more damage than bad intentions. People spend a lot of time arguing about headlines instead of structure. Systems respond to what is measured, not what is promised. There are valid counterpoints. Fast change can spark creativity and urgency. But without guardrails and follow through, momentum fades quickly. Systems respond to what is measured, not what is promised. If we focused more on long term alignment and less on quick wins, debates would cool down. No drama, just fundamentals.",1
ai_0395,"Here’s my take: in health, most issues come down to incentives. People spend a lot of time arguing about headlines instead of structure. The loudest voices are not always the most informed. Some folks argue the opposite, and I see why. Fast change can spark creativity and urgency. But without guardrails and follow through, momentum fades quickly. A lot of energy goes into optics instead of outcomes. If we focused more on long term alignment and less on quick wins, debates would cool down. Simple doesn’t mean easy.",1
ai_0396,"If I’m being honest, in sports, we overcomplicate things that are pretty structural. People spend a lot of time arguing about headlines instead of structure. People follow incentives more than inspiration. There are valid counterpoints. Fast change can spark creativity and urgency. But without guardrails and follow through, momentum fades quickly. Small design tweaks can shift behavior dramatically. If we focused more on long term alignment and less on quick wins, debates would cool down. It’s not flashy, but steady effort usually wins.",1
ai_0397,"Low key, in economy, clear goals change behavior fast. People spend a lot of time arguing about headlines instead of structure. Small design tweaks can shift behavior dramatically. Some folks argue the opposite, and I see why. Fast change can spark creativity and urgency. But without guardrails and follow through, momentum fades quickly. Short term wins feel good, but they rarely fix root causes. If we focused more on long term alignment and less on quick wins, debates would cool down. That’s kind of the whole point.",1
ai_0398,"Not to overthink it, but in climate, clear goals change behavior fast. People spend a lot of time arguing about headlines instead of structure. A lot of energy goes into optics instead of outcomes. There’s definitely another perspective. Fast change can spark creativity and urgency. But without guardrails and follow through, momentum fades quickly. The loudest voices are not always the most informed. If we focused more on long term alignment and less on quick wins, debates would cool down. Simple doesn’t mean easy.",1
ai_0399,"Here’s my take: in campus life, we overcomplicate things that are pretty structural. People spend a lot of time arguing about headlines instead of structure. The loudest voices are not always the most informed. Some folks argue the opposite, and I see why. Fast change can spark creativity and urgency. But without guardrails and follow through, momentum fades quickly. When rewards are misaligned, people adapt in predictable ways. If we focused more on long term alignment and less on quick wins, debates would cool down. We can disagree without ignoring tradeoffs.",1
ai_0400,"Low key, in politics, clear goals change behavior fast. People spend a lot of time arguing about headlines instead of structure. People follow incentives more than inspiration. Some folks argue the opposite, and I see why. Fast change can spark creativity and urgency. But without guardrails and follow through, momentum fades quickly. Systems respond to what is measured, not what is promised. If we focused more on long term alignment and less on quick wins, debates would cool down. We can disagree without ignoring tradeoffs.",1
ai_0401,"Low key, in tech, we overcomplicate things that are pretty structural. People spend a lot of time arguing about headlines instead of structure. Systems respond to what is measured, not what is promised. I understand why some people push back. Fast change can spark creativity and urgency. But without guardrails and follow through, momentum fades quickly. A lot of energy goes into optics instead of outcomes. If we focused more on long term alignment and less on quick wins, debates would cool down. That’s kind of the whole point.",1
ai_0402,"Here’s my take: in health, execution gaps create more damage than bad intentions. People spend a lot of time arguing about headlines instead of structure. When rewards are misaligned, people adapt in predictable ways. It’s fair to say disruption has benefits. Fast change can spark creativity and urgency. But without guardrails and follow through, momentum fades quickly. Short term wins feel good, but they rarely fix root causes. If we focused more on long term alignment and less on quick wins, debates would cool down. No drama, just fundamentals.",1
ai_0403,"The simple version is that in sports, we overcomplicate things that are pretty structural. People spend a lot of time arguing about headlines instead of structure. Short term wins feel good, but they rarely fix root causes. I understand why some people push back. Fast change can spark creativity and urgency. But without guardrails and follow through, momentum fades quickly. The loudest voices are not always the most informed. If we focused more on long term alignment and less on quick wins, debates would cool down. We can disagree without ignoring tradeoffs.",1
ai_0404,"Here’s my take: in economy, we overcomplicate things that are pretty structural. People spend a lot of time arguing about headlines instead of structure. Small design tweaks can shift behavior dramatically. It’s fair to say disruption has benefits. Fast change can spark creativity and urgency. But without guardrails and follow through, momentum fades quickly. The loudest voices are not always the most informed. If we focused more on long term alignment and less on quick wins, debates would cool down. It’s not flashy, but steady effort usually wins.",1
ai_0405,"The simple version is that in climate, most issues come down to incentives. People spend a lot of time arguing about headlines instead of structure. Short term wins feel good, but they rarely fix root causes. There are valid counterpoints. Fast change can spark creativity and urgency. But without guardrails and follow through, momentum fades quickly. Systems respond to what is measured, not what is promised. If we focused more on long term alignment and less on quick wins, debates would cool down. We can disagree without ignoring tradeoffs.",1
ai_0406,"Low key, in campus life, most issues come down to incentives. People spend a lot of time arguing about headlines instead of structure. People follow incentives more than inspiration. There are valid counterpoints. Fast change can spark creativity and urgency. But without guardrails and follow through, momentum fades quickly. Short term wins feel good, but they rarely fix root causes. If we focused more on long term alignment and less on quick wins, debates would cool down. Simple doesn’t mean easy.",1
ai_0407,"Here’s my take: in politics, clear goals change behavior fast. People spend a lot of time arguing about headlines instead of structure. Systems respond to what is measured, not what is promised. There’s definitely another perspective. Fast change can spark creativity and urgency. But without guardrails and follow through, momentum fades quickly. The loudest voices are not always the most informed. If we focused more on long term alignment and less on quick wins, debates would cool down. Simple doesn’t mean easy.",1
ai_0408,"The simple version is that in tech, clear goals change behavior fast. People spend a lot of time arguing about headlines instead of structure. Systems respond to what is measured, not what is promised. There are valid counterpoints. Fast change can spark creativity and urgency. But without guardrails and follow through, momentum fades quickly. A lot of energy goes into optics instead of outcomes. If we focused more on long term alignment and less on quick wins, debates would cool down. Simple doesn’t mean easy.",1
ai_0409,"If I’m being honest, in health, we overcomplicate things that are pretty structural. People spend a lot of time arguing about headlines instead of structure. Systems respond to what is measured, not what is promised. There’s definitely another perspective. Fast change can spark creativity and urgency. But without guardrails and follow through, momentum fades quickly. People follow incentives more than inspiration. If we focused more on long term alignment and less on quick wins, debates would cool down. No drama, just fundamentals.",1
ai_0410,"If I’m being honest, in sports, consistency beats sudden bursts of energy. People spend a lot of time arguing about headlines instead of structure. Small design tweaks can shift behavior dramatically. I understand why some people push back. Fast change can spark creativity and urgency. But without guardrails and follow through, momentum fades quickly. A lot of energy goes into optics instead of outcomes. If we focused more on long term alignment and less on quick wins, debates would cool down. It’s not flashy, but steady effort usually wins.",1
ai_0411,"Not to overthink it, but in economy, clear goals change behavior fast. People spend a lot of time arguing about headlines instead of structure. A lot of energy goes into optics instead of outcomes. Some folks argue the opposite, and I see why. Fast change can spark creativity and urgency. But without guardrails and follow through, momentum fades quickly. Small design tweaks can shift behavior dramatically. If we focused more on long term alignment and less on quick wins, debates would cool down. It’s not flashy, but steady effort usually wins.",1
ai_0412,"Low key, in climate, execution gaps create more damage than bad intentions. People spend a lot of time arguing about headlines instead of structure. Short term wins feel good, but they rarely fix root causes. There’s definitely another perspective. Fast change can spark creativity and urgency. But without guardrails and follow through, momentum fades quickly. A lot of energy goes into optics instead of outcomes. If we focused more on long term alignment and less on quick wins, debates would cool down. It’s not flashy, but steady effort usually wins.",1
ai_0413,"Low key, in campus life, consistency beats sudden bursts of energy. People spend a lot of time arguing about headlines instead of structure. The loudest voices are not always the most informed. There’s definitely another perspective. Fast change can spark creativity and urgency. But without guardrails and follow through, momentum fades quickly. Short term wins feel good, but they rarely fix root causes. If we focused more on long term alignment and less on quick wins, debates would cool down. Simple doesn’t mean easy.",1
ai_0414,"Here’s my take: in politics, execution gaps create more damage than bad intentions. People spend a lot of time arguing about headlines instead of structure. People follow incentives more than inspiration. There’s definitely another perspective. Fast change can spark creativity and urgency. But without guardrails and follow through, momentum fades quickly. Systems respond to what is measured, not what is promised. If we focused more on long term alignment and less on quick wins, debates would cool down. We can disagree without ignoring tradeoffs.",1
ai_0415,"Not to overthink it, but in tech, we overcomplicate things that are pretty structural. People spend a lot of time arguing about headlines instead of structure. Small design tweaks can shift behavior dramatically. It’s fair to say disruption has benefits. Fast change can spark creativity and urgency. But without guardrails and follow through, momentum fades quickly. When rewards are misaligned, people adapt in predictable ways. If we focused more on long term alignment and less on quick wins, debates would cool down. That’s kind of the whole point.",1
ai_0416,"The simple version is that in health, we overcomplicate things that are pretty structural. People spend a lot of time arguing about headlines instead of structure. When rewards are misaligned, people adapt in predictable ways. I understand why some people push back. Fast change can spark creativity and urgency. But without guardrails and follow through, momentum fades quickly. Small design tweaks can shift behavior dramatically. If we focused more on long term alignment and less on quick wins, debates would cool down. Simple doesn’t mean easy.",1
ai_0417,"Not to overthink it, but in sports, clear goals change behavior fast. People spend a lot of time arguing about headlines instead of structure. A lot of energy goes into optics instead of outcomes. There’s definitely another perspective. Fast change can spark creativity and urgency. But without guardrails and follow through, momentum fades quickly. The loudest voices are not always the most informed. If we focused more on long term alignment and less on quick wins, debates would cool down. Simple doesn’t mean easy.",1
ai_0418,"If I’m being honest, in economy, we overcomplicate things that are pretty structural. People spend a lot of time arguing about headlines instead of structure. Small design tweaks can shift behavior dramatically. It’s fair to say disruption has benefits. Fast change can spark creativity and urgency. But without guardrails and follow through, momentum fades quickly. A lot of energy goes into optics instead of outcomes. If we focused more on long term alignment and less on quick wins, debates would cool down. We can disagree without ignoring tradeoffs.",1
ai_0419,"If I’m being honest, in climate, we overcomplicate things that are pretty structural. People spend a lot of time arguing about headlines instead of structure. A lot of energy goes into optics instead of outcomes. There are valid counterpoints. Fast change can spark creativity and urgency. But without guardrails and follow through, momentum fades quickly. Short term wins feel good, but they rarely fix root causes. If we focused more on long term alignment and less on quick wins, debates would cool down. No drama, just fundamentals.",1
ai_0420,"The simple version is that in campus life, execution gaps create more damage than bad intentions. People spend a lot of time arguing about headlines instead of structure. Small design tweaks can shift behavior dramatically. Some folks argue the opposite, and I see why. Fast change can spark creativity and urgency. But without guardrails and follow through, momentum fades quickly. When rewards are misaligned, people adapt in predictable ways. If we focused more on long term alignment and less on quick wins, debates would cool down. Simple doesn’t mean easy.",1
ai_0421,"Here’s my take: in politics, execution gaps create more damage than bad intentions. People spend a lot of time arguing about headlines instead of structure. Short term wins feel good, but they rarely fix root causes. There are valid counterpoints. Fast change can spark creativity and urgency. But without guardrails and follow through, momentum fades quickly. People follow incentives more than inspiration. If we focused more on long term alignment and less on quick wins, debates would cool down. Simple doesn’t mean easy.",1
ai_0422,"Not to overthink it, but in tech, clear goals change behavior fast. People spend a lot of time arguing about headlines instead of structure. Systems respond to what is measured, not what is promised. There’s definitely another perspective. Fast change can spark creativity and urgency. But without guardrails and follow through, momentum fades quickly. People follow incentives more than inspiration. If we focused more on long term alignment and less on quick wins, debates would cool down. It’s not flashy, but steady effort usually wins.",1
ai_0423,"If I’m being honest, in health, most issues come down to incentives. People spend a lot of time arguing about headlines instead of structure. Small design tweaks can shift behavior dramatically. Some folks argue the opposite, and I see why. Fast change can spark creativity and urgency. But without guardrails and follow through, momentum fades quickly. Small design tweaks can shift behavior dramatically. If we focused more on long term alignment and less on quick wins, debates would cool down. Simple doesn’t mean easy.",1
ai_0424,"If I’m being honest, in sports, most issues come down to incentives. People spend a lot of time arguing about headlines instead of structure. When rewards are misaligned, people adapt in predictable ways. I understand why some people push back. Fast change can spark creativity and urgency. But without guardrails and follow through, momentum fades quickly. Short term wins feel good, but they rarely fix root causes. If we focused more on long term alignment and less on quick wins, debates would cool down. Simple doesn’t mean easy.",1
ai_0425,"Low key, in economy, consistency beats sudden bursts of energy. People spend a lot of time arguing about headlines instead of structure. Systems respond to what is measured, not what is promised. There’s definitely another perspective. Fast change can spark creativity and urgency. But without guardrails and follow through, momentum fades quickly. Short term wins feel good, but they rarely fix root causes. If we focused more on long term alignment and less on quick wins, debates would cool down. We can disagree without ignoring tradeoffs.",1
ai_0426,"The simple version is that in climate, most issues come down to incentives. People spend a lot of time arguing about headlines instead of structure. Systems respond to what is measured, not what is promised. There’s definitely another perspective. Fast change can spark creativity and urgency. But without guardrails and follow through, momentum fades quickly. When rewards are misaligned, people adapt in predictable ways. If we focused more on long term alignment and less on quick wins, debates would cool down. It’s not flashy, but steady effort usually wins.",1
ai_0427,"If I’m being honest, in campus life, clear goals change behavior fast. People spend a lot of time arguing about headlines instead of structure. When rewards are misaligned, people adapt in predictable ways. There are valid counterpoints. Fast change can spark creativity and urgency. But without guardrails and follow through, momentum fades quickly. The loudest voices are not always the most informed. If we focused more on long term alignment and less on quick wins, debates would cool down. Simple doesn’t mean easy.",1
ai_0428,"Low key, in politics, consistency beats sudden bursts of energy. People spend a lot of time arguing about headlines instead of structure. The loudest voices are not always the most informed. Some folks argue the opposite, and I see why. Fast change can spark creativity and urgency. But without guardrails and follow through, momentum fades quickly. A lot of energy goes into optics instead of outcomes. If we focused more on long term alignment and less on quick wins, debates would cool down. That’s kind of the whole point.",1
ai_0429,"Here’s my take: in tech, most issues come down to incentives. People spend a lot of time arguing about headlines instead of structure. Short term wins feel good, but they rarely fix root causes. I understand why some people push back. Fast change can spark creativity and urgency. But without guardrails and follow through, momentum fades quickly. Small design tweaks can shift behavior dramatically. If we focused more on long term alignment and less on quick wins, debates would cool down. We can disagree without ignoring tradeoffs.",1
ai_0430,"Low key, in health, execution gaps create more damage than bad intentions. People spend a lot of time arguing about headlines instead of structure. Systems respond to what is measured, not what is promised. I understand why some people push back. Fast change can spark creativity and urgency. But without guardrails and follow through, momentum fades quickly. People follow incentives more than inspiration. If we focused more on long term alignment and less on quick wins, debates would cool down. That’s kind of the whole point.",1
ai_0431,"The simple version is that in sports, execution gaps create more damage than bad intentions. People spend a lot of time arguing about headlines instead of structure. Short term wins feel good, but they rarely fix root causes. There are valid counterpoints. Fast change can spark creativity and urgency. But without guardrails and follow through, momentum fades quickly. A lot of energy goes into optics instead of outcomes. If we focused more on long term alignment and less on quick wins, debates would cool down. That’s kind of the whole point.",1
ai_0432,"If I’m being honest, in economy, we overcomplicate things that are pretty structural. People spend a lot of time arguing about headlines instead of structure. The loudest voices are not always the most informed. It’s fair to say disruption has benefits. Fast change can spark creativity and urgency. But without guardrails and follow through, momentum fades quickly. When rewards are misaligned, people adapt in predictable ways. If we focused more on long term alignment and less on quick wins, debates would cool down. Simple doesn’t mean easy.",1
ai_0433,"Here’s my take: in climate, most issues come down to incentives. People spend a lot of time arguing about headlines instead of structure. A lot of energy goes into optics instead of outcomes. I understand why some people push back. Fast change can spark creativity and urgency. But without guardrails and follow through, momentum fades quickly. Small design tweaks can shift behavior dramatically. If we focused more on long term alignment and less on quick wins, debates would cool down. We can disagree without ignoring tradeoffs.",1
ai_0434,"If I’m being honest, in campus life, most issues come down to incentives. People spend a lot of time arguing about headlines instead of structure. A lot of energy goes into optics instead of outcomes. There’s definitely another perspective. Fast change can spark creativity and urgency. But without guardrails and follow through, momentum fades quickly. People follow incentives more than inspiration. If we focused more on long term alignment and less on quick wins, debates would cool down. That’s kind of the whole point.",1
ai_0435,"Not to overthink it, but in politics, most issues come down to incentives. People spend a lot of time arguing about headlines instead of structure. Systems respond to what is measured, not what is promised. I understand why some people push back. Fast change can spark creativity and urgency. But without guardrails and follow through, momentum fades quickly. Small design tweaks can shift behavior dramatically. If we focused more on long term alignment and less on quick wins, debates would cool down. Simple doesn’t mean easy.",1
ai_0436,"Here’s my take: in tech, execution gaps create more damage than bad intentions. People spend a lot of time arguing about headlines instead of structure. Systems respond to what is measured, not what is promised. There’s definitely another perspective. Fast change can spark creativity and urgency. But without guardrails and follow through, momentum fades quickly. The loudest voices are not always the most informed. If we focused more on long term alignment and less on quick wins, debates would cool down. It’s not flashy, but steady effort usually wins.",1
ai_0437,"If I’m being honest, in health, clear goals change behavior fast. People spend a lot of time arguing about headlines instead of structure. The loudest voices are not always the most informed. Some folks argue the opposite, and I see why. Fast change can spark creativity and urgency. But without guardrails and follow through, momentum fades quickly. Systems respond to what is measured, not what is promised. If we focused more on long term alignment and less on quick wins, debates would cool down. No drama, just fundamentals.",1
ai_0438,"Low key, in sports, most issues come down to incentives. People spend a lot of time arguing about headlines instead of structure. People follow incentives more than inspiration. It’s fair to say disruption has benefits. Fast change can spark creativity and urgency. But without guardrails and follow through, momentum fades quickly. Systems respond to what is measured, not what is promised. If we focused more on long term alignment and less on quick wins, debates would cool down. It’s not flashy, but steady effort usually wins.",1
ai_0439,"Here’s my take: in economy, consistency beats sudden bursts of energy. People spend a lot of time arguing about headlines instead of structure. Systems respond to what is measured, not what is promised. There’s definitely another perspective. Fast change can spark creativity and urgency. But without guardrails and follow through, momentum fades quickly. Systems respond to what is measured, not what is promised. If we focused more on long term alignment and less on quick wins, debates would cool down. No drama, just fundamentals.",1
ai_0440,"If I’m being honest, in climate, we overcomplicate things that are pretty structural. People spend a lot of time arguing about headlines instead of structure. People follow incentives more than inspiration. There’s definitely another perspective. Fast change can spark creativity and urgency. But without guardrails and follow through, momentum fades quickly. Small design tweaks can shift behavior dramatically. If we focused more on long term alignment and less on quick wins, debates would cool down. It’s not flashy, but steady effort usually wins.",1
ai_0441,"Low key, in campus life, clear goals change behavior fast. People spend a lot of time arguing about headlines instead of structure. When rewards are misaligned, people adapt in predictable ways. Some folks argue the opposite, and I see why. Fast change can spark creativity and urgency. But without guardrails and follow through, momentum fades quickly. A lot of energy goes into optics instead of outcomes. If we focused more on long term alignment and less on quick wins, debates would cool down. We can disagree without ignoring tradeoffs.",1
ai_0442,"If I’m being honest, in politics, most issues come down to incentives. People spend a lot of time arguing about headlines instead of structure. A lot of energy goes into optics instead of outcomes. I understand why some people push back. Fast change can spark creativity and urgency. But without guardrails and follow through, momentum fades quickly. A lot of energy goes into optics instead of outcomes. If we focused more on long term alignment and less on quick wins, debates would cool down. That’s kind of the whole point.",1
ai_0443,"Here’s my take: in tech, clear goals change behavior fast. People spend a lot of time arguing about headlines instead of structure. Systems respond to what is measured, not what is promised. I understand why some people push back. Fast change can spark creativity and urgency. But without guardrails and follow through, momentum fades quickly. The loudest voices are not always the most informed. If we focused more on long term alignment and less on quick wins, debates would cool down. That’s kind of the whole point.",1
ai_0444,"If I’m being honest, in health, clear goals change behavior fast. People spend a lot of time arguing about headlines instead of structure. People follow incentives more than inspiration. There are valid counterpoints. Fast change can spark creativity and urgency. But without guardrails and follow through, momentum fades quickly. People follow incentives more than inspiration. If we focused more on long term alignment and less on quick wins, debates would cool down. No drama, just fundamentals. Incentives quietly shape outcomes.",1
ai_0445,"If I’m being honest, in sports, execution gaps create more damage than bad intentions. People spend a lot of time arguing about headlines instead of structure. A lot of energy goes into optics instead of outcomes. There’s definitely another perspective. Fast change can spark creativity and urgency. But without guardrails and follow through, momentum fades quickly. Small design tweaks can shift behavior dramatically. If we focused more on long term alignment and less on quick wins, debates would cool down. No drama, just fundamentals.",1
ai_0446,"Here’s my take: in economy, most issues come down to incentives. People spend a lot of time arguing about headlines instead of structure. Short term wins feel good, but they rarely fix root causes. There are valid counterpoints. Fast change can spark creativity and urgency. But without guardrails and follow through, momentum fades quickly. When rewards are misaligned, people adapt in predictable ways. If we focused more on long term alignment and less on quick wins, debates would cool down. Simple doesn’t mean easy.",1
ai_0447,"If I’m being honest, in climate, we overcomplicate things that are pretty structural. People spend a lot of time arguing about headlines instead of structure. A lot of energy goes into optics instead of outcomes. There are valid counterpoints. Fast change can spark creativity and urgency. But without guardrails and follow through, momentum fades quickly. When rewards are misaligned, people adapt in predictable ways. If we focused more on long term alignment and less on quick wins, debates would cool down. It’s not flashy, but steady effort usually wins.",1
ai_0448,"The simple version is that in campus life, most issues come down to incentives. People spend a lot of time arguing about headlines instead of structure. When rewards are misaligned, people adapt in predictable ways. Some folks argue the opposite, and I see why. Fast change can spark creativity and urgency. But without guardrails and follow through, momentum fades quickly. A lot of energy goes into optics instead of outcomes. If we focused more on long term alignment and less on quick wins, debates would cool down. Simple doesn’t mean easy.",1
ai_0449,"Not to overthink it, but in politics, we overcomplicate things that are pretty structural. People spend a lot of time arguing about headlines instead of structure. People follow incentives more than inspiration. I understand why some people push back. Fast change can spark creativity and urgency. But without guardrails and follow through, momentum fades quickly. When rewards are misaligned, people adapt in predictable ways. If we focused more on long term alignment and less on quick wins, debates would cool down. No drama, just fundamentals.",1
ai_0450,"Here’s my take: in tech, clear goals change behavior fast. People spend a lot of time arguing about headlines instead of structure. Systems respond to what is measured, not what is promised. Some folks argue the opposite, and I see why. Fast change can spark creativity and urgency. But without guardrails and follow through, momentum fades quickly. The loudest voices are not always the most informed. If we focused more on long term alignment and less on quick wins, debates would cool down. That’s kind of the whole point.",1
ai_0451,"The simple version is that in health, we overcomplicate things that are pretty structural. People spend a lot of time arguing about headlines instead of structure. People follow incentives more than inspiration. There are valid counterpoints. Fast change can spark creativity and urgency. But without guardrails and follow through, momentum fades quickly. When rewards are misaligned, people adapt in predictable ways. If we focused more on long term alignment and less on quick wins, debates would cool down. No drama, just fundamentals.",1
ai_0452,"Here’s my take: in sports, execution gaps create more damage than bad intentions. People spend a lot of time arguing about headlines instead of structure. Small design tweaks can shift behavior dramatically. There are valid counterpoints. Fast change can spark creativity and urgency. But without guardrails and follow through, momentum fades quickly. Systems respond to what is measured, not what is promised. If we focused more on long term alignment and less on quick wins, debates would cool down. We can disagree without ignoring tradeoffs.",1
ai_0453,"The simple version is that in economy, execution gaps create more damage than bad intentions. People spend a lot of time arguing about headlines instead of structure. People follow incentives more than inspiration. I understand why some people push back. Fast change can spark creativity and urgency. But without guardrails and follow through, momentum fades quickly. Systems respond to what is measured, not what is promised. If we focused more on long term alignment and less on quick wins, debates would cool down. No drama, just fundamentals.",1
ai_0454,"Not to overthink it, but in climate, consistency beats sudden bursts of energy. People spend a lot of time arguing about headlines instead of structure. People follow incentives more than inspiration. There’s definitely another perspective. Fast change can spark creativity and urgency. But without guardrails and follow through, momentum fades quickly. Small design tweaks can shift behavior dramatically. If we focused more on long term alignment and less on quick wins, debates would cool down. No drama, just fundamentals.",1
ai_0455,"Here’s my take: in campus life, most issues come down to incentives. People spend a lot of time arguing about headlines instead of structure. People follow incentives more than inspiration. There are valid counterpoints. Fast change can spark creativity and urgency. But without guardrails and follow through, momentum fades quickly. People follow incentives more than inspiration. If we focused more on long term alignment and less on quick wins, debates would cool down. That’s kind of the whole point.",1
ai_0456,"If I’m being honest, in politics, execution gaps create more damage than bad intentions. People spend a lot of time arguing about headlines instead of structure. People follow incentives more than inspiration. I understand why some people push back. Fast change can spark creativity and urgency. But without guardrails and follow through, momentum fades quickly. Small design tweaks can shift behavior dramatically. If we focused more on long term alignment and less on quick wins, debates would cool down. Simple doesn’t mean easy.",1
ai_0457,"Not to overthink it, but in tech, most issues come down to incentives. People spend a lot of time arguing about headlines instead of structure. When rewards are misaligned, people adapt in predictable ways. There are valid counterpoints. Fast change can spark creativity and urgency. But without guardrails and follow through, momentum fades quickly. Short term wins feel good, but they rarely fix root causes. If we focused more on long term alignment and less on quick wins, debates would cool down. Simple doesn’t mean easy.",1
ai_0458,"Low key, in health, we overcomplicate things that are pretty structural. People spend a lot of time arguing about headlines instead of structure. A lot of energy goes into optics instead of outcomes. There’s definitely another perspective. Fast change can spark creativity and urgency. But without guardrails and follow through, momentum fades quickly. Short term wins feel good, but they rarely fix root causes. If we focused more on long term alignment and less on quick wins, debates would cool down. No drama, just fundamentals.",1
ai_0459,"Not to overthink it, but in sports, consistency beats sudden bursts of energy. People spend a lot of time arguing about headlines instead of structure. People follow incentives more than inspiration. There’s definitely another perspective. Fast change can spark creativity and urgency. But without guardrails and follow through, momentum fades quickly. A lot of energy goes into optics instead of outcomes. If we focused more on long term alignment and less on quick wins, debates would cool down. That’s kind of the whole point.",1
ai_0460,"Here’s my take: in economy, we overcomplicate things that are pretty structural. People spend a lot of time arguing about headlines instead of structure. A lot of energy goes into optics instead of outcomes. Some folks argue the opposite, and I see why. Fast change can spark creativity and urgency. But without guardrails and follow through, momentum fades quickly. The loudest voices are not always the most informed. If we focused more on long term alignment and less on quick wins, debates would cool down. It’s not flashy, but steady effort usually wins.",1
ai_0461,"The simple version is that in climate, most issues come down to incentives. People spend a lot of time arguing about headlines instead of structure. A lot of energy goes into optics instead of outcomes. There’s definitely another perspective. Fast change can spark creativity and urgency. But without guardrails and follow through, momentum fades quickly. When rewards are misaligned, people adapt in predictable ways. If we focused more on long term alignment and less on quick wins, debates would cool down. That’s kind of the whole point.",1
ai_0462,"Low key, in campus life, consistency beats sudden bursts of energy. People spend a lot of time arguing about headlines instead of structure. People follow incentives more than inspiration. It’s fair to say disruption has benefits. Fast change can spark creativity and urgency. But without guardrails and follow through, momentum fades quickly. The loudest voices are not always the most informed. If we focused more on long term alignment and less on quick wins, debates would cool down. We can disagree without ignoring tradeoffs.",1
ai_0463,"The simple version is that in politics, clear goals change behavior fast. People spend a lot of time arguing about headlines instead of structure. A lot of energy goes into optics instead of outcomes. Some folks argue the opposite, and I see why. Fast change can spark creativity and urgency. But without guardrails and follow through, momentum fades quickly. When rewards are misaligned, people adapt in predictable ways. If we focused more on long term alignment and less on quick wins, debates would cool down. No drama, just fundamentals.",1
ai_0464,"Not to overthink it, but in tech, consistency beats sudden bursts of energy. People spend a lot of time arguing about headlines instead of structure. Systems respond to what is measured, not what is promised. I understand why some people push back. Fast change can spark creativity and urgency. But without guardrails and follow through, momentum fades quickly. A lot of energy goes into optics instead of outcomes. If we focused more on long term alignment and less on quick wins, debates would cool down. That’s kind of the whole point.",1
ai_0465,"Not to overthink it, but in health, execution gaps create more damage than bad intentions. People spend a lot of time arguing about headlines instead of structure. When rewards are misaligned, people adapt in predictable ways. There are valid counterpoints. Fast change can spark creativity and urgency. But without guardrails and follow through, momentum fades quickly. Small design tweaks can shift behavior dramatically. If we focused more on long term alignment and less on quick wins, debates would cool down. We can disagree without ignoring tradeoffs.",1
ai_0466,"Not to overthink it, but in sports, most issues come down to incentives. People spend a lot of time arguing about headlines instead of structure. People follow incentives more than inspiration. Some folks argue the opposite, and I see why. Fast change can spark creativity and urgency. But without guardrails and follow through, momentum fades quickly. The loudest voices are not always the most informed. If we focused more on long term alignment and less on quick wins, debates would cool down. No drama, just fundamentals.",1
ai_0467,"If I’m being honest, in economy, consistency beats sudden bursts of energy. People spend a lot of time arguing about headlines instead of structure. People follow incentives more than inspiration. There are valid counterpoints. Fast change can spark creativity and urgency. But without guardrails and follow through, momentum fades quickly. The loudest voices are not always the most informed. If we focused more on long term alignment and less on quick wins, debates would cool down. That’s kind of the whole point.",1
ai_0468,"Not to overthink it, but in climate, consistency beats sudden bursts of energy. People spend a lot of time arguing about headlines instead of structure. People follow incentives more than inspiration. There are valid counterpoints. Fast change can spark creativity and urgency. But without guardrails and follow through, momentum fades quickly. Small design tweaks can shift behavior dramatically. If we focused more on long term alignment and less on quick wins, debates would cool down. We can disagree without ignoring tradeoffs.",1
ai_0469,"The simple version is that in campus life, execution gaps create more damage than bad intentions. People spend a lot of time arguing about headlines instead of structure. People follow incentives more than inspiration. It’s fair to say disruption has benefits. Fast change can spark creativity and urgency. But without guardrails and follow through, momentum fades quickly. People follow incentives more than inspiration. If we focused more on long term alignment and less on quick wins, debates would cool down. That’s kind of the whole point.",1
ai_0470,"The simple version is that in politics, execution gaps create more damage than bad intentions. People spend a lot of time arguing about headlines instead of structure. When rewards are misaligned, people adapt in predictable ways. There are valid counterpoints. Fast change can spark creativity and urgency. But without guardrails and follow through, momentum fades quickly. Systems respond to what is measured, not what is promised. If we focused more on long term alignment and less on quick wins, debates would cool down. We can disagree without ignoring tradeoffs.",1
ai_0471,"Here’s my take: in tech, consistency beats sudden bursts of energy. People spend a lot of time arguing about headlines instead of structure. When rewards are misaligned, people adapt in predictable ways. It’s fair to say disruption has benefits. Fast change can spark creativity and urgency. But without guardrails and follow through, momentum fades quickly. Systems respond to what is measured, not what is promised. If we focused more on long term alignment and less on quick wins, debates would cool down. Simple doesn’t mean easy.",1
ai_0472,"Low key, in health, clear goals change behavior fast. People spend a lot of time arguing about headlines instead of structure. Systems respond to what is measured, not what is promised. It’s fair to say disruption has benefits. Fast change can spark creativity and urgency. But without guardrails and follow through, momentum fades quickly. A lot of energy goes into optics instead of outcomes. If we focused more on long term alignment and less on quick wins, debates would cool down. That’s kind of the whole point.",1
ai_0473,"If I’m being honest, in sports, execution gaps create more damage than bad intentions. People spend a lot of time arguing about headlines instead of structure. People follow incentives more than inspiration. It’s fair to say disruption has benefits. Fast change can spark creativity and urgency. But without guardrails and follow through, momentum fades quickly. A lot of energy goes into optics instead of outcomes. If we focused more on long term alignment and less on quick wins, debates would cool down. It’s not flashy, but steady effort usually wins.",1
ai_0474,"Here’s my take: in economy, clear goals change behavior fast. People spend a lot of time arguing about headlines instead of structure. Systems respond to what is measured, not what is promised. It’s fair to say disruption has benefits. Fast change can spark creativity and urgency. But without guardrails and follow through, momentum fades quickly. The loudest voices are not always the most informed. If we focused more on long term alignment and less on quick wins, debates would cool down. We can disagree without ignoring tradeoffs.",1
ai_0475,"The simple version is that in climate, most issues come down to incentives. People spend a lot of time arguing about headlines instead of structure. Short term wins feel good, but they rarely fix root causes. It’s fair to say disruption has benefits. Fast change can spark creativity and urgency. But without guardrails and follow through, momentum fades quickly. Systems respond to what is measured, not what is promised. If we focused more on long term alignment and less on quick wins, debates would cool down. Simple doesn’t mean easy.",1
ai_0476,"Not to overthink it, but in campus life, most issues come down to incentives. People spend a lot of time arguing about headlines instead of structure. Small design tweaks can shift behavior dramatically. Some folks argue the opposite, and I see why. Fast change can spark creativity and urgency. But without guardrails and follow through, momentum fades quickly. A lot of energy goes into optics instead of outcomes. If we focused more on long term alignment and less on quick wins, debates would cool down. We can disagree without ignoring tradeoffs.",1
ai_0477,"If I’m being honest, in politics, consistency beats sudden bursts of energy. People spend a lot of time arguing about headlines instead of structure. A lot of energy goes into optics instead of outcomes. I understand why some people push back. Fast change can spark creativity and urgency. But without guardrails and follow through, momentum fades quickly. People follow incentives more than inspiration. If we focused more on long term alignment and less on quick wins, debates would cool down. We can disagree without ignoring tradeoffs.",1
ai_0478,"Not to overthink it, but in tech, most issues come down to incentives. People spend a lot of time arguing about headlines instead of structure. The loudest voices are not always the most informed. I understand why some people push back. Fast change can spark creativity and urgency. But without guardrails and follow through, momentum fades quickly. People follow incentives more than inspiration. If we focused more on long term alignment and less on quick wins, debates would cool down. Simple doesn’t mean easy.",1
ai_0479,"Here’s my take: in health, we overcomplicate things that are pretty structural. People spend a lot of time arguing about headlines instead of structure. Small design tweaks can shift behavior dramatically. Some folks argue the opposite, and I see why. Fast change can spark creativity and urgency. But without guardrails and follow through, momentum fades quickly. People follow incentives more than inspiration. If we focused more on long term alignment and less on quick wins, debates would cool down. Simple doesn’t mean easy.",1
ai_0480,"Here’s my take: in sports, execution gaps create more damage than bad intentions. People spend a lot of time arguing about headlines instead of structure. The loudest voices are not always the most informed. I understand why some people push back. Fast change can spark creativity and urgency. But without guardrails and follow through, momentum fades quickly. When rewards are misaligned, people adapt in predictable ways. If we focused more on long term alignment and less on quick wins, debates would cool down. No drama, just fundamentals.",1
ai_0481,"Not to overthink it, but in economy, execution gaps create more damage than bad intentions. People spend a lot of time arguing about headlines instead of structure. A lot of energy goes into optics instead of outcomes. There’s definitely another perspective. Fast change can spark creativity and urgency. But without guardrails and follow through, momentum fades quickly. Systems respond to what is measured, not what is promised. If we focused more on long term alignment and less on quick wins, debates would cool down. We can disagree without ignoring tradeoffs.",1
ai_0482,"Low key, in climate, execution gaps create more damage than bad intentions. People spend a lot of time arguing about headlines instead of structure. Short term wins feel good, but they rarely fix root causes. There are valid counterpoints. Fast change can spark creativity and urgency. But without guardrails and follow through, momentum fades quickly. Small design tweaks can shift behavior dramatically. If we focused more on long term alignment and less on quick wins, debates would cool down. That’s kind of the whole point.",1
ai_0483,"Not to overthink it, but in campus life, execution gaps create more damage than bad intentions. People spend a lot of time arguing about headlines instead of structure. The loudest voices are not always the most informed. Some folks argue the opposite, and I see why. Fast change can spark creativity and urgency. But without guardrails and follow through, momentum fades quickly. Systems respond to what is measured, not what is promised. If we focused more on long term alignment and less on quick wins, debates would cool down. Simple doesn’t mean easy.",1
ai_0484,"If I’m being honest, in politics, most issues come down to incentives. People spend a lot of time arguing about headlines instead of structure. When rewards are misaligned, people adapt in predictable ways. Some folks argue the opposite, and I see why. Fast change can spark creativity and urgency. But without guardrails and follow through, momentum fades quickly. A lot of energy goes into optics instead of outcomes. If we focused more on long term alignment and less on quick wins, debates would cool down. We can disagree without ignoring tradeoffs.",1
ai_0485,"Not to overthink it, but in tech, consistency beats sudden bursts of energy. People spend a lot of time arguing about headlines instead of structure. People follow incentives more than inspiration. There’s definitely another perspective. Fast change can spark creativity and urgency. But without guardrails and follow through, momentum fades quickly. Systems respond to what is measured, not what is promised. If we focused more on long term alignment and less on quick wins, debates would cool down. Simple doesn’t mean easy.",1
ai_0486,"The simple version is that in health, consistency beats sudden bursts of energy. People spend a lot of time arguing about headlines instead of structure. Systems respond to what is measured, not what is promised. There are valid counterpoints. Fast change can spark creativity and urgency. But without guardrails and follow through, momentum fades quickly. A lot of energy goes into optics instead of outcomes. If we focused more on long term alignment and less on quick wins, debates would cool down. Simple doesn’t mean easy.",1
ai_0487,"If I’m being honest, in sports, execution gaps create more damage than bad intentions. People spend a lot of time arguing about headlines instead of structure. Short term wins feel good, but they rarely fix root causes. It’s fair to say disruption has benefits. Fast change can spark creativity and urgency. But without guardrails and follow through, momentum fades quickly. Small design tweaks can shift behavior dramatically. If we focused more on long term alignment and less on quick wins, debates would cool down. Simple doesn’t mean easy.",1
ai_0488,"The simple version is that in economy, most issues come down to incentives. People spend a lot of time arguing about headlines instead of structure. Small design tweaks can shift behavior dramatically. It’s fair to say disruption has benefits. Fast change can spark creativity and urgency. But without guardrails and follow through, momentum fades quickly. Short term wins feel good, but they rarely fix root causes. If we focused more on long term alignment and less on quick wins, debates would cool down. It’s not flashy, but steady effort usually wins.",1
ai_0489,"Here’s my take: in climate, execution gaps create more damage than bad intentions. People spend a lot of time arguing about headlines instead of structure. The loudest voices are not always the most informed. Some folks argue the opposite, and I see why. Fast change can spark creativity and urgency. But without guardrails and follow through, momentum fades quickly. The loudest voices are not always the most informed. If we focused more on long term alignment and less on quick wins, debates would cool down. No drama, just fundamentals.",1
ai_0490,"Here’s my take: in campus life, consistency beats sudden bursts of energy. People spend a lot of time arguing about headlines instead of structure. Small design tweaks can shift behavior dramatically. It’s fair to say disruption has benefits. Fast change can spark creativity and urgency. But without guardrails and follow through, momentum fades quickly. The loudest voices are not always the most informed. If we focused more on long term alignment and less on quick wins, debates would cool down. Simple doesn’t mean easy.",1
ai_0491,"The simple version is that in politics, clear goals change behavior fast. People spend a lot of time arguing about headlines instead of structure. Short term wins feel good, but they rarely fix root causes. There’s definitely another perspective. Fast change can spark creativity and urgency. But without guardrails and follow through, momentum fades quickly. A lot of energy goes into optics instead of outcomes. If we focused more on long term alignment and less on quick wins, debates would cool down. We can disagree without ignoring tradeoffs.",1
ai_0492,"If I’m being honest, in tech, we overcomplicate things that are pretty structural. People spend a lot of time arguing about headlines instead of structure. People follow incentives more than inspiration. There’s definitely another perspective. Fast change can spark creativity and urgency. But without guardrails and follow through, momentum fades quickly. Small design tweaks can shift behavior dramatically. If we focused more on long term alignment and less on quick wins, debates would cool down. It’s not flashy, but steady effort usually wins.",1
ai_0493,"Low key, in health, execution gaps create more damage than bad intentions. People spend a lot of time arguing about headlines instead of structure. Small design tweaks can shift behavior dramatically. There’s definitely another perspective. Fast change can spark creativity and urgency. But without guardrails and follow through, momentum fades quickly. When rewards are misaligned, people adapt in predictable ways. If we focused more on long term alignment and less on quick wins, debates would cool down. No drama, just fundamentals.",1
ai_0494,"If I’m being honest, in sports, consistency beats sudden bursts of energy. People spend a lot of time arguing about headlines instead of structure. Systems respond to what is measured, not what is promised. There are valid counterpoints. Fast change can spark creativity and urgency. But without guardrails and follow through, momentum fades quickly. The loudest voices are not always the most informed. If we focused more on long term alignment and less on quick wins, debates would cool down. It’s not flashy, but steady effort usually wins.",1
ai_0495,"Not to overthink it, but in economy, we overcomplicate things that are pretty structural. People spend a lot of time arguing about headlines instead of structure. A lot of energy goes into optics instead of outcomes. There’s definitely another perspective. Fast change can spark creativity and urgency. But without guardrails and follow through, momentum fades quickly. Small design tweaks can shift behavior dramatically. If we focused more on long term alignment and less on quick wins, debates would cool down. That’s kind of the whole point.",1
ai_0496,"Low key, in climate, clear goals change behavior fast. People spend a lot of time arguing about headlines instead of structure. Systems respond to what is measured, not what is promised. There are valid counterpoints. Fast change can spark creativity and urgency. But without guardrails and follow through, momentum fades quickly. A lot of energy goes into optics instead of outcomes. If we focused more on long term alignment and less on quick wins, debates would cool down. Simple doesn’t mean easy.",1
ai_0497,"Here’s my take: in campus life, most issues come down to incentives. People spend a lot of time arguing about headlines instead of structure. People follow incentives more than inspiration. It’s fair to say disruption has benefits. Fast change can spark creativity and urgency. But without guardrails and follow through, momentum fades quickly. When rewards are misaligned, people adapt in predictable ways. If we focused more on long term alignment and less on quick wins, debates would cool down. That’s kind of the whole point.",1
ai_0498,"Low key, in politics, most issues come down to incentives. People spend a lot of time arguing about headlines instead of structure. People follow incentives more than inspiration. There’s definitely another perspective. Fast change can spark creativity and urgency. But without guardrails and follow through, momentum fades quickly. When rewards are misaligned, people adapt in predictable ways. If we focused more on long term alignment and less on quick wins, debates would cool down. It’s not flashy, but steady effort usually wins.",1
ai_0499,"Not to overthink it, but in tech, clear goals change behavior fast. People spend a lot of time arguing about headlines instead of structure. People follow incentives more than inspiration. I understand why some people push back. Fast change can spark creativity and urgency. But without guardrails and follow through, momentum fades quickly. Small design tweaks can shift behavior dramatically. If we focused more on long term alignment and less on quick wins, debates would cool down. It’s not flashy, but steady effort usually wins.",1
ai_0500,"If I’m being honest, in health, consistency beats sudden bursts of energy. People spend a lot of time arguing about headlines instead of structure. People follow incentives more than inspiration. It’s fair to say disruption has benefits. Fast change can spark creativity and urgency. But without guardrails and follow through, momentum fades quickly. A lot of energy goes into optics instead of outcomes. If we focused more on long term alignment and less on quick wins, debates would cool down. That’s kind of the whole point.",1
ai_0501,"Not to overthink it, but in sports, execution gaps create more damage than bad intentions. People spend a lot of time arguing about headlines instead of structure. Systems respond to what is measured, not what is promised. There’s definitely another perspective. Fast change can spark creativity and urgency. But without guardrails and follow through, momentum fades quickly. Small design tweaks can shift behavior dramatically. If we focused more on long term alignment and less on quick wins, debates would cool down. It’s not flashy, but steady effort usually wins.",1
ai_0502,"Here’s my take: in economy, execution gaps create more damage than bad intentions. People spend a lot of time arguing about headlines instead of structure. Short term wins feel good, but they rarely fix root causes. Some folks argue the opposite, and I see why. Fast change can spark creativity and urgency. But without guardrails and follow through, momentum fades quickly. Systems respond to what is measured, not what is promised. If we focused more on long term alignment and less on quick wins, debates would cool down. No drama, just fundamentals.",1
ai_0503,"The simple version is that in climate, clear goals change behavior fast. People spend a lot of time arguing about headlines instead of structure. The loudest voices are not always the most informed. It’s fair to say disruption has benefits. Fast change can spark creativity and urgency. But without guardrails and follow through, momentum fades quickly. The loudest voices are not always the most informed. If we focused more on long term alignment and less on quick wins, debates would cool down. That’s kind of the whole point.",1
ai_0504,"Low key, in campus life, most issues come down to incentives. People spend a lot of time arguing about headlines instead of structure. Small design tweaks can shift behavior dramatically. It’s fair to say disruption has benefits. Fast change can spark creativity and urgency. But without guardrails and follow through, momentum fades quickly. Short term wins feel good, but they rarely fix root causes. If we focused more on long term alignment and less on quick wins, debates would cool down. No drama, just fundamentals.",1
ai_0505,"Here’s my take: in politics, we overcomplicate things that are pretty structural. People spend a lot of time arguing about headlines instead of structure. Small design tweaks can shift behavior dramatically. I understand why some people push back. Fast change can spark creativity and urgency. But without guardrails and follow through, momentum fades quickly. Systems respond to what is measured, not what is promised. If we focused more on long term alignment and less on quick wins, debates would cool down. We can disagree without ignoring tradeoffs.",1
ai_0506,"The simple version is that in tech, consistency beats sudden bursts of energy. People spend a lot of time arguing about headlines instead of structure. The loudest voices are not always the most informed. It’s fair to say disruption has benefits. Fast change can spark creativity and urgency. But without guardrails and follow through, momentum fades quickly. Systems respond to what is measured, not what is promised. If we focused more on long term alignment and less on quick wins, debates would cool down. No drama, just fundamentals.",1
ai_0507,"Low key, in health, we overcomplicate things that are pretty structural. People spend a lot of time arguing about headlines instead of structure. When rewards are misaligned, people adapt in predictable ways. There’s definitely another perspective. Fast change can spark creativity and urgency. But without guardrails and follow through, momentum fades quickly. Small design tweaks can shift behavior dramatically. If we focused more on long term alignment and less on quick wins, debates would cool down. We can disagree without ignoring tradeoffs.",1
ai_0508,"Low key, in sports, clear goals change behavior fast. People spend a lot of time arguing about headlines instead of structure. Systems respond to what is measured, not what is promised. There’s definitely another perspective. Fast change can spark creativity and urgency. But without guardrails and follow through, momentum fades quickly. A lot of energy goes into optics instead of outcomes. If we focused more on long term alignment and less on quick wins, debates would cool down. It’s not flashy, but steady effort usually wins.",1
ai_0509,"If I’m being honest, in economy, most issues come down to incentives. People spend a lot of time arguing about headlines instead of structure. A lot of energy goes into optics instead of outcomes. There are valid counterpoints. Fast change can spark creativity and urgency. But without guardrails and follow through, momentum fades quickly. A lot of energy goes into optics instead of outcomes. If we focused more on long term alignment and less on quick wins, debates would cool down. It’s not flashy, but steady effort usually wins.",1
ai_0510,"Low key, in climate, execution gaps create more damage than bad intentions. People spend a lot of time arguing about headlines instead of structure. When rewards are misaligned, people adapt in predictable ways. I understand why some people push back. Fast change can spark creativity and urgency. But without guardrails and follow through, momentum fades quickly. When rewards are misaligned, people adapt in predictable ways. If we focused more on long term alignment and less on quick wins, debates would cool down. We can disagree without ignoring tradeoffs.",1
ai_0511,"Here’s my take: in campus life, clear goals change behavior fast. People spend a lot of time arguing about headlines instead of structure. When rewards are misaligned, people adapt in predictable ways. I understand why some people push back. Fast change can spark creativity and urgency. But without guardrails and follow through, momentum fades quickly. Small design tweaks can shift behavior dramatically. If we focused more on long term alignment and less on quick wins, debates would cool down. Simple doesn’t mean easy.",1
ai_0512,"The simple version is that in politics, clear goals change behavior fast. People spend a lot of time arguing about headlines instead of structure. The loudest voices are not always the most informed. I understand why some people push back. Fast change can spark creativity and urgency. But without guardrails and follow through, momentum fades quickly. Short term wins feel good, but they rarely fix root causes. If we focused more on long term alignment and less on quick wins, debates would cool down. No drama, just fundamentals.",1
ai_0513,"Here’s my take: in tech, clear goals change behavior fast. People spend a lot of time arguing about headlines instead of structure. When rewards are misaligned, people adapt in predictable ways. There are valid counterpoints. Fast change can spark creativity and urgency. But without guardrails and follow through, momentum fades quickly. People follow incentives more than inspiration. If we focused more on long term alignment and less on quick wins, debates would cool down. That’s kind of the whole point.",1
ai_0514,"Here’s my take: in health, clear goals change behavior fast. People spend a lot of time arguing about headlines instead of structure. Small design tweaks can shift behavior dramatically. It’s fair to say disruption has benefits. Fast change can spark creativity and urgency. But without guardrails and follow through, momentum fades quickly. The loudest voices are not always the most informed. If we focused more on long term alignment and less on quick wins, debates would cool down. Simple doesn’t mean easy.",1
ai_0515,"The simple version is that in sports, we overcomplicate things that are pretty structural. People spend a lot of time arguing about headlines instead of structure. People follow incentives more than inspiration. There’s definitely another perspective. Fast change can spark creativity and urgency. But without guardrails and follow through, momentum fades quickly. When rewards are misaligned, people adapt in predictable ways. If we focused more on long term alignment and less on quick wins, debates would cool down. We can disagree without ignoring tradeoffs.",1
ai_0516,"Here’s my take: in economy, execution gaps create more damage than bad intentions. People spend a lot of time arguing about headlines instead of structure. A lot of energy goes into optics instead of outcomes. It’s fair to say disruption has benefits. Fast change can spark creativity and urgency. But without guardrails and follow through, momentum fades quickly. People follow incentives more than inspiration. If we focused more on long term alignment and less on quick wins, debates would cool down. Simple doesn’t mean easy.",1
ai_0517,"Low key, in climate, clear goals change behavior fast. People spend a lot of time arguing about headlines instead of structure. Short term wins feel good, but they rarely fix root causes. There’s definitely another perspective. Fast change can spark creativity and urgency. But without guardrails and follow through, momentum fades quickly. Small design tweaks can shift behavior dramatically. If we focused more on long term alignment and less on quick wins, debates would cool down. It’s not flashy, but steady effort usually wins.",1
ai_0518,"Here’s my take: in campus life, execution gaps create more damage than bad intentions. People spend a lot of time arguing about headlines instead of structure. When rewards are misaligned, people adapt in predictable ways. It’s fair to say disruption has benefits. Fast change can spark creativity and urgency. But without guardrails and follow through, momentum fades quickly. Systems respond to what is measured, not what is promised. If we focused more on long term alignment and less on quick wins, debates would cool down. We can disagree without ignoring tradeoffs.",1
ai_0519,"Low key, in politics, consistency beats sudden bursts of energy. People spend a lot of time arguing about headlines instead of structure. Small design tweaks can shift behavior dramatically. It’s fair to say disruption has benefits. Fast change can spark creativity and urgency. But without guardrails and follow through, momentum fades quickly. The loudest voices are not always the most informed. If we focused more on long term alignment and less on quick wins, debates would cool down. We can disagree without ignoring tradeoffs.",1
ai_0520,"Here’s my take: in tech, we overcomplicate things that are pretty structural. People spend a lot of time arguing about headlines instead of structure. The loudest voices are not always the most informed. There’s definitely another perspective. Fast change can spark creativity and urgency. But without guardrails and follow through, momentum fades quickly. When rewards are misaligned, people adapt in predictable ways. If we focused more on long term alignment and less on quick wins, debates would cool down. We can disagree without ignoring tradeoffs.",1
ai_0521,"The simple version is that in health, consistency beats sudden bursts of energy. People spend a lot of time arguing about headlines instead of structure. Small design tweaks can shift behavior dramatically. Some folks argue the opposite, and I see why. Fast change can spark creativity and urgency. But without guardrails and follow through, momentum fades quickly. Systems respond to what is measured, not what is promised. If we focused more on long term alignment and less on quick wins, debates would cool down. We can disagree without ignoring tradeoffs.",1
ai_0522,"Not to overthink it, but in sports, execution gaps create more damage than bad intentions. People spend a lot of time arguing about headlines instead of structure. The loudest voices are not always the most informed. There are valid counterpoints. Fast change can spark creativity and urgency. But without guardrails and follow through, momentum fades quickly. Small design tweaks can shift behavior dramatically. If we focused more on long term alignment and less on quick wins, debates would cool down. We can disagree without ignoring tradeoffs.",1
ai_0523,"Low key, in economy, execution gaps create more damage than bad intentions. People spend a lot of time arguing about headlines instead of structure. Systems respond to what is measured, not what is promised. It’s fair to say disruption has benefits. Fast change can spark creativity and urgency. But without guardrails and follow through, momentum fades quickly. A lot of energy goes into optics instead of outcomes. If we focused more on long term alignment and less on quick wins, debates would cool down. It’s not flashy, but steady effort usually wins.",1
ai_0524,"Low key, in climate, most issues come down to incentives. People spend a lot of time arguing about headlines instead of structure. Systems respond to what is measured, not what is promised. There are valid counterpoints. Fast change can spark creativity and urgency. But without guardrails and follow through, momentum fades quickly. Small design tweaks can shift behavior dramatically. If we focused more on long term alignment and less on quick wins, debates would cool down. We can disagree without ignoring tradeoffs.",1
ai_0525,"Not to overthink it, but in campus life, clear goals change behavior fast. People spend a lot of time arguing about headlines instead of structure. The loudest voices are not always the most informed. Some folks argue the opposite, and I see why. Fast change can spark creativity and urgency. But without guardrails and follow through, momentum fades quickly. Systems respond to what is measured, not what is promised. If we focused more on long term alignment and less on quick wins, debates would cool down. It’s not flashy, but steady effort usually wins.",1
ai_0526,"Here’s my take: in politics, most issues come down to incentives. People spend a lot of time arguing about headlines instead of structure. People follow incentives more than inspiration. There are valid counterpoints. Fast change can spark creativity and urgency. But without guardrails and follow through, momentum fades quickly. The loudest voices are not always the most informed. If we focused more on long term alignment and less on quick wins, debates would cool down. Simple doesn’t mean easy.",1
ai_0527,"Here’s my take: in tech, most issues come down to incentives. People spend a lot of time arguing about headlines instead of structure. The loudest voices are not always the most informed. There are valid counterpoints. Fast change can spark creativity and urgency. But without guardrails and follow through, momentum fades quickly. Short term wins feel good, but they rarely fix root causes. If we focused more on long term alignment and less on quick wins, debates would cool down. That’s kind of the whole point.",1
ai_0528,"Here’s my take: in health, clear goals change behavior fast. People spend a lot of time arguing about headlines instead of structure. Systems respond to what is measured, not what is promised. I understand why some people push back. Fast change can spark creativity and urgency. But without guardrails and follow through, momentum fades quickly. The loudest voices are not always the most informed. If we focused more on long term alignment and less on quick wins, debates would cool down. We can disagree without ignoring tradeoffs.",1
ai_0529,"Not to overthink it, but in sports, execution gaps create more damage than bad intentions. People spend a lot of time arguing about headlines instead of structure. People follow incentives more than inspiration. There are valid counterpoints. Fast change can spark creativity and urgency. But without guardrails and follow through, momentum fades quickly. The loudest voices are not always the most informed. If we focused more on long term alignment and less on quick wins, debates would cool down. No drama, just fundamentals.",1
ai_0530,"Here’s my take: in economy, execution gaps create more damage than bad intentions. People spend a lot of time arguing about headlines instead of structure. Short term wins feel good, but they rarely fix root causes. There’s definitely another perspective. Fast change can spark creativity and urgency. But without guardrails and follow through, momentum fades quickly. People follow incentives more than inspiration. If we focused more on long term alignment and less on quick wins, debates would cool down. That’s kind of the whole point.",1
ai_0531,"Low key, in climate, execution gaps create more damage than bad intentions. People spend a lot of time arguing about headlines instead of structure. Short term wins feel good, but they rarely fix root causes. It’s fair to say disruption has benefits. Fast change can spark creativity and urgency. But without guardrails and follow through, momentum fades quickly. A lot of energy goes into optics instead of outcomes. If we focused more on long term alignment and less on quick wins, debates would cool down. No drama, just fundamentals.",1
ai_0532,"The simple version is that in campus life, we overcomplicate things that are pretty structural. People spend a lot of time arguing about headlines instead of structure. A lot of energy goes into optics instead of outcomes. Some folks argue the opposite, and I see why. Fast change can spark creativity and urgency. But without guardrails and follow through, momentum fades quickly. Small design tweaks can shift behavior dramatically. If we focused more on long term alignment and less on quick wins, debates would cool down. We can disagree without ignoring tradeoffs.",1
ai_0533,"If I’m being honest, in politics, most issues come down to incentives. People spend a lot of time arguing about headlines instead of structure. People follow incentives more than inspiration. It’s fair to say disruption has benefits. Fast change can spark creativity and urgency. But without guardrails and follow through, momentum fades quickly. The loudest voices are not always the most informed. If we focused more on long term alignment and less on quick wins, debates would cool down. That’s kind of the whole point.",1
ai_0534,"Not to overthink it, but in tech, clear goals change behavior fast. People spend a lot of time arguing about headlines instead of structure. Small design tweaks can shift behavior dramatically. There are valid counterpoints. Fast change can spark creativity and urgency. But without guardrails and follow through, momentum fades quickly. Small design tweaks can shift behavior dramatically. If we focused more on long term alignment and less on quick wins, debates would cool down. That’s kind of the whole point.",1
ai_0535,"Low key, in health, most issues come down to incentives. People spend a lot of time arguing about headlines instead of structure. Short term wins feel good, but they rarely fix root causes. There’s definitely another perspective. Fast change can spark creativity and urgency. But without guardrails and follow through, momentum fades quickly. People follow incentives more than inspiration. If we focused more on long term alignment and less on quick wins, debates would cool down. No drama, just fundamentals.",1
ai_0536,"The simple version is that in sports, clear goals change behavior fast. People spend a lot of time arguing about headlines instead of structure. A lot of energy goes into optics instead of outcomes. I understand why some people push back. Fast change can spark creativity and urgency. But without guardrails and follow through, momentum fades quickly. A lot of energy goes into optics instead of outcomes. If we focused more on long term alignment and less on quick wins, debates would cool down. That’s kind of the whole point.",1
ai_0537,"Low key, in economy, consistency beats sudden bursts of energy. People spend a lot of time arguing about headlines instead of structure. The loudest voices are not always the most informed. I understand why some people push back. Fast change can spark creativity and urgency. But without guardrails and follow through, momentum fades quickly. The loudest voices are not always the most informed. If we focused more on long term alignment and less on quick wins, debates would cool down. That’s kind of the whole point.",1
ai_0538,"Low key, in climate, consistency beats sudden bursts of energy. People spend a lot of time arguing about headlines instead of structure. When rewards are misaligned, people adapt in predictable ways. Some folks argue the opposite, and I see why. Fast change can spark creativity and urgency. But without guardrails and follow through, momentum fades quickly. People follow incentives more than inspiration. If we focused more on long term alignment and less on quick wins, debates would cool down. That’s kind of the whole point.",1
ai_0539,"Not to overthink it, but in campus life, clear goals change behavior fast. People spend a lot of time arguing about headlines instead of structure. Systems respond to what is measured, not what is promised. There are valid counterpoints. Fast change can spark creativity and urgency. But without guardrails and follow through, momentum fades quickly. Systems respond to what is measured, not what is promised. If we focused more on long term alignment and less on quick wins, debates would cool down. That’s kind of the whole point.",1
ai_0540,"The simple version is that in politics, clear goals change behavior fast. People spend a lot of time arguing about headlines instead of structure. People follow incentives more than inspiration. There’s definitely another perspective. Fast change can spark creativity and urgency. But without guardrails and follow through, momentum fades quickly. When rewards are misaligned, people adapt in predictable ways. If we focused more on long term alignment and less on quick wins, debates would cool down. It’s not flashy, but steady effort usually wins.",1
ai_0541,"Not to overthink it, but in tech, most issues come down to incentives. People spend a lot of time arguing about headlines instead of structure. Systems respond to what is measured, not what is promised. Some folks argue the opposite, and I see why. Fast change can spark creativity and urgency. But without guardrails and follow through, momentum fades quickly. The loudest voices are not always the most informed. If we focused more on long term alignment and less on quick wins, debates would cool down. No drama, just fundamentals.",1
ai_0542,"Low key, in health, consistency beats sudden bursts of energy. People spend a lot of time arguing about headlines instead of structure. A lot of energy goes into optics instead of outcomes. There are valid counterpoints. Fast change can spark creativity and urgency. But without guardrails and follow through, momentum fades quickly. Systems respond to what is measured, not what is promised. If we focused more on long term alignment and less on quick wins, debates would cool down. It’s not flashy, but steady effort usually wins.",1
ai_0543,"If I’m being honest, in sports, we overcomplicate things that are pretty structural. People spend a lot of time arguing about headlines instead of structure. When rewards are misaligned, people adapt in predictable ways. I understand why some people push back. Fast change can spark creativity and urgency. But without guardrails and follow through, momentum fades quickly. Short term wins feel good, but they rarely fix root causes. If we focused more on long term alignment and less on quick wins, debates would cool down. Simple doesn’t mean easy.",1
ai_0544,"Low key, in economy, execution gaps create more damage than bad intentions. People spend a lot of time arguing about headlines instead of structure. When rewards are misaligned, people adapt in predictable ways. Some folks argue the opposite, and I see why. Fast change can spark creativity and urgency. But without guardrails and follow through, momentum fades quickly. Systems respond to what is measured, not what is promised. If we focused more on long term alignment and less on quick wins, debates would cool down. We can disagree without ignoring tradeoffs.",1
ai_0545,"Not to overthink it, but in climate, consistency beats sudden bursts of energy. People spend a lot of time arguing about headlines instead of structure. A lot of energy goes into optics instead of outcomes. There’s definitely another perspective. Fast change can spark creativity and urgency. But without guardrails and follow through, momentum fades quickly. Small design tweaks can shift behavior dramatically. If we focused more on long term alignment and less on quick wins, debates would cool down. Simple doesn’t mean easy.",1
ai_0546,"If I’m being honest, in campus life, most issues come down to incentives. People spend a lot of time arguing about headlines instead of structure. The loudest voices are not always the most informed. It’s fair to say disruption has benefits. Fast change can spark creativity and urgency. But without guardrails and follow through, momentum fades quickly. A lot of energy goes into optics instead of outcomes. If we focused more on long term alignment and less on quick wins, debates would cool down. No drama, just fundamentals.",1
ai_0547,"The simple version is that in politics, most issues come down to incentives. People spend a lot of time arguing about headlines instead of structure. A lot of energy goes into optics instead of outcomes. Some folks argue the opposite, and I see why. Fast change can spark creativity and urgency. But without guardrails and follow through, momentum fades quickly. Systems respond to what is measured, not what is promised. If we focused more on long term alignment and less on quick wins, debates would cool down. That’s kind of the whole point.",1
ai_0548,"The simple version is that in tech, we overcomplicate things that are pretty structural. People spend a lot of time arguing about headlines instead of structure. Systems respond to what is measured, not what is promised. It’s fair to say disruption has benefits. Fast change can spark creativity and urgency. But without guardrails and follow through, momentum fades quickly. A lot of energy goes into optics instead of outcomes. If we focused more on long term alignment and less on quick wins, debates would cool down. No drama, just fundamentals.",1
ai_0549,"Not to overthink it, but in health, execution gaps create more damage than bad intentions. People spend a lot of time arguing about headlines instead of structure. Small design tweaks can shift behavior dramatically. There are valid counterpoints. Fast change can spark creativity and urgency. But without guardrails and follow through, momentum fades quickly. When rewards are misaligned, people adapt in predictable ways. If we focused more on long term alignment and less on quick wins, debates would cool down. No drama, just fundamentals.",1
ai_0550,"Not to overthink it, but in sports, most issues come down to incentives. People spend a lot of time arguing about headlines instead of structure. Small design tweaks can shift behavior dramatically. It’s fair to say disruption has benefits. Fast change can spark creativity and urgency. But without guardrails and follow through, momentum fades quickly. Small design tweaks can shift behavior dramatically. If we focused more on long term alignment and less on quick wins, debates would cool down. We can disagree without ignoring tradeoffs.",1
ai_0551,"The simple version is that in economy, we overcomplicate things that are pretty structural. People spend a lot of time arguing about headlines instead of structure. The loudest voices are not always the most informed. It’s fair to say disruption has benefits. Fast change can spark creativity and urgency. But without guardrails and follow through, momentum fades quickly. Systems respond to what is measured, not what is promised. If we focused more on long term alignment and less on quick wins, debates would cool down. Simple doesn’t mean easy.",1
ai_0552,"Here’s my take: in climate, consistency beats sudden bursts of energy. People spend a lot of time arguing about headlines instead of structure. Short term wins feel good, but they rarely fix root causes. I understand why some people push back. Fast change can spark creativity and urgency. But without guardrails and follow through, momentum fades quickly. Short term wins feel good, but they rarely fix root causes. If we focused more on long term alignment and less on quick wins, debates would cool down. We can disagree without ignoring tradeoffs.",1
ai_0553,"Low key, in campus life, consistency beats sudden bursts of energy. People spend a lot of time arguing about headlines instead of structure. Small design tweaks can shift behavior dramatically. There are valid counterpoints. Fast change can spark creativity and urgency. But without guardrails and follow through, momentum fades quickly. When rewards are misaligned, people adapt in predictable ways. If we focused more on long term alignment and less on quick wins, debates would cool down. It’s not flashy, but steady effort usually wins.",1
ai_0554,"If I’m being honest, in politics, execution gaps create more damage than bad intentions. People spend a lot of time arguing about headlines instead of structure. Short term wins feel good, but they rarely fix root causes. There are valid counterpoints. Fast change can spark creativity and urgency. But without guardrails and follow through, momentum fades quickly. The loudest voices are not always the most informed. If we focused more on long term alignment and less on quick wins, debates would cool down. Simple doesn’t mean easy.",1
ai_0555,"If I’m being honest, in tech, we overcomplicate things that are pretty structural. People spend a lot of time arguing about headlines instead of structure. Short term wins feel good, but they rarely fix root causes. Some folks argue the opposite, and I see why. Fast change can spark creativity and urgency. But without guardrails and follow through, momentum fades quickly. Systems respond to what is measured, not what is promised. If we focused more on long term alignment and less on quick wins, debates would cool down. No drama, just fundamentals.",1
ai_0556,"If I’m being honest, in health, most issues come down to incentives. People spend a lot of time arguing about headlines instead of structure. Small design tweaks can shift behavior dramatically. I understand why some people push back. Fast change can spark creativity and urgency. But without guardrails and follow through, momentum fades quickly. People follow incentives more than inspiration. If we focused more on long term alignment and less on quick wins, debates would cool down. Simple doesn’t mean easy.",1
ai_0557,"Low key, in sports, we overcomplicate things that are pretty structural. People spend a lot of time arguing about headlines instead of structure. A lot of energy goes into optics instead of outcomes. It’s fair to say disruption has benefits. Fast change can spark creativity and urgency. But without guardrails and follow through, momentum fades quickly. People follow incentives more than inspiration. If we focused more on long term alignment and less on quick wins, debates would cool down. Simple doesn’t mean easy.",1
ai_0558,"The simple version is that in economy, most issues come down to incentives. People spend a lot of time arguing about headlines instead of structure. People follow incentives more than inspiration. I understand why some people push back. Fast change can spark creativity and urgency. But without guardrails and follow through, momentum fades quickly. The loudest voices are not always the most informed. If we focused more on long term alignment and less on quick wins, debates would cool down. Simple doesn’t mean easy.",1
ai_0559,"If I’m being honest, in climate, most issues come down to incentives. People spend a lot of time arguing about headlines instead of structure. A lot of energy goes into optics instead of outcomes. There are valid counterpoints. Fast change can spark creativity and urgency. But without guardrails and follow through, momentum fades quickly. Systems respond to what is measured, not what is promised. If we focused more on long term alignment and less on quick wins, debates would cool down. We can disagree without ignoring tradeoffs.",1
ai_0560,"Not to overthink it, but in campus life, most issues come down to incentives. People spend a lot of time arguing about headlines instead of structure. The loudest voices are not always the most informed. Some folks argue the opposite, and I see why. Fast change can spark creativity and urgency. But without guardrails and follow through, momentum fades quickly. Short term wins feel good, but they rarely fix root causes. If we focused more on long term alignment and less on quick wins, debates would cool down. We can disagree without ignoring tradeoffs.",1
ai_0561,"Not to overthink it, but in politics, most issues come down to incentives. People spend a lot of time arguing about headlines instead of structure. The loudest voices are not always the most informed. It’s fair to say disruption has benefits. Fast change can spark creativity and urgency. But without guardrails and follow through, momentum fades quickly. Systems respond to what is measured, not what is promised. If we focused more on long term alignment and less on quick wins, debates would cool down. It’s not flashy, but steady effort usually wins.",1
ai_0562,"Here’s my take: in tech, execution gaps create more damage than bad intentions. People spend a lot of time arguing about headlines instead of structure. A lot of energy goes into optics instead of outcomes. It’s fair to say disruption has benefits. Fast change can spark creativity and urgency. But without guardrails and follow through, momentum fades quickly. Small design tweaks can shift behavior dramatically. If we focused more on long term alignment and less on quick wins, debates would cool down. No drama, just fundamentals.",1
ai_0563,"Not to overthink it, but in health, clear goals change behavior fast. People spend a lot of time arguing about headlines instead of structure. Systems respond to what is measured, not what is promised. It’s fair to say disruption has benefits. Fast change can spark creativity and urgency. But without guardrails and follow through, momentum fades quickly. Systems respond to what is measured, not what is promised. If we focused more on long term alignment and less on quick wins, debates would cool down. We can disagree without ignoring tradeoffs.",1
ai_0564,"Here’s my take: in sports, consistency beats sudden bursts of energy. People spend a lot of time arguing about headlines instead of structure. The loudest voices are not always the most informed. There are valid counterpoints. Fast change can spark creativity and urgency. But without guardrails and follow through, momentum fades quickly. A lot of energy goes into optics instead of outcomes. If we focused more on long term alignment and less on quick wins, debates would cool down. That’s kind of the whole point.",1
ai_0565,"The simple version is that in economy, execution gaps create more damage than bad intentions. People spend a lot of time arguing about headlines instead of structure. A lot of energy goes into optics instead of outcomes. There are valid counterpoints. Fast change can spark creativity and urgency. But without guardrails and follow through, momentum fades quickly. People follow incentives more than inspiration. If we focused more on long term alignment and less on quick wins, debates would cool down. That’s kind of the whole point.",1
ai_0566,"If I’m being honest, in climate, we overcomplicate things that are pretty structural. People spend a lot of time arguing about headlines instead of structure. Small design tweaks can shift behavior dramatically. It’s fair to say disruption has benefits. Fast change can spark creativity and urgency. But without guardrails and follow through, momentum fades quickly. When rewards are misaligned, people adapt in predictable ways. If we focused more on long term alignment and less on quick wins, debates would cool down. Simple doesn’t mean easy.",1
ai_0567,"If I’m being honest, in campus life, we overcomplicate things that are pretty structural. People spend a lot of time arguing about headlines instead of structure. Systems respond to what is measured, not what is promised. There are valid counterpoints. Fast change can spark creativity and urgency. But without guardrails and follow through, momentum fades quickly. People follow incentives more than inspiration. If we focused more on long term alignment and less on quick wins, debates would cool down. That’s kind of the whole point.",1
ai_0568,"If I’m being honest, in politics, most issues come down to incentives. People spend a lot of time arguing about headlines instead of structure. Small design tweaks can shift behavior dramatically. There are valid counterpoints. Fast change can spark creativity and urgency. But without guardrails and follow through, momentum fades quickly. A lot of energy goes into optics instead of outcomes. If we focused more on long term alignment and less on quick wins, debates would cool down. Simple doesn’t mean easy.",1
ai_0569,"If I’m being honest, in tech, execution gaps create more damage than bad intentions. People spend a lot of time arguing about headlines instead of structure. Short term wins feel good, but they rarely fix root causes. I understand why some people push back. Fast change can spark creativity and urgency. But without guardrails and follow through, momentum fades quickly. A lot of energy goes into optics instead of outcomes. If we focused more on long term alignment and less on quick wins, debates would cool down. No drama, just fundamentals.",1
ai_0570,"The simple version is that in health, most issues come down to incentives. People spend a lot of time arguing about headlines instead of structure. People follow incentives more than inspiration. I understand why some people push back. Fast change can spark creativity and urgency. But without guardrails and follow through, momentum fades quickly. A lot of energy goes into optics instead of outcomes. If we focused more on long term alignment and less on quick wins, debates would cool down. No drama, just fundamentals.",1
ai_0571,"Low key, in sports, we overcomplicate things that are pretty structural. People spend a lot of time arguing about headlines instead of structure. A lot of energy goes into optics instead of outcomes. I understand why some people push back. Fast change can spark creativity and urgency. But without guardrails and follow through, momentum fades quickly. The loudest voices are not always the most informed. If we focused more on long term alignment and less on quick wins, debates would cool down. That’s kind of the whole point.",1
ai_0572,"Not to overthink it, but in economy, most issues come down to incentives. People spend a lot of time arguing about headlines instead of structure. When rewards are misaligned, people adapt in predictable ways. Some folks argue the opposite, and I see why. Fast change can spark creativity and urgency. But without guardrails and follow through, momentum fades quickly. People follow incentives more than inspiration. If we focused more on long term alignment and less on quick wins, debates would cool down. No drama, just fundamentals.",1
ai_0573,"The simple version is that in climate, clear goals change behavior fast. People spend a lot of time arguing about headlines instead of structure. People follow incentives more than inspiration. There are valid counterpoints. Fast change can spark creativity and urgency. But without guardrails and follow through, momentum fades quickly. A lot of energy goes into optics instead of outcomes. If we focused more on long term alignment and less on quick wins, debates would cool down. It’s not flashy, but steady effort usually wins.",1
ai_0574,"Here’s my take: in campus life, execution gaps create more damage than bad intentions. People spend a lot of time arguing about headlines instead of structure. When rewards are misaligned, people adapt in predictable ways. Some folks argue the opposite, and I see why. Fast change can spark creativity and urgency. But without guardrails and follow through, momentum fades quickly. People follow incentives more than inspiration. If we focused more on long term alignment and less on quick wins, debates would cool down. That’s kind of the whole point.",1
ai_0575,"Not to overthink it, but in politics, most issues come down to incentives. People spend a lot of time arguing about headlines instead of structure. When rewards are misaligned, people adapt in predictable ways. Some folks argue the opposite, and I see why. Fast change can spark creativity and urgency. But without guardrails and follow through, momentum fades quickly. Short term wins feel good, but they rarely fix root causes. If we focused more on long term alignment and less on quick wins, debates would cool down. No drama, just fundamentals.",1
ai_0576,"Not to overthink it, but in tech, consistency beats sudden bursts of energy. People spend a lot of time arguing about headlines instead of structure. When rewards are misaligned, people adapt in predictable ways. It’s fair to say disruption has benefits. Fast change can spark creativity and urgency. But without guardrails and follow through, momentum fades quickly. A lot of energy goes into optics instead of outcomes. If we focused more on long term alignment and less on quick wins, debates would cool down. No drama, just fundamentals.",1
ai_0577,"Not to overthink it, but in health, most issues come down to incentives. People spend a lot of time arguing about headlines instead of structure. When rewards are misaligned, people adapt in predictable ways. I understand why some people push back. Fast change can spark creativity and urgency. But without guardrails and follow through, momentum fades quickly. The loudest voices are not always the most informed. If we focused more on long term alignment and less on quick wins, debates would cool down. No drama, just fundamentals.",1
ai_0578,"Not to overthink it, but in sports, execution gaps create more damage than bad intentions. People spend a lot of time arguing about headlines instead of structure. A lot of energy goes into optics instead of outcomes. It’s fair to say disruption has benefits. Fast change can spark creativity and urgency. But without guardrails and follow through, momentum fades quickly. The loudest voices are not always the most informed. If we focused more on long term alignment and less on quick wins, debates would cool down. Simple doesn’t mean easy.",1
ai_0579,"Here’s my take: in economy, we overcomplicate things that are pretty structural. People spend a lot of time arguing about headlines instead of structure. Systems respond to what is measured, not what is promised. Some folks argue the opposite, and I see why. Fast change can spark creativity and urgency. But without guardrails and follow through, momentum fades quickly. Small design tweaks can shift behavior dramatically. If we focused more on long term alignment and less on quick wins, debates would cool down. We can disagree without ignoring tradeoffs.",1
ai_0580,"Not to overthink it, but in climate, execution gaps create more damage than bad intentions. People spend a lot of time arguing about headlines instead of structure. Short term wins feel good, but they rarely fix root causes. There’s definitely another perspective. Fast change can spark creativity and urgency. But without guardrails and follow through, momentum fades quickly. A lot of energy goes into optics instead of outcomes. If we focused more on long term alignment and less on quick wins, debates would cool down. It’s not flashy, but steady effort usually wins.",1
ai_0581,"Low key, in campus life, we overcomplicate things that are pretty structural. People spend a lot of time arguing about headlines instead of structure. People follow incentives more than inspiration. I understand why some people push back. Fast change can spark creativity and urgency. But without guardrails and follow through, momentum fades quickly. Systems respond to what is measured, not what is promised. If we focused more on long term alignment and less on quick wins, debates would cool down. Simple doesn’t mean easy.",1
ai_0582,"Not to overthink it, but in politics, we overcomplicate things that are pretty structural. People spend a lot of time arguing about headlines instead of structure. Systems respond to what is measured, not what is promised. It’s fair to say disruption has benefits. Fast change can spark creativity and urgency. But without guardrails and follow through, momentum fades quickly. Small design tweaks can shift behavior dramatically. If we focused more on long term alignment and less on quick wins, debates would cool down. It’s not flashy, but steady effort usually wins.",1
ai_0583,"If I’m being honest, in tech, consistency beats sudden bursts of energy. People spend a lot of time arguing about headlines instead of structure. Systems respond to what is measured, not what is promised. It’s fair to say disruption has benefits. Fast change can spark creativity and urgency. But without guardrails and follow through, momentum fades quickly. People follow incentives more than inspiration. If we focused more on long term alignment and less on quick wins, debates would cool down. That’s kind of the whole point.",1
ai_0584,"Not to overthink it, but in health, consistency beats sudden bursts of energy. People spend a lot of time arguing about headlines instead of structure. People follow incentives more than inspiration. Some folks argue the opposite, and I see why. Fast change can spark creativity and urgency. But without guardrails and follow through, momentum fades quickly. The loudest voices are not always the most informed. If we focused more on long term alignment and less on quick wins, debates would cool down. Simple doesn’t mean easy.",1
ai_0585,"Low key, in sports, most issues come down to incentives. People spend a lot of time arguing about headlines instead of structure. Short term wins feel good, but they rarely fix root causes. There are valid counterpoints. Fast change can spark creativity and urgency. But without guardrails and follow through, momentum fades quickly. People follow incentives more than inspiration. If we focused more on long term alignment and less on quick wins, debates would cool down. No drama, just fundamentals.",1
ai_0586,"Low key, in economy, execution gaps create more damage than bad intentions. People spend a lot of time arguing about headlines instead of structure. A lot of energy goes into optics instead of outcomes. There are valid counterpoints. Fast change can spark creativity and urgency. But without guardrails and follow through, momentum fades quickly. A lot of energy goes into optics instead of outcomes. If we focused more on long term alignment and less on quick wins, debates would cool down. No drama, just fundamentals.",1
ai_0587,"The simple version is that in climate, we overcomplicate things that are pretty structural. People spend a lot of time arguing about headlines instead of structure. A lot of energy goes into optics instead of outcomes. There’s definitely another perspective. Fast change can spark creativity and urgency. But without guardrails and follow through, momentum fades quickly. People follow incentives more than inspiration. If we focused more on long term alignment and less on quick wins, debates would cool down. We can disagree without ignoring tradeoffs.",1
ai_0588,"Here’s my take: in campus life, we overcomplicate things that are pretty structural. People spend a lot of time arguing about headlines instead of structure. Short term wins feel good, but they rarely fix root causes. Some folks argue the opposite, and I see why. Fast change can spark creativity and urgency. But without guardrails and follow through, momentum fades quickly. People follow incentives more than inspiration. If we focused more on long term alignment and less on quick wins, debates would cool down. It’s not flashy, but steady effort usually wins.",1
ai_0589,"Low key, in politics, clear goals change behavior fast. People spend a lot of time arguing about headlines instead of structure. A lot of energy goes into optics instead of outcomes. There’s definitely another perspective. Fast change can spark creativity and urgency. But without guardrails and follow through, momentum fades quickly. When rewards are misaligned, people adapt in predictable ways. If we focused more on long term alignment and less on quick wins, debates would cool down. It’s not flashy, but steady effort usually wins.",1
ai_0590,"Not to overthink it, but in tech, most issues come down to incentives. People spend a lot of time arguing about headlines instead of structure. Systems respond to what is measured, not what is promised. There’s definitely another perspective. Fast change can spark creativity and urgency. But without guardrails and follow through, momentum fades quickly. The loudest voices are not always the most informed. If we focused more on long term alignment and less on quick wins, debates would cool down. We can disagree without ignoring tradeoffs.",1
ai_0591,"The simple version is that in health, execution gaps create more damage than bad intentions. People spend a lot of time arguing about headlines instead of structure. People follow incentives more than inspiration. I understand why some people push back. Fast change can spark creativity and urgency. But without guardrails and follow through, momentum fades quickly. When rewards are misaligned, people adapt in predictable ways. If we focused more on long term alignment and less on quick wins, debates would cool down. No drama, just fundamentals.",1
ai_0592,"Here’s my take: in sports, consistency beats sudden bursts of energy. People spend a lot of time arguing about headlines instead of structure. When rewards are misaligned, people adapt in predictable ways. There are valid counterpoints. Fast change can spark creativity and urgency. But without guardrails and follow through, momentum fades quickly. Systems respond to what is measured, not what is promised. If we focused more on long term alignment and less on quick wins, debates would cool down. It’s not flashy, but steady effort usually wins.",1
ai_0593,"Low key, in economy, we overcomplicate things that are pretty structural. People spend a lot of time arguing about headlines instead of structure. People follow incentives more than inspiration. There are valid counterpoints. Fast change can spark creativity and urgency. But without guardrails and follow through, momentum fades quickly. Systems respond to what is measured, not what is promised. If we focused more on long term alignment and less on quick wins, debates would cool down. We can disagree without ignoring tradeoffs.",1
ai_0594,"If I’m being honest, in climate, most issues come down to incentives. People spend a lot of time arguing about headlines instead of structure. Small design tweaks can shift behavior dramatically. I understand why some people push back. Fast change can spark creativity and urgency. But without guardrails and follow through, momentum fades quickly. Systems respond to what is measured, not what is promised. If we focused more on long term alignment and less on quick wins, debates would cool down. We can disagree without ignoring tradeoffs.",1
ai_0595,"The simple version is that in campus life, we overcomplicate things that are pretty structural. People spend a lot of time arguing about headlines instead of structure. Short term wins feel good, but they rarely fix root causes. It’s fair to say disruption has benefits. Fast change can spark creativity and urgency. But without guardrails and follow through, momentum fades quickly. The loudest voices are not always the most informed. If we focused more on long term alignment and less on quick wins, debates would cool down. Simple doesn’t mean easy.",1
ai_0596,"If I’m being honest, in politics, execution gaps create more damage than bad intentions. People spend a lot of time arguing about headlines instead of structure. When rewards are misaligned, people adapt in predictable ways. Some folks argue the opposite, and I see why. Fast change can spark creativity and urgency. But without guardrails and follow through, momentum fades quickly. Systems respond to what is measured, not what is promised. If we focused more on long term alignment and less on quick wins, debates would cool down. We can disagree without ignoring tradeoffs.",1
ai_0597,"The simple version is that in tech, execution gaps create more damage than bad intentions. People spend a lot of time arguing about headlines instead of structure. Small design tweaks can shift behavior dramatically. Some folks argue the opposite, and I see why. Fast change can spark creativity and urgency. But without guardrails and follow through, momentum fades quickly. Short term wins feel good, but they rarely fix root causes. If we focused more on long term alignment and less on quick wins, debates would cool down. That’s kind of the whole point.",1
ai_0598,"Low key, in health, execution gaps create more damage than bad intentions. People spend a lot of time arguing about headlines instead of structure. Short term wins feel good, but they rarely fix root causes. Some folks argue the opposite, and I see why. Fast change can spark creativity and urgency. But without guardrails and follow through, momentum fades quickly. The loudest voices are not always the most informed. If we focused more on long term alignment and less on quick wins, debates would cool down. Simple doesn’t mean easy.",1
ai_0599,"The simple version is that in sports, we overcomplicate things that are pretty structural. People spend a lot of time arguing about headlines instead of structure. People follow incentives more than inspiration. There are valid counterpoints. Fast change can spark creativity and urgency. But without guardrails and follow through, momentum fades quickly. People follow incentives more than inspiration. If we focused more on long term alignment and less on quick wins, debates would cool down. That’s kind of the whole point.",1
ai_0600,"The simple version is that in economy, most issues come down to incentives. People spend a lot of time arguing about headlines instead of structure. A lot of energy goes into optics instead of outcomes. I understand why some people push back. Fast change can spark creativity and urgency. But without guardrails and follow through, momentum fades quickly. When rewards are misaligned, people adapt in predictable ways. If we focused more on long term alignment and less on quick wins, debates would cool down. No drama, just fundamentals.",1
ai_0601,"The simple version is that in climate, execution gaps create more damage than bad intentions. People spend a lot of time arguing about headlines instead of structure. Systems respond to what is measured, not what is promised. Some folks argue the opposite, and I see why. Fast change can spark creativity and urgency. But without guardrails and follow through, momentum fades quickly. Small design tweaks can shift behavior dramatically. If we focused more on long term alignment and less on quick wins, debates would cool down. No drama, just fundamentals.",1
ai_0602,"If I’m being honest, in campus life, execution gaps create more damage than bad intentions. People spend a lot of time arguing about headlines instead of structure. Short term wins feel good, but they rarely fix root causes. Some folks argue the opposite, and I see why. Fast change can spark creativity and urgency. But without guardrails and follow through, momentum fades quickly. The loudest voices are not always the most informed. If we focused more on long term alignment and less on quick wins, debates would cool down. That’s kind of the whole point.",1
ai_0603,"If I’m being honest, in politics, execution gaps create more damage than bad intentions. People spend a lot of time arguing about headlines instead of structure. People follow incentives more than inspiration. There’s definitely another perspective. Fast change can spark creativity and urgency. But without guardrails and follow through, momentum fades quickly. Short term wins feel good, but they rarely fix root causes. If we focused more on long term alignment and less on quick wins, debates would cool down. We can disagree without ignoring tradeoffs.",1
ai_0604,"Not to overthink it, but in tech, most issues come down to incentives. People spend a lot of time arguing about headlines instead of structure. Small design tweaks can shift behavior dramatically. It’s fair to say disruption has benefits. Fast change can spark creativity and urgency. But without guardrails and follow through, momentum fades quickly. Small design tweaks can shift behavior dramatically. If we focused more on long term alignment and less on quick wins, debates would cool down. Simple doesn’t mean easy.",1
ai_0605,"Not to overthink it, but in health, we overcomplicate things that are pretty structural. People spend a lot of time arguing about headlines instead of structure. Short term wins feel good, but they rarely fix root causes. It’s fair to say disruption has benefits. Fast change can spark creativity and urgency. But without guardrails and follow through, momentum fades quickly. Systems respond to what is measured, not what is promised. If we focused more on long term alignment and less on quick wins, debates would cool down. It’s not flashy, but steady effort usually wins.",1
ai_0606,"The simple version is that in sports, clear goals change behavior fast. People spend a lot of time arguing about headlines instead of structure. Short term wins feel good, but they rarely fix root causes. It’s fair to say disruption has benefits. Fast change can spark creativity and urgency. But without guardrails and follow through, momentum fades quickly. Short term wins feel good, but they rarely fix root causes. If we focused more on long term alignment and less on quick wins, debates would cool down. Simple doesn’t mean easy.",1
ai_0607,"The simple version is that in economy, consistency beats sudden bursts of energy. People spend a lot of time arguing about headlines instead of structure. The loudest voices are not always the most informed. There are valid counterpoints. Fast change can spark creativity and urgency. But without guardrails and follow through, momentum fades quickly. Short term wins feel good, but they rarely fix root causes. If we focused more on long term alignment and less on quick wins, debates would cool down. Simple doesn’t mean easy.",1
ai_0608,"Low key, in climate, consistency beats sudden bursts of energy. People spend a lot of time arguing about headlines instead of structure. A lot of energy goes into optics instead of outcomes. I understand why some people push back. Fast change can spark creativity and urgency. But without guardrails and follow through, momentum fades quickly. Small design tweaks can shift behavior dramatically. If we focused more on long term alignment and less on quick wins, debates would cool down. It’s not flashy, but steady effort usually wins.",1
ai_0609,"Low key, in campus life, consistency beats sudden bursts of energy. People spend a lot of time arguing about headlines instead of structure. Small design tweaks can shift behavior dramatically. Some folks argue the opposite, and I see why. Fast change can spark creativity and urgency. But without guardrails and follow through, momentum fades quickly. Systems respond to what is measured, not what is promised. If we focused more on long term alignment and less on quick wins, debates would cool down. No drama, just fundamentals.",1
ai_0610,"Not to overthink it, but in politics, clear goals change behavior fast. People spend a lot of time arguing about headlines instead of structure. When rewards are misaligned, people adapt in predictable ways. It’s fair to say disruption has benefits. Fast change can spark creativity and urgency. But without guardrails and follow through, momentum fades quickly. Systems respond to what is measured, not what is promised. If we focused more on long term alignment and less on quick wins, debates would cool down. Simple doesn’t mean easy.",1
ai_0611,"If I’m being honest, in tech, clear goals change behavior fast. People spend a lot of time arguing about headlines instead of structure. Short term wins feel good, but they rarely fix root causes. There’s definitely another perspective. Fast change can spark creativity and urgency. But without guardrails and follow through, momentum fades quickly. A lot of energy goes into optics instead of outcomes. If we focused more on long term alignment and less on quick wins, debates would cool down. It’s not flashy, but steady effort usually wins.",1
ai_0612,"Here’s my take: in health, execution gaps create more damage than bad intentions. People spend a lot of time arguing about headlines instead of structure. Systems respond to what is measured, not what is promised. Some folks argue the opposite, and I see why. Fast change can spark creativity and urgency. But without guardrails and follow through, momentum fades quickly. People follow incentives more than inspiration. If we focused more on long term alignment and less on quick wins, debates would cool down. Simple doesn’t mean easy.",1
ai_0613,"Not to overthink it, but in sports, we overcomplicate things that are pretty structural. People spend a lot of time arguing about headlines instead of structure. A lot of energy goes into optics instead of outcomes. Some folks argue the opposite, and I see why. Fast change can spark creativity and urgency. But without guardrails and follow through, momentum fades quickly. The loudest voices are not always the most informed. If we focused more on long term alignment and less on quick wins, debates would cool down. It’s not flashy, but steady effort usually wins.",1
ai_0614,"Not to overthink it, but in economy, clear goals change behavior fast. People spend a lot of time arguing about headlines instead of structure. Small design tweaks can shift behavior dramatically. Some folks argue the opposite, and I see why. Fast change can spark creativity and urgency. But without guardrails and follow through, momentum fades quickly. A lot of energy goes into optics instead of outcomes. If we focused more on long term alignment and less on quick wins, debates would cool down. That’s kind of the whole point.",1
ai_0615,"Low key, in climate, consistency beats sudden bursts of energy. People spend a lot of time arguing about headlines instead of structure. When rewards are misaligned, people adapt in predictable ways. It’s fair to say disruption has benefits. Fast change can spark creativity and urgency. But without guardrails and follow through, momentum fades quickly. Systems respond to what is measured, not what is promised. If we focused more on long term alignment and less on quick wins, debates would cool down. It’s not flashy, but steady effort usually wins.",1
ai_0616,"The simple version is that in campus life, we overcomplicate things that are pretty structural. People spend a lot of time arguing about headlines instead of structure. The loudest voices are not always the most informed. There are valid counterpoints. Fast change can spark creativity and urgency. But without guardrails and follow through, momentum fades quickly. Short term wins feel good, but they rarely fix root causes. If we focused more on long term alignment and less on quick wins, debates would cool down. That’s kind of the whole point.",1
ai_0617,"Low key, in politics, consistency beats sudden bursts of energy. People spend a lot of time arguing about headlines instead of structure. People follow incentives more than inspiration. Some folks argue the opposite, and I see why. Fast change can spark creativity and urgency. But without guardrails and follow through, momentum fades quickly. Short term wins feel good, but they rarely fix root causes. If we focused more on long term alignment and less on quick wins, debates would cool down. That’s kind of the whole point.",1
ai_0618,"Not to overthink it, but in tech, consistency beats sudden bursts of energy. People spend a lot of time arguing about headlines instead of structure. When rewards are misaligned, people adapt in predictable ways. I understand why some people push back. Fast change can spark creativity and urgency. But without guardrails and follow through, momentum fades quickly. Short term wins feel good, but they rarely fix root causes. If we focused more on long term alignment and less on quick wins, debates would cool down. No drama, just fundamentals.",1
ai_0619,"The simple version is that in health, consistency beats sudden bursts of energy. People spend a lot of time arguing about headlines instead of structure. People follow incentives more than inspiration. There are valid counterpoints. Fast change can spark creativity and urgency. But without guardrails and follow through, momentum fades quickly. The loudest voices are not always the most informed. If we focused more on long term alignment and less on quick wins, debates would cool down. No drama, just fundamentals.",1
ai_0620,"If I’m being honest, in sports, we overcomplicate things that are pretty structural. People spend a lot of time arguing about headlines instead of structure. A lot of energy goes into optics instead of outcomes. Some folks argue the opposite, and I see why. Fast change can spark creativity and urgency. But without guardrails and follow through, momentum fades quickly. The loudest voices are not always the most informed. If we focused more on long term alignment and less on quick wins, debates would cool down. We can disagree without ignoring tradeoffs.",1
ai_0621,"The simple version is that in economy, most issues come down to incentives. People spend a lot of time arguing about headlines instead of structure. Short term wins feel good, but they rarely fix root causes. It’s fair to say disruption has benefits. Fast change can spark creativity and urgency. But without guardrails and follow through, momentum fades quickly. A lot of energy goes into optics instead of outcomes. If we focused more on long term alignment and less on quick wins, debates would cool down. That’s kind of the whole point.",1
ai_0622,"If I’m being honest, in climate, we overcomplicate things that are pretty structural. People spend a lot of time arguing about headlines instead of structure. Systems respond to what is measured, not what is promised. There’s definitely another perspective. Fast change can spark creativity and urgency. But without guardrails and follow through, momentum fades quickly. The loudest voices are not always the most informed. If we focused more on long term alignment and less on quick wins, debates would cool down. We can disagree without ignoring tradeoffs.",1
ai_0623,"Here’s my take: in campus life, consistency beats sudden bursts of energy. People spend a lot of time arguing about headlines instead of structure. Short term wins feel good, but they rarely fix root causes. I understand why some people push back. Fast change can spark creativity and urgency. But without guardrails and follow through, momentum fades quickly. People follow incentives more than inspiration. If we focused more on long term alignment and less on quick wins, debates would cool down. We can disagree without ignoring tradeoffs.",1
ai_0624,"The simple version is that in politics, we overcomplicate things that are pretty structural. People spend a lot of time arguing about headlines instead of structure. Short term wins feel good, but they rarely fix root causes. Some folks argue the opposite, and I see why. Fast change can spark creativity and urgency. But without guardrails and follow through, momentum fades quickly. When rewards are misaligned, people adapt in predictable ways. If we focused more on long term alignment and less on quick wins, debates would cool down. That’s kind of the whole point.",1
ai_0625,"Here’s my take: in tech, execution gaps create more damage than bad intentions. People spend a lot of time arguing about headlines instead of structure. When rewards are misaligned, people adapt in predictable ways. Some folks argue the opposite, and I see why. Fast change can spark creativity and urgency. But without guardrails and follow through, momentum fades quickly. Small design tweaks can shift behavior dramatically. If we focused more on long term alignment and less on quick wins, debates would cool down. Simple doesn’t mean easy.",1
ai_0626,"If I’m being honest, in health, we overcomplicate things that are pretty structural. People spend a lot of time arguing about headlines instead of structure. People follow incentives more than inspiration. There are valid counterpoints. Fast change can spark creativity and urgency. But without guardrails and follow through, momentum fades quickly. Small design tweaks can shift behavior dramatically. If we focused more on long term alignment and less on quick wins, debates would cool down. That’s kind of the whole point.",1
ai_0627,"The simple version is that in sports, most issues come down to incentives. People spend a lot of time arguing about headlines instead of structure. A lot of energy goes into optics instead of outcomes. I understand why some people push back. Fast change can spark creativity and urgency. But without guardrails and follow through, momentum fades quickly. Short term wins feel good, but they rarely fix root causes. If we focused more on long term alignment and less on quick wins, debates would cool down. Simple doesn’t mean easy.",1
ai_0628,"The simple version is that in economy, consistency beats sudden bursts of energy. People spend a lot of time arguing about headlines instead of structure. People follow incentives more than inspiration. There are valid counterpoints. Fast change can spark creativity and urgency. But without guardrails and follow through, momentum fades quickly. Small design tweaks can shift behavior dramatically. If we focused more on long term alignment and less on quick wins, debates would cool down. It’s not flashy, but steady effort usually wins.",1
ai_0629,"If I’m being honest, in climate, clear goals change behavior fast. People spend a lot of time arguing about headlines instead of structure. A lot of energy goes into optics instead of outcomes. It’s fair to say disruption has benefits. Fast change can spark creativity and urgency. But without guardrails and follow through, momentum fades quickly. Small design tweaks can shift behavior dramatically. If we focused more on long term alignment and less on quick wins, debates would cool down. No drama, just fundamentals.",1
ai_0630,"Here’s my take: in campus life, we overcomplicate things that are pretty structural. People spend a lot of time arguing about headlines instead of structure. Short term wins feel good, but they rarely fix root causes. I understand why some people push back. Fast change can spark creativity and urgency. But without guardrails and follow through, momentum fades quickly. Short term wins feel good, but they rarely fix root causes. If we focused more on long term alignment and less on quick wins, debates would cool down. It’s not flashy, but steady effort usually wins.",1
ai_0631,"The simple version is that in politics, we overcomplicate things that are pretty structural. People spend a lot of time arguing about headlines instead of structure. The loudest voices are not always the most informed. It’s fair to say disruption has benefits. Fast change can spark creativity and urgency. But without guardrails and follow through, momentum fades quickly. Small design tweaks can shift behavior dramatically. If we focused more on long term alignment and less on quick wins, debates would cool down. We can disagree without ignoring tradeoffs.",1
ai_0632,"The simple version is that in tech, consistency beats sudden bursts of energy. People spend a lot of time arguing about headlines instead of structure. A lot of energy goes into optics instead of outcomes. Some folks argue the opposite, and I see why. Fast change can spark creativity and urgency. But without guardrails and follow through, momentum fades quickly. Short term wins feel good, but they rarely fix root causes. If we focused more on long term alignment and less on quick wins, debates would cool down. Simple doesn’t mean easy.",1
ai_0633,"Not to overthink it, but in health, we overcomplicate things that are pretty structural. People spend a lot of time arguing about headlines instead of structure. Small design tweaks can shift behavior dramatically. There are valid counterpoints. Fast change can spark creativity and urgency. But without guardrails and follow through, momentum fades quickly. Systems respond to what is measured, not what is promised. If we focused more on long term alignment and less on quick wins, debates would cool down. No drama, just fundamentals.",1
ai_0634,"If I’m being honest, in sports, clear goals change behavior fast. People spend a lot of time arguing about headlines instead of structure. People follow incentives more than inspiration. There are valid counterpoints. Fast change can spark creativity and urgency. But without guardrails and follow through, momentum fades quickly. A lot of energy goes into optics instead of outcomes. If we focused more on long term alignment and less on quick wins, debates would cool down. We can disagree without ignoring tradeoffs.",1
ai_0635,"If I’m being honest, in economy, consistency beats sudden bursts of energy. People spend a lot of time arguing about headlines instead of structure. Small design tweaks can shift behavior dramatically. It’s fair to say disruption has benefits. Fast change can spark creativity and urgency. But without guardrails and follow through, momentum fades quickly. People follow incentives more than inspiration. If we focused more on long term alignment and less on quick wins, debates would cool down. Simple doesn’t mean easy.",1
ai_0636,"If I’m being honest, in climate, execution gaps create more damage than bad intentions. People spend a lot of time arguing about headlines instead of structure. Small design tweaks can shift behavior dramatically. There are valid counterpoints. Fast change can spark creativity and urgency. But without guardrails and follow through, momentum fades quickly. A lot of energy goes into optics instead of outcomes. If we focused more on long term alignment and less on quick wins, debates would cool down. It’s not flashy, but steady effort usually wins.",1
ai_0637,"If I’m being honest, in campus life, clear goals change behavior fast. People spend a lot of time arguing about headlines instead of structure. People follow incentives more than inspiration. There’s definitely another perspective. Fast change can spark creativity and urgency. But without guardrails and follow through, momentum fades quickly. The loudest voices are not always the most informed. If we focused more on long term alignment and less on quick wins, debates would cool down. Simple doesn’t mean easy.",1
ai_0638,"If I’m being honest, in politics, consistency beats sudden bursts of energy. People spend a lot of time arguing about headlines instead of structure. People follow incentives more than inspiration. There’s definitely another perspective. Fast change can spark creativity and urgency. But without guardrails and follow through, momentum fades quickly. When rewards are misaligned, people adapt in predictable ways. If we focused more on long term alignment and less on quick wins, debates would cool down. That’s kind of the whole point.",1
ai_0639,"The simple version is that in tech, most issues come down to incentives. People spend a lot of time arguing about headlines instead of structure. People follow incentives more than inspiration. I understand why some people push back. Fast change can spark creativity and urgency. But without guardrails and follow through, momentum fades quickly. Short term wins feel good, but they rarely fix root causes. If we focused more on long term alignment and less on quick wins, debates would cool down. It’s not flashy, but steady effort usually wins.",1
ai_0640,"If I’m being honest, in health, we overcomplicate things that are pretty structural. People spend a lot of time arguing about headlines instead of structure. A lot of energy goes into optics instead of outcomes. There’s definitely another perspective. Fast change can spark creativity and urgency. But without guardrails and follow through, momentum fades quickly. A lot of energy goes into optics instead of outcomes. If we focused more on long term alignment and less on quick wins, debates would cool down. We can disagree without ignoring tradeoffs.",1
ai_0641,"The simple version is that in sports, execution gaps create more damage than bad intentions. People spend a lot of time arguing about headlines instead of structure. A lot of energy goes into optics instead of outcomes. There are valid counterpoints. Fast change can spark creativity and urgency. But without guardrails and follow through, momentum fades quickly. Small design tweaks can shift behavior dramatically. If we focused more on long term alignment and less on quick wins, debates would cool down. We can disagree without ignoring tradeoffs.",1
ai_0642,"Low key, in economy, we overcomplicate things that are pretty structural. People spend a lot of time arguing about headlines instead of structure. A lot of energy goes into optics instead of outcomes. There’s definitely another perspective. Fast change can spark creativity and urgency. But without guardrails and follow through, momentum fades quickly. A lot of energy goes into optics instead of outcomes. If we focused more on long term alignment and less on quick wins, debates would cool down. That’s kind of the whole point.",1
ai_0643,"Low key, in climate, consistency beats sudden bursts of energy. People spend a lot of time arguing about headlines instead of structure. Short term wins feel good, but they rarely fix root causes. It’s fair to say disruption has benefits. Fast change can spark creativity and urgency. But without guardrails and follow through, momentum fades quickly. Systems respond to what is measured, not what is promised. If we focused more on long term alignment and less on quick wins, debates would cool down. Simple doesn’t mean easy.",1
ai_0644,"The simple version is that in campus life, consistency beats sudden bursts of energy. People spend a lot of time arguing about headlines instead of structure. A lot of energy goes into optics instead of outcomes. There are valid counterpoints. Fast change can spark creativity and urgency. But without guardrails and follow through, momentum fades quickly. Systems respond to what is measured, not what is promised. If we focused more on long term alignment and less on quick wins, debates would cool down. It’s not flashy, but steady effort usually wins.",1
ai_0645,"Not to overthink it, but in politics, we overcomplicate things that are pretty structural. People spend a lot of time arguing about headlines instead of structure. People follow incentives more than inspiration. I understand why some people push back. Fast change can spark creativity and urgency. But without guardrails and follow through, momentum fades quickly. Systems respond to what is measured, not what is promised. If we focused more on long term alignment and less on quick wins, debates would cool down. It’s not flashy, but steady effort usually wins.",1
ai_0646,"Not to overthink it, but in tech, we overcomplicate things that are pretty structural. People spend a lot of time arguing about headlines instead of structure. Short term wins feel good, but they rarely fix root causes. It’s fair to say disruption has benefits. Fast change can spark creativity and urgency. But without guardrails and follow through, momentum fades quickly. Small design tweaks can shift behavior dramatically. If we focused more on long term alignment and less on quick wins, debates would cool down. That’s kind of the whole point.",1
ai_0647,"Not to overthink it, but in health, we overcomplicate things that are pretty structural. People spend a lot of time arguing about headlines instead of structure. Systems respond to what is measured, not what is promised. Some folks argue the opposite, and I see why. Fast change can spark creativity and urgency. But without guardrails and follow through, momentum fades quickly. Systems respond to what is measured, not what is promised. If we focused more on long term alignment and less on quick wins, debates would cool down. No drama, just fundamentals.",1
ai_0648,"Low key, in sports, most issues come down to incentives. People spend a lot of time arguing about headlines instead of structure. A lot of energy goes into optics instead of outcomes. There are valid counterpoints. Fast change can spark creativity and urgency. But without guardrails and follow through, momentum fades quickly. People follow incentives more than inspiration. If we focused more on long term alignment and less on quick wins, debates would cool down. Simple doesn’t mean easy.",1
ai_0649,"Here’s my take: in economy, consistency beats sudden bursts of energy. People spend a lot of time arguing about headlines instead of structure. People follow incentives more than inspiration. There’s definitely another perspective. Fast change can spark creativity and urgency. But without guardrails and follow through, momentum fades quickly. Small design tweaks can shift behavior dramatically. If we focused more on long term alignment and less on quick wins, debates would cool down. That’s kind of the whole point.",1
ai_0650,"The simple version is that in climate, consistency beats sudden bursts of energy. People spend a lot of time arguing about headlines instead of structure. Short term wins feel good, but they rarely fix root causes. There are valid counterpoints. Fast change can spark creativity and urgency. But without guardrails and follow through, momentum fades quickly. The loudest voices are not always the most informed. If we focused more on long term alignment and less on quick wins, debates would cool down. That’s kind of the whole point.",1
ai_0651,"The simple version is that in campus life, consistency beats sudden bursts of energy. People spend a lot of time arguing about headlines instead of structure. Short term wins feel good, but they rarely fix root causes. I understand why some people push back. Fast change can spark creativity and urgency. But without guardrails and follow through, momentum fades quickly. Small design tweaks can shift behavior dramatically. If we focused more on long term alignment and less on quick wins, debates would cool down. That’s kind of the whole point.",1
ai_0652,"The simple version is that in politics, most issues come down to incentives. People spend a lot of time arguing about headlines instead of structure. When rewards are misaligned, people adapt in predictable ways. There’s definitely another perspective. Fast change can spark creativity and urgency. But without guardrails and follow through, momentum fades quickly. Short term wins feel good, but they rarely fix root causes. If we focused more on long term alignment and less on quick wins, debates would cool down. That’s kind of the whole point.",1
ai_0653,"Not to overthink it, but in tech, most issues come down to incentives. People spend a lot of time arguing about headlines instead of structure. When rewards are misaligned, people adapt in predictable ways. I understand why some people push back. Fast change can spark creativity and urgency. But without guardrails and follow through, momentum fades quickly. The loudest voices are not always the most informed. If we focused more on long term alignment and less on quick wins, debates would cool down. That’s kind of the whole point.",1
ai_0654,"Here’s my take: in health, clear goals change behavior fast. People spend a lot of time arguing about headlines instead of structure. Systems respond to what is measured, not what is promised. It’s fair to say disruption has benefits. Fast change can spark creativity and urgency. But without guardrails and follow through, momentum fades quickly. A lot of energy goes into optics instead of outcomes. If we focused more on long term alignment and less on quick wins, debates would cool down. It’s not flashy, but steady effort usually wins.",1
ai_0655,"If I’m being honest, in sports, execution gaps create more damage than bad intentions. People spend a lot of time arguing about headlines instead of structure. Short term wins feel good, but they rarely fix root causes. There’s definitely another perspective. Fast change can spark creativity and urgency. But without guardrails and follow through, momentum fades quickly. The loudest voices are not always the most informed. If we focused more on long term alignment and less on quick wins, debates would cool down. That’s kind of the whole point.",1
ai_0656,"Low key, in economy, clear goals change behavior fast. People spend a lot of time arguing about headlines instead of structure. Systems respond to what is measured, not what is promised. I understand why some people push back. Fast change can spark creativity and urgency. But without guardrails and follow through, momentum fades quickly. People follow incentives more than inspiration. If we focused more on long term alignment and less on quick wins, debates would cool down. That’s kind of the whole point.",1
ai_0657,"The simple version is that in climate, we overcomplicate things that are pretty structural. People spend a lot of time arguing about headlines instead of structure. When rewards are misaligned, people adapt in predictable ways. Some folks argue the opposite, and I see why. Fast change can spark creativity and urgency. But without guardrails and follow through, momentum fades quickly. People follow incentives more than inspiration. If we focused more on long term alignment and less on quick wins, debates would cool down. We can disagree without ignoring tradeoffs.",1
ai_0658,"Low key, in campus life, consistency beats sudden bursts of energy. People spend a lot of time arguing about headlines instead of structure. When rewards are misaligned, people adapt in predictable ways. It’s fair to say disruption has benefits. Fast change can spark creativity and urgency. But without guardrails and follow through, momentum fades quickly. People follow incentives more than inspiration. If we focused more on long term alignment and less on quick wins, debates would cool down. It’s not flashy, but steady effort usually wins.",1
ai_0659,"Here’s my take: in politics, we overcomplicate things that are pretty structural. People spend a lot of time arguing about headlines instead of structure. Systems respond to what is measured, not what is promised. There’s definitely another perspective. Fast change can spark creativity and urgency. But without guardrails and follow through, momentum fades quickly. When rewards are misaligned, people adapt in predictable ways. If we focused more on long term alignment and less on quick wins, debates would cool down. We can disagree without ignoring tradeoffs.",1
ai_0660,"Here’s my take: in tech, we overcomplicate things that are pretty structural. People spend a lot of time arguing about headlines instead of structure. When rewards are misaligned, people adapt in predictable ways. There are valid counterpoints. Fast change can spark creativity and urgency. But without guardrails and follow through, momentum fades quickly. People follow incentives more than inspiration. If we focused more on long term alignment and less on quick wins, debates would cool down. That’s kind of the whole point.",1
ai_0661,"Not to overthink it, but in health, consistency beats sudden bursts of energy. People spend a lot of time arguing about headlines instead of structure. A lot of energy goes into optics instead of outcomes. I understand why some people push back. Fast change can spark creativity and urgency. But without guardrails and follow through, momentum fades quickly. Small design tweaks can shift behavior dramatically. If we focused more on long term alignment and less on quick wins, debates would cool down. No drama, just fundamentals.",1
ai_0662,"Not to overthink it, but in sports, consistency beats sudden bursts of energy. People spend a lot of time arguing about headlines instead of structure. Short term wins feel good, but they rarely fix root causes. There are valid counterpoints. Fast change can spark creativity and urgency. But without guardrails and follow through, momentum fades quickly. A lot of energy goes into optics instead of outcomes. If we focused more on long term alignment and less on quick wins, debates would cool down. It’s not flashy, but steady effort usually wins.",1
ai_0663,"Low key, in economy, we overcomplicate things that are pretty structural. People spend a lot of time arguing about headlines instead of structure. When rewards are misaligned, people adapt in predictable ways. It’s fair to say disruption has benefits. Fast change can spark creativity and urgency. But without guardrails and follow through, momentum fades quickly. Short term wins feel good, but they rarely fix root causes. If we focused more on long term alignment and less on quick wins, debates would cool down. No drama, just fundamentals.",1
ai_0664,"If I’m being honest, in climate, consistency beats sudden bursts of energy. People spend a lot of time arguing about headlines instead of structure. Short term wins feel good, but they rarely fix root causes. It’s fair to say disruption has benefits. Fast change can spark creativity and urgency. But without guardrails and follow through, momentum fades quickly. Systems respond to what is measured, not what is promised. If we focused more on long term alignment and less on quick wins, debates would cool down. It’s not flashy, but steady effort usually wins.",1
ai_0665,"Here’s my take: in campus life, execution gaps create more damage than bad intentions. People spend a lot of time arguing about headlines instead of structure. Short term wins feel good, but they rarely fix root causes. There’s definitely another perspective. Fast change can spark creativity and urgency. But without guardrails and follow through, momentum fades quickly. Small design tweaks can shift behavior dramatically. If we focused more on long term alignment and less on quick wins, debates would cool down. It’s not flashy, but steady effort usually wins.",1
ai_0666,"Here’s my take: in politics, clear goals change behavior fast. People spend a lot of time arguing about headlines instead of structure. Short term wins feel good, but they rarely fix root causes. It’s fair to say disruption has benefits. Fast change can spark creativity and urgency. But without guardrails and follow through, momentum fades quickly. Small design tweaks can shift behavior dramatically. If we focused more on long term alignment and less on quick wins, debates would cool down. That’s kind of the whole point.",1
ai_0667,"Low key, in tech, most issues come down to incentives. People spend a lot of time arguing about headlines instead of structure. Small design tweaks can shift behavior dramatically. There are valid counterpoints. Fast change can spark creativity and urgency. But without guardrails and follow through, momentum fades quickly. Systems respond to what is measured, not what is promised. If we focused more on long term alignment and less on quick wins, debates would cool down. No drama, just fundamentals.",1
ai_0668,"The simple version is that in health, execution gaps create more damage than bad intentions. People spend a lot of time arguing about headlines instead of structure. Short term wins feel good, but they rarely fix root causes. There’s definitely another perspective. Fast change can spark creativity and urgency. But without guardrails and follow through, momentum fades quickly. Systems respond to what is measured, not what is promised. If we focused more on long term alignment and less on quick wins, debates would cool down. That’s kind of the whole point.",1
ai_0669,"Not to overthink it, but in sports, execution gaps create more damage than bad intentions. People spend a lot of time arguing about headlines instead of structure. Systems respond to what is measured, not what is promised. It’s fair to say disruption has benefits. Fast change can spark creativity and urgency. But without guardrails and follow through, momentum fades quickly. Systems respond to what is measured, not what is promised. If we focused more on long term alignment and less on quick wins, debates would cool down. It’s not flashy, but steady effort usually wins.",1
ai_0670,"Here’s my take: in economy, most issues come down to incentives. People spend a lot of time arguing about headlines instead of structure. When rewards are misaligned, people adapt in predictable ways. I understand why some people push back. Fast change can spark creativity and urgency. But without guardrails and follow through, momentum fades quickly. Small design tweaks can shift behavior dramatically. If we focused more on long term alignment and less on quick wins, debates would cool down. Simple doesn’t mean easy.",1
ai_0671,"Not to overthink it, but in climate, consistency beats sudden bursts of energy. People spend a lot of time arguing about headlines instead of structure. The loudest voices are not always the most informed. There are valid counterpoints. Fast change can spark creativity and urgency. But without guardrails and follow through, momentum fades quickly. Small design tweaks can shift behavior dramatically. If we focused more on long term alignment and less on quick wins, debates would cool down. We can disagree without ignoring tradeoffs.",1
ai_0672,"If I’m being honest, in campus life, clear goals change behavior fast. People spend a lot of time arguing about headlines instead of structure. When rewards are misaligned, people adapt in predictable ways. There are valid counterpoints. Fast change can spark creativity and urgency. But without guardrails and follow through, momentum fades quickly. The loudest voices are not always the most informed. If we focused more on long term alignment and less on quick wins, debates would cool down. That’s kind of the whole point.",1
ai_0673,"Low key, in politics, we overcomplicate things that are pretty structural. People spend a lot of time arguing about headlines instead of structure. The loudest voices are not always the most informed. There are valid counterpoints. Fast change can spark creativity and urgency. But without guardrails and follow through, momentum fades quickly. The loudest voices are not always the most informed. If we focused more on long term alignment and less on quick wins, debates would cool down. No drama, just fundamentals.",1
ai_0674,"If I’m being honest, in tech, we overcomplicate things that are pretty structural. People spend a lot of time arguing about headlines instead of structure. The loudest voices are not always the most informed. Some folks argue the opposite, and I see why. Fast change can spark creativity and urgency. But without guardrails and follow through, momentum fades quickly. When rewards are misaligned, people adapt in predictable ways. If we focused more on long term alignment and less on quick wins, debates would cool down. We can disagree without ignoring tradeoffs.",1
ai_0675,"The simple version is that in health, execution gaps create more damage than bad intentions. People spend a lot of time arguing about headlines instead of structure. Small design tweaks can shift behavior dramatically. I understand why some people push back. Fast change can spark creativity and urgency. But without guardrails and follow through, momentum fades quickly. The loudest voices are not always the most informed. If we focused more on long term alignment and less on quick wins, debates would cool down. Simple doesn’t mean easy.",1
ai_0676,"If I’m being honest, in sports, clear goals change behavior fast. People spend a lot of time arguing about headlines instead of structure. A lot of energy goes into optics instead of outcomes. I understand why some people push back. Fast change can spark creativity and urgency. But without guardrails and follow through, momentum fades quickly. Systems respond to what is measured, not what is promised. If we focused more on long term alignment and less on quick wins, debates would cool down. That’s kind of the whole point.",1
ai_0677,"The simple version is that in economy, consistency beats sudden bursts of energy. People spend a lot of time arguing about headlines instead of structure. Short term wins feel good, but they rarely fix root causes. I understand why some people push back. Fast change can spark creativity and urgency. But without guardrails and follow through, momentum fades quickly. Small design tweaks can shift behavior dramatically. If we focused more on long term alignment and less on quick wins, debates would cool down. It’s not flashy, but steady effort usually wins.",1
ai_0678,"The simple version is that in climate, execution gaps create more damage than bad intentions. People spend a lot of time arguing about headlines instead of structure. Systems respond to what is measured, not what is promised. There’s definitely another perspective. Fast change can spark creativity and urgency. But without guardrails and follow through, momentum fades quickly. Short term wins feel good, but they rarely fix root causes. If we focused more on long term alignment and less on quick wins, debates would cool down. Simple doesn’t mean easy.",1
ai_0679,"The simple version is that in campus life, most issues come down to incentives. People spend a lot of time arguing about headlines instead of structure. Systems respond to what is measured, not what is promised. I understand why some people push back. Fast change can spark creativity and urgency. But without guardrails and follow through, momentum fades quickly. Short term wins feel good, but they rarely fix root causes. If we focused more on long term alignment and less on quick wins, debates would cool down. No drama, just fundamentals.",1
ai_0680,"Low key, in politics, we overcomplicate things that are pretty structural. People spend a lot of time arguing about headlines instead of structure. A lot of energy goes into optics instead of outcomes. Some folks argue the opposite, and I see why. Fast change can spark creativity and urgency. But without guardrails and follow through, momentum fades quickly. Small design tweaks can shift behavior dramatically. If we focused more on long term alignment and less on quick wins, debates would cool down. Simple doesn’t mean easy.",1
ai_0681,"Here’s my take: in tech, consistency beats sudden bursts of energy. People spend a lot of time arguing about headlines instead of structure. The loudest voices are not always the most informed. Some folks argue the opposite, and I see why. Fast change can spark creativity and urgency. But without guardrails and follow through, momentum fades quickly. The loudest voices are not always the most informed. If we focused more on long term alignment and less on quick wins, debates would cool down. It’s not flashy, but steady effort usually wins.",1
ai_0682,"Here’s my take: in health, we overcomplicate things that are pretty structural. People spend a lot of time arguing about headlines instead of structure. Systems respond to what is measured, not what is promised. There’s definitely another perspective. Fast change can spark creativity and urgency. But without guardrails and follow through, momentum fades quickly. When rewards are misaligned, people adapt in predictable ways. If we focused more on long term alignment and less on quick wins, debates would cool down. We can disagree without ignoring tradeoffs.",1
ai_0683,"The simple version is that in sports, most issues come down to incentives. People spend a lot of time arguing about headlines instead of structure. Short term wins feel good, but they rarely fix root causes. There’s definitely another perspective. Fast change can spark creativity and urgency. But without guardrails and follow through, momentum fades quickly. A lot of energy goes into optics instead of outcomes. If we focused more on long term alignment and less on quick wins, debates would cool down. We can disagree without ignoring tradeoffs.",1
ai_0684,"Low key, in economy, consistency beats sudden bursts of energy. People spend a lot of time arguing about headlines instead of structure. A lot of energy goes into optics instead of outcomes. There are valid counterpoints. Fast change can spark creativity and urgency. But without guardrails and follow through, momentum fades quickly. Small design tweaks can shift behavior dramatically. If we focused more on long term alignment and less on quick wins, debates would cool down. No drama, just fundamentals.",1
ai_0685,"Not to overthink it, but in climate, consistency beats sudden bursts of energy. People spend a lot of time arguing about headlines instead of structure. Systems respond to what is measured, not what is promised. Some folks argue the opposite, and I see why. Fast change can spark creativity and urgency. But without guardrails and follow through, momentum fades quickly. The loudest voices are not always the most informed. If we focused more on long term alignment and less on quick wins, debates would cool down. It’s not flashy, but steady effort usually wins.",1
ai_0686,"If I’m being honest, in campus life, clear goals change behavior fast. People spend a lot of time arguing about headlines instead of structure. Short term wins feel good, but they rarely fix root causes. I understand why some people push back. Fast change can spark creativity and urgency. But without guardrails and follow through, momentum fades quickly. Systems respond to what is measured, not what is promised. If we focused more on long term alignment and less on quick wins, debates would cool down. It’s not flashy, but steady effort usually wins.",1
ai_0687,"If I’m being honest, in politics, clear goals change behavior fast. People spend a lot of time arguing about headlines instead of structure. People follow incentives more than inspiration. There’s definitely another perspective. Fast change can spark creativity and urgency. But without guardrails and follow through, momentum fades quickly. A lot of energy goes into optics instead of outcomes. If we focused more on long term alignment and less on quick wins, debates would cool down. That’s kind of the whole point.",1
ai_0688,"Here’s my take: in tech, clear goals change behavior fast. People spend a lot of time arguing about headlines instead of structure. A lot of energy goes into optics instead of outcomes. There are valid counterpoints. Fast change can spark creativity and urgency. But without guardrails and follow through, momentum fades quickly. Short term wins feel good, but they rarely fix root causes. If we focused more on long term alignment and less on quick wins, debates would cool down. We can disagree without ignoring tradeoffs.",1
ai_0689,"The simple version is that in health, most issues come down to incentives. People spend a lot of time arguing about headlines instead of structure. Systems respond to what is measured, not what is promised. There’s definitely another perspective. Fast change can spark creativity and urgency. But without guardrails and follow through, momentum fades quickly. Short term wins feel good, but they rarely fix root causes. If we focused more on long term alignment and less on quick wins, debates would cool down. It’s not flashy, but steady effort usually wins.",1
ai_0690,"The simple version is that in sports, clear goals change behavior fast. People spend a lot of time arguing about headlines instead of structure. Small design tweaks can shift behavior dramatically. Some folks argue the opposite, and I see why. Fast change can spark creativity and urgency. But without guardrails and follow through, momentum fades quickly. Short term wins feel good, but they rarely fix root causes. If we focused more on long term alignment and less on quick wins, debates would cool down. That’s kind of the whole point.",1
ai_0691,"Here’s my take: in economy, consistency beats sudden bursts of energy. People spend a lot of time arguing about headlines instead of structure. The loudest voices are not always the most informed. There’s definitely another perspective. Fast change can spark creativity and urgency. But without guardrails and follow through, momentum fades quickly. The loudest voices are not always the most informed. If we focused more on long term alignment and less on quick wins, debates would cool down. It’s not flashy, but steady effort usually wins.",1
ai_0692,"Here’s my take: in climate, consistency beats sudden bursts of energy. People spend a lot of time arguing about headlines instead of structure. A lot of energy goes into optics instead of outcomes. Some folks argue the opposite, and I see why. Fast change can spark creativity and urgency. But without guardrails and follow through, momentum fades quickly. People follow incentives more than inspiration. If we focused more on long term alignment and less on quick wins, debates would cool down. No drama, just fundamentals.",1
ai_0693,"If I’m being honest, in campus life, most issues come down to incentives. People spend a lot of time arguing about headlines instead of structure. Small design tweaks can shift behavior dramatically. It’s fair to say disruption has benefits. Fast change can spark creativity and urgency. But without guardrails and follow through, momentum fades quickly. Systems respond to what is measured, not what is promised. If we focused more on long term alignment and less on quick wins, debates would cool down. Simple doesn’t mean easy.",1
ai_0694,"Low key, in politics, consistency beats sudden bursts of energy. People spend a lot of time arguing about headlines instead of structure. A lot of energy goes into optics instead of outcomes. Some folks argue the opposite, and I see why. Fast change can spark creativity and urgency. But without guardrails and follow through, momentum fades quickly. Small design tweaks can shift behavior dramatically. If we focused more on long term alignment and less on quick wins, debates would cool down. It’s not flashy, but steady effort usually wins.",1
ai_0695,"Here’s my take: in tech, we overcomplicate things that are pretty structural. People spend a lot of time arguing about headlines instead of structure. People follow incentives more than inspiration. Some folks argue the opposite, and I see why. Fast change can spark creativity and urgency. But without guardrails and follow through, momentum fades quickly. Systems respond to what is measured, not what is promised. If we focused more on long term alignment and less on quick wins, debates would cool down. Simple doesn’t mean easy.",1
ai_0696,"Here’s my take: in health, we overcomplicate things that are pretty structural. People spend a lot of time arguing about headlines instead of structure. The loudest voices are not always the most informed. There are valid counterpoints. Fast change can spark creativity and urgency. But without guardrails and follow through, momentum fades quickly. People follow incentives more than inspiration. If we focused more on long term alignment and less on quick wins, debates would cool down. It’s not flashy, but steady effort usually wins.",1
ai_0697,"The simple version is that in sports, clear goals change behavior fast. People spend a lot of time arguing about headlines instead of structure. Short term wins feel good, but they rarely fix root causes. Some folks argue the opposite, and I see why. Fast change can spark creativity and urgency. But without guardrails and follow through, momentum fades quickly. A lot of energy goes into optics instead of outcomes. If we focused more on long term alignment and less on quick wins, debates would cool down. We can disagree without ignoring tradeoffs.",1
ai_0698,"Here’s my take: in economy, execution gaps create more damage than bad intentions. People spend a lot of time arguing about headlines instead of structure. Systems respond to what is measured, not what is promised. There’s definitely another perspective. Fast change can spark creativity and urgency. But without guardrails and follow through, momentum fades quickly. The loudest voices are not always the most informed. If we focused more on long term alignment and less on quick wins, debates would cool down. It’s not flashy, but steady effort usually wins.",1
ai_0699,"Here’s my take: in climate, clear goals change behavior fast. People spend a lot of time arguing about headlines instead of structure. When rewards are misaligned, people adapt in predictable ways. It’s fair to say disruption has benefits. Fast change can spark creativity and urgency. But without guardrails and follow through, momentum fades quickly. Systems respond to what is measured, not what is promised. If we focused more on long term alignment and less on quick wins, debates would cool down. No drama, just fundamentals.",1
ai_0700,"Low key, in campus life, we overcomplicate things that are pretty structural. People spend a lot of time arguing about headlines instead of structure. When rewards are misaligned, people adapt in predictable ways. It’s fair to say disruption has benefits. Fast change can spark creativity and urgency. But without guardrails and follow through, momentum fades quickly. When rewards are misaligned, people adapt in predictable ways. If we focused more on long term alignment and less on quick wins, debates would cool down. Simple doesn’t mean easy.",1
ai_0701,"If I’m being honest, in politics, most issues come down to incentives. People spend a lot of time arguing about headlines instead of structure. Short term wins feel good, but they rarely fix root causes. There are valid counterpoints. Fast change can spark creativity and urgency. But without guardrails and follow through, momentum fades quickly. Small design tweaks can shift behavior dramatically. If we focused more on long term alignment and less on quick wins, debates would cool down. No drama, just fundamentals.",1
ai_0702,"The simple version is that in tech, consistency beats sudden bursts of energy. People spend a lot of time arguing about headlines instead of structure. A lot of energy goes into optics instead of outcomes. There’s definitely another perspective. Fast change can spark creativity and urgency. But without guardrails and follow through, momentum fades quickly. People follow incentives more than inspiration. If we focused more on long term alignment and less on quick wins, debates would cool down. It’s not flashy, but steady effort usually wins.",1
ai_0703,"The simple version is that in health, most issues come down to incentives. People spend a lot of time arguing about headlines instead of structure. Systems respond to what is measured, not what is promised. I understand why some people push back. Fast change can spark creativity and urgency. But without guardrails and follow through, momentum fades quickly. When rewards are misaligned, people adapt in predictable ways. If we focused more on long term alignment and less on quick wins, debates would cool down. No drama, just fundamentals.",1
ai_0704,"The simple version is that in sports, execution gaps create more damage than bad intentions. People spend a lot of time arguing about headlines instead of structure. Small design tweaks can shift behavior dramatically. There are valid counterpoints. Fast change can spark creativity and urgency. But without guardrails and follow through, momentum fades quickly. Systems respond to what is measured, not what is promised. If we focused more on long term alignment and less on quick wins, debates would cool down. No drama, just fundamentals.",1
ai_0705,"Here’s my take: in economy, clear goals change behavior fast. People spend a lot of time arguing about headlines instead of structure. People follow incentives more than inspiration. It’s fair to say disruption has benefits. Fast change can spark creativity and urgency. But without guardrails and follow through, momentum fades quickly. When rewards are misaligned, people adapt in predictable ways. If we focused more on long term alignment and less on quick wins, debates would cool down. We can disagree without ignoring tradeoffs.",1
ai_0706,"If I’m being honest, in climate, we overcomplicate things that are pretty structural. People spend a lot of time arguing about headlines instead of structure. Systems respond to what is measured, not what is promised. Some folks argue the opposite, and I see why. Fast change can spark creativity and urgency. But without guardrails and follow through, momentum fades quickly. Systems respond to what is measured, not what is promised. If we focused more on long term alignment and less on quick wins, debates would cool down. It’s not flashy, but steady effort usually wins.",1
ai_0707,"Not to overthink it, but in campus life, execution gaps create more damage than bad intentions. People spend a lot of time arguing about headlines instead of structure. Systems respond to what is measured, not what is promised. Some folks argue the opposite, and I see why. Fast change can spark creativity and urgency. But without guardrails and follow through, momentum fades quickly. Short term wins feel good, but they rarely fix root causes. If we focused more on long term alignment and less on quick wins, debates would cool down. It’s not flashy, but steady effort usually wins.",1
ai_0708,"Here’s my take: in politics, consistency beats sudden bursts of energy. People spend a lot of time arguing about headlines instead of structure. When rewards are misaligned, people adapt in predictable ways. It’s fair to say disruption has benefits. Fast change can spark creativity and urgency. But without guardrails and follow through, momentum fades quickly. People follow incentives more than inspiration. If we focused more on long term alignment and less on quick wins, debates would cool down. Simple doesn’t mean easy.",1
ai_0709,"The simple version is that in tech, clear goals change behavior fast. People spend a lot of time arguing about headlines instead of structure. Short term wins feel good, but they rarely fix root causes. There are valid counterpoints. Fast change can spark creativity and urgency. But without guardrails and follow through, momentum fades quickly. Systems respond to what is measured, not what is promised. If we focused more on long term alignment and less on quick wins, debates would cool down. Simple doesn’t mean easy.",1
ai_0710,"Here’s my take: in health, most issues come down to incentives. People spend a lot of time arguing about headlines instead of structure. People follow incentives more than inspiration. It’s fair to say disruption has benefits. Fast change can spark creativity and urgency. But without guardrails and follow through, momentum fades quickly. When rewards are misaligned, people adapt in predictable ways. If we focused more on long term alignment and less on quick wins, debates would cool down. No drama, just fundamentals.",1
ai_0711,"If I’m being honest, in sports, consistency beats sudden bursts of energy. People spend a lot of time arguing about headlines instead of structure. Small design tweaks can shift behavior dramatically. There are valid counterpoints. Fast change can spark creativity and urgency. But without guardrails and follow through, momentum fades quickly. People follow incentives more than inspiration. If we focused more on long term alignment and less on quick wins, debates would cool down. Simple doesn’t mean easy.",1
ai_0712,"Here’s my take: in economy, most issues come down to incentives. People spend a lot of time arguing about headlines instead of structure. When rewards are misaligned, people adapt in predictable ways. There are valid counterpoints. Fast change can spark creativity and urgency. But without guardrails and follow through, momentum fades quickly. The loudest voices are not always the most informed. If we focused more on long term alignment and less on quick wins, debates would cool down. That’s kind of the whole point.",1
ai_0713,"Not to overthink it, but in climate, most issues come down to incentives. People spend a lot of time arguing about headlines instead of structure. Small design tweaks can shift behavior dramatically. There’s definitely another perspective. Fast change can spark creativity and urgency. But without guardrails and follow through, momentum fades quickly. When rewards are misaligned, people adapt in predictable ways. If we focused more on long term alignment and less on quick wins, debates would cool down. We can disagree without ignoring tradeoffs.",1
ai_0714,"If I’m being honest, in campus life, most issues come down to incentives. People spend a lot of time arguing about headlines instead of structure. When rewards are misaligned, people adapt in predictable ways. There are valid counterpoints. Fast change can spark creativity and urgency. But without guardrails and follow through, momentum fades quickly. Short term wins feel good, but they rarely fix root causes. If we focused more on long term alignment and less on quick wins, debates would cool down. We can disagree without ignoring tradeoffs.",1
ai_0715,"Low key, in politics, most issues come down to incentives. People spend a lot of time arguing about headlines instead of structure. A lot of energy goes into optics instead of outcomes. There’s definitely another perspective. Fast change can spark creativity and urgency. But without guardrails and follow through, momentum fades quickly. Small design tweaks can shift behavior dramatically. If we focused more on long term alignment and less on quick wins, debates would cool down. We can disagree without ignoring tradeoffs.",1
ai_0716,"Here’s my take: in tech, clear goals change behavior fast. People spend a lot of time arguing about headlines instead of structure. Short term wins feel good, but they rarely fix root causes. I understand why some people push back. Fast change can spark creativity and urgency. But without guardrails and follow through, momentum fades quickly. A lot of energy goes into optics instead of outcomes. If we focused more on long term alignment and less on quick wins, debates would cool down. No drama, just fundamentals.",1
ai_0717,"Not to overthink it, but in health, we overcomplicate things that are pretty structural. People spend a lot of time arguing about headlines instead of structure. The loudest voices are not always the most informed. Some folks argue the opposite, and I see why. Fast change can spark creativity and urgency. But without guardrails and follow through, momentum fades quickly. When rewards are misaligned, people adapt in predictable ways. If we focused more on long term alignment and less on quick wins, debates would cool down. Simple doesn’t mean easy.",1
ai_0718,"Here’s my take: in sports, most issues come down to incentives. People spend a lot of time arguing about headlines instead of structure. The loudest voices are not always the most informed. There are valid counterpoints. Fast change can spark creativity and urgency. But without guardrails and follow through, momentum fades quickly. The loudest voices are not always the most informed. If we focused more on long term alignment and less on quick wins, debates would cool down. It’s not flashy, but steady effort usually wins.",1
ai_0719,"Low key, in economy, clear goals change behavior fast. People spend a lot of time arguing about headlines instead of structure. Short term wins feel good, but they rarely fix root causes. Some folks argue the opposite, and I see why. Fast change can spark creativity and urgency. But without guardrails and follow through, momentum fades quickly. A lot of energy goes into optics instead of outcomes. If we focused more on long term alignment and less on quick wins, debates would cool down. It’s not flashy, but steady effort usually wins.",1
ai_0720,"Low key, in climate, we overcomplicate things that are pretty structural. People spend a lot of time arguing about headlines instead of structure. People follow incentives more than inspiration. Some folks argue the opposite, and I see why. Fast change can spark creativity and urgency. But without guardrails and follow through, momentum fades quickly. When rewards are misaligned, people adapt in predictable ways. If we focused more on long term alignment and less on quick wins, debates would cool down. No drama, just fundamentals.",1
ai_0721,"If I’m being honest, in campus life, we overcomplicate things that are pretty structural. People spend a lot of time arguing about headlines instead of structure. Systems respond to what is measured, not what is promised. There’s definitely another perspective. Fast change can spark creativity and urgency. But without guardrails and follow through, momentum fades quickly. Systems respond to what is measured, not what is promised. If we focused more on long term alignment and less on quick wins, debates would cool down. It’s not flashy, but steady effort usually wins.",1
ai_0722,"Here’s my take: in politics, clear goals change behavior fast. People spend a lot of time arguing about headlines instead of structure. A lot of energy goes into optics instead of outcomes. There’s definitely another perspective. Fast change can spark creativity and urgency. But without guardrails and follow through, momentum fades quickly. The loudest voices are not always the most informed. If we focused more on long term alignment and less on quick wins, debates would cool down. Simple doesn’t mean easy.",1
ai_0723,"Not to overthink it, but in tech, most issues come down to incentives. People spend a lot of time arguing about headlines instead of structure. Systems respond to what is measured, not what is promised. I understand why some people push back. Fast change can spark creativity and urgency. But without guardrails and follow through, momentum fades quickly. The loudest voices are not always the most informed. If we focused more on long term alignment and less on quick wins, debates would cool down. It’s not flashy, but steady effort usually wins.",1
ai_0724,"Not to overthink it, but in health, most issues come down to incentives. People spend a lot of time arguing about headlines instead of structure. The loudest voices are not always the most informed. There are valid counterpoints. Fast change can spark creativity and urgency. But without guardrails and follow through, momentum fades quickly. A lot of energy goes into optics instead of outcomes. If we focused more on long term alignment and less on quick wins, debates would cool down. That’s kind of the whole point.",1
ai_0725,"Not to overthink it, but in sports, we overcomplicate things that are pretty structural. People spend a lot of time arguing about headlines instead of structure. When rewards are misaligned, people adapt in predictable ways. It’s fair to say disruption has benefits. Fast change can spark creativity and urgency. But without guardrails and follow through, momentum fades quickly. Short term wins feel good, but they rarely fix root causes. If we focused more on long term alignment and less on quick wins, debates would cool down. No drama, just fundamentals.",1
ai_0726,"Not to overthink it, but in economy, most issues come down to incentives. People spend a lot of time arguing about headlines instead of structure. When rewards are misaligned, people adapt in predictable ways. It’s fair to say disruption has benefits. Fast change can spark creativity and urgency. But without guardrails and follow through, momentum fades quickly. When rewards are misaligned, people adapt in predictable ways. If we focused more on long term alignment and less on quick wins, debates would cool down. No drama, just fundamentals.",1
ai_0727,"Here’s my take: in climate, consistency beats sudden bursts of energy. People spend a lot of time arguing about headlines instead of structure. Short term wins feel good, but they rarely fix root causes. Some folks argue the opposite, and I see why. Fast change can spark creativity and urgency. But without guardrails and follow through, momentum fades quickly. When rewards are misaligned, people adapt in predictable ways. If we focused more on long term alignment and less on quick wins, debates would cool down. Simple doesn’t mean easy.",1
ai_0728,"The simple version is that in campus life, consistency beats sudden bursts of energy. People spend a lot of time arguing about headlines instead of structure. Systems respond to what is measured, not what is promised. It’s fair to say disruption has benefits. Fast change can spark creativity and urgency. But without guardrails and follow through, momentum fades quickly. Small design tweaks can shift behavior dramatically. If we focused more on long term alignment and less on quick wins, debates would cool down. It’s not flashy, but steady effort usually wins.",1
ai_0729,"The simple version is that in politics, most issues come down to incentives. People spend a lot of time arguing about headlines instead of structure. People follow incentives more than inspiration. There are valid counterpoints. Fast change can spark creativity and urgency. But without guardrails and follow through, momentum fades quickly. A lot of energy goes into optics instead of outcomes. If we focused more on long term alignment and less on quick wins, debates would cool down. It’s not flashy, but steady effort usually wins.",1
ai_0730,"If I’m being honest, in tech, we overcomplicate things that are pretty structural. People spend a lot of time arguing about headlines instead of structure. A lot of energy goes into optics instead of outcomes. It’s fair to say disruption has benefits. Fast change can spark creativity and urgency. But without guardrails and follow through, momentum fades quickly. Short term wins feel good, but they rarely fix root causes. If we focused more on long term alignment and less on quick wins, debates would cool down. Simple doesn’t mean easy.",1
ai_0731,"If I’m being honest, in health, we overcomplicate things that are pretty structural. People spend a lot of time arguing about headlines instead of structure. Small design tweaks can shift behavior dramatically. There are valid counterpoints. Fast change can spark creativity and urgency. But without guardrails and follow through, momentum fades quickly. People follow incentives more than inspiration. If we focused more on long term alignment and less on quick wins, debates would cool down. No drama, just fundamentals.",1
ai_0732,"Here’s my take: in sports, consistency beats sudden bursts of energy. People spend a lot of time arguing about headlines instead of structure. Small design tweaks can shift behavior dramatically. I understand why some people push back. Fast change can spark creativity and urgency. But without guardrails and follow through, momentum fades quickly. People follow incentives more than inspiration. If we focused more on long term alignment and less on quick wins, debates would cool down. That’s kind of the whole point.",1
ai_0733,"Here’s my take: in economy, most issues come down to incentives. People spend a lot of time arguing about headlines instead of structure. The loudest voices are not always the most informed. There’s definitely another perspective. Fast change can spark creativity and urgency. But without guardrails and follow through, momentum fades quickly. A lot of energy goes into optics instead of outcomes. If we focused more on long term alignment and less on quick wins, debates would cool down. We can disagree without ignoring tradeoffs.",1
ai_0734,"Here’s my take: in climate, we overcomplicate things that are pretty structural. People spend a lot of time arguing about headlines instead of structure. When rewards are misaligned, people adapt in predictable ways. There’s definitely another perspective. Fast change can spark creativity and urgency. But without guardrails and follow through, momentum fades quickly. The loudest voices are not always the most informed. If we focused more on long term alignment and less on quick wins, debates would cool down. Simple doesn’t mean easy.",1
ai_0735,"Here’s my take: in campus life, consistency beats sudden bursts of energy. People spend a lot of time arguing about headlines instead of structure. People follow incentives more than inspiration. I understand why some people push back. Fast change can spark creativity and urgency. But without guardrails and follow through, momentum fades quickly. People follow incentives more than inspiration. If we focused more on long term alignment and less on quick wins, debates would cool down. We can disagree without ignoring tradeoffs.",1
ai_0736,"Not to overthink it, but in politics, execution gaps create more damage than bad intentions. People spend a lot of time arguing about headlines instead of structure. The loudest voices are not always the most informed. I understand why some people push back. Fast change can spark creativity and urgency. But without guardrails and follow through, momentum fades quickly. Small design tweaks can shift behavior dramatically. If we focused more on long term alignment and less on quick wins, debates would cool down. Simple doesn’t mean easy.",1
ai_0737,"Not to overthink it, but in tech, clear goals change behavior fast. People spend a lot of time arguing about headlines instead of structure. Small design tweaks can shift behavior dramatically. I understand why some people push back. Fast change can spark creativity and urgency. But without guardrails and follow through, momentum fades quickly. A lot of energy goes into optics instead of outcomes. If we focused more on long term alignment and less on quick wins, debates would cool down. Simple doesn’t mean easy.",1
ai_0738,"If I’m being honest, in health, consistency beats sudden bursts of energy. People spend a lot of time arguing about headlines instead of structure. People follow incentives more than inspiration. It’s fair to say disruption has benefits. Fast change can spark creativity and urgency. But without guardrails and follow through, momentum fades quickly. People follow incentives more than inspiration. If we focused more on long term alignment and less on quick wins, debates would cool down. We can disagree without ignoring tradeoffs.",1
ai_0739,"If I’m being honest, in sports, we overcomplicate things that are pretty structural. People spend a lot of time arguing about headlines instead of structure. The loudest voices are not always the most informed. I understand why some people push back. Fast change can spark creativity and urgency. But without guardrails and follow through, momentum fades quickly. Small design tweaks can shift behavior dramatically. If we focused more on long term alignment and less on quick wins, debates would cool down. No drama, just fundamentals.",1
ai_0740,"Low key, in economy, we overcomplicate things that are pretty structural. People spend a lot of time arguing about headlines instead of structure. People follow incentives more than inspiration. There’s definitely another perspective. Fast change can spark creativity and urgency. But without guardrails and follow through, momentum fades quickly. When rewards are misaligned, people adapt in predictable ways. If we focused more on long term alignment and less on quick wins, debates would cool down. No drama, just fundamentals.",1
ai_0741,"The simple version is that in climate, most issues come down to incentives. People spend a lot of time arguing about headlines instead of structure. Small design tweaks can shift behavior dramatically. I understand why some people push back. Fast change can spark creativity and urgency. But without guardrails and follow through, momentum fades quickly. People follow incentives more than inspiration. If we focused more on long term alignment and less on quick wins, debates would cool down. That’s kind of the whole point.",1
ai_0742,"The simple version is that in campus life, consistency beats sudden bursts of energy. People spend a lot of time arguing about headlines instead of structure. A lot of energy goes into optics instead of outcomes. Some folks argue the opposite, and I see why. Fast change can spark creativity and urgency. But without guardrails and follow through, momentum fades quickly. Short term wins feel good, but they rarely fix root causes. If we focused more on long term alignment and less on quick wins, debates would cool down. That’s kind of the whole point.",1
ai_0743,"Low key, in politics, consistency beats sudden bursts of energy. People spend a lot of time arguing about headlines instead of structure. The loudest voices are not always the most informed. It’s fair to say disruption has benefits. Fast change can spark creativity and urgency. But without guardrails and follow through, momentum fades quickly. Short term wins feel good, but they rarely fix root causes. If we focused more on long term alignment and less on quick wins, debates would cool down. Simple doesn’t mean easy.",1
ai_0744,"Low key, in tech, clear goals change behavior fast. People spend a lot of time arguing about headlines instead of structure. The loudest voices are not always the most informed. There are valid counterpoints. Fast change can spark creativity and urgency. But without guardrails and follow through, momentum fades quickly. A lot of energy goes into optics instead of outcomes. If we focused more on long term alignment and less on quick wins, debates would cool down. Simple doesn’t mean easy.",1
ai_0745,"If I’m being honest, in health, clear goals change behavior fast. People spend a lot of time arguing about headlines instead of structure. When rewards are misaligned, people adapt in predictable ways. I understand why some people push back. Fast change can spark creativity and urgency. But without guardrails and follow through, momentum fades quickly. Systems respond to what is measured, not what is promised. If we focused more on long term alignment and less on quick wins, debates would cool down. No drama, just fundamentals.",1
ai_0746,"Low key, in sports, we overcomplicate things that are pretty structural. People spend a lot of time arguing about headlines instead of structure. Small design tweaks can shift behavior dramatically. I understand why some people push back. Fast change can spark creativity and urgency. But without guardrails and follow through, momentum fades quickly. The loudest voices are not always the most informed. If we focused more on long term alignment and less on quick wins, debates would cool down. We can disagree without ignoring tradeoffs.",1
ai_0747,"Here’s my take: in economy, execution gaps create more damage than bad intentions. People spend a lot of time arguing about headlines instead of structure. When rewards are misaligned, people adapt in predictable ways. I understand why some people push back. Fast change can spark creativity and urgency. But without guardrails and follow through, momentum fades quickly. People follow incentives more than inspiration. If we focused more on long term alignment and less on quick wins, debates would cool down. We can disagree without ignoring tradeoffs.",1
ai_0748,"The simple version is that in climate, we overcomplicate things that are pretty structural. People spend a lot of time arguing about headlines instead of structure. People follow incentives more than inspiration. There’s definitely another perspective. Fast change can spark creativity and urgency. But without guardrails and follow through, momentum fades quickly. Small design tweaks can shift behavior dramatically. If we focused more on long term alignment and less on quick wins, debates would cool down. We can disagree without ignoring tradeoffs.",1
ai_0749,"If I’m being honest, in campus life, we overcomplicate things that are pretty structural. People spend a lot of time arguing about headlines instead of structure. Small design tweaks can shift behavior dramatically. I understand why some people push back. Fast change can spark creativity and urgency. But without guardrails and follow through, momentum fades quickly. People follow incentives more than inspiration. If we focused more on long term alignment and less on quick wins, debates would cool down. That’s kind of the whole point.",1
ai_0750,"The simple version is that in politics, execution gaps create more damage than bad intentions. People spend a lot of time arguing about headlines instead of structure. A lot of energy goes into optics instead of outcomes. Some folks argue the opposite, and I see why. Fast change can spark creativity and urgency. But without guardrails and follow through, momentum fades quickly. The loudest voices are not always the most informed. If we focused more on long term alignment and less on quick wins, debates would cool down. We can disagree without ignoring tradeoffs.",1
ai_0751,"If I’m being honest, in tech, most issues come down to incentives. People spend a lot of time arguing about headlines instead of structure. The loudest voices are not always the most informed. There’s definitely another perspective. Fast change can spark creativity and urgency. But without guardrails and follow through, momentum fades quickly. Short term wins feel good, but they rarely fix root causes. If we focused more on long term alignment and less on quick wins, debates would cool down. We can disagree without ignoring tradeoffs.",1
ai_0752,"Not to overthink it, but in health, execution gaps create more damage than bad intentions. People spend a lot of time arguing about headlines instead of structure. People follow incentives more than inspiration. Some folks argue the opposite, and I see why. Fast change can spark creativity and urgency. But without guardrails and follow through, momentum fades quickly. Small design tweaks can shift behavior dramatically. If we focused more on long term alignment and less on quick wins, debates would cool down. Simple doesn’t mean easy.",1
ai_0753,"Low key, in sports, execution gaps create more damage than bad intentions. People spend a lot of time arguing about headlines instead of structure. The loudest voices are not always the most informed. It’s fair to say disruption has benefits. Fast change can spark creativity and urgency. But without guardrails and follow through, momentum fades quickly. When rewards are misaligned, people adapt in predictable ways. If we focused more on long term alignment and less on quick wins, debates would cool down. No drama, just fundamentals.",1
ai_0754,"Not to overthink it, but in economy, clear goals change behavior fast. People spend a lot of time arguing about headlines instead of structure. Systems respond to what is measured, not what is promised. It’s fair to say disruption has benefits. Fast change can spark creativity and urgency. But without guardrails and follow through, momentum fades quickly. The loudest voices are not always the most informed. If we focused more on long term alignment and less on quick wins, debates would cool down. We can disagree without ignoring tradeoffs.",1
ai_0755,"Low key, in climate, most issues come down to incentives. People spend a lot of time arguing about headlines instead of structure. Short term wins feel good, but they rarely fix root causes. There are valid counterpoints. Fast change can spark creativity and urgency. But without guardrails and follow through, momentum fades quickly. Short term wins feel good, but they rarely fix root causes. If we focused more on long term alignment and less on quick wins, debates would cool down. That’s kind of the whole point.",1
ai_0756,"Low key, in campus life, execution gaps create more damage than bad intentions. People spend a lot of time arguing about headlines instead of structure. When rewards are misaligned, people adapt in predictable ways. There’s definitely another perspective. Fast change can spark creativity and urgency. But without guardrails and follow through, momentum fades quickly. Small design tweaks can shift behavior dramatically. If we focused more on long term alignment and less on quick wins, debates would cool down. That’s kind of the whole point.",1
ai_0757,"Low key, in politics, most issues come down to incentives. People spend a lot of time arguing about headlines instead of structure. Systems respond to what is measured, not what is promised. It’s fair to say disruption has benefits. Fast change can spark creativity and urgency. But without guardrails and follow through, momentum fades quickly. The loudest voices are not always the most informed. If we focused more on long term alignment and less on quick wins, debates would cool down. Simple doesn’t mean easy.",1
ai_0758,"The simple version is that in tech, consistency beats sudden bursts of energy. People spend a lot of time arguing about headlines instead of structure. When rewards are misaligned, people adapt in predictable ways. There are valid counterpoints. Fast change can spark creativity and urgency. But without guardrails and follow through, momentum fades quickly. Short term wins feel good, but they rarely fix root causes. If we focused more on long term alignment and less on quick wins, debates would cool down. No drama, just fundamentals.",1
ai_0759,"Here’s my take: in health, most issues come down to incentives. People spend a lot of time arguing about headlines instead of structure. People follow incentives more than inspiration. It’s fair to say disruption has benefits. Fast change can spark creativity and urgency. But without guardrails and follow through, momentum fades quickly. The loudest voices are not always the most informed. If we focused more on long term alignment and less on quick wins, debates would cool down. No drama, just fundamentals.",1
ai_0760,"The simple version is that in sports, most issues come down to incentives. People spend a lot of time arguing about headlines instead of structure. When rewards are misaligned, people adapt in predictable ways. I understand why some people push back. Fast change can spark creativity and urgency. But without guardrails and follow through, momentum fades quickly. People follow incentives more than inspiration. If we focused more on long term alignment and less on quick wins, debates would cool down. We can disagree without ignoring tradeoffs.",1
ai_0761,"Not to overthink it, but in economy, clear goals change behavior fast. People spend a lot of time arguing about headlines instead of structure. Small design tweaks can shift behavior dramatically. There are valid counterpoints. Fast change can spark creativity and urgency. But without guardrails and follow through, momentum fades quickly. Short term wins feel good, but they rarely fix root causes. If we focused more on long term alignment and less on quick wins, debates would cool down. No drama, just fundamentals.",1
ai_0762,"Not to overthink it, but in climate, clear goals change behavior fast. People spend a lot of time arguing about headlines instead of structure. A lot of energy goes into optics instead of outcomes. It’s fair to say disruption has benefits. Fast change can spark creativity and urgency. But without guardrails and follow through, momentum fades quickly. A lot of energy goes into optics instead of outcomes. If we focused more on long term alignment and less on quick wins, debates would cool down. It’s not flashy, but steady effort usually wins.",1
ai_0763,"Low key, in campus life, clear goals change behavior fast. People spend a lot of time arguing about headlines instead of structure. Short term wins feel good, but they rarely fix root causes. I understand why some people push back. Fast change can spark creativity and urgency. But without guardrails and follow through, momentum fades quickly. A lot of energy goes into optics instead of outcomes. If we focused more on long term alignment and less on quick wins, debates would cool down. It’s not flashy, but steady effort usually wins.",1
ai_0764,"The simple version is that in politics, clear goals change behavior fast. People spend a lot of time arguing about headlines instead of structure. The loudest voices are not always the most informed. There’s definitely another perspective. Fast change can spark creativity and urgency. But without guardrails and follow through, momentum fades quickly. When rewards are misaligned, people adapt in predictable ways. If we focused more on long term alignment and less on quick wins, debates would cool down. Simple doesn’t mean easy.",1
ai_0765,"Here’s my take: in tech, consistency beats sudden bursts of energy. People spend a lot of time arguing about headlines instead of structure. Systems respond to what is measured, not what is promised. There are valid counterpoints. Fast change can spark creativity and urgency. But without guardrails and follow through, momentum fades quickly. People follow incentives more than inspiration. If we focused more on long term alignment and less on quick wins, debates would cool down. We can disagree without ignoring tradeoffs.",1
ai_0766,"If I’m being honest, in health, execution gaps create more damage than bad intentions. People spend a lot of time arguing about headlines instead of structure. Short term wins feel good, but they rarely fix root causes. There are valid counterpoints. Fast change can spark creativity and urgency. But without guardrails and follow through, momentum fades quickly. People follow incentives more than inspiration. If we focused more on long term alignment and less on quick wins, debates would cool down. We can disagree without ignoring tradeoffs.",1
ai_0767,"The simple version is that in sports, execution gaps create more damage than bad intentions. People spend a lot of time arguing about headlines instead of structure. When rewards are misaligned, people adapt in predictable ways. There are valid counterpoints. Fast change can spark creativity and urgency. But without guardrails and follow through, momentum fades quickly. Short term wins feel good, but they rarely fix root causes. If we focused more on long term alignment and less on quick wins, debates would cool down. It’s not flashy, but steady effort usually wins.",1
ai_0768,"Low key, in economy, clear goals change behavior fast. People spend a lot of time arguing about headlines instead of structure. People follow incentives more than inspiration. Some folks argue the opposite, and I see why. Fast change can spark creativity and urgency. But without guardrails and follow through, momentum fades quickly. People follow incentives more than inspiration. If we focused more on long term alignment and less on quick wins, debates would cool down. We can disagree without ignoring tradeoffs.",1
ai_0769,"Low key, in climate, consistency beats sudden bursts of energy. People spend a lot of time arguing about headlines instead of structure. A lot of energy goes into optics instead of outcomes. Some folks argue the opposite, and I see why. Fast change can spark creativity and urgency. But without guardrails and follow through, momentum fades quickly. People follow incentives more than inspiration. If we focused more on long term alignment and less on quick wins, debates would cool down. It’s not flashy, but steady effort usually wins.",1
ai_0770,"Here’s my take: in campus life, consistency beats sudden bursts of energy. People spend a lot of time arguing about headlines instead of structure. The loudest voices are not always the most informed. There are valid counterpoints. Fast change can spark creativity and urgency. But without guardrails and follow through, momentum fades quickly. When rewards are misaligned, people adapt in predictable ways. If we focused more on long term alignment and less on quick wins, debates would cool down. It’s not flashy, but steady effort usually wins.",1
ai_0771,"The simple version is that in politics, consistency beats sudden bursts of energy. People spend a lot of time arguing about headlines instead of structure. A lot of energy goes into optics instead of outcomes. There’s definitely another perspective. Fast change can spark creativity and urgency. But without guardrails and follow through, momentum fades quickly. A lot of energy goes into optics instead of outcomes. If we focused more on long term alignment and less on quick wins, debates would cool down. No drama, just fundamentals.",1
ai_0772,"Not to overthink it, but in tech, clear goals change behavior fast. People spend a lot of time arguing about headlines instead of structure. Short term wins feel good, but they rarely fix root causes. Some folks argue the opposite, and I see why. Fast change can spark creativity and urgency. But without guardrails and follow through, momentum fades quickly. Short term wins feel good, but they rarely fix root causes. If we focused more on long term alignment and less on quick wins, debates would cool down. Simple doesn’t mean easy.",1
ai_0773,"The simple version is that in health, clear goals change behavior fast. People spend a lot of time arguing about headlines instead of structure. People follow incentives more than inspiration. It’s fair to say disruption has benefits. Fast change can spark creativity and urgency. But without guardrails and follow through, momentum fades quickly. When rewards are misaligned, people adapt in predictable ways. If we focused more on long term alignment and less on quick wins, debates would cool down. No drama, just fundamentals.",1
ai_0774,"Not to overthink it, but in sports, we overcomplicate things that are pretty structural. People spend a lot of time arguing about headlines instead of structure. When rewards are misaligned, people adapt in predictable ways. There’s definitely another perspective. Fast change can spark creativity and urgency. But without guardrails and follow through, momentum fades quickly. A lot of energy goes into optics instead of outcomes. If we focused more on long term alignment and less on quick wins, debates would cool down. That’s kind of the whole point.",1
ai_0775,"Here’s my take: in economy, clear goals change behavior fast. People spend a lot of time arguing about headlines instead of structure. A lot of energy goes into optics instead of outcomes. I understand why some people push back. Fast change can spark creativity and urgency. But without guardrails and follow through, momentum fades quickly. People follow incentives more than inspiration. If we focused more on long term alignment and less on quick wins, debates would cool down. We can disagree without ignoring tradeoffs.",1
ai_0776,"Low key, in climate, clear goals change behavior fast. People spend a lot of time arguing about headlines instead of structure. Systems respond to what is measured, not what is promised. There’s definitely another perspective. Fast change can spark creativity and urgency. But without guardrails and follow through, momentum fades quickly. A lot of energy goes into optics instead of outcomes. If we focused more on long term alignment and less on quick wins, debates would cool down. It’s not flashy, but steady effort usually wins.",1
ai_0777,"Here’s my take: in campus life, clear goals change behavior fast. People spend a lot of time arguing about headlines instead of structure. A lot of energy goes into optics instead of outcomes. I understand why some people push back. Fast change can spark creativity and urgency. But without guardrails and follow through, momentum fades quickly. Short term wins feel good, but they rarely fix root causes. If we focused more on long term alignment and less on quick wins, debates would cool down. It’s not flashy, but steady effort usually wins.",1
ai_0778,"If I’m being honest, in politics, we overcomplicate things that are pretty structural. People spend a lot of time arguing about headlines instead of structure. Short term wins feel good, but they rarely fix root causes. Some folks argue the opposite, and I see why. Fast change can spark creativity and urgency. But without guardrails and follow through, momentum fades quickly. A lot of energy goes into optics instead of outcomes. If we focused more on long term alignment and less on quick wins, debates would cool down. No drama, just fundamentals.",1
ai_0779,"Low key, in tech, we overcomplicate things that are pretty structural. People spend a lot of time arguing about headlines instead of structure. A lot of energy goes into optics instead of outcomes. Some folks argue the opposite, and I see why. Fast change can spark creativity and urgency. But without guardrails and follow through, momentum fades quickly. People follow incentives more than inspiration. If we focused more on long term alignment and less on quick wins, debates would cool down. Simple doesn’t mean easy.",1
ai_0780,"Low key, in health, we overcomplicate things that are pretty structural. People spend a lot of time arguing about headlines instead of structure. People follow incentives more than inspiration. Some folks argue the opposite, and I see why. Fast change can spark creativity and urgency. But without guardrails and follow through, momentum fades quickly. A lot of energy goes into optics instead of outcomes. If we focused more on long term alignment and less on quick wins, debates would cool down. It’s not flashy, but steady effort usually wins.",1
ai_0781,"Not to overthink it, but in sports, execution gaps create more damage than bad intentions. People spend a lot of time arguing about headlines instead of structure. Systems respond to what is measured, not what is promised. There are valid counterpoints. Fast change can spark creativity and urgency. But without guardrails and follow through, momentum fades quickly. Short term wins feel good, but they rarely fix root causes. If we focused more on long term alignment and less on quick wins, debates would cool down. It’s not flashy, but steady effort usually wins.",1
ai_0782,"The simple version is that in economy, execution gaps create more damage than bad intentions. People spend a lot of time arguing about headlines instead of structure. The loudest voices are not always the most informed. Some folks argue the opposite, and I see why. Fast change can spark creativity and urgency. But without guardrails and follow through, momentum fades quickly. Small design tweaks can shift behavior dramatically. If we focused more on long term alignment and less on quick wins, debates would cool down. It’s not flashy, but steady effort usually wins.",1
ai_0783,"Here’s my take: in climate, execution gaps create more damage than bad intentions. People spend a lot of time arguing about headlines instead of structure. The loudest voices are not always the most informed. There are valid counterpoints. Fast change can spark creativity and urgency. But without guardrails and follow through, momentum fades quickly. When rewards are misaligned, people adapt in predictable ways. If we focused more on long term alignment and less on quick wins, debates would cool down. That’s kind of the whole point.",1
ai_0784,"Low key, in campus life, most issues come down to incentives. People spend a lot of time arguing about headlines instead of structure. Small design tweaks can shift behavior dramatically. It’s fair to say disruption has benefits. Fast change can spark creativity and urgency. But without guardrails and follow through, momentum fades quickly. Short term wins feel good, but they rarely fix root causes. If we focused more on long term alignment and less on quick wins, debates would cool down. Simple doesn’t mean easy.",1
ai_0785,"The simple version is that in politics, execution gaps create more damage than bad intentions. People spend a lot of time arguing about headlines instead of structure. Short term wins feel good, but they rarely fix root causes. There are valid counterpoints. Fast change can spark creativity and urgency. But without guardrails and follow through, momentum fades quickly. A lot of energy goes into optics instead of outcomes. If we focused more on long term alignment and less on quick wins, debates would cool down. Simple doesn’t mean easy.",1
ai_0786,"Low key, in tech, we overcomplicate things that are pretty structural. People spend a lot of time arguing about headlines instead of structure. A lot of energy goes into optics instead of outcomes. It’s fair to say disruption has benefits. Fast change can spark creativity and urgency. But without guardrails and follow through, momentum fades quickly. The loudest voices are not always the most informed. If we focused more on long term alignment and less on quick wins, debates would cool down. That’s kind of the whole point.",1
ai_0787,"If I’m being honest, in health, clear goals change behavior fast. People spend a lot of time arguing about headlines instead of structure. Systems respond to what is measured, not what is promised. There’s definitely another perspective. Fast change can spark creativity and urgency. But without guardrails and follow through, momentum fades quickly. A lot of energy goes into optics instead of outcomes. If we focused more on long term alignment and less on quick wins, debates would cool down. We can disagree without ignoring tradeoffs.",1
ai_0788,"Not to overthink it, but in sports, we overcomplicate things that are pretty structural. People spend a lot of time arguing about headlines instead of structure. A lot of energy goes into optics instead of outcomes. There are valid counterpoints. Fast change can spark creativity and urgency. But without guardrails and follow through, momentum fades quickly. Small design tweaks can shift behavior dramatically. If we focused more on long term alignment and less on quick wins, debates would cool down. No drama, just fundamentals.",1
ai_0789,"Low key, in economy, we overcomplicate things that are pretty structural. People spend a lot of time arguing about headlines instead of structure. The loudest voices are not always the most informed. It’s fair to say disruption has benefits. Fast change can spark creativity and urgency. But without guardrails and follow through, momentum fades quickly. Short term wins feel good, but they rarely fix root causes. If we focused more on long term alignment and less on quick wins, debates would cool down. No drama, just fundamentals.",1
ai_0790,"Here’s my take: in climate, clear goals change behavior fast. People spend a lot of time arguing about headlines instead of structure. The loudest voices are not always the most informed. There are valid counterpoints. Fast change can spark creativity and urgency. But without guardrails and follow through, momentum fades quickly. A lot of energy goes into optics instead of outcomes. If we focused more on long term alignment and less on quick wins, debates would cool down. Simple doesn’t mean easy.",1
ai_0791,"The simple version is that in campus life, consistency beats sudden bursts of energy. People spend a lot of time arguing about headlines instead of structure. Small design tweaks can shift behavior dramatically. There are valid counterpoints. Fast change can spark creativity and urgency. But without guardrails and follow through, momentum fades quickly. Small design tweaks can shift behavior dramatically. If we focused more on long term alignment and less on quick wins, debates would cool down. Simple doesn’t mean easy.",1
ai_0792,"If I’m being honest, in politics, consistency beats sudden bursts of energy. People spend a lot of time arguing about headlines instead of structure. Short term wins feel good, but they rarely fix root causes. I understand why some people push back. Fast change can spark creativity and urgency. But without guardrails and follow through, momentum fades quickly. A lot of energy goes into optics instead of outcomes. If we focused more on long term alignment and less on quick wins, debates would cool down. That’s kind of the whole point.",1
ai_0793,"Here’s my take: in tech, most issues come down to incentives. People spend a lot of time arguing about headlines instead of structure. The loudest voices are not always the most informed. It’s fair to say disruption has benefits. Fast change can spark creativity and urgency. But without guardrails and follow through, momentum fades quickly. Small design tweaks can shift behavior dramatically. If we focused more on long term alignment and less on quick wins, debates would cool down. It’s not flashy, but steady effort usually wins.",1
ai_0794,"Low key, in health, we overcomplicate things that are pretty structural. People spend a lot of time arguing about headlines instead of structure. The loudest voices are not always the most informed. It’s fair to say disruption has benefits. Fast change can spark creativity and urgency. But without guardrails and follow through, momentum fades quickly. People follow incentives more than inspiration. If we focused more on long term alignment and less on quick wins, debates would cool down. Simple doesn’t mean easy.",1
ai_0795,"Low key, in sports, we overcomplicate things that are pretty structural. People spend a lot of time arguing about headlines instead of structure. The loudest voices are not always the most informed. There’s definitely another perspective. Fast change can spark creativity and urgency. But without guardrails and follow through, momentum fades quickly. People follow incentives more than inspiration. If we focused more on long term alignment and less on quick wins, debates would cool down. That’s kind of the whole point.",1
ai_0796,"Here’s my take: in economy, we overcomplicate things that are pretty structural. People spend a lot of time arguing about headlines instead of structure. Small design tweaks can shift behavior dramatically. It’s fair to say disruption has benefits. Fast change can spark creativity and urgency. But without guardrails and follow through, momentum fades quickly. Small design tweaks can shift behavior dramatically. If we focused more on long term alignment and less on quick wins, debates would cool down. It’s not flashy, but steady effort usually wins.",1
ai_0797,"The simple version is that in climate, consistency beats sudden bursts of energy. People spend a lot of time arguing about headlines instead of structure. A lot of energy goes into optics instead of outcomes. There are valid counterpoints. Fast change can spark creativity and urgency. But without guardrails and follow through, momentum fades quickly. A lot of energy goes into optics instead of outcomes. If we focused more on long term alignment and less on quick wins, debates would cool down. Simple doesn’t mean easy.",1
ai_0798,"Not to overthink it, but in campus life, we overcomplicate things that are pretty structural. People spend a lot of time arguing about headlines instead of structure. When rewards are misaligned, people adapt in predictable ways. I understand why some people push back. Fast change can spark creativity and urgency. But without guardrails and follow through, momentum fades quickly. When rewards are misaligned, people adapt in predictable ways. If we focused more on long term alignment and less on quick wins, debates would cool down. Simple doesn’t mean easy.",1
ai_0799,"The simple version is that in politics, we overcomplicate things that are pretty structural. People spend a lot of time arguing about headlines instead of structure. People follow incentives more than inspiration. There are valid counterpoints. Fast change can spark creativity and urgency. But without guardrails and follow through, momentum fades quickly. A lot of energy goes into optics instead of outcomes. If we focused more on long term alignment and less on quick wins, debates would cool down. No drama, just fundamentals.",1
ai_0800,"Low key, in tech, we overcomplicate things that are pretty structural. People spend a lot of time arguing about headlines instead of structure. Systems respond to what is measured, not what is promised. Some folks argue the opposite, and I see why. Fast change can spark creativity and urgency. But without guardrails and follow through, momentum fades quickly. Small design tweaks can shift behavior dramatically. If we focused more on long term alignment and less on quick wins, debates would cool down. Simple doesn’t mean easy.",1
ai_0801,"Low key, in health, most issues come down to incentives. People spend a lot of time arguing about headlines instead of structure. When rewards are misaligned, people adapt in predictable ways. There are valid counterpoints. Fast change can spark creativity and urgency. But without guardrails and follow through, momentum fades quickly. Systems respond to what is measured, not what is promised. If we focused more on long term alignment and less on quick wins, debates would cool down. That’s kind of the whole point.",1
ai_0802,"The simple version is that in sports, clear goals change behavior fast. People spend a lot of time arguing about headlines instead of structure. When rewards are misaligned, people adapt in predictable ways. Some folks argue the opposite, and I see why. Fast change can spark creativity and urgency. But without guardrails and follow through, momentum fades quickly. Small design tweaks can shift behavior dramatically. If we focused more on long term alignment and less on quick wins, debates would cool down. We can disagree without ignoring tradeoffs.",1
ai_0803,"The simple version is that in economy, consistency beats sudden bursts of energy. People spend a lot of time arguing about headlines instead of structure. The loudest voices are not always the most informed. It’s fair to say disruption has benefits. Fast change can spark creativity and urgency. But without guardrails and follow through, momentum fades quickly. When rewards are misaligned, people adapt in predictable ways. If we focused more on long term alignment and less on quick wins, debates would cool down. Simple doesn’t mean easy.",1
ai_0804,"Low key, in climate, execution gaps create more damage than bad intentions. People spend a lot of time arguing about headlines instead of structure. People follow incentives more than inspiration. There are valid counterpoints. Fast change can spark creativity and urgency. But without guardrails and follow through, momentum fades quickly. Systems respond to what is measured, not what is promised. If we focused more on long term alignment and less on quick wins, debates would cool down. Simple doesn’t mean easy.",1
ai_0805,"Here’s my take: in campus life, most issues come down to incentives. People spend a lot of time arguing about headlines instead of structure. When rewards are misaligned, people adapt in predictable ways. It’s fair to say disruption has benefits. Fast change can spark creativity and urgency. But without guardrails and follow through, momentum fades quickly. Systems respond to what is measured, not what is promised. If we focused more on long term alignment and less on quick wins, debates would cool down. That’s kind of the whole point.",1
ai_0806,"Not to overthink it, but in politics, consistency beats sudden bursts of energy. People spend a lot of time arguing about headlines instead of structure. The loudest voices are not always the most informed. It’s fair to say disruption has benefits. Fast change can spark creativity and urgency. But without guardrails and follow through, momentum fades quickly. People follow incentives more than inspiration. If we focused more on long term alignment and less on quick wins, debates would cool down. That’s kind of the whole point.",1
ai_0807,"Not to overthink it, but in tech, we overcomplicate things that are pretty structural. People spend a lot of time arguing about headlines instead of structure. When rewards are misaligned, people adapt in predictable ways. Some folks argue the opposite, and I see why. Fast change can spark creativity and urgency. But without guardrails and follow through, momentum fades quickly. Short term wins feel good, but they rarely fix root causes. If we focused more on long term alignment and less on quick wins, debates would cool down. Simple doesn’t mean easy.",1
ai_0808,"If I’m being honest, in health, consistency beats sudden bursts of energy. People spend a lot of time arguing about headlines instead of structure. People follow incentives more than inspiration. There are valid counterpoints. Fast change can spark creativity and urgency. But without guardrails and follow through, momentum fades quickly. Small design tweaks can shift behavior dramatically. If we focused more on long term alignment and less on quick wins, debates would cool down. It’s not flashy, but steady effort usually wins.",1
ai_0809,"Not to overthink it, but in sports, clear goals change behavior fast. People spend a lot of time arguing about headlines instead of structure. Short term wins feel good, but they rarely fix root causes. There’s definitely another perspective. Fast change can spark creativity and urgency. But without guardrails and follow through, momentum fades quickly. A lot of energy goes into optics instead of outcomes. If we focused more on long term alignment and less on quick wins, debates would cool down. We can disagree without ignoring tradeoffs.",1
ai_0810,"Low key, in economy, clear goals change behavior fast. People spend a lot of time arguing about headlines instead of structure. When rewards are misaligned, people adapt in predictable ways. I understand why some people push back. Fast change can spark creativity and urgency. But without guardrails and follow through, momentum fades quickly. Small design tweaks can shift behavior dramatically. If we focused more on long term alignment and less on quick wins, debates would cool down. That’s kind of the whole point.",1
ai_0811,"Not to overthink it, but in climate, execution gaps create more damage than bad intentions. People spend a lot of time arguing about headlines instead of structure. Systems respond to what is measured, not what is promised. There’s definitely another perspective. Fast change can spark creativity and urgency. But without guardrails and follow through, momentum fades quickly. Short term wins feel good, but they rarely fix root causes. If we focused more on long term alignment and less on quick wins, debates would cool down. No drama, just fundamentals.",1
ai_0812,"The simple version is that in campus life, execution gaps create more damage than bad intentions. People spend a lot of time arguing about headlines instead of structure. Systems respond to what is measured, not what is promised. It’s fair to say disruption has benefits. Fast change can spark creativity and urgency. But without guardrails and follow through, momentum fades quickly. Short term wins feel good, but they rarely fix root causes. If we focused more on long term alignment and less on quick wins, debates would cool down. Simple doesn’t mean easy.",1
ai_0813,"Here’s my take: in politics, execution gaps create more damage than bad intentions. People spend a lot of time arguing about headlines instead of structure. People follow incentives more than inspiration. There are valid counterpoints. Fast change can spark creativity and urgency. But without guardrails and follow through, momentum fades quickly. Short term wins feel good, but they rarely fix root causes. If we focused more on long term alignment and less on quick wins, debates would cool down. We can disagree without ignoring tradeoffs.",1
ai_0814,"Not to overthink it, but in tech, consistency beats sudden bursts of energy. People spend a lot of time arguing about headlines instead of structure. Systems respond to what is measured, not what is promised. There are valid counterpoints. Fast change can spark creativity and urgency. But without guardrails and follow through, momentum fades quickly. People follow incentives more than inspiration. If we focused more on long term alignment and less on quick wins, debates would cool down. It’s not flashy, but steady effort usually wins.",1
ai_0815,"Not to overthink it, but in health, execution gaps create more damage than bad intentions. People spend a lot of time arguing about headlines instead of structure. Systems respond to what is measured, not what is promised. There’s definitely another perspective. Fast change can spark creativity and urgency. But without guardrails and follow through, momentum fades quickly. A lot of energy goes into optics instead of outcomes. If we focused more on long term alignment and less on quick wins, debates would cool down. We can disagree without ignoring tradeoffs.",1
ai_0816,"Not to overthink it, but in sports, clear goals change behavior fast. People spend a lot of time arguing about headlines instead of structure. Systems respond to what is measured, not what is promised. There are valid counterpoints. Fast change can spark creativity and urgency. But without guardrails and follow through, momentum fades quickly. The loudest voices are not always the most informed. If we focused more on long term alignment and less on quick wins, debates would cool down. It’s not flashy, but steady effort usually wins.",1
ai_0817,"The simple version is that in economy, we overcomplicate things that are pretty structural. People spend a lot of time arguing about headlines instead of structure. People follow incentives more than inspiration. There’s definitely another perspective. Fast change can spark creativity and urgency. But without guardrails and follow through, momentum fades quickly. The loudest voices are not always the most informed. If we focused more on long term alignment and less on quick wins, debates would cool down. It’s not flashy, but steady effort usually wins.",1
ai_0818,"If I’m being honest, in climate, clear goals change behavior fast. People spend a lot of time arguing about headlines instead of structure. Systems respond to what is measured, not what is promised. There’s definitely another perspective. Fast change can spark creativity and urgency. But without guardrails and follow through, momentum fades quickly. Small design tweaks can shift behavior dramatically. If we focused more on long term alignment and less on quick wins, debates would cool down. Simple doesn’t mean easy.",1
ai_0819,"If I’m being honest, in campus life, execution gaps create more damage than bad intentions. People spend a lot of time arguing about headlines instead of structure. A lot of energy goes into optics instead of outcomes. There are valid counterpoints. Fast change can spark creativity and urgency. But without guardrails and follow through, momentum fades quickly. Systems respond to what is measured, not what is promised. If we focused more on long term alignment and less on quick wins, debates would cool down. We can disagree without ignoring tradeoffs.",1
ai_0820,"If I’m being honest, in politics, most issues come down to incentives. People spend a lot of time arguing about headlines instead of structure. When rewards are misaligned, people adapt in predictable ways. There are valid counterpoints. Fast change can spark creativity and urgency. But without guardrails and follow through, momentum fades quickly. Short term wins feel good, but they rarely fix root causes. If we focused more on long term alignment and less on quick wins, debates would cool down. That’s kind of the whole point.",1
ai_0821,"Not to overthink it, but in tech, clear goals change behavior fast. People spend a lot of time arguing about headlines instead of structure. The loudest voices are not always the most informed. I understand why some people push back. Fast change can spark creativity and urgency. But without guardrails and follow through, momentum fades quickly. The loudest voices are not always the most informed. If we focused more on long term alignment and less on quick wins, debates would cool down. That’s kind of the whole point.",1
ai_0822,"If I’m being honest, in health, most issues come down to incentives. People spend a lot of time arguing about headlines instead of structure. A lot of energy goes into optics instead of outcomes. It’s fair to say disruption has benefits. Fast change can spark creativity and urgency. But without guardrails and follow through, momentum fades quickly. When rewards are misaligned, people adapt in predictable ways. If we focused more on long term alignment and less on quick wins, debates would cool down. That’s kind of the whole point.",1
ai_0823,"Not to overthink it, but in sports, execution gaps create more damage than bad intentions. People spend a lot of time arguing about headlines instead of structure. Systems respond to what is measured, not what is promised. There’s definitely another perspective. Fast change can spark creativity and urgency. But without guardrails and follow through, momentum fades quickly. The loudest voices are not always the most informed. If we focused more on long term alignment and less on quick wins, debates would cool down. No drama, just fundamentals.",1
ai_0824,"Not to overthink it, but in economy, execution gaps create more damage than bad intentions. People spend a lot of time arguing about headlines instead of structure. People follow incentives more than inspiration. It’s fair to say disruption has benefits. Fast change can spark creativity and urgency. But without guardrails and follow through, momentum fades quickly. When rewards are misaligned, people adapt in predictable ways. If we focused more on long term alignment and less on quick wins, debates would cool down. It’s not flashy, but steady effort usually wins.",1
ai_0825,"Here’s my take: in climate, we overcomplicate things that are pretty structural. People spend a lot of time arguing about headlines instead of structure. Small design tweaks can shift behavior dramatically. Some folks argue the opposite, and I see why. Fast change can spark creativity and urgency. But without guardrails and follow through, momentum fades quickly. People follow incentives more than inspiration. If we focused more on long term alignment and less on quick wins, debates would cool down. No drama, just fundamentals.",1
ai_0826,"Here’s my take: in campus life, we overcomplicate things that are pretty structural. People spend a lot of time arguing about headlines instead of structure. Small design tweaks can shift behavior dramatically. There are valid counterpoints. Fast change can spark creativity and urgency. But without guardrails and follow through, momentum fades quickly. Small design tweaks can shift behavior dramatically. If we focused more on long term alignment and less on quick wins, debates would cool down. That’s kind of the whole point.",1
ai_0827,"The simple version is that in politics, execution gaps create more damage than bad intentions. People spend a lot of time arguing about headlines instead of structure. People follow incentives more than inspiration. Some folks argue the opposite, and I see why. Fast change can spark creativity and urgency. But without guardrails and follow through, momentum fades quickly. Small design tweaks can shift behavior dramatically. If we focused more on long term alignment and less on quick wins, debates would cool down. That’s kind of the whole point.",1
ai_0828,"If I’m being honest, in tech, we overcomplicate things that are pretty structural. People spend a lot of time arguing about headlines instead of structure. A lot of energy goes into optics instead of outcomes. It’s fair to say disruption has benefits. Fast change can spark creativity and urgency. But without guardrails and follow through, momentum fades quickly. Short term wins feel good, but they rarely fix root causes. If we focused more on long term alignment and less on quick wins, debates would cool down. We can disagree without ignoring tradeoffs.",1
ai_0829,"Low key, in health, execution gaps create more damage than bad intentions. People spend a lot of time arguing about headlines instead of structure. People follow incentives more than inspiration. I understand why some people push back. Fast change can spark creativity and urgency. But without guardrails and follow through, momentum fades quickly. A lot of energy goes into optics instead of outcomes. If we focused more on long term alignment and less on quick wins, debates would cool down. No drama, just fundamentals.",1
ai_0830,"Low key, in sports, most issues come down to incentives. People spend a lot of time arguing about headlines instead of structure. Systems respond to what is measured, not what is promised. Some folks argue the opposite, and I see why. Fast change can spark creativity and urgency. But without guardrails and follow through, momentum fades quickly. People follow incentives more than inspiration. If we focused more on long term alignment and less on quick wins, debates would cool down. It’s not flashy, but steady effort usually wins.",1
ai_0831,"If I’m being honest, in economy, most issues come down to incentives. People spend a lot of time arguing about headlines instead of structure. The loudest voices are not always the most informed. There’s definitely another perspective. Fast change can spark creativity and urgency. But without guardrails and follow through, momentum fades quickly. The loudest voices are not always the most informed. If we focused more on long term alignment and less on quick wins, debates would cool down. No drama, just fundamentals.",1
ai_0832,"Not to overthink it, but in climate, execution gaps create more damage than bad intentions. People spend a lot of time arguing about headlines instead of structure. Small design tweaks can shift behavior dramatically. There’s definitely another perspective. Fast change can spark creativity and urgency. But without guardrails and follow through, momentum fades quickly. Small design tweaks can shift behavior dramatically. If we focused more on long term alignment and less on quick wins, debates would cool down. That’s kind of the whole point.",1
ai_0833,"The simple version is that in campus life, execution gaps create more damage than bad intentions. People spend a lot of time arguing about headlines instead of structure. When rewards are misaligned, people adapt in predictable ways. I understand why some people push back. Fast change can spark creativity and urgency. But without guardrails and follow through, momentum fades quickly. People follow incentives more than inspiration. If we focused more on long term alignment and less on quick wins, debates would cool down. Simple doesn’t mean easy.",1
ai_0834,"If I’m being honest, in politics, consistency beats sudden bursts of energy. People spend a lot of time arguing about headlines instead of structure. Short term wins feel good, but they rarely fix root causes. There are valid counterpoints. Fast change can spark creativity and urgency. But without guardrails and follow through, momentum fades quickly. A lot of energy goes into optics instead of outcomes. If we focused more on long term alignment and less on quick wins, debates would cool down. That’s kind of the whole point.",1
ai_0835,"The simple version is that in tech, clear goals change behavior fast. People spend a lot of time arguing about headlines instead of structure. A lot of energy goes into optics instead of outcomes. It’s fair to say disruption has benefits. Fast change can spark creativity and urgency. But without guardrails and follow through, momentum fades quickly. Small design tweaks can shift behavior dramatically. If we focused more on long term alignment and less on quick wins, debates would cool down. Simple doesn’t mean easy.",1
ai_0836,"The simple version is that in health, execution gaps create more damage than bad intentions. People spend a lot of time arguing about headlines instead of structure. The loudest voices are not always the most informed. There’s definitely another perspective. Fast change can spark creativity and urgency. But without guardrails and follow through, momentum fades quickly. Small design tweaks can shift behavior dramatically. If we focused more on long term alignment and less on quick wins, debates would cool down. No drama, just fundamentals.",1
ai_0837,"Not to overthink it, but in sports, execution gaps create more damage than bad intentions. People spend a lot of time arguing about headlines instead of structure. Small design tweaks can shift behavior dramatically. There are valid counterpoints. Fast change can spark creativity and urgency. But without guardrails and follow through, momentum fades quickly. Systems respond to what is measured, not what is promised. If we focused more on long term alignment and less on quick wins, debates would cool down. That’s kind of the whole point.",1
ai_0838,"If I’m being honest, in economy, execution gaps create more damage than bad intentions. People spend a lot of time arguing about headlines instead of structure. People follow incentives more than inspiration. There are valid counterpoints. Fast change can spark creativity and urgency. But without guardrails and follow through, momentum fades quickly. A lot of energy goes into optics instead of outcomes. If we focused more on long term alignment and less on quick wins, debates would cool down. We can disagree without ignoring tradeoffs.",1
ai_0839,"If I’m being honest, in climate, clear goals change behavior fast. People spend a lot of time arguing about headlines instead of structure. The loudest voices are not always the most informed. There are valid counterpoints. Fast change can spark creativity and urgency. But without guardrails and follow through, momentum fades quickly. Small design tweaks can shift behavior dramatically. If we focused more on long term alignment and less on quick wins, debates would cool down. Simple doesn’t mean easy.",1
ai_0840,"Low key, in campus life, execution gaps create more damage than bad intentions. People spend a lot of time arguing about headlines instead of structure. Small design tweaks can shift behavior dramatically. Some folks argue the opposite, and I see why. Fast change can spark creativity and urgency. But without guardrails and follow through, momentum fades quickly. A lot of energy goes into optics instead of outcomes. If we focused more on long term alignment and less on quick wins, debates would cool down. We can disagree without ignoring tradeoffs.",1
ai_0841,"Low key, in politics, execution gaps create more damage than bad intentions. People spend a lot of time arguing about headlines instead of structure. Short term wins feel good, but they rarely fix root causes. Some folks argue the opposite, and I see why. Fast change can spark creativity and urgency. But without guardrails and follow through, momentum fades quickly. The loudest voices are not always the most informed. If we focused more on long term alignment and less on quick wins, debates would cool down. It’s not flashy, but steady effort usually wins.",1
ai_0842,"Here’s my take: in tech, execution gaps create more damage than bad intentions. People spend a lot of time arguing about headlines instead of structure. A lot of energy goes into optics instead of outcomes. Some folks argue the opposite, and I see why. Fast change can spark creativity and urgency. But without guardrails and follow through, momentum fades quickly. When rewards are misaligned, people adapt in predictable ways. If we focused more on long term alignment and less on quick wins, debates would cool down. No drama, just fundamentals.",1
ai_0843,"The simple version is that in health, most issues come down to incentives. People spend a lot of time arguing about headlines instead of structure. The loudest voices are not always the most informed. Some folks argue the opposite, and I see why. Fast change can spark creativity and urgency. But without guardrails and follow through, momentum fades quickly. Small design tweaks can shift behavior dramatically. If we focused more on long term alignment and less on quick wins, debates would cool down. It’s not flashy, but steady effort usually wins.",1
ai_0844,"The simple version is that in sports, clear goals change behavior fast. People spend a lot of time arguing about headlines instead of structure. When rewards are misaligned, people adapt in predictable ways. It’s fair to say disruption has benefits. Fast change can spark creativity and urgency. But without guardrails and follow through, momentum fades quickly. When rewards are misaligned, people adapt in predictable ways. If we focused more on long term alignment and less on quick wins, debates would cool down. That’s kind of the whole point.",1
ai_0845,"Not to overthink it, but in economy, we overcomplicate things that are pretty structural. People spend a lot of time arguing about headlines instead of structure. People follow incentives more than inspiration. Some folks argue the opposite, and I see why. Fast change can spark creativity and urgency. But without guardrails and follow through, momentum fades quickly. Small design tweaks can shift behavior dramatically. If we focused more on long term alignment and less on quick wins, debates would cool down. We can disagree without ignoring tradeoffs.",1
ai_0846,"If I’m being honest, in climate, clear goals change behavior fast. People spend a lot of time arguing about headlines instead of structure. Systems respond to what is measured, not what is promised. I understand why some people push back. Fast change can spark creativity and urgency. But without guardrails and follow through, momentum fades quickly. Short term wins feel good, but they rarely fix root causes. If we focused more on long term alignment and less on quick wins, debates would cool down. That’s kind of the whole point.",1
ai_0847,"The simple version is that in campus life, execution gaps create more damage than bad intentions. People spend a lot of time arguing about headlines instead of structure. Systems respond to what is measured, not what is promised. There’s definitely another perspective. Fast change can spark creativity and urgency. But without guardrails and follow through, momentum fades quickly. Systems respond to what is measured, not what is promised. If we focused more on long term alignment and less on quick wins, debates would cool down. That’s kind of the whole point.",1
ai_0848,"Here’s my take: in politics, clear goals change behavior fast. People spend a lot of time arguing about headlines instead of structure. A lot of energy goes into optics instead of outcomes. Some folks argue the opposite, and I see why. Fast change can spark creativity and urgency. But without guardrails and follow through, momentum fades quickly. The loudest voices are not always the most informed. If we focused more on long term alignment and less on quick wins, debates would cool down. No drama, just fundamentals.",1
ai_0849,"Here’s my take: in tech, clear goals change behavior fast. People spend a lot of time arguing about headlines instead of structure. The loudest voices are not always the most informed. I understand why some people push back. Fast change can spark creativity and urgency. But without guardrails and follow through, momentum fades quickly. When rewards are misaligned, people adapt in predictable ways. If we focused more on long term alignment and less on quick wins, debates would cool down. No drama, just fundamentals.",1
ai_0850,"Here’s my take: in health, we overcomplicate things that are pretty structural. People spend a lot of time arguing about headlines instead of structure. The loudest voices are not always the most informed. It’s fair to say disruption has benefits. Fast change can spark creativity and urgency. But without guardrails and follow through, momentum fades quickly. The loudest voices are not always the most informed. If we focused more on long term alignment and less on quick wins, debates would cool down. Simple doesn’t mean easy.",1
ai_0851,"Low key, in sports, clear goals change behavior fast. People spend a lot of time arguing about headlines instead of structure. Small design tweaks can shift behavior dramatically. Some folks argue the opposite, and I see why. Fast change can spark creativity and urgency. But without guardrails and follow through, momentum fades quickly. Systems respond to what is measured, not what is promised. If we focused more on long term alignment and less on quick wins, debates would cool down. That’s kind of the whole point.",1
ai_0852,"If I’m being honest, in economy, clear goals change behavior fast. People spend a lot of time arguing about headlines instead of structure. Small design tweaks can shift behavior dramatically. I understand why some people push back. Fast change can spark creativity and urgency. But without guardrails and follow through, momentum fades quickly. The loudest voices are not always the most informed. If we focused more on long term alignment and less on quick wins, debates would cool down. No drama, just fundamentals.",1
ai_0853,"Low key, in climate, most issues come down to incentives. People spend a lot of time arguing about headlines instead of structure. Small design tweaks can shift behavior dramatically. There are valid counterpoints. Fast change can spark creativity and urgency. But without guardrails and follow through, momentum fades quickly. Short term wins feel good, but they rarely fix root causes. If we focused more on long term alignment and less on quick wins, debates would cool down. We can disagree without ignoring tradeoffs.",1
ai_0854,"Not to overthink it, but in campus life, consistency beats sudden bursts of energy. People spend a lot of time arguing about headlines instead of structure. The loudest voices are not always the most informed. I understand why some people push back. Fast change can spark creativity and urgency. But without guardrails and follow through, momentum fades quickly. Short term wins feel good, but they rarely fix root causes. If we focused more on long term alignment and less on quick wins, debates would cool down. It’s not flashy, but steady effort usually wins.",1
ai_0855,"The simple version is that in politics, execution gaps create more damage than bad intentions. People spend a lot of time arguing about headlines instead of structure. A lot of energy goes into optics instead of outcomes. There’s definitely another perspective. Fast change can spark creativity and urgency. But without guardrails and follow through, momentum fades quickly. Short term wins feel good, but they rarely fix root causes. If we focused more on long term alignment and less on quick wins, debates would cool down. Simple doesn’t mean easy.",1
ai_0856,"Here’s my take: in tech, consistency beats sudden bursts of energy. People spend a lot of time arguing about headlines instead of structure. Small design tweaks can shift behavior dramatically. Some folks argue the opposite, and I see why. Fast change can spark creativity and urgency. But without guardrails and follow through, momentum fades quickly. People follow incentives more than inspiration. If we focused more on long term alignment and less on quick wins, debates would cool down. Simple doesn’t mean easy.",1
ai_0857,"Not to overthink it, but in health, we overcomplicate things that are pretty structural. People spend a lot of time arguing about headlines instead of structure. Small design tweaks can shift behavior dramatically. There are valid counterpoints. Fast change can spark creativity and urgency. But without guardrails and follow through, momentum fades quickly. Short term wins feel good, but they rarely fix root causes. If we focused more on long term alignment and less on quick wins, debates would cool down. It’s not flashy, but steady effort usually wins.",1
ai_0858,"Low key, in sports, we overcomplicate things that are pretty structural. People spend a lot of time arguing about headlines instead of structure. Small design tweaks can shift behavior dramatically. Some folks argue the opposite, and I see why. Fast change can spark creativity and urgency. But without guardrails and follow through, momentum fades quickly. A lot of energy goes into optics instead of outcomes. If we focused more on long term alignment and less on quick wins, debates would cool down. No drama, just fundamentals.",1
ai_0859,"The simple version is that in economy, we overcomplicate things that are pretty structural. People spend a lot of time arguing about headlines instead of structure. Small design tweaks can shift behavior dramatically. I understand why some people push back. Fast change can spark creativity and urgency. But without guardrails and follow through, momentum fades quickly. A lot of energy goes into optics instead of outcomes. If we focused more on long term alignment and less on quick wins, debates would cool down. Simple doesn’t mean easy.",1
ai_0860,"The simple version is that in climate, execution gaps create more damage than bad intentions. People spend a lot of time arguing about headlines instead of structure. The loudest voices are not always the most informed. Some folks argue the opposite, and I see why. Fast change can spark creativity and urgency. But without guardrails and follow through, momentum fades quickly. A lot of energy goes into optics instead of outcomes. If we focused more on long term alignment and less on quick wins, debates would cool down. That’s kind of the whole point.",1
ai_0861,"Low key, in campus life, most issues come down to incentives. People spend a lot of time arguing about headlines instead of structure. When rewards are misaligned, people adapt in predictable ways. There are valid counterpoints. Fast change can spark creativity and urgency. But without guardrails and follow through, momentum fades quickly. The loudest voices are not always the most informed. If we focused more on long term alignment and less on quick wins, debates would cool down. That’s kind of the whole point.",1
ai_0862,"If I’m being honest, in politics, consistency beats sudden bursts of energy. People spend a lot of time arguing about headlines instead of structure. When rewards are misaligned, people adapt in predictable ways. There’s definitely another perspective. Fast change can spark creativity and urgency. But without guardrails and follow through, momentum fades quickly. Small design tweaks can shift behavior dramatically. If we focused more on long term alignment and less on quick wins, debates would cool down. No drama, just fundamentals.",1
ai_0863,"Low key, in tech, clear goals change behavior fast. People spend a lot of time arguing about headlines instead of structure. Systems respond to what is measured, not what is promised. It’s fair to say disruption has benefits. Fast change can spark creativity and urgency. But without guardrails and follow through, momentum fades quickly. People follow incentives more than inspiration. If we focused more on long term alignment and less on quick wins, debates would cool down. Simple doesn’t mean easy.",1
ai_0864,"Here’s my take: in health, we overcomplicate things that are pretty structural. People spend a lot of time arguing about headlines instead of structure. A lot of energy goes into optics instead of outcomes. There’s definitely another perspective. Fast change can spark creativity and urgency. But without guardrails and follow through, momentum fades quickly. Short term wins feel good, but they rarely fix root causes. If we focused more on long term alignment and less on quick wins, debates would cool down. We can disagree without ignoring tradeoffs.",1
ai_0865,"Not to overthink it, but in sports, clear goals change behavior fast. People spend a lot of time arguing about headlines instead of structure. People follow incentives more than inspiration. It’s fair to say disruption has benefits. Fast change can spark creativity and urgency. But without guardrails and follow through, momentum fades quickly. The loudest voices are not always the most informed. If we focused more on long term alignment and less on quick wins, debates would cool down. That’s kind of the whole point.",1
ai_0866,"Low key, in economy, clear goals change behavior fast. People spend a lot of time arguing about headlines instead of structure. When rewards are misaligned, people adapt in predictable ways. I understand why some people push back. Fast change can spark creativity and urgency. But without guardrails and follow through, momentum fades quickly. Short term wins feel good, but they rarely fix root causes. If we focused more on long term alignment and less on quick wins, debates would cool down. No drama, just fundamentals.",1
ai_0867,"The simple version is that in climate, consistency beats sudden bursts of energy. People spend a lot of time arguing about headlines instead of structure. People follow incentives more than inspiration. There are valid counterpoints. Fast change can spark creativity and urgency. But without guardrails and follow through, momentum fades quickly. Systems respond to what is measured, not what is promised. If we focused more on long term alignment and less on quick wins, debates would cool down. It’s not flashy, but steady effort usually wins.",1
ai_0868,"The simple version is that in campus life, we overcomplicate things that are pretty structural. People spend a lot of time arguing about headlines instead of structure. Systems respond to what is measured, not what is promised. Some folks argue the opposite, and I see why. Fast change can spark creativity and urgency. But without guardrails and follow through, momentum fades quickly. Short term wins feel good, but they rarely fix root causes. If we focused more on long term alignment and less on quick wins, debates would cool down. No drama, just fundamentals.",1
ai_0869,"Low key, in politics, execution gaps create more damage than bad intentions. People spend a lot of time arguing about headlines instead of structure. Short term wins feel good, but they rarely fix root causes. It’s fair to say disruption has benefits. Fast change can spark creativity and urgency. But without guardrails and follow through, momentum fades quickly. Short term wins feel good, but they rarely fix root causes. If we focused more on long term alignment and less on quick wins, debates would cool down. No drama, just fundamentals.",1
ai_0870,"If I’m being honest, in tech, consistency beats sudden bursts of energy. People spend a lot of time arguing about headlines instead of structure. Small design tweaks can shift behavior dramatically. There’s definitely another perspective. Fast change can spark creativity and urgency. But without guardrails and follow through, momentum fades quickly. Short term wins feel good, but they rarely fix root causes. If we focused more on long term alignment and less on quick wins, debates would cool down. Simple doesn’t mean easy.",1
ai_0871,"The simple version is that in health, most issues come down to incentives. People spend a lot of time arguing about headlines instead of structure. Systems respond to what is measured, not what is promised. Some folks argue the opposite, and I see why. Fast change can spark creativity and urgency. But without guardrails and follow through, momentum fades quickly. When rewards are misaligned, people adapt in predictable ways. If we focused more on long term alignment and less on quick wins, debates would cool down. We can disagree without ignoring tradeoffs.",1
ai_0872,"Here’s my take: in sports, clear goals change behavior fast. People spend a lot of time arguing about headlines instead of structure. Short term wins feel good, but they rarely fix root causes. There are valid counterpoints. Fast change can spark creativity and urgency. But without guardrails and follow through, momentum fades quickly. Short term wins feel good, but they rarely fix root causes. If we focused more on long term alignment and less on quick wins, debates would cool down. That’s kind of the whole point.",1
ai_0873,"Not to overthink it, but in economy, most issues come down to incentives. People spend a lot of time arguing about headlines instead of structure. People follow incentives more than inspiration. There’s definitely another perspective. Fast change can spark creativity and urgency. But without guardrails and follow through, momentum fades quickly. Short term wins feel good, but they rarely fix root causes. If we focused more on long term alignment and less on quick wins, debates would cool down. No drama, just fundamentals.",1
ai_0874,"Here’s my take: in climate, we overcomplicate things that are pretty structural. People spend a lot of time arguing about headlines instead of structure. Short term wins feel good, but they rarely fix root causes. There’s definitely another perspective. Fast change can spark creativity and urgency. But without guardrails and follow through, momentum fades quickly. Small design tweaks can shift behavior dramatically. If we focused more on long term alignment and less on quick wins, debates would cool down. Simple doesn’t mean easy.",1
ai_0875,"If I’m being honest, in campus life, we overcomplicate things that are pretty structural. People spend a lot of time arguing about headlines instead of structure. People follow incentives more than inspiration. There are valid counterpoints. Fast change can spark creativity and urgency. But without guardrails and follow through, momentum fades quickly. Small design tweaks can shift behavior dramatically. If we focused more on long term alignment and less on quick wins, debates would cool down. We can disagree without ignoring tradeoffs.",1
ai_0876,"If I’m being honest, in politics, most issues come down to incentives. People spend a lot of time arguing about headlines instead of structure. Short term wins feel good, but they rarely fix root causes. There are valid counterpoints. Fast change can spark creativity and urgency. But without guardrails and follow through, momentum fades quickly. People follow incentives more than inspiration. If we focused more on long term alignment and less on quick wins, debates would cool down. We can disagree without ignoring tradeoffs.",1
ai_0877,"Not to overthink it, but in tech, most issues come down to incentives. People spend a lot of time arguing about headlines instead of structure. Short term wins feel good, but they rarely fix root causes. There are valid counterpoints. Fast change can spark creativity and urgency. But without guardrails and follow through, momentum fades quickly. A lot of energy goes into optics instead of outcomes. If we focused more on long term alignment and less on quick wins, debates would cool down. No drama, just fundamentals.",1
ai_0878,"The simple version is that in health, we overcomplicate things that are pretty structural. People spend a lot of time arguing about headlines instead of structure. Systems respond to what is measured, not what is promised. There are valid counterpoints. Fast change can spark creativity and urgency. But without guardrails and follow through, momentum fades quickly. Short term wins feel good, but they rarely fix root causes. If we focused more on long term alignment and less on quick wins, debates would cool down. Simple doesn’t mean easy.",1
ai_0879,"The simple version is that in sports, clear goals change behavior fast. People spend a lot of time arguing about headlines instead of structure. Systems respond to what is measured, not what is promised. I understand why some people push back. Fast change can spark creativity and urgency. But without guardrails and follow through, momentum fades quickly. People follow incentives more than inspiration. If we focused more on long term alignment and less on quick wins, debates would cool down. Simple doesn’t mean easy.",1
ai_0880,"Low key, in economy, we overcomplicate things that are pretty structural. People spend a lot of time arguing about headlines instead of structure. Systems respond to what is measured, not what is promised. It’s fair to say disruption has benefits. Fast change can spark creativity and urgency. But without guardrails and follow through, momentum fades quickly. Systems respond to what is measured, not what is promised. If we focused more on long term alignment and less on quick wins, debates would cool down. No drama, just fundamentals.",1
ai_0881,"Not to overthink it, but in climate, most issues come down to incentives. People spend a lot of time arguing about headlines instead of structure. When rewards are misaligned, people adapt in predictable ways. There’s definitely another perspective. Fast change can spark creativity and urgency. But without guardrails and follow through, momentum fades quickly. Systems respond to what is measured, not what is promised. If we focused more on long term alignment and less on quick wins, debates would cool down. That’s kind of the whole point.",1
ai_0882,"Low key, in campus life, most issues come down to incentives. People spend a lot of time arguing about headlines instead of structure. Small design tweaks can shift behavior dramatically. It’s fair to say disruption has benefits. Fast change can spark creativity and urgency. But without guardrails and follow through, momentum fades quickly. Systems respond to what is measured, not what is promised. If we focused more on long term alignment and less on quick wins, debates would cool down. That’s kind of the whole point.",1
ai_0883,"Low key, in politics, most issues come down to incentives. People spend a lot of time arguing about headlines instead of structure. The loudest voices are not always the most informed. Some folks argue the opposite, and I see why. Fast change can spark creativity and urgency. But without guardrails and follow through, momentum fades quickly. A lot of energy goes into optics instead of outcomes. If we focused more on long term alignment and less on quick wins, debates would cool down. No drama, just fundamentals.",1
ai_0884,"Here’s my take: in tech, execution gaps create more damage than bad intentions. People spend a lot of time arguing about headlines instead of structure. Short term wins feel good, but they rarely fix root causes. I understand why some people push back. Fast change can spark creativity and urgency. But without guardrails and follow through, momentum fades quickly. When rewards are misaligned, people adapt in predictable ways. If we focused more on long term alignment and less on quick wins, debates would cool down. No drama, just fundamentals.",1
ai_0885,"Not to overthink it, but in health, clear goals change behavior fast. People spend a lot of time arguing about headlines instead of structure. Small design tweaks can shift behavior dramatically. I understand why some people push back. Fast change can spark creativity and urgency. But without guardrails and follow through, momentum fades quickly. The loudest voices are not always the most informed. If we focused more on long term alignment and less on quick wins, debates would cool down. It’s not flashy, but steady effort usually wins.",1
ai_0886,"Here’s my take: in sports, clear goals change behavior fast. People spend a lot of time arguing about headlines instead of structure. The loudest voices are not always the most informed. Some folks argue the opposite, and I see why. Fast change can spark creativity and urgency. But without guardrails and follow through, momentum fades quickly. Short term wins feel good, but they rarely fix root causes. If we focused more on long term alignment and less on quick wins, debates would cool down. It’s not flashy, but steady effort usually wins.",1
ai_0887,"Low key, in economy, consistency beats sudden bursts of energy. People spend a lot of time arguing about headlines instead of structure. The loudest voices are not always the most informed. Some folks argue the opposite, and I see why. Fast change can spark creativity and urgency. But without guardrails and follow through, momentum fades quickly. Short term wins feel good, but they rarely fix root causes. If we focused more on long term alignment and less on quick wins, debates would cool down. That’s kind of the whole point.",1
ai_0888,"If I’m being honest, in climate, most issues come down to incentives. People spend a lot of time arguing about headlines instead of structure. Systems respond to what is measured, not what is promised. It’s fair to say disruption has benefits. Fast change can spark creativity and urgency. But without guardrails and follow through, momentum fades quickly. The loudest voices are not always the most informed. If we focused more on long term alignment and less on quick wins, debates would cool down. That’s kind of the whole point.",1
ai_0889,"Not to overthink it, but in campus life, most issues come down to incentives. People spend a lot of time arguing about headlines instead of structure. Small design tweaks can shift behavior dramatically. There’s definitely another perspective. Fast change can spark creativity and urgency. But without guardrails and follow through, momentum fades quickly. A lot of energy goes into optics instead of outcomes. If we focused more on long term alignment and less on quick wins, debates would cool down. Simple doesn’t mean easy.",1
ai_0890,"Here’s my take: in politics, execution gaps create more damage than bad intentions. People spend a lot of time arguing about headlines instead of structure. Systems respond to what is measured, not what is promised. Some folks argue the opposite, and I see why. Fast change can spark creativity and urgency. But without guardrails and follow through, momentum fades quickly. Small design tweaks can shift behavior dramatically. If we focused more on long term alignment and less on quick wins, debates would cool down. It’s not flashy, but steady effort usually wins.",1
ai_0891,"Low key, in tech, consistency beats sudden bursts of energy. People spend a lot of time arguing about headlines instead of structure. When rewards are misaligned, people adapt in predictable ways. I understand why some people push back. Fast change can spark creativity and urgency. But without guardrails and follow through, momentum fades quickly. A lot of energy goes into optics instead of outcomes. If we focused more on long term alignment and less on quick wins, debates would cool down. No drama, just fundamentals.",1
ai_0892,"The simple version is that in health, execution gaps create more damage than bad intentions. People spend a lot of time arguing about headlines instead of structure. The loudest voices are not always the most informed. Some folks argue the opposite, and I see why. Fast change can spark creativity and urgency. But without guardrails and follow through, momentum fades quickly. Systems respond to what is measured, not what is promised. If we focused more on long term alignment and less on quick wins, debates would cool down. We can disagree without ignoring tradeoffs.",1
ai_0893,"Here’s my take: in sports, most issues come down to incentives. People spend a lot of time arguing about headlines instead of structure. When rewards are misaligned, people adapt in predictable ways. There are valid counterpoints. Fast change can spark creativity and urgency. But without guardrails and follow through, momentum fades quickly. Small design tweaks can shift behavior dramatically. If we focused more on long term alignment and less on quick wins, debates would cool down. It’s not flashy, but steady effort usually wins.",1
ai_0894,"If I’m being honest, in economy, consistency beats sudden bursts of energy. People spend a lot of time arguing about headlines instead of structure. Short term wins feel good, but they rarely fix root causes. It’s fair to say disruption has benefits. Fast change can spark creativity and urgency. But without guardrails and follow through, momentum fades quickly. People follow incentives more than inspiration. If we focused more on long term alignment and less on quick wins, debates would cool down. We can disagree without ignoring tradeoffs.",1
ai_0895,"Here’s my take: in climate, clear goals change behavior fast. People spend a lot of time arguing about headlines instead of structure. Short term wins feel good, but they rarely fix root causes. I understand why some people push back. Fast change can spark creativity and urgency. But without guardrails and follow through, momentum fades quickly. Systems respond to what is measured, not what is promised. If we focused more on long term alignment and less on quick wins, debates would cool down. It’s not flashy, but steady effort usually wins.",1
ai_0896,"The simple version is that in campus life, most issues come down to incentives. People spend a lot of time arguing about headlines instead of structure. A lot of energy goes into optics instead of outcomes. It’s fair to say disruption has benefits. Fast change can spark creativity and urgency. But without guardrails and follow through, momentum fades quickly. When rewards are misaligned, people adapt in predictable ways. If we focused more on long term alignment and less on quick wins, debates would cool down. Simple doesn’t mean easy.",1
ai_0897,"If I’m being honest, in politics, clear goals change behavior fast. People spend a lot of time arguing about headlines instead of structure. Small design tweaks can shift behavior dramatically. I understand why some people push back. Fast change can spark creativity and urgency. But without guardrails and follow through, momentum fades quickly. A lot of energy goes into optics instead of outcomes. If we focused more on long term alignment and less on quick wins, debates would cool down. Simple doesn’t mean easy.",1
ai_0898,"If I’m being honest, in tech, clear goals change behavior fast. People spend a lot of time arguing about headlines instead of structure. Short term wins feel good, but they rarely fix root causes. There’s definitely another perspective. Fast change can spark creativity and urgency. But without guardrails and follow through, momentum fades quickly. Systems respond to what is measured, not what is promised. If we focused more on long term alignment and less on quick wins, debates would cool down. It’s not flashy, but steady effort usually wins.",1
ai_0899,"The simple version is that in health, consistency beats sudden bursts of energy. People spend a lot of time arguing about headlines instead of structure. Short term wins feel good, but they rarely fix root causes. Some folks argue the opposite, and I see why. Fast change can spark creativity and urgency. But without guardrails and follow through, momentum fades quickly. Short term wins feel good, but they rarely fix root causes. If we focused more on long term alignment and less on quick wins, debates would cool down. No drama, just fundamentals.",1
ai_0900,"Here’s my take: in sports, clear goals change behavior fast. People spend a lot of time arguing about headlines instead of structure. A lot of energy goes into optics instead of outcomes. There’s definitely another perspective. Fast change can spark creativity and urgency. But without guardrails and follow through, momentum fades quickly. Small design tweaks can shift behavior dramatically. If we focused more on long term alignment and less on quick wins, debates would cool down. That’s kind of the whole point.",1
ai_0901,"Low key, in economy, most issues come down to incentives. People spend a lot of time arguing about headlines instead of structure. Systems respond to what is measured, not what is promised. I understand why some people push back. Fast change can spark creativity and urgency. But without guardrails and follow through, momentum fades quickly. The loudest voices are not always the most informed. If we focused more on long term alignment and less on quick wins, debates would cool down. That’s kind of the whole point.",1
ai_0902,"If I’m being honest, in climate, consistency beats sudden bursts of energy. People spend a lot of time arguing about headlines instead of structure. Systems respond to what is measured, not what is promised. I understand why some people push back. Fast change can spark creativity and urgency. But without guardrails and follow through, momentum fades quickly. Short term wins feel good, but they rarely fix root causes. If we focused more on long term alignment and less on quick wins, debates would cool down. That’s kind of the whole point.",1
ai_0903,"Not to overthink it, but in campus life, execution gaps create more damage than bad intentions. People spend a lot of time arguing about headlines instead of structure. A lot of energy goes into optics instead of outcomes. There’s definitely another perspective. Fast change can spark creativity and urgency. But without guardrails and follow through, momentum fades quickly. Short term wins feel good, but they rarely fix root causes. If we focused more on long term alignment and less on quick wins, debates would cool down. That’s kind of the whole point.",1
ai_0904,"The simple version is that in politics, we overcomplicate things that are pretty structural. People spend a lot of time arguing about headlines instead of structure. Small design tweaks can shift behavior dramatically. It’s fair to say disruption has benefits. Fast change can spark creativity and urgency. But without guardrails and follow through, momentum fades quickly. Systems respond to what is measured, not what is promised. If we focused more on long term alignment and less on quick wins, debates would cool down. We can disagree without ignoring tradeoffs.",1
ai_0905,"Here’s my take: in tech, execution gaps create more damage than bad intentions. People spend a lot of time arguing about headlines instead of structure. Short term wins feel good, but they rarely fix root causes. It’s fair to say disruption has benefits. Fast change can spark creativity and urgency. But without guardrails and follow through, momentum fades quickly. The loudest voices are not always the most informed. If we focused more on long term alignment and less on quick wins, debates would cool down. It’s not flashy, but steady effort usually wins.",1
ai_0906,"The simple version is that in health, consistency beats sudden bursts of energy. People spend a lot of time arguing about headlines instead of structure. People follow incentives more than inspiration. Some folks argue the opposite, and I see why. Fast change can spark creativity and urgency. But without guardrails and follow through, momentum fades quickly. Small design tweaks can shift behavior dramatically. If we focused more on long term alignment and less on quick wins, debates would cool down. We can disagree without ignoring tradeoffs.",1
ai_0907,"Here’s my take: in sports, most issues come down to incentives. People spend a lot of time arguing about headlines instead of structure. Systems respond to what is measured, not what is promised. It’s fair to say disruption has benefits. Fast change can spark creativity and urgency. But without guardrails and follow through, momentum fades quickly. Short term wins feel good, but they rarely fix root causes. If we focused more on long term alignment and less on quick wins, debates would cool down. We can disagree without ignoring tradeoffs.",1
ai_0908,"Here’s my take: in economy, most issues come down to incentives. People spend a lot of time arguing about headlines instead of structure. Systems respond to what is measured, not what is promised. It’s fair to say disruption has benefits. Fast change can spark creativity and urgency. But without guardrails and follow through, momentum fades quickly. When rewards are misaligned, people adapt in predictable ways. If we focused more on long term alignment and less on quick wins, debates would cool down. No drama, just fundamentals.",1
ai_0909,"Here’s my take: in climate, most issues come down to incentives. People spend a lot of time arguing about headlines instead of structure. The loudest voices are not always the most informed. There are valid counterpoints. Fast change can spark creativity and urgency. But without guardrails and follow through, momentum fades quickly. Short term wins feel good, but they rarely fix root causes. If we focused more on long term alignment and less on quick wins, debates would cool down. No drama, just fundamentals.",1
ai_0910,"The simple version is that in campus life, most issues come down to incentives. People spend a lot of time arguing about headlines instead of structure. When rewards are misaligned, people adapt in predictable ways. Some folks argue the opposite, and I see why. Fast change can spark creativity and urgency. But without guardrails and follow through, momentum fades quickly. Small design tweaks can shift behavior dramatically. If we focused more on long term alignment and less on quick wins, debates would cool down. That’s kind of the whole point.",1
ai_0911,"The simple version is that in politics, we overcomplicate things that are pretty structural. People spend a lot of time arguing about headlines instead of structure. The loudest voices are not always the most informed. Some folks argue the opposite, and I see why. Fast change can spark creativity and urgency. But without guardrails and follow through, momentum fades quickly. A lot of energy goes into optics instead of outcomes. If we focused more on long term alignment and less on quick wins, debates would cool down. It’s not flashy, but steady effort usually wins.",1
ai_0912,"Here’s my take: in tech, most issues come down to incentives. People spend a lot of time arguing about headlines instead of structure. Small design tweaks can shift behavior dramatically. There’s definitely another perspective. Fast change can spark creativity and urgency. But without guardrails and follow through, momentum fades quickly. People follow incentives more than inspiration. If we focused more on long term alignment and less on quick wins, debates would cool down. That’s kind of the whole point.",1
ai_0913,"Low key, in health, most issues come down to incentives. People spend a lot of time arguing about headlines instead of structure. Systems respond to what is measured, not what is promised. Some folks argue the opposite, and I see why. Fast change can spark creativity and urgency. But without guardrails and follow through, momentum fades quickly. Small design tweaks can shift behavior dramatically. If we focused more on long term alignment and less on quick wins, debates would cool down. That’s kind of the whole point.",1
ai_0914,"Low key, in sports, most issues come down to incentives. People spend a lot of time arguing about headlines instead of structure. Small design tweaks can shift behavior dramatically. There are valid counterpoints. Fast change can spark creativity and urgency. But without guardrails and follow through, momentum fades quickly. The loudest voices are not always the most informed. If we focused more on long term alignment and less on quick wins, debates would cool down. It’s not flashy, but steady effort usually wins.",1
ai_0915,"If I’m being honest, in economy, execution gaps create more damage than bad intentions. People spend a lot of time arguing about headlines instead of structure. When rewards are misaligned, people adapt in predictable ways. Some folks argue the opposite, and I see why. Fast change can spark creativity and urgency. But without guardrails and follow through, momentum fades quickly. Short term wins feel good, but they rarely fix root causes. If we focused more on long term alignment and less on quick wins, debates would cool down. We can disagree without ignoring tradeoffs.",1
ai_0916,"If I’m being honest, in climate, most issues come down to incentives. People spend a lot of time arguing about headlines instead of structure. People follow incentives more than inspiration. There are valid counterpoints. Fast change can spark creativity and urgency. But without guardrails and follow through, momentum fades quickly. People follow incentives more than inspiration. If we focused more on long term alignment and less on quick wins, debates would cool down. It’s not flashy, but steady effort usually wins.",1
ai_0917,"The simple version is that in campus life, execution gaps create more damage than bad intentions. People spend a lot of time arguing about headlines instead of structure. A lot of energy goes into optics instead of outcomes. It’s fair to say disruption has benefits. Fast change can spark creativity and urgency. But without guardrails and follow through, momentum fades quickly. Small design tweaks can shift behavior dramatically. If we focused more on long term alignment and less on quick wins, debates would cool down. Simple doesn’t mean easy.",1
ai_0918,"Not to overthink it, but in politics, consistency beats sudden bursts of energy. People spend a lot of time arguing about headlines instead of structure. Systems respond to what is measured, not what is promised. I understand why some people push back. Fast change can spark creativity and urgency. But without guardrails and follow through, momentum fades quickly. Systems respond to what is measured, not what is promised. If we focused more on long term alignment and less on quick wins, debates would cool down. Simple doesn’t mean easy.",1
ai_0919,"Here’s my take: in tech, most issues come down to incentives. People spend a lot of time arguing about headlines instead of structure. Short term wins feel good, but they rarely fix root causes. It’s fair to say disruption has benefits. Fast change can spark creativity and urgency. But without guardrails and follow through, momentum fades quickly. When rewards are misaligned, people adapt in predictable ways. If we focused more on long term alignment and less on quick wins, debates would cool down. That’s kind of the whole point.",1
ai_0920,"Low key, in health, clear goals change behavior fast. People spend a lot of time arguing about headlines instead of structure. A lot of energy goes into optics instead of outcomes. It’s fair to say disruption has benefits. Fast change can spark creativity and urgency. But without guardrails and follow through, momentum fades quickly. Systems respond to what is measured, not what is promised. If we focused more on long term alignment and less on quick wins, debates would cool down. That’s kind of the whole point.",1
ai_0921,"Not to overthink it, but in sports, we overcomplicate things that are pretty structural. People spend a lot of time arguing about headlines instead of structure. People follow incentives more than inspiration. I understand why some people push back. Fast change can spark creativity and urgency. But without guardrails and follow through, momentum fades quickly. Small design tweaks can shift behavior dramatically. If we focused more on long term alignment and less on quick wins, debates would cool down. That’s kind of the whole point.",1
ai_0922,"Not to overthink it, but in economy, we overcomplicate things that are pretty structural. People spend a lot of time arguing about headlines instead of structure. A lot of energy goes into optics instead of outcomes. There’s definitely another perspective. Fast change can spark creativity and urgency. But without guardrails and follow through, momentum fades quickly. A lot of energy goes into optics instead of outcomes. If we focused more on long term alignment and less on quick wins, debates would cool down. We can disagree without ignoring tradeoffs.",1
ai_0923,"The simple version is that in climate, consistency beats sudden bursts of energy. People spend a lot of time arguing about headlines instead of structure. The loudest voices are not always the most informed. There are valid counterpoints. Fast change can spark creativity and urgency. But without guardrails and follow through, momentum fades quickly. A lot of energy goes into optics instead of outcomes. If we focused more on long term alignment and less on quick wins, debates would cool down. No drama, just fundamentals.",1
ai_0924,"Low key, in campus life, we overcomplicate things that are pretty structural. People spend a lot of time arguing about headlines instead of structure. Systems respond to what is measured, not what is promised. There are valid counterpoints. Fast change can spark creativity and urgency. But without guardrails and follow through, momentum fades quickly. A lot of energy goes into optics instead of outcomes. If we focused more on long term alignment and less on quick wins, debates would cool down. No drama, just fundamentals.",1
ai_0925,"Here’s my take: in politics, clear goals change behavior fast. People spend a lot of time arguing about headlines instead of structure. Small design tweaks can shift behavior dramatically. I understand why some people push back. Fast change can spark creativity and urgency. But without guardrails and follow through, momentum fades quickly. Small design tweaks can shift behavior dramatically. If we focused more on long term alignment and less on quick wins, debates would cool down. No drama, just fundamentals.",1
ai_0926,"Low key, in tech, most issues come down to incentives. People spend a lot of time arguing about headlines instead of structure. People follow incentives more than inspiration. There’s definitely another perspective. Fast change can spark creativity and urgency. But without guardrails and follow through, momentum fades quickly. Small design tweaks can shift behavior dramatically. If we focused more on long term alignment and less on quick wins, debates would cool down. We can disagree without ignoring tradeoffs. Incentives quietly shape outcomes.",1
ai_0927,"If I’m being honest, in health, execution gaps create more damage than bad intentions. People spend a lot of time arguing about headlines instead of structure. Small design tweaks can shift behavior dramatically. There are valid counterpoints. Fast change can spark creativity and urgency. But without guardrails and follow through, momentum fades quickly. Short term wins feel good, but they rarely fix root causes. If we focused more on long term alignment and less on quick wins, debates would cool down. That’s kind of the whole point.",1
ai_0928,"Not to overthink it, but in sports, most issues come down to incentives. People spend a lot of time arguing about headlines instead of structure. Small design tweaks can shift behavior dramatically. It’s fair to say disruption has benefits. Fast change can spark creativity and urgency. But without guardrails and follow through, momentum fades quickly. Small design tweaks can shift behavior dramatically. If we focused more on long term alignment and less on quick wins, debates would cool down. Simple doesn’t mean easy.",1
ai_0929,"Low key, in economy, execution gaps create more damage than bad intentions. People spend a lot of time arguing about headlines instead of structure. Systems respond to what is measured, not what is promised. Some folks argue the opposite, and I see why. Fast change can spark creativity and urgency. But without guardrails and follow through, momentum fades quickly. People follow incentives more than inspiration. If we focused more on long term alignment and less on quick wins, debates would cool down. That’s kind of the whole point.",1
ai_0930,"Here’s my take: in climate, we overcomplicate things that are pretty structural. People spend a lot of time arguing about headlines instead of structure. When rewards are misaligned, people adapt in predictable ways. There’s definitely another perspective. Fast change can spark creativity and urgency. But without guardrails and follow through, momentum fades quickly. Small design tweaks can shift behavior dramatically. If we focused more on long term alignment and less on quick wins, debates would cool down. We can disagree without ignoring tradeoffs.",1
ai_0931,"Here’s my take: in campus life, we overcomplicate things that are pretty structural. People spend a lot of time arguing about headlines instead of structure. A lot of energy goes into optics instead of outcomes. I understand why some people push back. Fast change can spark creativity and urgency. But without guardrails and follow through, momentum fades quickly. The loudest voices are not always the most informed. If we focused more on long term alignment and less on quick wins, debates would cool down. We can disagree without ignoring tradeoffs.",1
ai_0932,"Not to overthink it, but in politics, we overcomplicate things that are pretty structural. People spend a lot of time arguing about headlines instead of structure. Short term wins feel good, but they rarely fix root causes. There’s definitely another perspective. Fast change can spark creativity and urgency. But without guardrails and follow through, momentum fades quickly. A lot of energy goes into optics instead of outcomes. If we focused more on long term alignment and less on quick wins, debates would cool down. Simple doesn’t mean easy.",1
ai_0933,"Here’s my take: in tech, we overcomplicate things that are pretty structural. People spend a lot of time arguing about headlines instead of structure. Small design tweaks can shift behavior dramatically. It’s fair to say disruption has benefits. Fast change can spark creativity and urgency. But without guardrails and follow through, momentum fades quickly. Systems respond to what is measured, not what is promised. If we focused more on long term alignment and less on quick wins, debates would cool down. Simple doesn’t mean easy.",1
ai_0934,"If I’m being honest, in health, most issues come down to incentives. People spend a lot of time arguing about headlines instead of structure. Systems respond to what is measured, not what is promised. Some folks argue the opposite, and I see why. Fast change can spark creativity and urgency. But without guardrails and follow through, momentum fades quickly. A lot of energy goes into optics instead of outcomes. If we focused more on long term alignment and less on quick wins, debates would cool down. That’s kind of the whole point.",1
ai_0935,"Low key, in sports, most issues come down to incentives. People spend a lot of time arguing about headlines instead of structure. When rewards are misaligned, people adapt in predictable ways. Some folks argue the opposite, and I see why. Fast change can spark creativity and urgency. But without guardrails and follow through, momentum fades quickly. Systems respond to what is measured, not what is promised. If we focused more on long term alignment and less on quick wins, debates would cool down. Simple doesn’t mean easy.",1
ai_0936,"The simple version is that in economy, execution gaps create more damage than bad intentions. People spend a lot of time arguing about headlines instead of structure. Short term wins feel good, but they rarely fix root causes. There’s definitely another perspective. Fast change can spark creativity and urgency. But without guardrails and follow through, momentum fades quickly. Systems respond to what is measured, not what is promised. If we focused more on long term alignment and less on quick wins, debates would cool down. We can disagree without ignoring tradeoffs.",1
ai_0937,"If I’m being honest, in climate, we overcomplicate things that are pretty structural. People spend a lot of time arguing about headlines instead of structure. The loudest voices are not always the most informed. It’s fair to say disruption has benefits. Fast change can spark creativity and urgency. But without guardrails and follow through, momentum fades quickly. The loudest voices are not always the most informed. If we focused more on long term alignment and less on quick wins, debates would cool down. It’s not flashy, but steady effort usually wins.",1
ai_0938,"If I’m being honest, in campus life, most issues come down to incentives. People spend a lot of time arguing about headlines instead of structure. The loudest voices are not always the most informed. There are valid counterpoints. Fast change can spark creativity and urgency. But without guardrails and follow through, momentum fades quickly. People follow incentives more than inspiration. If we focused more on long term alignment and less on quick wins, debates would cool down. That’s kind of the whole point.",1
ai_0939,"Here’s my take: in politics, most issues come down to incentives. People spend a lot of time arguing about headlines instead of structure. People follow incentives more than inspiration. There are valid counterpoints. Fast change can spark creativity and urgency. But without guardrails and follow through, momentum fades quickly. Small design tweaks can shift behavior dramatically. If we focused more on long term alignment and less on quick wins, debates would cool down. That’s kind of the whole point.",1
ai_0940,"Low key, in tech, consistency beats sudden bursts of energy. People spend a lot of time arguing about headlines instead of structure. A lot of energy goes into optics instead of outcomes. It’s fair to say disruption has benefits. Fast change can spark creativity and urgency. But without guardrails and follow through, momentum fades quickly. People follow incentives more than inspiration. If we focused more on long term alignment and less on quick wins, debates would cool down. That’s kind of the whole point.",1
ai_0941,"The simple version is that in health, execution gaps create more damage than bad intentions. People spend a lot of time arguing about headlines instead of structure. Systems respond to what is measured, not what is promised. I understand why some people push back. Fast change can spark creativity and urgency. But without guardrails and follow through, momentum fades quickly. Short term wins feel good, but they rarely fix root causes. If we focused more on long term alignment and less on quick wins, debates would cool down. We can disagree without ignoring tradeoffs.",1
ai_0942,"Here’s my take: in sports, clear goals change behavior fast. People spend a lot of time arguing about headlines instead of structure. People follow incentives more than inspiration. There are valid counterpoints. Fast change can spark creativity and urgency. But without guardrails and follow through, momentum fades quickly. Systems respond to what is measured, not what is promised. If we focused more on long term alignment and less on quick wins, debates would cool down. We can disagree without ignoring tradeoffs.",1
ai_0943,"Not to overthink it, but in economy, clear goals change behavior fast. People spend a lot of time arguing about headlines instead of structure. When rewards are misaligned, people adapt in predictable ways. Some folks argue the opposite, and I see why. Fast change can spark creativity and urgency. But without guardrails and follow through, momentum fades quickly. Systems respond to what is measured, not what is promised. If we focused more on long term alignment and less on quick wins, debates would cool down. Simple doesn’t mean easy.",1
ai_0944,"If I’m being honest, in climate, we overcomplicate things that are pretty structural. People spend a lot of time arguing about headlines instead of structure. Small design tweaks can shift behavior dramatically. Some folks argue the opposite, and I see why. Fast change can spark creativity and urgency. But without guardrails and follow through, momentum fades quickly. Small design tweaks can shift behavior dramatically. If we focused more on long term alignment and less on quick wins, debates would cool down. No drama, just fundamentals.",1
ai_0945,"Low key, in campus life, clear goals change behavior fast. People spend a lot of time arguing about headlines instead of structure. A lot of energy goes into optics instead of outcomes. I understand why some people push back. Fast change can spark creativity and urgency. But without guardrails and follow through, momentum fades quickly. People follow incentives more than inspiration. If we focused more on long term alignment and less on quick wins, debates would cool down. It’s not flashy, but steady effort usually wins.",1
ai_0946,"Low key, in politics, most issues come down to incentives. People spend a lot of time arguing about headlines instead of structure. Small design tweaks can shift behavior dramatically. There are valid counterpoints. Fast change can spark creativity and urgency. But without guardrails and follow through, momentum fades quickly. People follow incentives more than inspiration. If we focused more on long term alignment and less on quick wins, debates would cool down. It’s not flashy, but steady effort usually wins.",1
ai_0947,"Here’s my take: in tech, most issues come down to incentives. People spend a lot of time arguing about headlines instead of structure. Small design tweaks can shift behavior dramatically. I understand why some people push back. Fast change can spark creativity and urgency. But without guardrails and follow through, momentum fades quickly. Systems respond to what is measured, not what is promised. If we focused more on long term alignment and less on quick wins, debates would cool down. It’s not flashy, but steady effort usually wins.",1
ai_0948,"If I’m being honest, in health, we overcomplicate things that are pretty structural. People spend a lot of time arguing about headlines instead of structure. The loudest voices are not always the most informed. I understand why some people push back. Fast change can spark creativity and urgency. But without guardrails and follow through, momentum fades quickly. Short term wins feel good, but they rarely fix root causes. If we focused more on long term alignment and less on quick wins, debates would cool down. It’s not flashy, but steady effort usually wins.",1
ai_0949,"Low key, in sports, most issues come down to incentives. People spend a lot of time arguing about headlines instead of structure. People follow incentives more than inspiration. I understand why some people push back. Fast change can spark creativity and urgency. But without guardrails and follow through, momentum fades quickly. People follow incentives more than inspiration. If we focused more on long term alignment and less on quick wins, debates would cool down. We can disagree without ignoring tradeoffs.",1
ai_0950,"Low key, in economy, consistency beats sudden bursts of energy. People spend a lot of time arguing about headlines instead of structure. When rewards are misaligned, people adapt in predictable ways. It’s fair to say disruption has benefits. Fast change can spark creativity and urgency. But without guardrails and follow through, momentum fades quickly. Short term wins feel good, but they rarely fix root causes. If we focused more on long term alignment and less on quick wins, debates would cool down. It’s not flashy, but steady effort usually wins.",1
ai_0951,"Here’s my take: in climate, most issues come down to incentives. People spend a lot of time arguing about headlines instead of structure. A lot of energy goes into optics instead of outcomes. I understand why some people push back. Fast change can spark creativity and urgency. But without guardrails and follow through, momentum fades quickly. Small design tweaks can shift behavior dramatically. If we focused more on long term alignment and less on quick wins, debates would cool down. No drama, just fundamentals.",1
ai_0952,"The simple version is that in campus life, clear goals change behavior fast. People spend a lot of time arguing about headlines instead of structure. Short term wins feel good, but they rarely fix root causes. Some folks argue the opposite, and I see why. Fast change can spark creativity and urgency. But without guardrails and follow through, momentum fades quickly. Short term wins feel good, but they rarely fix root causes. If we focused more on long term alignment and less on quick wins, debates would cool down. We can disagree without ignoring tradeoffs.",1
ai_0953,"Low key, in politics, consistency beats sudden bursts of energy. People spend a lot of time arguing about headlines instead of structure. A lot of energy goes into optics instead of outcomes. It’s fair to say disruption has benefits. Fast change can spark creativity and urgency. But without guardrails and follow through, momentum fades quickly. People follow incentives more than inspiration. If we focused more on long term alignment and less on quick wins, debates would cool down. Simple doesn’t mean easy.",1
ai_0954,"Low key, in tech, consistency beats sudden bursts of energy. People spend a lot of time arguing about headlines instead of structure. A lot of energy goes into optics instead of outcomes. Some folks argue the opposite, and I see why. Fast change can spark creativity and urgency. But without guardrails and follow through, momentum fades quickly. The loudest voices are not always the most informed. If we focused more on long term alignment and less on quick wins, debates would cool down. Simple doesn’t mean easy.",1
ai_0955,"If I’m being honest, in health, most issues come down to incentives. People spend a lot of time arguing about headlines instead of structure. People follow incentives more than inspiration. I understand why some people push back. Fast change can spark creativity and urgency. But without guardrails and follow through, momentum fades quickly. When rewards are misaligned, people adapt in predictable ways. If we focused more on long term alignment and less on quick wins, debates would cool down. It’s not flashy, but steady effort usually wins.",1
ai_0956,"If I’m being honest, in sports, most issues come down to incentives. People spend a lot of time arguing about headlines instead of structure. When rewards are misaligned, people adapt in predictable ways. There are valid counterpoints. Fast change can spark creativity and urgency. But without guardrails and follow through, momentum fades quickly. When rewards are misaligned, people adapt in predictable ways. If we focused more on long term alignment and less on quick wins, debates would cool down. Simple doesn’t mean easy.",1
ai_0957,"If I’m being honest, in economy, most issues come down to incentives. People spend a lot of time arguing about headlines instead of structure. Small design tweaks can shift behavior dramatically. There are valid counterpoints. Fast change can spark creativity and urgency. But without guardrails and follow through, momentum fades quickly. Small design tweaks can shift behavior dramatically. If we focused more on long term alignment and less on quick wins, debates would cool down. We can disagree without ignoring tradeoffs.",1
ai_0958,"Low key, in climate, consistency beats sudden bursts of energy. People spend a lot of time arguing about headlines instead of structure. Systems respond to what is measured, not what is promised. There are valid counterpoints. Fast change can spark creativity and urgency. But without guardrails and follow through, momentum fades quickly. A lot of energy goes into optics instead of outcomes. If we focused more on long term alignment and less on quick wins, debates would cool down. No drama, just fundamentals.",1
ai_0959,"Here’s my take: in campus life, clear goals change behavior fast. People spend a lot of time arguing about headlines instead of structure. People follow incentives more than inspiration. Some folks argue the opposite, and I see why. Fast change can spark creativity and urgency. But without guardrails and follow through, momentum fades quickly. The loudest voices are not always the most informed. If we focused more on long term alignment and less on quick wins, debates would cool down. It’s not flashy, but steady effort usually wins.",1
ai_0960,"Here’s my take: in politics, consistency beats sudden bursts of energy. People spend a lot of time arguing about headlines instead of structure. Short term wins feel good, but they rarely fix root causes. Some folks argue the opposite, and I see why. Fast change can spark creativity and urgency. But without guardrails and follow through, momentum fades quickly. A lot of energy goes into optics instead of outcomes. If we focused more on long term alignment and less on quick wins, debates would cool down. It’s not flashy, but steady effort usually wins.",1
ai_0961,"If I’m being honest, in tech, clear goals change behavior fast. People spend a lot of time arguing about headlines instead of structure. Systems respond to what is measured, not what is promised. There are valid counterpoints. Fast change can spark creativity and urgency. But without guardrails and follow through, momentum fades quickly. People follow incentives more than inspiration. If we focused more on long term alignment and less on quick wins, debates would cool down. No drama, just fundamentals.",1
ai_0962,"Here’s my take: in health, most issues come down to incentives. People spend a lot of time arguing about headlines instead of structure. People follow incentives more than inspiration. I understand why some people push back. Fast change can spark creativity and urgency. But without guardrails and follow through, momentum fades quickly. Small design tweaks can shift behavior dramatically. If we focused more on long term alignment and less on quick wins, debates would cool down. No drama, just fundamentals.",1
ai_0963,"If I’m being honest, in sports, we overcomplicate things that are pretty structural. People spend a lot of time arguing about headlines instead of structure. Systems respond to what is measured, not what is promised. Some folks argue the opposite, and I see why. Fast change can spark creativity and urgency. But without guardrails and follow through, momentum fades quickly. Small design tweaks can shift behavior dramatically. If we focused more on long term alignment and less on quick wins, debates would cool down. No drama, just fundamentals.",1
ai_0964,"Low key, in economy, clear goals change behavior fast. People spend a lot of time arguing about headlines instead of structure. Systems respond to what is measured, not what is promised. I understand why some people push back. Fast change can spark creativity and urgency. But without guardrails and follow through, momentum fades quickly. Short term wins feel good, but they rarely fix root causes. If we focused more on long term alignment and less on quick wins, debates would cool down. Simple doesn’t mean easy.",1
ai_0965,"The simple version is that in climate, most issues come down to incentives. People spend a lot of time arguing about headlines instead of structure. Systems respond to what is measured, not what is promised. There are valid counterpoints. Fast change can spark creativity and urgency. But without guardrails and follow through, momentum fades quickly. Small design tweaks can shift behavior dramatically. If we focused more on long term alignment and less on quick wins, debates would cool down. Simple doesn’t mean easy.",1
ai_0966,"The simple version is that in campus life, we overcomplicate things that are pretty structural. People spend a lot of time arguing about headlines instead of structure. People follow incentives more than inspiration. I understand why some people push back. Fast change can spark creativity and urgency. But without guardrails and follow through, momentum fades quickly. When rewards are misaligned, people adapt in predictable ways. If we focused more on long term alignment and less on quick wins, debates would cool down. It’s not flashy, but steady effort usually wins.",1
ai_0967,"Not to overthink it, but in politics, clear goals change behavior fast. People spend a lot of time arguing about headlines instead of structure. Systems respond to what is measured, not what is promised. There are valid counterpoints. Fast change can spark creativity and urgency. But without guardrails and follow through, momentum fades quickly. A lot of energy goes into optics instead of outcomes. If we focused more on long term alignment and less on quick wins, debates would cool down. No drama, just fundamentals.",1
ai_0968,"Here’s my take: in tech, most issues come down to incentives. People spend a lot of time arguing about headlines instead of structure. A lot of energy goes into optics instead of outcomes. I understand why some people push back. Fast change can spark creativity and urgency. But without guardrails and follow through, momentum fades quickly. When rewards are misaligned, people adapt in predictable ways. If we focused more on long term alignment and less on quick wins, debates would cool down. No drama, just fundamentals.",1
ai_0969,"If I’m being honest, in health, most issues come down to incentives. People spend a lot of time arguing about headlines instead of structure. The loudest voices are not always the most informed. Some folks argue the opposite, and I see why. Fast change can spark creativity and urgency. But without guardrails and follow through, momentum fades quickly. Small design tweaks can shift behavior dramatically. If we focused more on long term alignment and less on quick wins, debates would cool down. It’s not flashy, but steady effort usually wins.",1
ai_0970,"If I’m being honest, in sports, consistency beats sudden bursts of energy. People spend a lot of time arguing about headlines instead of structure. A lot of energy goes into optics instead of outcomes. There’s definitely another perspective. Fast change can spark creativity and urgency. But without guardrails and follow through, momentum fades quickly. A lot of energy goes into optics instead of outcomes. If we focused more on long term alignment and less on quick wins, debates would cool down. No drama, just fundamentals.",1
ai_0971,"Here’s my take: in economy, we overcomplicate things that are pretty structural. People spend a lot of time arguing about headlines instead of structure. A lot of energy goes into optics instead of outcomes. There’s definitely another perspective. Fast change can spark creativity and urgency. But without guardrails and follow through, momentum fades quickly. The loudest voices are not always the most informed. If we focused more on long term alignment and less on quick wins, debates would cool down. We can disagree without ignoring tradeoffs.",1
ai_0972,"Here’s my take: in climate, we overcomplicate things that are pretty structural. People spend a lot of time arguing about headlines instead of structure. When rewards are misaligned, people adapt in predictable ways. There are valid counterpoints. Fast change can spark creativity and urgency. But without guardrails and follow through, momentum fades quickly. Short term wins feel good, but they rarely fix root causes. If we focused more on long term alignment and less on quick wins, debates would cool down. Simple doesn’t mean easy.",1
ai_0973,"Not to overthink it, but in campus life, clear goals change behavior fast. People spend a lot of time arguing about headlines instead of structure. The loudest voices are not always the most informed. It’s fair to say disruption has benefits. Fast change can spark creativity and urgency. But without guardrails and follow through, momentum fades quickly. Short term wins feel good, but they rarely fix root causes. If we focused more on long term alignment and less on quick wins, debates would cool down. We can disagree without ignoring tradeoffs.",1
ai_0974,"Low key, in politics, execution gaps create more damage than bad intentions. People spend a lot of time arguing about headlines instead of structure. Short term wins feel good, but they rarely fix root causes. I understand why some people push back. Fast change can spark creativity and urgency. But without guardrails and follow through, momentum fades quickly. When rewards are misaligned, people adapt in predictable ways. If we focused more on long term alignment and less on quick wins, debates would cool down. No drama, just fundamentals.",1
ai_0975,"Low key, in tech, consistency beats sudden bursts of energy. People spend a lot of time arguing about headlines instead of structure. A lot of energy goes into optics instead of outcomes. There’s definitely another perspective. Fast change can spark creativity and urgency. But without guardrails and follow through, momentum fades quickly. When rewards are misaligned, people adapt in predictable ways. If we focused more on long term alignment and less on quick wins, debates would cool down. No drama, just fundamentals.",1
ai_0976,"The simple version is that in health, clear goals change behavior fast. People spend a lot of time arguing about headlines instead of structure. Small design tweaks can shift behavior dramatically. I understand why some people push back. Fast change can spark creativity and urgency. But without guardrails and follow through, momentum fades quickly. People follow incentives more than inspiration. If we focused more on long term alignment and less on quick wins, debates would cool down. We can disagree without ignoring tradeoffs.",1
ai_0977,"Here’s my take: in sports, most issues come down to incentives. People spend a lot of time arguing about headlines instead of structure. People follow incentives more than inspiration. There are valid counterpoints. Fast change can spark creativity and urgency. But without guardrails and follow through, momentum fades quickly. A lot of energy goes into optics instead of outcomes. If we focused more on long term alignment and less on quick wins, debates would cool down. We can disagree without ignoring tradeoffs.",1
ai_0978,"If I’m being honest, in economy, clear goals change behavior fast. People spend a lot of time arguing about headlines instead of structure. Short term wins feel good, but they rarely fix root causes. It’s fair to say disruption has benefits. Fast change can spark creativity and urgency. But without guardrails and follow through, momentum fades quickly. Systems respond to what is measured, not what is promised. If we focused more on long term alignment and less on quick wins, debates would cool down. No drama, just fundamentals.",1
ai_0979,"The simple version is that in climate, clear goals change behavior fast. People spend a lot of time arguing about headlines instead of structure. People follow incentives more than inspiration. There’s definitely another perspective. Fast change can spark creativity and urgency. But without guardrails and follow through, momentum fades quickly. Short term wins feel good, but they rarely fix root causes. If we focused more on long term alignment and less on quick wins, debates would cool down. That’s kind of the whole point.",1
ai_0980,"Here’s my take: in campus life, we overcomplicate things that are pretty structural. People spend a lot of time arguing about headlines instead of structure. When rewards are misaligned, people adapt in predictable ways. It’s fair to say disruption has benefits. Fast change can spark creativity and urgency. But without guardrails and follow through, momentum fades quickly. A lot of energy goes into optics instead of outcomes. If we focused more on long term alignment and less on quick wins, debates would cool down. No drama, just fundamentals.",1
ai_0981,"Low key, in politics, execution gaps create more damage than bad intentions. People spend a lot of time arguing about headlines instead of structure. Systems respond to what is measured, not what is promised. I understand why some people push back. Fast change can spark creativity and urgency. But without guardrails and follow through, momentum fades quickly. When rewards are misaligned, people adapt in predictable ways. If we focused more on long term alignment and less on quick wins, debates would cool down. No drama, just fundamentals.",1
ai_0982,"If I’m being honest, in tech, execution gaps create more damage than bad intentions. People spend a lot of time arguing about headlines instead of structure. Systems respond to what is measured, not what is promised. It’s fair to say disruption has benefits. Fast change can spark creativity and urgency. But without guardrails and follow through, momentum fades quickly. When rewards are misaligned, people adapt in predictable ways. If we focused more on long term alignment and less on quick wins, debates would cool down. No drama, just fundamentals.",1
ai_0983,"If I’m being honest, in health, consistency beats sudden bursts of energy. People spend a lot of time arguing about headlines instead of structure. Systems respond to what is measured, not what is promised. It’s fair to say disruption has benefits. Fast change can spark creativity and urgency. But without guardrails and follow through, momentum fades quickly. Systems respond to what is measured, not what is promised. If we focused more on long term alignment and less on quick wins, debates would cool down. We can disagree without ignoring tradeoffs.",1
ai_0984,"If I’m being honest, in sports, execution gaps create more damage than bad intentions. People spend a lot of time arguing about headlines instead of structure. Systems respond to what is measured, not what is promised. There are valid counterpoints. Fast change can spark creativity and urgency. But without guardrails and follow through, momentum fades quickly. People follow incentives more than inspiration. If we focused more on long term alignment and less on quick wins, debates would cool down. We can disagree without ignoring tradeoffs.",1
ai_0985,"The simple version is that in economy, we overcomplicate things that are pretty structural. People spend a lot of time arguing about headlines instead of structure. Systems respond to what is measured, not what is promised. It’s fair to say disruption has benefits. Fast change can spark creativity and urgency. But without guardrails and follow through, momentum fades quickly. Short term wins feel good, but they rarely fix root causes. If we focused more on long term alignment and less on quick wins, debates would cool down. That’s kind of the whole point.",1
ai_0986,"Low key, in climate, consistency beats sudden bursts of energy. People spend a lot of time arguing about headlines instead of structure. When rewards are misaligned, people adapt in predictable ways. I understand why some people push back. Fast change can spark creativity and urgency. But without guardrails and follow through, momentum fades quickly. A lot of energy goes into optics instead of outcomes. If we focused more on long term alignment and less on quick wins, debates would cool down. Simple doesn’t mean easy.",1
ai_0987,"If I’m being honest, in campus life, consistency beats sudden bursts of energy. People spend a lot of time arguing about headlines instead of structure. When rewards are misaligned, people adapt in predictable ways. There’s definitely another perspective. Fast change can spark creativity and urgency. But without guardrails and follow through, momentum fades quickly. Short term wins feel good, but they rarely fix root causes. If we focused more on long term alignment and less on quick wins, debates would cool down. It’s not flashy, but steady effort usually wins.",1
ai_0988,"Here’s my take: in politics, execution gaps create more damage than bad intentions. People spend a lot of time arguing about headlines instead of structure. Systems respond to what is measured, not what is promised. Some folks argue the opposite, and I see why. Fast change can spark creativity and urgency. But without guardrails and follow through, momentum fades quickly. A lot of energy goes into optics instead of outcomes. If we focused more on long term alignment and less on quick wins, debates would cool down. We can disagree without ignoring tradeoffs.",1
ai_0989,"Not to overthink it, but in tech, most issues come down to incentives. People spend a lot of time arguing about headlines instead of structure. The loudest voices are not always the most informed. There’s definitely another perspective. Fast change can spark creativity and urgency. But without guardrails and follow through, momentum fades quickly. The loudest voices are not always the most informed. If we focused more on long term alignment and less on quick wins, debates would cool down. No drama, just fundamentals.",1
ai_0990,"Here’s my take: in health, we overcomplicate things that are pretty structural. People spend a lot of time arguing about headlines instead of structure. People follow incentives more than inspiration. Some folks argue the opposite, and I see why. Fast change can spark creativity and urgency. But without guardrails and follow through, momentum fades quickly. People follow incentives more than inspiration. If we focused more on long term alignment and less on quick wins, debates would cool down. We can disagree without ignoring tradeoffs.",1
ai_0991,"Not to overthink it, but in sports, we overcomplicate things that are pretty structural. People spend a lot of time arguing about headlines instead of structure. The loudest voices are not always the most informed. It’s fair to say disruption has benefits. Fast change can spark creativity and urgency. But without guardrails and follow through, momentum fades quickly. Small design tweaks can shift behavior dramatically. If we focused more on long term alignment and less on quick wins, debates would cool down. Simple doesn’t mean easy.",1
ai_0992,"If I’m being honest, in economy, clear goals change behavior fast. People spend a lot of time arguing about headlines instead of structure. Small design tweaks can shift behavior dramatically. It’s fair to say disruption has benefits. Fast change can spark creativity and urgency. But without guardrails and follow through, momentum fades quickly. People follow incentives more than inspiration. If we focused more on long term alignment and less on quick wins, debates would cool down. That’s kind of the whole point.",1
ai_0993,"The simple version is that in climate, consistency beats sudden bursts of energy. People spend a lot of time arguing about headlines instead of structure. A lot of energy goes into optics instead of outcomes. There are valid counterpoints. Fast change can spark creativity and urgency. But without guardrails and follow through, momentum fades quickly. Small design tweaks can shift behavior dramatically. If we focused more on long term alignment and less on quick wins, debates would cool down. We can disagree without ignoring tradeoffs.",1
ai_0994,"Here’s my take: in campus life, consistency beats sudden bursts of energy. People spend a lot of time arguing about headlines instead of structure. Systems respond to what is measured, not what is promised. I understand why some people push back. Fast change can spark creativity and urgency. But without guardrails and follow through, momentum fades quickly. When rewards are misaligned, people adapt in predictable ways. If we focused more on long term alignment and less on quick wins, debates would cool down. No drama, just fundamentals.",1
ai_0995,"Not to overthink it, but in politics, most issues come down to incentives. People spend a lot of time arguing about headlines instead of structure. People follow incentives more than inspiration. There’s definitely another perspective. Fast change can spark creativity and urgency. But without guardrails and follow through, momentum fades quickly. Short term wins feel good, but they rarely fix root causes. If we focused more on long term alignment and less on quick wins, debates would cool down. No drama, just fundamentals.",1
ai_0996,"If I’m being honest, in tech, clear goals change behavior fast. People spend a lot of time arguing about headlines instead of structure. People follow incentives more than inspiration. There’s definitely another perspective. Fast change can spark creativity and urgency. But without guardrails and follow through, momentum fades quickly. Short term wins feel good, but they rarely fix root causes. If we focused more on long term alignment and less on quick wins, debates would cool down. Simple doesn’t mean easy.",1
ai_0997,"Not to overthink it, but in health, most issues come down to incentives. People spend a lot of time arguing about headlines instead of structure. The loudest voices are not always the most informed. There are valid counterpoints. Fast change can spark creativity and urgency. But without guardrails and follow through, momentum fades quickly. A lot of energy goes into optics instead of outcomes. If we focused more on long term alignment and less on quick wins, debates would cool down. No drama, just fundamentals.",1
ai_0998,"Low key, in sports, most issues come down to incentives. People spend a lot of time arguing about headlines instead of structure. Short term wins feel good, but they rarely fix root causes. There are valid counterpoints. Fast change can spark creativity and urgency. But without guardrails and follow through, momentum fades quickly. Small design tweaks can shift behavior dramatically. If we focused more on long term alignment and less on quick wins, debates would cool down. We can disagree without ignoring tradeoffs.",1
ai_0999,"Here’s my take: in economy, consistency beats sudden bursts of energy. People spend a lot of time arguing about headlines instead of structure. People follow incentives more than inspiration. Some folks argue the opposite, and I see why. Fast change can spark creativity and urgency. But without guardrails and follow through, momentum fades quickly. Systems respond to what is measured, not what is promised. If we focused more on long term alignment and less on quick wins, debates would cool down. Simple doesn’t mean easy.",1
ai_1000,"The simple version is that in climate, clear goals change behavior fast. People spend a lot of time arguing about headlines instead of structure. A lot of energy goes into optics instead of outcomes. There’s definitely another perspective. Fast change can spark creativity and urgency. But without guardrails and follow through, momentum fades quickly. Systems respond to what is measured, not what is promised. If we focused more on long term alignment and less on quick wins, debates would cool down. That’s kind of the whole point.",1
