id,text,label
ai_0001,"Real talk, in politics, clarity would solve half the confusion. A lot of the noise online makes it seem more complicated than it is. When incentives line up, outcomes improve. When they don’t, frustration builds. Sure, there’s another side. Sometimes fast change creates energy and momentum. But without consistency and follow through, things drift back to the same patterns. Most debates focus on personalities instead of systems, which kind of misses the bigger picture. If we defined success clearly and measured it honestly, we’d argue less and fix more. No drama, just fundamentals.",1
ai_0002,"Hot take: in tech, most problems are coordination failures. A lot of the noise online makes it seem more complicated than it is. When incentives line up, outcomes improve. When they don’t, frustration builds. Not everyone sees it this way. Sometimes fast change creates energy and momentum. But without consistency and follow through, things drift back to the same patterns. Most debates focus on personalities instead of systems, which kind of misses the bigger picture. If we defined success clearly and measured it honestly, we’d argue less and fix more. It’s not flashy, but it’s real.",1
ai_0003,"Short answer: in health, structure beats intention every time. A lot of the noise online makes it seem more complicated than it is. When incentives line up, outcomes improve. When they don’t, frustration builds. Not everyone sees it this way. Sometimes fast change creates energy and momentum. But without consistency and follow through, things drift back to the same patterns. Most debates focus on personalities instead of systems, which kind of misses the bigger picture. If we defined success clearly and measured it honestly, we’d argue less and fix more. Simple doesn’t mean easy.",1
ai_0004,"Hot take: in sports, people follow what’s rewarded, not what’s recommended. A lot of the noise online makes it seem more complicated than it is. When incentives line up, outcomes improve. When they don’t, frustration builds. Some folks disagree, and that’s fair. Sometimes fast change creates energy and momentum. But without consistency and follow through, things drift back to the same patterns. Most debates focus on personalities instead of systems, which kind of misses the bigger picture. If we defined success clearly and measured it honestly, we’d argue less and fix more. It’s not flashy, but it’s real.",1
ai_0005,"Honestly, in economy, structure beats intention every time. A lot of the noise online makes it seem more complicated than it is. When incentives line up, outcomes improve. When they don’t, frustration builds. Some folks disagree, and that’s fair. Sometimes fast change creates energy and momentum. But without consistency and follow through, things drift back to the same patterns. Most debates focus on personalities instead of systems, which kind of misses the bigger picture. If we defined success clearly and measured it honestly, we’d argue less and fix more. It’s not flashy, but it’s real.",1
ai_0006,"Hot take: in climate, structure beats intention every time. A lot of the noise online makes it seem more complicated than it is. When incentives line up, outcomes improve. When they don’t, frustration builds. Not everyone sees it this way. Sometimes fast change creates energy and momentum. But without consistency and follow through, things drift back to the same patterns. Most debates focus on personalities instead of systems, which kind of misses the bigger picture. If we defined success clearly and measured it honestly, we’d argue less and fix more. That’s kind of the point.",1
ai_0007,"Real talk, in campus life, most problems are coordination failures. A lot of the noise online makes it seem more complicated than it is. When incentives line up, outcomes improve. When they don’t, frustration builds. Not everyone sees it this way. Sometimes fast change creates energy and momentum. But without consistency and follow through, things drift back to the same patterns. Most debates focus on personalities instead of systems, which kind of misses the bigger picture. If we defined success clearly and measured it honestly, we’d argue less and fix more. That’s kind of the point.",1
ai_0008,"Honestly, in politics, people follow what’s rewarded, not what’s recommended. A lot of the noise online makes it seem more complicated than it is. When incentives line up, outcomes improve. When they don’t, frustration builds. I get the counterargument. Sometimes fast change creates energy and momentum. But without consistency and follow through, things drift back to the same patterns. Most debates focus on personalities instead of systems, which kind of misses the bigger picture. If we defined success clearly and measured it honestly, we’d argue less and fix more. No drama, just fundamentals.",1
ai_0009,"Quick take: in tech, slow progress is still progress. A lot of the noise online makes it seem more complicated than it is. When incentives line up, outcomes improve. When they don’t, frustration builds. Not everyone sees it this way. Sometimes fast change creates energy and momentum. But without consistency and follow through, things drift back to the same patterns. Most debates focus on personalities instead of systems, which kind of misses the bigger picture. If we defined success clearly and measured it honestly, we’d argue less and fix more. Simple doesn’t mean easy.",1
ai_0010,"Real talk, in health, incentives drive behavior more than speeches. A lot of the noise online makes it seem more complicated than it is. When incentives line up, outcomes improve. When they don’t, frustration builds. I get the counterargument. Sometimes fast change creates energy and momentum. But without consistency and follow through, things drift back to the same patterns. Most debates focus on personalities instead of systems, which kind of misses the bigger picture. If we defined success clearly and measured it honestly, we’d argue less and fix more. No drama, just fundamentals.",1
ai_0011,"Real talk, in sports, execution matters more than hype. A lot of the noise online makes it seem more complicated than it is. When incentives line up, outcomes improve. When they don’t, frustration builds. I get the counterargument. Sometimes fast change creates energy and momentum. But without consistency and follow through, things drift back to the same patterns. Most debates focus on personalities instead of systems, which kind of misses the bigger picture. If we defined success clearly and measured it honestly, we’d argue less and fix more. That’s kind of the point.",1
ai_0012,"Quick take: in economy, structure beats intention every time. A lot of the noise online makes it seem more complicated than it is. When incentives line up, outcomes improve. When they don’t, frustration builds. Not everyone sees it this way. Sometimes fast change creates energy and momentum. But without consistency and follow through, things drift back to the same patterns. Most debates focus on personalities instead of systems, which kind of misses the bigger picture. If we defined success clearly and measured it honestly, we’d argue less and fix more. Still, the basics matter.",1
ai_0013,"Real talk, in climate, slow progress is still progress. A lot of the noise online makes it seem more complicated than it is. When incentives line up, outcomes improve. When they don’t, frustration builds. Not everyone sees it this way. Sometimes fast change creates energy and momentum. But without consistency and follow through, things drift back to the same patterns. Most debates focus on personalities instead of systems, which kind of misses the bigger picture. If we defined success clearly and measured it honestly, we’d argue less and fix more. Simple doesn’t mean easy.",1
ai_0014,"Quick take: in campus life, most problems are coordination failures. A lot of the noise online makes it seem more complicated than it is. When incentives line up, outcomes improve. When they don’t, frustration builds. Some folks disagree, and that’s fair. Sometimes fast change creates energy and momentum. But without consistency and follow through, things drift back to the same patterns. Most debates focus on personalities instead of systems, which kind of misses the bigger picture. If we defined success clearly and measured it honestly, we’d argue less and fix more. Still, the basics matter.",1
ai_0015,"Short answer: in politics, incentives drive behavior more than speeches. A lot of the noise online makes it seem more complicated than it is. When incentives line up, outcomes improve. When they don’t, frustration builds. Some folks disagree, and that’s fair. Sometimes fast change creates energy and momentum. But without consistency and follow through, things drift back to the same patterns. Most debates focus on personalities instead of systems, which kind of misses the bigger picture. If we defined success clearly and measured it honestly, we’d argue less and fix more. It’s not flashy, but it’s real.",1
ai_0016,"Quick take: in tech, clarity would solve half the confusion. A lot of the noise online makes it seem more complicated than it is. When incentives line up, outcomes improve. When they don’t, frustration builds. Some folks disagree, and that’s fair. Sometimes fast change creates energy and momentum. But without consistency and follow through, things drift back to the same patterns. Most debates focus on personalities instead of systems, which kind of misses the bigger picture. If we defined success clearly and measured it honestly, we’d argue less and fix more. Simple doesn’t mean easy.",1
ai_0017,"Hot take: in health, execution matters more than hype. A lot of the noise online makes it seem more complicated than it is. When incentives line up, outcomes improve. When they don’t, frustration builds. There’s a reasonable pushback. Sometimes fast change creates energy and momentum. But without consistency and follow through, things drift back to the same patterns. Most debates focus on personalities instead of systems, which kind of misses the bigger picture. If we defined success clearly and measured it honestly, we’d argue less and fix more. Still, the basics matter.",1
ai_0018,"Honestly, in sports, slow progress is still progress. A lot of the noise online makes it seem more complicated than it is. When incentives line up, outcomes improve. When they don’t, frustration builds. I get the counterargument. Sometimes fast change creates energy and momentum. But without consistency and follow through, things drift back to the same patterns. Most debates focus on personalities instead of systems, which kind of misses the bigger picture. If we defined success clearly and measured it honestly, we’d argue less and fix more. Simple doesn’t mean easy.",1
ai_0019,"Quick take: in economy, most problems are coordination failures. A lot of the noise online makes it seem more complicated than it is. When incentives line up, outcomes improve. When they don’t, frustration builds. Sure, there’s another side. Sometimes fast change creates energy and momentum. But without consistency and follow through, things drift back to the same patterns. Most debates focus on personalities instead of systems, which kind of misses the bigger picture. If we defined success clearly and measured it honestly, we’d argue less and fix more. No drama, just fundamentals.",1
ai_0020,"Short answer: in climate, execution matters more than hype. A lot of the noise online makes it seem more complicated than it is. When incentives line up, outcomes improve. When they don’t, frustration builds. I get the counterargument. Sometimes fast change creates energy and momentum. But without consistency and follow through, things drift back to the same patterns. Most debates focus on personalities instead of systems, which kind of misses the bigger picture. If we defined success clearly and measured it honestly, we’d argue less and fix more. No drama, just fundamentals.",1
ai_0021,"Quick take: in campus life, clarity would solve half the confusion. A lot of the noise online makes it seem more complicated than it is. When incentives line up, outcomes improve. When they don’t, frustration builds. Not everyone sees it this way. Sometimes fast change creates energy and momentum. But without consistency and follow through, things drift back to the same patterns. Most debates focus on personalities instead of systems, which kind of misses the bigger picture. If we defined success clearly and measured it honestly, we’d argue less and fix more. Simple doesn’t mean easy.",1
ai_0022,"Short answer: in politics, most problems are coordination failures. A lot of the noise online makes it seem more complicated than it is. When incentives line up, outcomes improve. When they don’t, frustration builds. There’s a reasonable pushback. Sometimes fast change creates energy and momentum. But without consistency and follow through, things drift back to the same patterns. Most debates focus on personalities instead of systems, which kind of misses the bigger picture. If we defined success clearly and measured it honestly, we’d argue less and fix more. Still, the basics matter.",1
ai_0023,"Short answer: in tech, slow progress is still progress. A lot of the noise online makes it seem more complicated than it is. When incentives line up, outcomes improve. When they don’t, frustration builds. There’s a reasonable pushback. Sometimes fast change creates energy and momentum. But without consistency and follow through, things drift back to the same patterns. Most debates focus on personalities instead of systems, which kind of misses the bigger picture. If we defined success clearly and measured it honestly, we’d argue less and fix more. Still, the basics matter.",1
ai_0024,"Real talk, in health, slow progress is still progress. A lot of the noise online makes it seem more complicated than it is. When incentives line up, outcomes improve. When they don’t, frustration builds. I get the counterargument. Sometimes fast change creates energy and momentum. But without consistency and follow through, things drift back to the same patterns. Most debates focus on personalities instead of systems, which kind of misses the bigger picture. If we defined success clearly and measured it honestly, we’d argue less and fix more. It’s not flashy, but it’s real.",1
ai_0025,"Hot take: in sports, slow progress is still progress. A lot of the noise online makes it seem more complicated than it is. When incentives line up, outcomes improve. When they don’t, frustration builds. There’s a reasonable pushback. Sometimes fast change creates energy and momentum. But without consistency and follow through, things drift back to the same patterns. Most debates focus on personalities instead of systems, which kind of misses the bigger picture. If we defined success clearly and measured it honestly, we’d argue less and fix more. No drama, just fundamentals.",1
ai_0026,"Honestly, in economy, incentives drive behavior more than speeches. A lot of the noise online makes it seem more complicated than it is. When incentives line up, outcomes improve. When they don’t, frustration builds. Some folks disagree, and that’s fair. Sometimes fast change creates energy and momentum. But without consistency and follow through, things drift back to the same patterns. Most debates focus on personalities instead of systems, which kind of misses the bigger picture. If we defined success clearly and measured it honestly, we’d argue less and fix more. Simple doesn’t mean easy.",1
ai_0027,"Hot take: in climate, execution matters more than hype. A lot of the noise online makes it seem more complicated than it is. When incentives line up, outcomes improve. When they don’t, frustration builds. Sure, there’s another side. Sometimes fast change creates energy and momentum. But without consistency and follow through, things drift back to the same patterns. Most debates focus on personalities instead of systems, which kind of misses the bigger picture. If we defined success clearly and measured it honestly, we’d argue less and fix more. Simple doesn’t mean easy.",1
ai_0028,"Hot take: in campus life, slow progress is still progress. A lot of the noise online makes it seem more complicated than it is. When incentives line up, outcomes improve. When they don’t, frustration builds. Sure, there’s another side. Sometimes fast change creates energy and momentum. But without consistency and follow through, things drift back to the same patterns. Most debates focus on personalities instead of systems, which kind of misses the bigger picture. If we defined success clearly and measured it honestly, we’d argue less and fix more. No drama, just fundamentals.",1
ai_0029,"Hot take: in politics, execution matters more than hype. A lot of the noise online makes it seem more complicated than it is. When incentives line up, outcomes improve. When they don’t, frustration builds. Sure, there’s another side. Sometimes fast change creates energy and momentum. But without consistency and follow through, things drift back to the same patterns. Most debates focus on personalities instead of systems, which kind of misses the bigger picture. If we defined success clearly and measured it honestly, we’d argue less and fix more. Still, the basics matter.",1
ai_0030,"Real talk, in tech, clarity would solve half the confusion. A lot of the noise online makes it seem more complicated than it is. When incentives line up, outcomes improve. When they don’t, frustration builds. Sure, there’s another side. Sometimes fast change creates energy and momentum. But without consistency and follow through, things drift back to the same patterns. Most debates focus on personalities instead of systems, which kind of misses the bigger picture. If we defined success clearly and measured it honestly, we’d argue less and fix more. Simple doesn’t mean easy.",1
ai_0031,"Quick take: in health, clarity would solve half the confusion. A lot of the noise online makes it seem more complicated than it is. When incentives line up, outcomes improve. When they don’t, frustration builds. There’s a reasonable pushback. Sometimes fast change creates energy and momentum. But without consistency and follow through, things drift back to the same patterns. Most debates focus on personalities instead of systems, which kind of misses the bigger picture. If we defined success clearly and measured it honestly, we’d argue less and fix more. It’s not flashy, but it’s real.",1
ai_0032,"Honestly, in sports, incentives drive behavior more than speeches. A lot of the noise online makes it seem more complicated than it is. When incentives line up, outcomes improve. When they don’t, frustration builds. There’s a reasonable pushback. Sometimes fast change creates energy and momentum. But without consistency and follow through, things drift back to the same patterns. Most debates focus on personalities instead of systems, which kind of misses the bigger picture. If we defined success clearly and measured it honestly, we’d argue less and fix more. Simple doesn’t mean easy.",1
ai_0033,"Honestly, in economy, incentives drive behavior more than speeches. A lot of the noise online makes it seem more complicated than it is. When incentives line up, outcomes improve. When they don’t, frustration builds. Some folks disagree, and that’s fair. Sometimes fast change creates energy and momentum. But without consistency and follow through, things drift back to the same patterns. Most debates focus on personalities instead of systems, which kind of misses the bigger picture. If we defined success clearly and measured it honestly, we’d argue less and fix more. No drama, just fundamentals.",1
ai_0034,"Real talk, in climate, people follow what’s rewarded, not what’s recommended. A lot of the noise online makes it seem more complicated than it is. When incentives line up, outcomes improve. When they don’t, frustration builds. I get the counterargument. Sometimes fast change creates energy and momentum. But without consistency and follow through, things drift back to the same patterns. Most debates focus on personalities instead of systems, which kind of misses the bigger picture. If we defined success clearly and measured it honestly, we’d argue less and fix more. It’s not flashy, but it’s real.",1
ai_0035,"Honestly, in campus life, most problems are coordination failures. A lot of the noise online makes it seem more complicated than it is. When incentives line up, outcomes improve. When they don’t, frustration builds. I get the counterargument. Sometimes fast change creates energy and momentum. But without consistency and follow through, things drift back to the same patterns. Most debates focus on personalities instead of systems, which kind of misses the bigger picture. If we defined success clearly and measured it honestly, we’d argue less and fix more. That’s kind of the point.",1
ai_0036,"Honestly, in politics, incentives drive behavior more than speeches. A lot of the noise online makes it seem more complicated than it is. When incentives line up, outcomes improve. When they don’t, frustration builds. Some folks disagree, and that’s fair. Sometimes fast change creates energy and momentum. But without consistency and follow through, things drift back to the same patterns. Most debates focus on personalities instead of systems, which kind of misses the bigger picture. If we defined success clearly and measured it honestly, we’d argue less and fix more. Simple doesn’t mean easy.",1
ai_0037,"Real talk, in tech, people follow what’s rewarded, not what’s recommended. A lot of the noise online makes it seem more complicated than it is. When incentives line up, outcomes improve. When they don’t, frustration builds. Some folks disagree, and that’s fair. Sometimes fast change creates energy and momentum. But without consistency and follow through, things drift back to the same patterns. Most debates focus on personalities instead of systems, which kind of misses the bigger picture. If we defined success clearly and measured it honestly, we’d argue less and fix more. That’s kind of the point.",1
ai_0038,"Honestly, in health, people follow what’s rewarded, not what’s recommended. A lot of the noise online makes it seem more complicated than it is. When incentives line up, outcomes improve. When they don’t, frustration builds. Sure, there’s another side. Sometimes fast change creates energy and momentum. But without consistency and follow through, things drift back to the same patterns. Most debates focus on personalities instead of systems, which kind of misses the bigger picture. If we defined success clearly and measured it honestly, we’d argue less and fix more. Still, the basics matter.",1
ai_0039,"Honestly, in sports, structure beats intention every time. A lot of the noise online makes it seem more complicated than it is. When incentives line up, outcomes improve. When they don’t, frustration builds. There’s a reasonable pushback. Sometimes fast change creates energy and momentum. But without consistency and follow through, things drift back to the same patterns. Most debates focus on personalities instead of systems, which kind of misses the bigger picture. If we defined success clearly and measured it honestly, we’d argue less and fix more. It’s not flashy, but it’s real.",1
ai_0040,"Hot take: in economy, most problems are coordination failures. A lot of the noise online makes it seem more complicated than it is. When incentives line up, outcomes improve. When they don’t, frustration builds. Sure, there’s another side. Sometimes fast change creates energy and momentum. But without consistency and follow through, things drift back to the same patterns. Most debates focus on personalities instead of systems, which kind of misses the bigger picture. If we defined success clearly and measured it honestly, we’d argue less and fix more. No drama, just fundamentals.",1
ai_0041,"Quick take: in climate, incentives drive behavior more than speeches. A lot of the noise online makes it seem more complicated than it is. When incentives line up, outcomes improve. When they don’t, frustration builds. I get the counterargument. Sometimes fast change creates energy and momentum. But without consistency and follow through, things drift back to the same patterns. Most debates focus on personalities instead of systems, which kind of misses the bigger picture. If we defined success clearly and measured it honestly, we’d argue less and fix more. That’s kind of the point.",1
ai_0042,"Short answer: in campus life, slow progress is still progress. A lot of the noise online makes it seem more complicated than it is. When incentives line up, outcomes improve. When they don’t, frustration builds. Sure, there’s another side. Sometimes fast change creates energy and momentum. But without consistency and follow through, things drift back to the same patterns. Most debates focus on personalities instead of systems, which kind of misses the bigger picture. If we defined success clearly and measured it honestly, we’d argue less and fix more. It’s not flashy, but it’s real.",1
ai_0043,"Hot take: in politics, structure beats intention every time. A lot of the noise online makes it seem more complicated than it is. When incentives line up, outcomes improve. When they don’t, frustration builds. I get the counterargument. Sometimes fast change creates energy and momentum. But without consistency and follow through, things drift back to the same patterns. Most debates focus on personalities instead of systems, which kind of misses the bigger picture. If we defined success clearly and measured it honestly, we’d argue less and fix more. Still, the basics matter.",1
ai_0044,"Honestly, in tech, incentives drive behavior more than speeches. A lot of the noise online makes it seem more complicated than it is. When incentives line up, outcomes improve. When they don’t, frustration builds. There’s a reasonable pushback. Sometimes fast change creates energy and momentum. But without consistency and follow through, things drift back to the same patterns. Most debates focus on personalities instead of systems, which kind of misses the bigger picture. If we defined success clearly and measured it honestly, we’d argue less and fix more. Still, the basics matter.",1
ai_0045,"Short answer: in health, slow progress is still progress. A lot of the noise online makes it seem more complicated than it is. When incentives line up, outcomes improve. When they don’t, frustration builds. I get the counterargument. Sometimes fast change creates energy and momentum. But without consistency and follow through, things drift back to the same patterns. Most debates focus on personalities instead of systems, which kind of misses the bigger picture. If we defined success clearly and measured it honestly, we’d argue less and fix more. That’s kind of the point.",1
ai_0046,"Real talk, in sports, clarity would solve half the confusion. A lot of the noise online makes it seem more complicated than it is. When incentives line up, outcomes improve. When they don’t, frustration builds. There’s a reasonable pushback. Sometimes fast change creates energy and momentum. But without consistency and follow through, things drift back to the same patterns. Most debates focus on personalities instead of systems, which kind of misses the bigger picture. If we defined success clearly and measured it honestly, we’d argue less and fix more. Simple doesn’t mean easy.",1
ai_0047,"Hot take: in economy, clarity would solve half the confusion. A lot of the noise online makes it seem more complicated than it is. When incentives line up, outcomes improve. When they don’t, frustration builds. There’s a reasonable pushback. Sometimes fast change creates energy and momentum. But without consistency and follow through, things drift back to the same patterns. Most debates focus on personalities instead of systems, which kind of misses the bigger picture. If we defined success clearly and measured it honestly, we’d argue less and fix more. Still, the basics matter.",1
ai_0048,"Real talk, in climate, slow progress is still progress. A lot of the noise online makes it seem more complicated than it is. When incentives line up, outcomes improve. When they don’t, frustration builds. Some folks disagree, and that’s fair. Sometimes fast change creates energy and momentum. But without consistency and follow through, things drift back to the same patterns. Most debates focus on personalities instead of systems, which kind of misses the bigger picture. If we defined success clearly and measured it honestly, we’d argue less and fix more. No drama, just fundamentals.",1
ai_0049,"Real talk, in campus life, most problems are coordination failures. A lot of the noise online makes it seem more complicated than it is. When incentives line up, outcomes improve. When they don’t, frustration builds. There’s a reasonable pushback. Sometimes fast change creates energy and momentum. But without consistency and follow through, things drift back to the same patterns. Most debates focus on personalities instead of systems, which kind of misses the bigger picture. If we defined success clearly and measured it honestly, we’d argue less and fix more. No drama, just fundamentals.",1
ai_0050,"Honestly, in politics, most problems are coordination failures. A lot of the noise online makes it seem more complicated than it is. When incentives line up, outcomes improve. When they don’t, frustration builds. Some folks disagree, and that’s fair. Sometimes fast change creates energy and momentum. But without consistency and follow through, things drift back to the same patterns. Most debates focus on personalities instead of systems, which kind of misses the bigger picture. If we defined success clearly and measured it honestly, we’d argue less and fix more. That’s kind of the point.",1
ai_0051,"Quick take: in tech, most problems are coordination failures. A lot of the noise online makes it seem more complicated than it is. When incentives line up, outcomes improve. When they don’t, frustration builds. There’s a reasonable pushback. Sometimes fast change creates energy and momentum. But without consistency and follow through, things drift back to the same patterns. Most debates focus on personalities instead of systems, which kind of misses the bigger picture. If we defined success clearly and measured it honestly, we’d argue less and fix more. It’s not flashy, but it’s real.",1
ai_0052,"Real talk, in health, structure beats intention every time. A lot of the noise online makes it seem more complicated than it is. When incentives line up, outcomes improve. When they don’t, frustration builds. Sure, there’s another side. Sometimes fast change creates energy and momentum. But without consistency and follow through, things drift back to the same patterns. Most debates focus on personalities instead of systems, which kind of misses the bigger picture. If we defined success clearly and measured it honestly, we’d argue less and fix more. No drama, just fundamentals.",1
ai_0053,"Short answer: in sports, most problems are coordination failures. A lot of the noise online makes it seem more complicated than it is. When incentives line up, outcomes improve. When they don’t, frustration builds. Sure, there’s another side. Sometimes fast change creates energy and momentum. But without consistency and follow through, things drift back to the same patterns. Most debates focus on personalities instead of systems, which kind of misses the bigger picture. If we defined success clearly and measured it honestly, we’d argue less and fix more. That’s kind of the point.",1
ai_0054,"Hot take: in economy, clarity would solve half the confusion. A lot of the noise online makes it seem more complicated than it is. When incentives line up, outcomes improve. When they don’t, frustration builds. Some folks disagree, and that’s fair. Sometimes fast change creates energy and momentum. But without consistency and follow through, things drift back to the same patterns. Most debates focus on personalities instead of systems, which kind of misses the bigger picture. If we defined success clearly and measured it honestly, we’d argue less and fix more. Simple doesn’t mean easy.",1
ai_0055,"Short answer: in climate, structure beats intention every time. A lot of the noise online makes it seem more complicated than it is. When incentives line up, outcomes improve. When they don’t, frustration builds. There’s a reasonable pushback. Sometimes fast change creates energy and momentum. But without consistency and follow through, things drift back to the same patterns. Most debates focus on personalities instead of systems, which kind of misses the bigger picture. If we defined success clearly and measured it honestly, we’d argue less and fix more. Simple doesn’t mean easy.",1
ai_0056,"Short answer: in campus life, incentives drive behavior more than speeches. A lot of the noise online makes it seem more complicated than it is. When incentives line up, outcomes improve. When they don’t, frustration builds. Not everyone sees it this way. Sometimes fast change creates energy and momentum. But without consistency and follow through, things drift back to the same patterns. Most debates focus on personalities instead of systems, which kind of misses the bigger picture. If we defined success clearly and measured it honestly, we’d argue less and fix more. No drama, just fundamentals.",1
ai_0057,"Real talk, in politics, execution matters more than hype. A lot of the noise online makes it seem more complicated than it is. When incentives line up, outcomes improve. When they don’t, frustration builds. There’s a reasonable pushback. Sometimes fast change creates energy and momentum. But without consistency and follow through, things drift back to the same patterns. Most debates focus on personalities instead of systems, which kind of misses the bigger picture. If we defined success clearly and measured it honestly, we’d argue less and fix more. Still, the basics matter.",1
ai_0058,"Short answer: in tech, most problems are coordination failures. A lot of the noise online makes it seem more complicated than it is. When incentives line up, outcomes improve. When they don’t, frustration builds. Sure, there’s another side. Sometimes fast change creates energy and momentum. But without consistency and follow through, things drift back to the same patterns. Most debates focus on personalities instead of systems, which kind of misses the bigger picture. If we defined success clearly and measured it honestly, we’d argue less and fix more. Still, the basics matter.",1
ai_0059,"Short answer: in health, incentives drive behavior more than speeches. A lot of the noise online makes it seem more complicated than it is. When incentives line up, outcomes improve. When they don’t, frustration builds. I get the counterargument. Sometimes fast change creates energy and momentum. But without consistency and follow through, things drift back to the same patterns. Most debates focus on personalities instead of systems, which kind of misses the bigger picture. If we defined success clearly and measured it honestly, we’d argue less and fix more. That’s kind of the point.",1
ai_0060,"Honestly, in sports, incentives drive behavior more than speeches. A lot of the noise online makes it seem more complicated than it is. When incentives line up, outcomes improve. When they don’t, frustration builds. Sure, there’s another side. Sometimes fast change creates energy and momentum. But without consistency and follow through, things drift back to the same patterns. Most debates focus on personalities instead of systems, which kind of misses the bigger picture. If we defined success clearly and measured it honestly, we’d argue less and fix more. Simple doesn’t mean easy.",1
ai_0061,"Hot take: in economy, execution matters more than hype. A lot of the noise online makes it seem more complicated than it is. When incentives line up, outcomes improve. When they don’t, frustration builds. There’s a reasonable pushback. Sometimes fast change creates energy and momentum. But without consistency and follow through, things drift back to the same patterns. Most debates focus on personalities instead of systems, which kind of misses the bigger picture. If we defined success clearly and measured it honestly, we’d argue less and fix more. No drama, just fundamentals.",1
ai_0062,"Honestly, in climate, people follow what’s rewarded, not what’s recommended. A lot of the noise online makes it seem more complicated than it is. When incentives line up, outcomes improve. When they don’t, frustration builds. Sure, there’s another side. Sometimes fast change creates energy and momentum. But without consistency and follow through, things drift back to the same patterns. Most debates focus on personalities instead of systems, which kind of misses the bigger picture. If we defined success clearly and measured it honestly, we’d argue less and fix more. Simple doesn’t mean easy.",1
ai_0063,"Quick take: in campus life, incentives drive behavior more than speeches. A lot of the noise online makes it seem more complicated than it is. When incentives line up, outcomes improve. When they don’t, frustration builds. I get the counterargument. Sometimes fast change creates energy and momentum. But without consistency and follow through, things drift back to the same patterns. Most debates focus on personalities instead of systems, which kind of misses the bigger picture. If we defined success clearly and measured it honestly, we’d argue less and fix more. No drama, just fundamentals.",1
ai_0064,"Real talk, in politics, clarity would solve half the confusion. A lot of the noise online makes it seem more complicated than it is. When incentives line up, outcomes improve. When they don’t, frustration builds. Some folks disagree, and that’s fair. Sometimes fast change creates energy and momentum. But without consistency and follow through, things drift back to the same patterns. Most debates focus on personalities instead of systems, which kind of misses the bigger picture. If we defined success clearly and measured it honestly, we’d argue less and fix more. No drama, just fundamentals.",1
ai_0065,"Real talk, in tech, clarity would solve half the confusion. A lot of the noise online makes it seem more complicated than it is. When incentives line up, outcomes improve. When they don’t, frustration builds. Not everyone sees it this way. Sometimes fast change creates energy and momentum. But without consistency and follow through, things drift back to the same patterns. Most debates focus on personalities instead of systems, which kind of misses the bigger picture. If we defined success clearly and measured it honestly, we’d argue less and fix more. That’s kind of the point.",1
ai_0066,"Real talk, in health, most problems are coordination failures. A lot of the noise online makes it seem more complicated than it is. When incentives line up, outcomes improve. When they don’t, frustration builds. Not everyone sees it this way. Sometimes fast change creates energy and momentum. But without consistency and follow through, things drift back to the same patterns. Most debates focus on personalities instead of systems, which kind of misses the bigger picture. If we defined success clearly and measured it honestly, we’d argue less and fix more. It’s not flashy, but it’s real.",1
ai_0067,"Real talk, in sports, slow progress is still progress. A lot of the noise online makes it seem more complicated than it is. When incentives line up, outcomes improve. When they don’t, frustration builds. Some folks disagree, and that’s fair. Sometimes fast change creates energy and momentum. But without consistency and follow through, things drift back to the same patterns. Most debates focus on personalities instead of systems, which kind of misses the bigger picture. If we defined success clearly and measured it honestly, we’d argue less and fix more. That’s kind of the point.",1
ai_0068,"Quick take: in economy, execution matters more than hype. A lot of the noise online makes it seem more complicated than it is. When incentives line up, outcomes improve. When they don’t, frustration builds. Sure, there’s another side. Sometimes fast change creates energy and momentum. But without consistency and follow through, things drift back to the same patterns. Most debates focus on personalities instead of systems, which kind of misses the bigger picture. If we defined success clearly and measured it honestly, we’d argue less and fix more. It’s not flashy, but it’s real.",1
ai_0069,"Real talk, in climate, structure beats intention every time. A lot of the noise online makes it seem more complicated than it is. When incentives line up, outcomes improve. When they don’t, frustration builds. Not everyone sees it this way. Sometimes fast change creates energy and momentum. But without consistency and follow through, things drift back to the same patterns. Most debates focus on personalities instead of systems, which kind of misses the bigger picture. If we defined success clearly and measured it honestly, we’d argue less and fix more. It’s not flashy, but it’s real.",1
ai_0070,"Short answer: in campus life, incentives drive behavior more than speeches. A lot of the noise online makes it seem more complicated than it is. When incentives line up, outcomes improve. When they don’t, frustration builds. Not everyone sees it this way. Sometimes fast change creates energy and momentum. But without consistency and follow through, things drift back to the same patterns. Most debates focus on personalities instead of systems, which kind of misses the bigger picture. If we defined success clearly and measured it honestly, we’d argue less and fix more. No drama, just fundamentals.",1
ai_0071,"Honestly, in politics, incentives drive behavior more than speeches. A lot of the noise online makes it seem more complicated than it is. When incentives line up, outcomes improve. When they don’t, frustration builds. There’s a reasonable pushback. Sometimes fast change creates energy and momentum. But without consistency and follow through, things drift back to the same patterns. Most debates focus on personalities instead of systems, which kind of misses the bigger picture. If we defined success clearly and measured it honestly, we’d argue less and fix more. That’s kind of the point.",1
ai_0072,"Short answer: in tech, people follow what’s rewarded, not what’s recommended. A lot of the noise online makes it seem more complicated than it is. When incentives line up, outcomes improve. When they don’t, frustration builds. Sure, there’s another side. Sometimes fast change creates energy and momentum. But without consistency and follow through, things drift back to the same patterns. Most debates focus on personalities instead of systems, which kind of misses the bigger picture. If we defined success clearly and measured it honestly, we’d argue less and fix more. That’s kind of the point.",1
ai_0073,"Hot take: in health, most problems are coordination failures. A lot of the noise online makes it seem more complicated than it is. When incentives line up, outcomes improve. When they don’t, frustration builds. I get the counterargument. Sometimes fast change creates energy and momentum. But without consistency and follow through, things drift back to the same patterns. Most debates focus on personalities instead of systems, which kind of misses the bigger picture. If we defined success clearly and measured it honestly, we’d argue less and fix more. It’s not flashy, but it’s real.",1
ai_0074,"Short answer: in sports, slow progress is still progress. A lot of the noise online makes it seem more complicated than it is. When incentives line up, outcomes improve. When they don’t, frustration builds. Not everyone sees it this way. Sometimes fast change creates energy and momentum. But without consistency and follow through, things drift back to the same patterns. Most debates focus on personalities instead of systems, which kind of misses the bigger picture. If we defined success clearly and measured it honestly, we’d argue less and fix more. That’s kind of the point.",1
ai_0075,"Quick take: in economy, incentives drive behavior more than speeches. A lot of the noise online makes it seem more complicated than it is. When incentives line up, outcomes improve. When they don’t, frustration builds. There’s a reasonable pushback. Sometimes fast change creates energy and momentum. But without consistency and follow through, things drift back to the same patterns. Most debates focus on personalities instead of systems, which kind of misses the bigger picture. If we defined success clearly and measured it honestly, we’d argue less and fix more. That’s kind of the point.",1
ai_0076,"Short answer: in climate, most problems are coordination failures. A lot of the noise online makes it seem more complicated than it is. When incentives line up, outcomes improve. When they don’t, frustration builds. I get the counterargument. Sometimes fast change creates energy and momentum. But without consistency and follow through, things drift back to the same patterns. Most debates focus on personalities instead of systems, which kind of misses the bigger picture. If we defined success clearly and measured it honestly, we’d argue less and fix more. No drama, just fundamentals.",1
ai_0077,"Quick take: in campus life, structure beats intention every time. A lot of the noise online makes it seem more complicated than it is. When incentives line up, outcomes improve. When they don’t, frustration builds. Sure, there’s another side. Sometimes fast change creates energy and momentum. But without consistency and follow through, things drift back to the same patterns. Most debates focus on personalities instead of systems, which kind of misses the bigger picture. If we defined success clearly and measured it honestly, we’d argue less and fix more. No drama, just fundamentals.",1
ai_0078,"Quick take: in politics, slow progress is still progress. A lot of the noise online makes it seem more complicated than it is. When incentives line up, outcomes improve. When they don’t, frustration builds. Not everyone sees it this way. Sometimes fast change creates energy and momentum. But without consistency and follow through, things drift back to the same patterns. Most debates focus on personalities instead of systems, which kind of misses the bigger picture. If we defined success clearly and measured it honestly, we’d argue less and fix more. No drama, just fundamentals.",1
ai_0079,"Honestly, in tech, most problems are coordination failures. A lot of the noise online makes it seem more complicated than it is. When incentives line up, outcomes improve. When they don’t, frustration builds. There’s a reasonable pushback. Sometimes fast change creates energy and momentum. But without consistency and follow through, things drift back to the same patterns. Most debates focus on personalities instead of systems, which kind of misses the bigger picture. If we defined success clearly and measured it honestly, we’d argue less and fix more. Still, the basics matter.",1
ai_0080,"Short answer: in health, execution matters more than hype. A lot of the noise online makes it seem more complicated than it is. When incentives line up, outcomes improve. When they don’t, frustration builds. There’s a reasonable pushback. Sometimes fast change creates energy and momentum. But without consistency and follow through, things drift back to the same patterns. Most debates focus on personalities instead of systems, which kind of misses the bigger picture. If we defined success clearly and measured it honestly, we’d argue less and fix more. Simple doesn’t mean easy.",1
ai_0081,"Quick take: in sports, execution matters more than hype. A lot of the noise online makes it seem more complicated than it is. When incentives line up, outcomes improve. When they don’t, frustration builds. Not everyone sees it this way. Sometimes fast change creates energy and momentum. But without consistency and follow through, things drift back to the same patterns. Most debates focus on personalities instead of systems, which kind of misses the bigger picture. If we defined success clearly and measured it honestly, we’d argue less and fix more. It’s not flashy, but it’s real.",1
ai_0082,"Short answer: in economy, incentives drive behavior more than speeches. A lot of the noise online makes it seem more complicated than it is. When incentives line up, outcomes improve. When they don’t, frustration builds. There’s a reasonable pushback. Sometimes fast change creates energy and momentum. But without consistency and follow through, things drift back to the same patterns. Most debates focus on personalities instead of systems, which kind of misses the bigger picture. If we defined success clearly and measured it honestly, we’d argue less and fix more. Still, the basics matter.",1
ai_0083,"Hot take: in climate, slow progress is still progress. A lot of the noise online makes it seem more complicated than it is. When incentives line up, outcomes improve. When they don’t, frustration builds. I get the counterargument. Sometimes fast change creates energy and momentum. But without consistency and follow through, things drift back to the same patterns. Most debates focus on personalities instead of systems, which kind of misses the bigger picture. If we defined success clearly and measured it honestly, we’d argue less and fix more. No drama, just fundamentals.",1
ai_0084,"Real talk, in campus life, slow progress is still progress. A lot of the noise online makes it seem more complicated than it is. When incentives line up, outcomes improve. When they don’t, frustration builds. Sure, there’s another side. Sometimes fast change creates energy and momentum. But without consistency and follow through, things drift back to the same patterns. Most debates focus on personalities instead of systems, which kind of misses the bigger picture. If we defined success clearly and measured it honestly, we’d argue less and fix more. No drama, just fundamentals.",1
ai_0085,"Real talk, in politics, structure beats intention every time. A lot of the noise online makes it seem more complicated than it is. When incentives line up, outcomes improve. When they don’t, frustration builds. Some folks disagree, and that’s fair. Sometimes fast change creates energy and momentum. But without consistency and follow through, things drift back to the same patterns. Most debates focus on personalities instead of systems, which kind of misses the bigger picture. If we defined success clearly and measured it honestly, we’d argue less and fix more. That’s kind of the point.",1
ai_0086,"Quick take: in tech, slow progress is still progress. A lot of the noise online makes it seem more complicated than it is. When incentives line up, outcomes improve. When they don’t, frustration builds. Not everyone sees it this way. Sometimes fast change creates energy and momentum. But without consistency and follow through, things drift back to the same patterns. Most debates focus on personalities instead of systems, which kind of misses the bigger picture. If we defined success clearly and measured it honestly, we’d argue less and fix more. Simple doesn’t mean easy.",1
ai_0087,"Short answer: in health, most problems are coordination failures. A lot of the noise online makes it seem more complicated than it is. When incentives line up, outcomes improve. When they don’t, frustration builds. Not everyone sees it this way. Sometimes fast change creates energy and momentum. But without consistency and follow through, things drift back to the same patterns. Most debates focus on personalities instead of systems, which kind of misses the bigger picture. If we defined success clearly and measured it honestly, we’d argue less and fix more. It’s not flashy, but it’s real.",1
ai_0088,"Quick take: in sports, people follow what’s rewarded, not what’s recommended. A lot of the noise online makes it seem more complicated than it is. When incentives line up, outcomes improve. When they don’t, frustration builds. I get the counterargument. Sometimes fast change creates energy and momentum. But without consistency and follow through, things drift back to the same patterns. Most debates focus on personalities instead of systems, which kind of misses the bigger picture. If we defined success clearly and measured it honestly, we’d argue less and fix more. Still, the basics matter.",1
ai_0089,"Real talk, in economy, incentives drive behavior more than speeches. A lot of the noise online makes it seem more complicated than it is. When incentives line up, outcomes improve. When they don’t, frustration builds. Not everyone sees it this way. Sometimes fast change creates energy and momentum. But without consistency and follow through, things drift back to the same patterns. Most debates focus on personalities instead of systems, which kind of misses the bigger picture. If we defined success clearly and measured it honestly, we’d argue less and fix more. Still, the basics matter.",1
ai_0090,"Honestly, in climate, structure beats intention every time. A lot of the noise online makes it seem more complicated than it is. When incentives line up, outcomes improve. When they don’t, frustration builds. Not everyone sees it this way. Sometimes fast change creates energy and momentum. But without consistency and follow through, things drift back to the same patterns. Most debates focus on personalities instead of systems, which kind of misses the bigger picture. If we defined success clearly and measured it honestly, we’d argue less and fix more. That’s kind of the point.",1
ai_0091,"Honestly, in campus life, most problems are coordination failures. A lot of the noise online makes it seem more complicated than it is. When incentives line up, outcomes improve. When they don’t, frustration builds. Some folks disagree, and that’s fair. Sometimes fast change creates energy and momentum. But without consistency and follow through, things drift back to the same patterns. Most debates focus on personalities instead of systems, which kind of misses the bigger picture. If we defined success clearly and measured it honestly, we’d argue less and fix more. No drama, just fundamentals.",1
ai_0092,"Quick take: in politics, people follow what’s rewarded, not what’s recommended. A lot of the noise online makes it seem more complicated than it is. When incentives line up, outcomes improve. When they don’t, frustration builds. Not everyone sees it this way. Sometimes fast change creates energy and momentum. But without consistency and follow through, things drift back to the same patterns. Most debates focus on personalities instead of systems, which kind of misses the bigger picture. If we defined success clearly and measured it honestly, we’d argue less and fix more. No drama, just fundamentals.",1
ai_0093,"Quick take: in tech, people follow what’s rewarded, not what’s recommended. A lot of the noise online makes it seem more complicated than it is. When incentives line up, outcomes improve. When they don’t, frustration builds. I get the counterargument. Sometimes fast change creates energy and momentum. But without consistency and follow through, things drift back to the same patterns. Most debates focus on personalities instead of systems, which kind of misses the bigger picture. If we defined success clearly and measured it honestly, we’d argue less and fix more. It’s not flashy, but it’s real.",1
ai_0094,"Quick take: in health, clarity would solve half the confusion. A lot of the noise online makes it seem more complicated than it is. When incentives line up, outcomes improve. When they don’t, frustration builds. Not everyone sees it this way. Sometimes fast change creates energy and momentum. But without consistency and follow through, things drift back to the same patterns. Most debates focus on personalities instead of systems, which kind of misses the bigger picture. If we defined success clearly and measured it honestly, we’d argue less and fix more. No drama, just fundamentals.",1
ai_0095,"Real talk, in sports, slow progress is still progress. A lot of the noise online makes it seem more complicated than it is. When incentives line up, outcomes improve. When they don’t, frustration builds. There’s a reasonable pushback. Sometimes fast change creates energy and momentum. But without consistency and follow through, things drift back to the same patterns. Most debates focus on personalities instead of systems, which kind of misses the bigger picture. If we defined success clearly and measured it honestly, we’d argue less and fix more. It’s not flashy, but it’s real.",1
ai_0096,"Hot take: in economy, most problems are coordination failures. A lot of the noise online makes it seem more complicated than it is. When incentives line up, outcomes improve. When they don’t, frustration builds. There’s a reasonable pushback. Sometimes fast change creates energy and momentum. But without consistency and follow through, things drift back to the same patterns. Most debates focus on personalities instead of systems, which kind of misses the bigger picture. If we defined success clearly and measured it honestly, we’d argue less and fix more. No drama, just fundamentals.",1
ai_0097,"Quick take: in climate, clarity would solve half the confusion. A lot of the noise online makes it seem more complicated than it is. When incentives line up, outcomes improve. When they don’t, frustration builds. There’s a reasonable pushback. Sometimes fast change creates energy and momentum. But without consistency and follow through, things drift back to the same patterns. Most debates focus on personalities instead of systems, which kind of misses the bigger picture. If we defined success clearly and measured it honestly, we’d argue less and fix more. Still, the basics matter.",1
ai_0098,"Real talk, in campus life, incentives drive behavior more than speeches. A lot of the noise online makes it seem more complicated than it is. When incentives line up, outcomes improve. When they don’t, frustration builds. Not everyone sees it this way. Sometimes fast change creates energy and momentum. But without consistency and follow through, things drift back to the same patterns. Most debates focus on personalities instead of systems, which kind of misses the bigger picture. If we defined success clearly and measured it honestly, we’d argue less and fix more. Simple doesn’t mean easy.",1
ai_0099,"Short answer: in politics, structure beats intention every time. A lot of the noise online makes it seem more complicated than it is. When incentives line up, outcomes improve. When they don’t, frustration builds. Not everyone sees it this way. Sometimes fast change creates energy and momentum. But without consistency and follow through, things drift back to the same patterns. Most debates focus on personalities instead of systems, which kind of misses the bigger picture. If we defined success clearly and measured it honestly, we’d argue less and fix more. It’s not flashy, but it’s real.",1
ai_0100,"Real talk, in tech, incentives drive behavior more than speeches. A lot of the noise online makes it seem more complicated than it is. When incentives line up, outcomes improve. When they don’t, frustration builds. Some folks disagree, and that’s fair. Sometimes fast change creates energy and momentum. But without consistency and follow through, things drift back to the same patterns. Most debates focus on personalities instead of systems, which kind of misses the bigger picture. If we defined success clearly and measured it honestly, we’d argue less and fix more. It’s not flashy, but it’s real.",1
ai_0101,"Hot take: in health, people follow what’s rewarded, not what’s recommended. A lot of the noise online makes it seem more complicated than it is. When incentives line up, outcomes improve. When they don’t, frustration builds. Not everyone sees it this way. Sometimes fast change creates energy and momentum. But without consistency and follow through, things drift back to the same patterns. Most debates focus on personalities instead of systems, which kind of misses the bigger picture. If we defined success clearly and measured it honestly, we’d argue less and fix more. That’s kind of the point.",1
ai_0102,"Short answer: in sports, clarity would solve half the confusion. A lot of the noise online makes it seem more complicated than it is. When incentives line up, outcomes improve. When they don’t, frustration builds. Some folks disagree, and that’s fair. Sometimes fast change creates energy and momentum. But without consistency and follow through, things drift back to the same patterns. Most debates focus on personalities instead of systems, which kind of misses the bigger picture. If we defined success clearly and measured it honestly, we’d argue less and fix more. That’s kind of the point.",1
ai_0103,"Hot take: in economy, most problems are coordination failures. A lot of the noise online makes it seem more complicated than it is. When incentives line up, outcomes improve. When they don’t, frustration builds. There’s a reasonable pushback. Sometimes fast change creates energy and momentum. But without consistency and follow through, things drift back to the same patterns. Most debates focus on personalities instead of systems, which kind of misses the bigger picture. If we defined success clearly and measured it honestly, we’d argue less and fix more. It’s not flashy, but it’s real.",1
ai_0104,"Quick take: in climate, slow progress is still progress. A lot of the noise online makes it seem more complicated than it is. When incentives line up, outcomes improve. When they don’t, frustration builds. There’s a reasonable pushback. Sometimes fast change creates energy and momentum. But without consistency and follow through, things drift back to the same patterns. Most debates focus on personalities instead of systems, which kind of misses the bigger picture. If we defined success clearly and measured it honestly, we’d argue less and fix more. Still, the basics matter.",1
ai_0105,"Hot take: in campus life, people follow what’s rewarded, not what’s recommended. A lot of the noise online makes it seem more complicated than it is. When incentives line up, outcomes improve. When they don’t, frustration builds. I get the counterargument. Sometimes fast change creates energy and momentum. But without consistency and follow through, things drift back to the same patterns. Most debates focus on personalities instead of systems, which kind of misses the bigger picture. If we defined success clearly and measured it honestly, we’d argue less and fix more. Simple doesn’t mean easy.",1
ai_0106,"Honestly, in politics, incentives drive behavior more than speeches. A lot of the noise online makes it seem more complicated than it is. When incentives line up, outcomes improve. When they don’t, frustration builds. Some folks disagree, and that’s fair. Sometimes fast change creates energy and momentum. But without consistency and follow through, things drift back to the same patterns. Most debates focus on personalities instead of systems, which kind of misses the bigger picture. If we defined success clearly and measured it honestly, we’d argue less and fix more. No drama, just fundamentals.",1
ai_0107,"Short answer: in tech, people follow what’s rewarded, not what’s recommended. A lot of the noise online makes it seem more complicated than it is. When incentives line up, outcomes improve. When they don’t, frustration builds. Not everyone sees it this way. Sometimes fast change creates energy and momentum. But without consistency and follow through, things drift back to the same patterns. Most debates focus on personalities instead of systems, which kind of misses the bigger picture. If we defined success clearly and measured it honestly, we’d argue less and fix more. That’s kind of the point.",1
ai_0108,"Quick take: in health, execution matters more than hype. A lot of the noise online makes it seem more complicated than it is. When incentives line up, outcomes improve. When they don’t, frustration builds. Not everyone sees it this way. Sometimes fast change creates energy and momentum. But without consistency and follow through, things drift back to the same patterns. Most debates focus on personalities instead of systems, which kind of misses the bigger picture. If we defined success clearly and measured it honestly, we’d argue less and fix more. It’s not flashy, but it’s real.",1
ai_0109,"Honestly, in sports, most problems are coordination failures. A lot of the noise online makes it seem more complicated than it is. When incentives line up, outcomes improve. When they don’t, frustration builds. I get the counterargument. Sometimes fast change creates energy and momentum. But without consistency and follow through, things drift back to the same patterns. Most debates focus on personalities instead of systems, which kind of misses the bigger picture. If we defined success clearly and measured it honestly, we’d argue less and fix more. Simple doesn’t mean easy.",1
ai_0110,"Quick take: in economy, incentives drive behavior more than speeches. A lot of the noise online makes it seem more complicated than it is. When incentives line up, outcomes improve. When they don’t, frustration builds. Not everyone sees it this way. Sometimes fast change creates energy and momentum. But without consistency and follow through, things drift back to the same patterns. Most debates focus on personalities instead of systems, which kind of misses the bigger picture. If we defined success clearly and measured it honestly, we’d argue less and fix more. Simple doesn’t mean easy.",1
ai_0111,"Quick take: in climate, slow progress is still progress. A lot of the noise online makes it seem more complicated than it is. When incentives line up, outcomes improve. When they don’t, frustration builds. Not everyone sees it this way. Sometimes fast change creates energy and momentum. But without consistency and follow through, things drift back to the same patterns. Most debates focus on personalities instead of systems, which kind of misses the bigger picture. If we defined success clearly and measured it honestly, we’d argue less and fix more. Simple doesn’t mean easy.",1
ai_0112,"Real talk, in campus life, people follow what’s rewarded, not what’s recommended. A lot of the noise online makes it seem more complicated than it is. When incentives line up, outcomes improve. When they don’t, frustration builds. Some folks disagree, and that’s fair. Sometimes fast change creates energy and momentum. But without consistency and follow through, things drift back to the same patterns. Most debates focus on personalities instead of systems, which kind of misses the bigger picture. If we defined success clearly and measured it honestly, we’d argue less and fix more. It’s not flashy, but it’s real.",1
ai_0113,"Honestly, in politics, incentives drive behavior more than speeches. A lot of the noise online makes it seem more complicated than it is. When incentives line up, outcomes improve. When they don’t, frustration builds. Sure, there’s another side. Sometimes fast change creates energy and momentum. But without consistency and follow through, things drift back to the same patterns. Most debates focus on personalities instead of systems, which kind of misses the bigger picture. If we defined success clearly and measured it honestly, we’d argue less and fix more. No drama, just fundamentals.",1
ai_0114,"Honestly, in tech, incentives drive behavior more than speeches. A lot of the noise online makes it seem more complicated than it is. When incentives line up, outcomes improve. When they don’t, frustration builds. Some folks disagree, and that’s fair. Sometimes fast change creates energy and momentum. But without consistency and follow through, things drift back to the same patterns. Most debates focus on personalities instead of systems, which kind of misses the bigger picture. If we defined success clearly and measured it honestly, we’d argue less and fix more. No drama, just fundamentals.",1
ai_0115,"Real talk, in health, structure beats intention every time. A lot of the noise online makes it seem more complicated than it is. When incentives line up, outcomes improve. When they don’t, frustration builds. Sure, there’s another side. Sometimes fast change creates energy and momentum. But without consistency and follow through, things drift back to the same patterns. Most debates focus on personalities instead of systems, which kind of misses the bigger picture. If we defined success clearly and measured it honestly, we’d argue less and fix more. Still, the basics matter.",1
ai_0116,"Short answer: in sports, incentives drive behavior more than speeches. A lot of the noise online makes it seem more complicated than it is. When incentives line up, outcomes improve. When they don’t, frustration builds. Not everyone sees it this way. Sometimes fast change creates energy and momentum. But without consistency and follow through, things drift back to the same patterns. Most debates focus on personalities instead of systems, which kind of misses the bigger picture. If we defined success clearly and measured it honestly, we’d argue less and fix more. Simple doesn’t mean easy.",1
ai_0117,"Hot take: in economy, execution matters more than hype. A lot of the noise online makes it seem more complicated than it is. When incentives line up, outcomes improve. When they don’t, frustration builds. Some folks disagree, and that’s fair. Sometimes fast change creates energy and momentum. But without consistency and follow through, things drift back to the same patterns. Most debates focus on personalities instead of systems, which kind of misses the bigger picture. If we defined success clearly and measured it honestly, we’d argue less and fix more. Simple doesn’t mean easy.",1
ai_0118,"Real talk, in climate, incentives drive behavior more than speeches. A lot of the noise online makes it seem more complicated than it is. When incentives line up, outcomes improve. When they don’t, frustration builds. There’s a reasonable pushback. Sometimes fast change creates energy and momentum. But without consistency and follow through, things drift back to the same patterns. Most debates focus on personalities instead of systems, which kind of misses the bigger picture. If we defined success clearly and measured it honestly, we’d argue less and fix more. Still, the basics matter.",1
ai_0119,"Short answer: in campus life, slow progress is still progress. A lot of the noise online makes it seem more complicated than it is. When incentives line up, outcomes improve. When they don’t, frustration builds. There’s a reasonable pushback. Sometimes fast change creates energy and momentum. But without consistency and follow through, things drift back to the same patterns. Most debates focus on personalities instead of systems, which kind of misses the bigger picture. If we defined success clearly and measured it honestly, we’d argue less and fix more. It’s not flashy, but it’s real.",1
ai_0120,"Quick take: in politics, people follow what’s rewarded, not what’s recommended. A lot of the noise online makes it seem more complicated than it is. When incentives line up, outcomes improve. When they don’t, frustration builds. Some folks disagree, and that’s fair. Sometimes fast change creates energy and momentum. But without consistency and follow through, things drift back to the same patterns. Most debates focus on personalities instead of systems, which kind of misses the bigger picture. If we defined success clearly and measured it honestly, we’d argue less and fix more. No drama, just fundamentals.",1
ai_0121,"Quick take: in tech, people follow what’s rewarded, not what’s recommended. A lot of the noise online makes it seem more complicated than it is. When incentives line up, outcomes improve. When they don’t, frustration builds. Not everyone sees it this way. Sometimes fast change creates energy and momentum. But without consistency and follow through, things drift back to the same patterns. Most debates focus on personalities instead of systems, which kind of misses the bigger picture. If we defined success clearly and measured it honestly, we’d argue less and fix more. No drama, just fundamentals.",1
ai_0122,"Real talk, in health, structure beats intention every time. A lot of the noise online makes it seem more complicated than it is. When incentives line up, outcomes improve. When they don’t, frustration builds. Sure, there’s another side. Sometimes fast change creates energy and momentum. But without consistency and follow through, things drift back to the same patterns. Most debates focus on personalities instead of systems, which kind of misses the bigger picture. If we defined success clearly and measured it honestly, we’d argue less and fix more. Simple doesn’t mean easy.",1
ai_0123,"Hot take: in sports, structure beats intention every time. A lot of the noise online makes it seem more complicated than it is. When incentives line up, outcomes improve. When they don’t, frustration builds. There’s a reasonable pushback. Sometimes fast change creates energy and momentum. But without consistency and follow through, things drift back to the same patterns. Most debates focus on personalities instead of systems, which kind of misses the bigger picture. If we defined success clearly and measured it honestly, we’d argue less and fix more. Simple doesn’t mean easy.",1
ai_0124,"Honestly, in economy, slow progress is still progress. A lot of the noise online makes it seem more complicated than it is. When incentives line up, outcomes improve. When they don’t, frustration builds. There’s a reasonable pushback. Sometimes fast change creates energy and momentum. But without consistency and follow through, things drift back to the same patterns. Most debates focus on personalities instead of systems, which kind of misses the bigger picture. If we defined success clearly and measured it honestly, we’d argue less and fix more. Still, the basics matter.",1
ai_0125,"Honestly, in climate, structure beats intention every time. A lot of the noise online makes it seem more complicated than it is. When incentives line up, outcomes improve. When they don’t, frustration builds. Sure, there’s another side. Sometimes fast change creates energy and momentum. But without consistency and follow through, things drift back to the same patterns. Most debates focus on personalities instead of systems, which kind of misses the bigger picture. If we defined success clearly and measured it honestly, we’d argue less and fix more. Simple doesn’t mean easy.",1
ai_0126,"Hot take: in campus life, incentives drive behavior more than speeches. A lot of the noise online makes it seem more complicated than it is. When incentives line up, outcomes improve. When they don’t, frustration builds. Some folks disagree, and that’s fair. Sometimes fast change creates energy and momentum. But without consistency and follow through, things drift back to the same patterns. Most debates focus on personalities instead of systems, which kind of misses the bigger picture. If we defined success clearly and measured it honestly, we’d argue less and fix more. Simple doesn’t mean easy.",1
ai_0127,"Real talk, in politics, slow progress is still progress. A lot of the noise online makes it seem more complicated than it is. When incentives line up, outcomes improve. When they don’t, frustration builds. Not everyone sees it this way. Sometimes fast change creates energy and momentum. But without consistency and follow through, things drift back to the same patterns. Most debates focus on personalities instead of systems, which kind of misses the bigger picture. If we defined success clearly and measured it honestly, we’d argue less and fix more. No drama, just fundamentals.",1
ai_0128,"Hot take: in tech, slow progress is still progress. A lot of the noise online makes it seem more complicated than it is. When incentives line up, outcomes improve. When they don’t, frustration builds. Sure, there’s another side. Sometimes fast change creates energy and momentum. But without consistency and follow through, things drift back to the same patterns. Most debates focus on personalities instead of systems, which kind of misses the bigger picture. If we defined success clearly and measured it honestly, we’d argue less and fix more. That’s kind of the point.",1
ai_0129,"Quick take: in health, incentives drive behavior more than speeches. A lot of the noise online makes it seem more complicated than it is. When incentives line up, outcomes improve. When they don’t, frustration builds. Some folks disagree, and that’s fair. Sometimes fast change creates energy and momentum. But without consistency and follow through, things drift back to the same patterns. Most debates focus on personalities instead of systems, which kind of misses the bigger picture. If we defined success clearly and measured it honestly, we’d argue less and fix more. It’s not flashy, but it’s real.",1
ai_0130,"Hot take: in sports, structure beats intention every time. A lot of the noise online makes it seem more complicated than it is. When incentives line up, outcomes improve. When they don’t, frustration builds. There’s a reasonable pushback. Sometimes fast change creates energy and momentum. But without consistency and follow through, things drift back to the same patterns. Most debates focus on personalities instead of systems, which kind of misses the bigger picture. If we defined success clearly and measured it honestly, we’d argue less and fix more. Simple doesn’t mean easy.",1
ai_0131,"Real talk, in economy, most problems are coordination failures. A lot of the noise online makes it seem more complicated than it is. When incentives line up, outcomes improve. When they don’t, frustration builds. Some folks disagree, and that’s fair. Sometimes fast change creates energy and momentum. But without consistency and follow through, things drift back to the same patterns. Most debates focus on personalities instead of systems, which kind of misses the bigger picture. If we defined success clearly and measured it honestly, we’d argue less and fix more. Simple doesn’t mean easy.",1
ai_0132,"Honestly, in climate, execution matters more than hype. A lot of the noise online makes it seem more complicated than it is. When incentives line up, outcomes improve. When they don’t, frustration builds. Some folks disagree, and that’s fair. Sometimes fast change creates energy and momentum. But without consistency and follow through, things drift back to the same patterns. Most debates focus on personalities instead of systems, which kind of misses the bigger picture. If we defined success clearly and measured it honestly, we’d argue less and fix more. That’s kind of the point.",1
ai_0133,"Short answer: in campus life, structure beats intention every time. A lot of the noise online makes it seem more complicated than it is. When incentives line up, outcomes improve. When they don’t, frustration builds. There’s a reasonable pushback. Sometimes fast change creates energy and momentum. But without consistency and follow through, things drift back to the same patterns. Most debates focus on personalities instead of systems, which kind of misses the bigger picture. If we defined success clearly and measured it honestly, we’d argue less and fix more. Simple doesn’t mean easy.",1
ai_0134,"Real talk, in politics, incentives drive behavior more than speeches. A lot of the noise online makes it seem more complicated than it is. When incentives line up, outcomes improve. When they don’t, frustration builds. Some folks disagree, and that’s fair. Sometimes fast change creates energy and momentum. But without consistency and follow through, things drift back to the same patterns. Most debates focus on personalities instead of systems, which kind of misses the bigger picture. If we defined success clearly and measured it honestly, we’d argue less and fix more. It’s not flashy, but it’s real.",1
ai_0135,"Quick take: in tech, clarity would solve half the confusion. A lot of the noise online makes it seem more complicated than it is. When incentives line up, outcomes improve. When they don’t, frustration builds. Sure, there’s another side. Sometimes fast change creates energy and momentum. But without consistency and follow through, things drift back to the same patterns. Most debates focus on personalities instead of systems, which kind of misses the bigger picture. If we defined success clearly and measured it honestly, we’d argue less and fix more. It’s not flashy, but it’s real.",1
ai_0136,"Honestly, in health, incentives drive behavior more than speeches. A lot of the noise online makes it seem more complicated than it is. When incentives line up, outcomes improve. When they don’t, frustration builds. There’s a reasonable pushback. Sometimes fast change creates energy and momentum. But without consistency and follow through, things drift back to the same patterns. Most debates focus on personalities instead of systems, which kind of misses the bigger picture. If we defined success clearly and measured it honestly, we’d argue less and fix more. That’s kind of the point.",1
ai_0137,"Quick take: in sports, incentives drive behavior more than speeches. A lot of the noise online makes it seem more complicated than it is. When incentives line up, outcomes improve. When they don’t, frustration builds. Some folks disagree, and that’s fair. Sometimes fast change creates energy and momentum. But without consistency and follow through, things drift back to the same patterns. Most debates focus on personalities instead of systems, which kind of misses the bigger picture. If we defined success clearly and measured it honestly, we’d argue less and fix more. That’s kind of the point.",1
ai_0138,"Quick take: in economy, incentives drive behavior more than speeches. A lot of the noise online makes it seem more complicated than it is. When incentives line up, outcomes improve. When they don’t, frustration builds. There’s a reasonable pushback. Sometimes fast change creates energy and momentum. But without consistency and follow through, things drift back to the same patterns. Most debates focus on personalities instead of systems, which kind of misses the bigger picture. If we defined success clearly and measured it honestly, we’d argue less and fix more. It’s not flashy, but it’s real.",1
ai_0139,"Hot take: in climate, slow progress is still progress. A lot of the noise online makes it seem more complicated than it is. When incentives line up, outcomes improve. When they don’t, frustration builds. Some folks disagree, and that’s fair. Sometimes fast change creates energy and momentum. But without consistency and follow through, things drift back to the same patterns. Most debates focus on personalities instead of systems, which kind of misses the bigger picture. If we defined success clearly and measured it honestly, we’d argue less and fix more. No drama, just fundamentals.",1
ai_0140,"Short answer: in campus life, slow progress is still progress. A lot of the noise online makes it seem more complicated than it is. When incentives line up, outcomes improve. When they don’t, frustration builds. Sure, there’s another side. Sometimes fast change creates energy and momentum. But without consistency and follow through, things drift back to the same patterns. Most debates focus on personalities instead of systems, which kind of misses the bigger picture. If we defined success clearly and measured it honestly, we’d argue less and fix more. That’s kind of the point.",1
ai_0141,"Short answer: in politics, clarity would solve half the confusion. A lot of the noise online makes it seem more complicated than it is. When incentives line up, outcomes improve. When they don’t, frustration builds. Not everyone sees it this way. Sometimes fast change creates energy and momentum. But without consistency and follow through, things drift back to the same patterns. Most debates focus on personalities instead of systems, which kind of misses the bigger picture. If we defined success clearly and measured it honestly, we’d argue less and fix more. It’s not flashy, but it’s real.",1
ai_0142,"Real talk, in tech, most problems are coordination failures. A lot of the noise online makes it seem more complicated than it is. When incentives line up, outcomes improve. When they don’t, frustration builds. Some folks disagree, and that’s fair. Sometimes fast change creates energy and momentum. But without consistency and follow through, things drift back to the same patterns. Most debates focus on personalities instead of systems, which kind of misses the bigger picture. If we defined success clearly and measured it honestly, we’d argue less and fix more. Still, the basics matter.",1
ai_0143,"Honestly, in health, structure beats intention every time. A lot of the noise online makes it seem more complicated than it is. When incentives line up, outcomes improve. When they don’t, frustration builds. Not everyone sees it this way. Sometimes fast change creates energy and momentum. But without consistency and follow through, things drift back to the same patterns. Most debates focus on personalities instead of systems, which kind of misses the bigger picture. If we defined success clearly and measured it honestly, we’d argue less and fix more. It’s not flashy, but it’s real.",1
ai_0144,"Quick take: in sports, execution matters more than hype. A lot of the noise online makes it seem more complicated than it is. When incentives line up, outcomes improve. When they don’t, frustration builds. I get the counterargument. Sometimes fast change creates energy and momentum. But without consistency and follow through, things drift back to the same patterns. Most debates focus on personalities instead of systems, which kind of misses the bigger picture. If we defined success clearly and measured it honestly, we’d argue less and fix more. No drama, just fundamentals.",1
ai_0145,"Quick take: in economy, slow progress is still progress. A lot of the noise online makes it seem more complicated than it is. When incentives line up, outcomes improve. When they don’t, frustration builds. Some folks disagree, and that’s fair. Sometimes fast change creates energy and momentum. But without consistency and follow through, things drift back to the same patterns. Most debates focus on personalities instead of systems, which kind of misses the bigger picture. If we defined success clearly and measured it honestly, we’d argue less and fix more. Still, the basics matter.",1
ai_0146,"Honestly, in climate, structure beats intention every time. A lot of the noise online makes it seem more complicated than it is. When incentives line up, outcomes improve. When they don’t, frustration builds. There’s a reasonable pushback. Sometimes fast change creates energy and momentum. But without consistency and follow through, things drift back to the same patterns. Most debates focus on personalities instead of systems, which kind of misses the bigger picture. If we defined success clearly and measured it honestly, we’d argue less and fix more. Simple doesn’t mean easy.",1
ai_0147,"Real talk, in campus life, most problems are coordination failures. A lot of the noise online makes it seem more complicated than it is. When incentives line up, outcomes improve. When they don’t, frustration builds. I get the counterargument. Sometimes fast change creates energy and momentum. But without consistency and follow through, things drift back to the same patterns. Most debates focus on personalities instead of systems, which kind of misses the bigger picture. If we defined success clearly and measured it honestly, we’d argue less and fix more. Still, the basics matter.",1
ai_0148,"Honestly, in politics, structure beats intention every time. A lot of the noise online makes it seem more complicated than it is. When incentives line up, outcomes improve. When they don’t, frustration builds. Some folks disagree, and that’s fair. Sometimes fast change creates energy and momentum. But without consistency and follow through, things drift back to the same patterns. Most debates focus on personalities instead of systems, which kind of misses the bigger picture. If we defined success clearly and measured it honestly, we’d argue less and fix more. Simple doesn’t mean easy.",1
ai_0149,"Short answer: in tech, incentives drive behavior more than speeches. A lot of the noise online makes it seem more complicated than it is. When incentives line up, outcomes improve. When they don’t, frustration builds. I get the counterargument. Sometimes fast change creates energy and momentum. But without consistency and follow through, things drift back to the same patterns. Most debates focus on personalities instead of systems, which kind of misses the bigger picture. If we defined success clearly and measured it honestly, we’d argue less and fix more. It’s not flashy, but it’s real.",1
ai_0150,"Honestly, in health, slow progress is still progress. A lot of the noise online makes it seem more complicated than it is. When incentives line up, outcomes improve. When they don’t, frustration builds. Not everyone sees it this way. Sometimes fast change creates energy and momentum. But without consistency and follow through, things drift back to the same patterns. Most debates focus on personalities instead of systems, which kind of misses the bigger picture. If we defined success clearly and measured it honestly, we’d argue less and fix more. It’s not flashy, but it’s real.",1
ai_0151,"Short answer: in sports, people follow what’s rewarded, not what’s recommended. A lot of the noise online makes it seem more complicated than it is. When incentives line up, outcomes improve. When they don’t, frustration builds. There’s a reasonable pushback. Sometimes fast change creates energy and momentum. But without consistency and follow through, things drift back to the same patterns. Most debates focus on personalities instead of systems, which kind of misses the bigger picture. If we defined success clearly and measured it honestly, we’d argue less and fix more. Simple doesn’t mean easy.",1
ai_0152,"Honestly, in economy, slow progress is still progress. A lot of the noise online makes it seem more complicated than it is. When incentives line up, outcomes improve. When they don’t, frustration builds. There’s a reasonable pushback. Sometimes fast change creates energy and momentum. But without consistency and follow through, things drift back to the same patterns. Most debates focus on personalities instead of systems, which kind of misses the bigger picture. If we defined success clearly and measured it honestly, we’d argue less and fix more. Still, the basics matter.",1
ai_0153,"Real talk, in climate, execution matters more than hype. A lot of the noise online makes it seem more complicated than it is. When incentives line up, outcomes improve. When they don’t, frustration builds. I get the counterargument. Sometimes fast change creates energy and momentum. But without consistency and follow through, things drift back to the same patterns. Most debates focus on personalities instead of systems, which kind of misses the bigger picture. If we defined success clearly and measured it honestly, we’d argue less and fix more. Still, the basics matter.",1
ai_0154,"Quick take: in campus life, slow progress is still progress. A lot of the noise online makes it seem more complicated than it is. When incentives line up, outcomes improve. When they don’t, frustration builds. There’s a reasonable pushback. Sometimes fast change creates energy and momentum. But without consistency and follow through, things drift back to the same patterns. Most debates focus on personalities instead of systems, which kind of misses the bigger picture. If we defined success clearly and measured it honestly, we’d argue less and fix more. Still, the basics matter.",1
ai_0155,"Quick take: in politics, most problems are coordination failures. A lot of the noise online makes it seem more complicated than it is. When incentives line up, outcomes improve. When they don’t, frustration builds. Not everyone sees it this way. Sometimes fast change creates energy and momentum. But without consistency and follow through, things drift back to the same patterns. Most debates focus on personalities instead of systems, which kind of misses the bigger picture. If we defined success clearly and measured it honestly, we’d argue less and fix more. Simple doesn’t mean easy.",1
ai_0156,"Quick take: in tech, incentives drive behavior more than speeches. A lot of the noise online makes it seem more complicated than it is. When incentives line up, outcomes improve. When they don’t, frustration builds. I get the counterargument. Sometimes fast change creates energy and momentum. But without consistency and follow through, things drift back to the same patterns. Most debates focus on personalities instead of systems, which kind of misses the bigger picture. If we defined success clearly and measured it honestly, we’d argue less and fix more. Still, the basics matter.",1
ai_0157,"Real talk, in health, clarity would solve half the confusion. A lot of the noise online makes it seem more complicated than it is. When incentives line up, outcomes improve. When they don’t, frustration builds. There’s a reasonable pushback. Sometimes fast change creates energy and momentum. But without consistency and follow through, things drift back to the same patterns. Most debates focus on personalities instead of systems, which kind of misses the bigger picture. If we defined success clearly and measured it honestly, we’d argue less and fix more. That’s kind of the point.",1
ai_0158,"Honestly, in sports, slow progress is still progress. A lot of the noise online makes it seem more complicated than it is. When incentives line up, outcomes improve. When they don’t, frustration builds. I get the counterargument. Sometimes fast change creates energy and momentum. But without consistency and follow through, things drift back to the same patterns. Most debates focus on personalities instead of systems, which kind of misses the bigger picture. If we defined success clearly and measured it honestly, we’d argue less and fix more. It’s not flashy, but it’s real.",1
ai_0159,"Quick take: in economy, people follow what’s rewarded, not what’s recommended. A lot of the noise online makes it seem more complicated than it is. When incentives line up, outcomes improve. When they don’t, frustration builds. I get the counterargument. Sometimes fast change creates energy and momentum. But without consistency and follow through, things drift back to the same patterns. Most debates focus on personalities instead of systems, which kind of misses the bigger picture. If we defined success clearly and measured it honestly, we’d argue less and fix more. That’s kind of the point.",1
ai_0160,"Honestly, in climate, most problems are coordination failures. A lot of the noise online makes it seem more complicated than it is. When incentives line up, outcomes improve. When they don’t, frustration builds. Some folks disagree, and that’s fair. Sometimes fast change creates energy and momentum. But without consistency and follow through, things drift back to the same patterns. Most debates focus on personalities instead of systems, which kind of misses the bigger picture. If we defined success clearly and measured it honestly, we’d argue less and fix more. That’s kind of the point.",1
ai_0161,"Honestly, in campus life, clarity would solve half the confusion. A lot of the noise online makes it seem more complicated than it is. When incentives line up, outcomes improve. When they don’t, frustration builds. Some folks disagree, and that’s fair. Sometimes fast change creates energy and momentum. But without consistency and follow through, things drift back to the same patterns. Most debates focus on personalities instead of systems, which kind of misses the bigger picture. If we defined success clearly and measured it honestly, we’d argue less and fix more. That’s kind of the point.",1
ai_0162,"Quick take: in politics, structure beats intention every time. A lot of the noise online makes it seem more complicated than it is. When incentives line up, outcomes improve. When they don’t, frustration builds. Not everyone sees it this way. Sometimes fast change creates energy and momentum. But without consistency and follow through, things drift back to the same patterns. Most debates focus on personalities instead of systems, which kind of misses the bigger picture. If we defined success clearly and measured it honestly, we’d argue less and fix more. It’s not flashy, but it’s real.",1
ai_0163,"Short answer: in tech, structure beats intention every time. A lot of the noise online makes it seem more complicated than it is. When incentives line up, outcomes improve. When they don’t, frustration builds. I get the counterargument. Sometimes fast change creates energy and momentum. But without consistency and follow through, things drift back to the same patterns. Most debates focus on personalities instead of systems, which kind of misses the bigger picture. If we defined success clearly and measured it honestly, we’d argue less and fix more. Simple doesn’t mean easy.",1
ai_0164,"Honestly, in health, clarity would solve half the confusion. A lot of the noise online makes it seem more complicated than it is. When incentives line up, outcomes improve. When they don’t, frustration builds. Sure, there’s another side. Sometimes fast change creates energy and momentum. But without consistency and follow through, things drift back to the same patterns. Most debates focus on personalities instead of systems, which kind of misses the bigger picture. If we defined success clearly and measured it honestly, we’d argue less and fix more. That’s kind of the point.",1
ai_0165,"Quick take: in sports, execution matters more than hype. A lot of the noise online makes it seem more complicated than it is. When incentives line up, outcomes improve. When they don’t, frustration builds. Sure, there’s another side. Sometimes fast change creates energy and momentum. But without consistency and follow through, things drift back to the same patterns. Most debates focus on personalities instead of systems, which kind of misses the bigger picture. If we defined success clearly and measured it honestly, we’d argue less and fix more. That’s kind of the point.",1
ai_0166,"Real talk, in economy, clarity would solve half the confusion. A lot of the noise online makes it seem more complicated than it is. When incentives line up, outcomes improve. When they don’t, frustration builds. Sure, there’s another side. Sometimes fast change creates energy and momentum. But without consistency and follow through, things drift back to the same patterns. Most debates focus on personalities instead of systems, which kind of misses the bigger picture. If we defined success clearly and measured it honestly, we’d argue less and fix more. That’s kind of the point.",1
ai_0167,"Hot take: in climate, slow progress is still progress. A lot of the noise online makes it seem more complicated than it is. When incentives line up, outcomes improve. When they don’t, frustration builds. Some folks disagree, and that’s fair. Sometimes fast change creates energy and momentum. But without consistency and follow through, things drift back to the same patterns. Most debates focus on personalities instead of systems, which kind of misses the bigger picture. If we defined success clearly and measured it honestly, we’d argue less and fix more. Simple doesn’t mean easy.",1
ai_0168,"Honestly, in campus life, slow progress is still progress. A lot of the noise online makes it seem more complicated than it is. When incentives line up, outcomes improve. When they don’t, frustration builds. Not everyone sees it this way. Sometimes fast change creates energy and momentum. But without consistency and follow through, things drift back to the same patterns. Most debates focus on personalities instead of systems, which kind of misses the bigger picture. If we defined success clearly and measured it honestly, we’d argue less and fix more. No drama, just fundamentals.",1
ai_0169,"Short answer: in politics, most problems are coordination failures. A lot of the noise online makes it seem more complicated than it is. When incentives line up, outcomes improve. When they don’t, frustration builds. Some folks disagree, and that’s fair. Sometimes fast change creates energy and momentum. But without consistency and follow through, things drift back to the same patterns. Most debates focus on personalities instead of systems, which kind of misses the bigger picture. If we defined success clearly and measured it honestly, we’d argue less and fix more. Still, the basics matter.",1
ai_0170,"Real talk, in tech, structure beats intention every time. A lot of the noise online makes it seem more complicated than it is. When incentives line up, outcomes improve. When they don’t, frustration builds. There’s a reasonable pushback. Sometimes fast change creates energy and momentum. But without consistency and follow through, things drift back to the same patterns. Most debates focus on personalities instead of systems, which kind of misses the bigger picture. If we defined success clearly and measured it honestly, we’d argue less and fix more. Simple doesn’t mean easy.",1
ai_0171,"Hot take: in health, most problems are coordination failures. A lot of the noise online makes it seem more complicated than it is. When incentives line up, outcomes improve. When they don’t, frustration builds. Some folks disagree, and that’s fair. Sometimes fast change creates energy and momentum. But without consistency and follow through, things drift back to the same patterns. Most debates focus on personalities instead of systems, which kind of misses the bigger picture. If we defined success clearly and measured it honestly, we’d argue less and fix more. No drama, just fundamentals.",1
ai_0172,"Real talk, in sports, slow progress is still progress. A lot of the noise online makes it seem more complicated than it is. When incentives line up, outcomes improve. When they don’t, frustration builds. Sure, there’s another side. Sometimes fast change creates energy and momentum. But without consistency and follow through, things drift back to the same patterns. Most debates focus on personalities instead of systems, which kind of misses the bigger picture. If we defined success clearly and measured it honestly, we’d argue less and fix more. Still, the basics matter.",1
ai_0173,"Short answer: in economy, slow progress is still progress. A lot of the noise online makes it seem more complicated than it is. When incentives line up, outcomes improve. When they don’t, frustration builds. Not everyone sees it this way. Sometimes fast change creates energy and momentum. But without consistency and follow through, things drift back to the same patterns. Most debates focus on personalities instead of systems, which kind of misses the bigger picture. If we defined success clearly and measured it honestly, we’d argue less and fix more. Simple doesn’t mean easy.",1
ai_0174,"Quick take: in climate, most problems are coordination failures. A lot of the noise online makes it seem more complicated than it is. When incentives line up, outcomes improve. When they don’t, frustration builds. Sure, there’s another side. Sometimes fast change creates energy and momentum. But without consistency and follow through, things drift back to the same patterns. Most debates focus on personalities instead of systems, which kind of misses the bigger picture. If we defined success clearly and measured it honestly, we’d argue less and fix more. It’s not flashy, but it’s real.",1
ai_0175,"Hot take: in campus life, incentives drive behavior more than speeches. A lot of the noise online makes it seem more complicated than it is. When incentives line up, outcomes improve. When they don’t, frustration builds. Sure, there’s another side. Sometimes fast change creates energy and momentum. But without consistency and follow through, things drift back to the same patterns. Most debates focus on personalities instead of systems, which kind of misses the bigger picture. If we defined success clearly and measured it honestly, we’d argue less and fix more. Still, the basics matter.",1
ai_0176,"Honestly, in politics, most problems are coordination failures. A lot of the noise online makes it seem more complicated than it is. When incentives line up, outcomes improve. When they don’t, frustration builds. There’s a reasonable pushback. Sometimes fast change creates energy and momentum. But without consistency and follow through, things drift back to the same patterns. Most debates focus on personalities instead of systems, which kind of misses the bigger picture. If we defined success clearly and measured it honestly, we’d argue less and fix more. Still, the basics matter.",1
ai_0177,"Hot take: in tech, most problems are coordination failures. A lot of the noise online makes it seem more complicated than it is. When incentives line up, outcomes improve. When they don’t, frustration builds. I get the counterargument. Sometimes fast change creates energy and momentum. But without consistency and follow through, things drift back to the same patterns. Most debates focus on personalities instead of systems, which kind of misses the bigger picture. If we defined success clearly and measured it honestly, we’d argue less and fix more. Still, the basics matter.",1
ai_0178,"Real talk, in health, people follow what’s rewarded, not what’s recommended. A lot of the noise online makes it seem more complicated than it is. When incentives line up, outcomes improve. When they don’t, frustration builds. Sure, there’s another side. Sometimes fast change creates energy and momentum. But without consistency and follow through, things drift back to the same patterns. Most debates focus on personalities instead of systems, which kind of misses the bigger picture. If we defined success clearly and measured it honestly, we’d argue less and fix more. It’s not flashy, but it’s real.",1
ai_0179,"Quick take: in sports, incentives drive behavior more than speeches. A lot of the noise online makes it seem more complicated than it is. When incentives line up, outcomes improve. When they don’t, frustration builds. I get the counterargument. Sometimes fast change creates energy and momentum. But without consistency and follow through, things drift back to the same patterns. Most debates focus on personalities instead of systems, which kind of misses the bigger picture. If we defined success clearly and measured it honestly, we’d argue less and fix more. Simple doesn’t mean easy.",1
ai_0180,"Honestly, in economy, most problems are coordination failures. A lot of the noise online makes it seem more complicated than it is. When incentives line up, outcomes improve. When they don’t, frustration builds. I get the counterargument. Sometimes fast change creates energy and momentum. But without consistency and follow through, things drift back to the same patterns. Most debates focus on personalities instead of systems, which kind of misses the bigger picture. If we defined success clearly and measured it honestly, we’d argue less and fix more. Simple doesn’t mean easy.",1
ai_0181,"Quick take: in climate, people follow what’s rewarded, not what’s recommended. A lot of the noise online makes it seem more complicated than it is. When incentives line up, outcomes improve. When they don’t, frustration builds. Sure, there’s another side. Sometimes fast change creates energy and momentum. But without consistency and follow through, things drift back to the same patterns. Most debates focus on personalities instead of systems, which kind of misses the bigger picture. If we defined success clearly and measured it honestly, we’d argue less and fix more. No drama, just fundamentals.",1
ai_0182,"Hot take: in campus life, most problems are coordination failures. A lot of the noise online makes it seem more complicated than it is. When incentives line up, outcomes improve. When they don’t, frustration builds. Sure, there’s another side. Sometimes fast change creates energy and momentum. But without consistency and follow through, things drift back to the same patterns. Most debates focus on personalities instead of systems, which kind of misses the bigger picture. If we defined success clearly and measured it honestly, we’d argue less and fix more. No drama, just fundamentals.",1
ai_0183,"Quick take: in politics, incentives drive behavior more than speeches. A lot of the noise online makes it seem more complicated than it is. When incentives line up, outcomes improve. When they don’t, frustration builds. Sure, there’s another side. Sometimes fast change creates energy and momentum. But without consistency and follow through, things drift back to the same patterns. Most debates focus on personalities instead of systems, which kind of misses the bigger picture. If we defined success clearly and measured it honestly, we’d argue less and fix more. Simple doesn’t mean easy.",1
ai_0184,"Hot take: in tech, incentives drive behavior more than speeches. A lot of the noise online makes it seem more complicated than it is. When incentives line up, outcomes improve. When they don’t, frustration builds. There’s a reasonable pushback. Sometimes fast change creates energy and momentum. But without consistency and follow through, things drift back to the same patterns. Most debates focus on personalities instead of systems, which kind of misses the bigger picture. If we defined success clearly and measured it honestly, we’d argue less and fix more. That’s kind of the point.",1
ai_0185,"Hot take: in health, people follow what’s rewarded, not what’s recommended. A lot of the noise online makes it seem more complicated than it is. When incentives line up, outcomes improve. When they don’t, frustration builds. Sure, there’s another side. Sometimes fast change creates energy and momentum. But without consistency and follow through, things drift back to the same patterns. Most debates focus on personalities instead of systems, which kind of misses the bigger picture. If we defined success clearly and measured it honestly, we’d argue less and fix more. It’s not flashy, but it’s real.",1
ai_0186,"Honestly, in sports, clarity would solve half the confusion. A lot of the noise online makes it seem more complicated than it is. When incentives line up, outcomes improve. When they don’t, frustration builds. Not everyone sees it this way. Sometimes fast change creates energy and momentum. But without consistency and follow through, things drift back to the same patterns. Most debates focus on personalities instead of systems, which kind of misses the bigger picture. If we defined success clearly and measured it honestly, we’d argue less and fix more. That’s kind of the point.",1
ai_0187,"Short answer: in economy, slow progress is still progress. A lot of the noise online makes it seem more complicated than it is. When incentives line up, outcomes improve. When they don’t, frustration builds. Not everyone sees it this way. Sometimes fast change creates energy and momentum. But without consistency and follow through, things drift back to the same patterns. Most debates focus on personalities instead of systems, which kind of misses the bigger picture. If we defined success clearly and measured it honestly, we’d argue less and fix more. Simple doesn’t mean easy.",1
ai_0188,"Real talk, in climate, people follow what’s rewarded, not what’s recommended. A lot of the noise online makes it seem more complicated than it is. When incentives line up, outcomes improve. When they don’t, frustration builds. There’s a reasonable pushback. Sometimes fast change creates energy and momentum. But without consistency and follow through, things drift back to the same patterns. Most debates focus on personalities instead of systems, which kind of misses the bigger picture. If we defined success clearly and measured it honestly, we’d argue less and fix more. Still, the basics matter.",1
ai_0189,"Honestly, in campus life, people follow what’s rewarded, not what’s recommended. A lot of the noise online makes it seem more complicated than it is. When incentives line up, outcomes improve. When they don’t, frustration builds. Sure, there’s another side. Sometimes fast change creates energy and momentum. But without consistency and follow through, things drift back to the same patterns. Most debates focus on personalities instead of systems, which kind of misses the bigger picture. If we defined success clearly and measured it honestly, we’d argue less and fix more. It’s not flashy, but it’s real.",1
ai_0190,"Honestly, in politics, most problems are coordination failures. A lot of the noise online makes it seem more complicated than it is. When incentives line up, outcomes improve. When they don’t, frustration builds. Some folks disagree, and that’s fair. Sometimes fast change creates energy and momentum. But without consistency and follow through, things drift back to the same patterns. Most debates focus on personalities instead of systems, which kind of misses the bigger picture. If we defined success clearly and measured it honestly, we’d argue less and fix more. Simple doesn’t mean easy.",1
ai_0191,"Short answer: in tech, clarity would solve half the confusion. A lot of the noise online makes it seem more complicated than it is. When incentives line up, outcomes improve. When they don’t, frustration builds. I get the counterargument. Sometimes fast change creates energy and momentum. But without consistency and follow through, things drift back to the same patterns. Most debates focus on personalities instead of systems, which kind of misses the bigger picture. If we defined success clearly and measured it honestly, we’d argue less and fix more. No drama, just fundamentals.",1
ai_0192,"Real talk, in health, most problems are coordination failures. A lot of the noise online makes it seem more complicated than it is. When incentives line up, outcomes improve. When they don’t, frustration builds. I get the counterargument. Sometimes fast change creates energy and momentum. But without consistency and follow through, things drift back to the same patterns. Most debates focus on personalities instead of systems, which kind of misses the bigger picture. If we defined success clearly and measured it honestly, we’d argue less and fix more. Simple doesn’t mean easy.",1
ai_0193,"Short answer: in sports, clarity would solve half the confusion. A lot of the noise online makes it seem more complicated than it is. When incentives line up, outcomes improve. When they don’t, frustration builds. Some folks disagree, and that’s fair. Sometimes fast change creates energy and momentum. But without consistency and follow through, things drift back to the same patterns. Most debates focus on personalities instead of systems, which kind of misses the bigger picture. If we defined success clearly and measured it honestly, we’d argue less and fix more. It’s not flashy, but it’s real.",1
ai_0194,"Real talk, in economy, clarity would solve half the confusion. A lot of the noise online makes it seem more complicated than it is. When incentives line up, outcomes improve. When they don’t, frustration builds. Some folks disagree, and that’s fair. Sometimes fast change creates energy and momentum. But without consistency and follow through, things drift back to the same patterns. Most debates focus on personalities instead of systems, which kind of misses the bigger picture. If we defined success clearly and measured it honestly, we’d argue less and fix more. Still, the basics matter.",1
ai_0195,"Short answer: in climate, people follow what’s rewarded, not what’s recommended. A lot of the noise online makes it seem more complicated than it is. When incentives line up, outcomes improve. When they don’t, frustration builds. Not everyone sees it this way. Sometimes fast change creates energy and momentum. But without consistency and follow through, things drift back to the same patterns. Most debates focus on personalities instead of systems, which kind of misses the bigger picture. If we defined success clearly and measured it honestly, we’d argue less and fix more. No drama, just fundamentals.",1
ai_0196,"Short answer: in campus life, clarity would solve half the confusion. A lot of the noise online makes it seem more complicated than it is. When incentives line up, outcomes improve. When they don’t, frustration builds. I get the counterargument. Sometimes fast change creates energy and momentum. But without consistency and follow through, things drift back to the same patterns. Most debates focus on personalities instead of systems, which kind of misses the bigger picture. If we defined success clearly and measured it honestly, we’d argue less and fix more. That’s kind of the point.",1
ai_0197,"Real talk, in politics, structure beats intention every time. A lot of the noise online makes it seem more complicated than it is. When incentives line up, outcomes improve. When they don’t, frustration builds. Some folks disagree, and that’s fair. Sometimes fast change creates energy and momentum. But without consistency and follow through, things drift back to the same patterns. Most debates focus on personalities instead of systems, which kind of misses the bigger picture. If we defined success clearly and measured it honestly, we’d argue less and fix more. No drama, just fundamentals.",1
ai_0198,"Honestly, in tech, incentives drive behavior more than speeches. A lot of the noise online makes it seem more complicated than it is. When incentives line up, outcomes improve. When they don’t, frustration builds. Sure, there’s another side. Sometimes fast change creates energy and momentum. But without consistency and follow through, things drift back to the same patterns. Most debates focus on personalities instead of systems, which kind of misses the bigger picture. If we defined success clearly and measured it honestly, we’d argue less and fix more. Still, the basics matter.",1
ai_0199,"Quick take: in health, slow progress is still progress. A lot of the noise online makes it seem more complicated than it is. When incentives line up, outcomes improve. When they don’t, frustration builds. Not everyone sees it this way. Sometimes fast change creates energy and momentum. But without consistency and follow through, things drift back to the same patterns. Most debates focus on personalities instead of systems, which kind of misses the bigger picture. If we defined success clearly and measured it honestly, we’d argue less and fix more. No drama, just fundamentals.",1
ai_0200,"Honestly, in sports, most problems are coordination failures. A lot of the noise online makes it seem more complicated than it is. When incentives line up, outcomes improve. When they don’t, frustration builds. I get the counterargument. Sometimes fast change creates energy and momentum. But without consistency and follow through, things drift back to the same patterns. Most debates focus on personalities instead of systems, which kind of misses the bigger picture. If we defined success clearly and measured it honestly, we’d argue less and fix more. It’s not flashy, but it’s real.",1
ai_0201,"Short answer: in economy, people follow what’s rewarded, not what’s recommended. A lot of the noise online makes it seem more complicated than it is. When incentives line up, outcomes improve. When they don’t, frustration builds. Sure, there’s another side. Sometimes fast change creates energy and momentum. But without consistency and follow through, things drift back to the same patterns. Most debates focus on personalities instead of systems, which kind of misses the bigger picture. If we defined success clearly and measured it honestly, we’d argue less and fix more. Still, the basics matter.",1
ai_0202,"Hot take: in climate, execution matters more than hype. A lot of the noise online makes it seem more complicated than it is. When incentives line up, outcomes improve. When they don’t, frustration builds. Not everyone sees it this way. Sometimes fast change creates energy and momentum. But without consistency and follow through, things drift back to the same patterns. Most debates focus on personalities instead of systems, which kind of misses the bigger picture. If we defined success clearly and measured it honestly, we’d argue less and fix more. It’s not flashy, but it’s real.",1
ai_0203,"Real talk, in campus life, most problems are coordination failures. A lot of the noise online makes it seem more complicated than it is. When incentives line up, outcomes improve. When they don’t, frustration builds. I get the counterargument. Sometimes fast change creates energy and momentum. But without consistency and follow through, things drift back to the same patterns. Most debates focus on personalities instead of systems, which kind of misses the bigger picture. If we defined success clearly and measured it honestly, we’d argue less and fix more. No drama, just fundamentals.",1
ai_0204,"Short answer: in politics, execution matters more than hype. A lot of the noise online makes it seem more complicated than it is. When incentives line up, outcomes improve. When they don’t, frustration builds. Some folks disagree, and that’s fair. Sometimes fast change creates energy and momentum. But without consistency and follow through, things drift back to the same patterns. Most debates focus on personalities instead of systems, which kind of misses the bigger picture. If we defined success clearly and measured it honestly, we’d argue less and fix more. It’s not flashy, but it’s real.",1
ai_0205,"Short answer: in tech, slow progress is still progress. A lot of the noise online makes it seem more complicated than it is. When incentives line up, outcomes improve. When they don’t, frustration builds. I get the counterargument. Sometimes fast change creates energy and momentum. But without consistency and follow through, things drift back to the same patterns. Most debates focus on personalities instead of systems, which kind of misses the bigger picture. If we defined success clearly and measured it honestly, we’d argue less and fix more. That’s kind of the point.",1
ai_0206,"Honestly, in health, execution matters more than hype. A lot of the noise online makes it seem more complicated than it is. When incentives line up, outcomes improve. When they don’t, frustration builds. Not everyone sees it this way. Sometimes fast change creates energy and momentum. But without consistency and follow through, things drift back to the same patterns. Most debates focus on personalities instead of systems, which kind of misses the bigger picture. If we defined success clearly and measured it honestly, we’d argue less and fix more. No drama, just fundamentals.",1
ai_0207,"Short answer: in sports, structure beats intention every time. A lot of the noise online makes it seem more complicated than it is. When incentives line up, outcomes improve. When they don’t, frustration builds. There’s a reasonable pushback. Sometimes fast change creates energy and momentum. But without consistency and follow through, things drift back to the same patterns. Most debates focus on personalities instead of systems, which kind of misses the bigger picture. If we defined success clearly and measured it honestly, we’d argue less and fix more. No drama, just fundamentals.",1
ai_0208,"Quick take: in economy, most problems are coordination failures. A lot of the noise online makes it seem more complicated than it is. When incentives line up, outcomes improve. When they don’t, frustration builds. I get the counterargument. Sometimes fast change creates energy and momentum. But without consistency and follow through, things drift back to the same patterns. Most debates focus on personalities instead of systems, which kind of misses the bigger picture. If we defined success clearly and measured it honestly, we’d argue less and fix more. It’s not flashy, but it’s real.",1
ai_0209,"Honestly, in climate, slow progress is still progress. A lot of the noise online makes it seem more complicated than it is. When incentives line up, outcomes improve. When they don’t, frustration builds. Sure, there’s another side. Sometimes fast change creates energy and momentum. But without consistency and follow through, things drift back to the same patterns. Most debates focus on personalities instead of systems, which kind of misses the bigger picture. If we defined success clearly and measured it honestly, we’d argue less and fix more. Simple doesn’t mean easy.",1
ai_0210,"Quick take: in campus life, incentives drive behavior more than speeches. A lot of the noise online makes it seem more complicated than it is. When incentives line up, outcomes improve. When they don’t, frustration builds. Not everyone sees it this way. Sometimes fast change creates energy and momentum. But without consistency and follow through, things drift back to the same patterns. Most debates focus on personalities instead of systems, which kind of misses the bigger picture. If we defined success clearly and measured it honestly, we’d argue less and fix more. Still, the basics matter.",1
ai_0211,"Honestly, in politics, people follow what’s rewarded, not what’s recommended. A lot of the noise online makes it seem more complicated than it is. When incentives line up, outcomes improve. When they don’t, frustration builds. There’s a reasonable pushback. Sometimes fast change creates energy and momentum. But without consistency and follow through, things drift back to the same patterns. Most debates focus on personalities instead of systems, which kind of misses the bigger picture. If we defined success clearly and measured it honestly, we’d argue less and fix more. That’s kind of the point.",1
ai_0212,"Hot take: in tech, people follow what’s rewarded, not what’s recommended. A lot of the noise online makes it seem more complicated than it is. When incentives line up, outcomes improve. When they don’t, frustration builds. There’s a reasonable pushback. Sometimes fast change creates energy and momentum. But without consistency and follow through, things drift back to the same patterns. Most debates focus on personalities instead of systems, which kind of misses the bigger picture. If we defined success clearly and measured it honestly, we’d argue less and fix more. That’s kind of the point.",1
ai_0213,"Short answer: in health, structure beats intention every time. A lot of the noise online makes it seem more complicated than it is. When incentives line up, outcomes improve. When they don’t, frustration builds. Not everyone sees it this way. Sometimes fast change creates energy and momentum. But without consistency and follow through, things drift back to the same patterns. Most debates focus on personalities instead of systems, which kind of misses the bigger picture. If we defined success clearly and measured it honestly, we’d argue less and fix more. That’s kind of the point.",1
ai_0214,"Honestly, in sports, incentives drive behavior more than speeches. A lot of the noise online makes it seem more complicated than it is. When incentives line up, outcomes improve. When they don’t, frustration builds. I get the counterargument. Sometimes fast change creates energy and momentum. But without consistency and follow through, things drift back to the same patterns. Most debates focus on personalities instead of systems, which kind of misses the bigger picture. If we defined success clearly and measured it honestly, we’d argue less and fix more. That’s kind of the point.",1
ai_0215,"Hot take: in economy, execution matters more than hype. A lot of the noise online makes it seem more complicated than it is. When incentives line up, outcomes improve. When they don’t, frustration builds. Some folks disagree, and that’s fair. Sometimes fast change creates energy and momentum. But without consistency and follow through, things drift back to the same patterns. Most debates focus on personalities instead of systems, which kind of misses the bigger picture. If we defined success clearly and measured it honestly, we’d argue less and fix more. Simple doesn’t mean easy.",1
ai_0216,"Hot take: in climate, people follow what’s rewarded, not what’s recommended. A lot of the noise online makes it seem more complicated than it is. When incentives line up, outcomes improve. When they don’t, frustration builds. I get the counterargument. Sometimes fast change creates energy and momentum. But without consistency and follow through, things drift back to the same patterns. Most debates focus on personalities instead of systems, which kind of misses the bigger picture. If we defined success clearly and measured it honestly, we’d argue less and fix more. Simple doesn’t mean easy.",1
ai_0217,"Honestly, in campus life, incentives drive behavior more than speeches. A lot of the noise online makes it seem more complicated than it is. When incentives line up, outcomes improve. When they don’t, frustration builds. There’s a reasonable pushback. Sometimes fast change creates energy and momentum. But without consistency and follow through, things drift back to the same patterns. Most debates focus on personalities instead of systems, which kind of misses the bigger picture. If we defined success clearly and measured it honestly, we’d argue less and fix more. That’s kind of the point.",1
ai_0218,"Hot take: in politics, slow progress is still progress. A lot of the noise online makes it seem more complicated than it is. When incentives line up, outcomes improve. When they don’t, frustration builds. Sure, there’s another side. Sometimes fast change creates energy and momentum. But without consistency and follow through, things drift back to the same patterns. Most debates focus on personalities instead of systems, which kind of misses the bigger picture. If we defined success clearly and measured it honestly, we’d argue less and fix more. That’s kind of the point.",1
ai_0219,"Short answer: in tech, people follow what’s rewarded, not what’s recommended. A lot of the noise online makes it seem more complicated than it is. When incentives line up, outcomes improve. When they don’t, frustration builds. Some folks disagree, and that’s fair. Sometimes fast change creates energy and momentum. But without consistency and follow through, things drift back to the same patterns. Most debates focus on personalities instead of systems, which kind of misses the bigger picture. If we defined success clearly and measured it honestly, we’d argue less and fix more. That’s kind of the point.",1
ai_0220,"Quick take: in health, people follow what’s rewarded, not what’s recommended. A lot of the noise online makes it seem more complicated than it is. When incentives line up, outcomes improve. When they don’t, frustration builds. Sure, there’s another side. Sometimes fast change creates energy and momentum. But without consistency and follow through, things drift back to the same patterns. Most debates focus on personalities instead of systems, which kind of misses the bigger picture. If we defined success clearly and measured it honestly, we’d argue less and fix more. Still, the basics matter.",1
ai_0221,"Honestly, in sports, execution matters more than hype. A lot of the noise online makes it seem more complicated than it is. When incentives line up, outcomes improve. When they don’t, frustration builds. Some folks disagree, and that’s fair. Sometimes fast change creates energy and momentum. But without consistency and follow through, things drift back to the same patterns. Most debates focus on personalities instead of systems, which kind of misses the bigger picture. If we defined success clearly and measured it honestly, we’d argue less and fix more. It’s not flashy, but it’s real.",1
ai_0222,"Real talk, in economy, slow progress is still progress. A lot of the noise online makes it seem more complicated than it is. When incentives line up, outcomes improve. When they don’t, frustration builds. I get the counterargument. Sometimes fast change creates energy and momentum. But without consistency and follow through, things drift back to the same patterns. Most debates focus on personalities instead of systems, which kind of misses the bigger picture. If we defined success clearly and measured it honestly, we’d argue less and fix more. Simple doesn’t mean easy.",1
ai_0223,"Quick take: in climate, most problems are coordination failures. A lot of the noise online makes it seem more complicated than it is. When incentives line up, outcomes improve. When they don’t, frustration builds. I get the counterargument. Sometimes fast change creates energy and momentum. But without consistency and follow through, things drift back to the same patterns. Most debates focus on personalities instead of systems, which kind of misses the bigger picture. If we defined success clearly and measured it honestly, we’d argue less and fix more. That’s kind of the point.",1
ai_0224,"Hot take: in campus life, structure beats intention every time. A lot of the noise online makes it seem more complicated than it is. When incentives line up, outcomes improve. When they don’t, frustration builds. Sure, there’s another side. Sometimes fast change creates energy and momentum. But without consistency and follow through, things drift back to the same patterns. Most debates focus on personalities instead of systems, which kind of misses the bigger picture. If we defined success clearly and measured it honestly, we’d argue less and fix more. That’s kind of the point.",1
ai_0225,"Real talk, in politics, people follow what’s rewarded, not what’s recommended. A lot of the noise online makes it seem more complicated than it is. When incentives line up, outcomes improve. When they don’t, frustration builds. Sure, there’s another side. Sometimes fast change creates energy and momentum. But without consistency and follow through, things drift back to the same patterns. Most debates focus on personalities instead of systems, which kind of misses the bigger picture. If we defined success clearly and measured it honestly, we’d argue less and fix more. No drama, just fundamentals.",1
ai_0226,"Real talk, in tech, slow progress is still progress. A lot of the noise online makes it seem more complicated than it is. When incentives line up, outcomes improve. When they don’t, frustration builds. There’s a reasonable pushback. Sometimes fast change creates energy and momentum. But without consistency and follow through, things drift back to the same patterns. Most debates focus on personalities instead of systems, which kind of misses the bigger picture. If we defined success clearly and measured it honestly, we’d argue less and fix more. Still, the basics matter.",1
ai_0227,"Honestly, in health, structure beats intention every time. A lot of the noise online makes it seem more complicated than it is. When incentives line up, outcomes improve. When they don’t, frustration builds. Not everyone sees it this way. Sometimes fast change creates energy and momentum. But without consistency and follow through, things drift back to the same patterns. Most debates focus on personalities instead of systems, which kind of misses the bigger picture. If we defined success clearly and measured it honestly, we’d argue less and fix more. Simple doesn’t mean easy.",1
ai_0228,"Honestly, in sports, structure beats intention every time. A lot of the noise online makes it seem more complicated than it is. When incentives line up, outcomes improve. When they don’t, frustration builds. I get the counterargument. Sometimes fast change creates energy and momentum. But without consistency and follow through, things drift back to the same patterns. Most debates focus on personalities instead of systems, which kind of misses the bigger picture. If we defined success clearly and measured it honestly, we’d argue less and fix more. Simple doesn’t mean easy.",1
ai_0229,"Hot take: in economy, execution matters more than hype. A lot of the noise online makes it seem more complicated than it is. When incentives line up, outcomes improve. When they don’t, frustration builds. Sure, there’s another side. Sometimes fast change creates energy and momentum. But without consistency and follow through, things drift back to the same patterns. Most debates focus on personalities instead of systems, which kind of misses the bigger picture. If we defined success clearly and measured it honestly, we’d argue less and fix more. That’s kind of the point.",1
ai_0230,"Honestly, in climate, people follow what’s rewarded, not what’s recommended. A lot of the noise online makes it seem more complicated than it is. When incentives line up, outcomes improve. When they don’t, frustration builds. Some folks disagree, and that’s fair. Sometimes fast change creates energy and momentum. But without consistency and follow through, things drift back to the same patterns. Most debates focus on personalities instead of systems, which kind of misses the bigger picture. If we defined success clearly and measured it honestly, we’d argue less and fix more. That’s kind of the point.",1
ai_0231,"Real talk, in campus life, people follow what’s rewarded, not what’s recommended. A lot of the noise online makes it seem more complicated than it is. When incentives line up, outcomes improve. When they don’t, frustration builds. Sure, there’s another side. Sometimes fast change creates energy and momentum. But without consistency and follow through, things drift back to the same patterns. Most debates focus on personalities instead of systems, which kind of misses the bigger picture. If we defined success clearly and measured it honestly, we’d argue less and fix more. That’s kind of the point.",1
ai_0232,"Honestly, in politics, slow progress is still progress. A lot of the noise online makes it seem more complicated than it is. When incentives line up, outcomes improve. When they don’t, frustration builds. I get the counterargument. Sometimes fast change creates energy and momentum. But without consistency and follow through, things drift back to the same patterns. Most debates focus on personalities instead of systems, which kind of misses the bigger picture. If we defined success clearly and measured it honestly, we’d argue less and fix more. It’s not flashy, but it’s real.",1
ai_0233,"Real talk, in tech, most problems are coordination failures. A lot of the noise online makes it seem more complicated than it is. When incentives line up, outcomes improve. When they don’t, frustration builds. Not everyone sees it this way. Sometimes fast change creates energy and momentum. But without consistency and follow through, things drift back to the same patterns. Most debates focus on personalities instead of systems, which kind of misses the bigger picture. If we defined success clearly and measured it honestly, we’d argue less and fix more. Still, the basics matter.",1
ai_0234,"Hot take: in health, people follow what’s rewarded, not what’s recommended. A lot of the noise online makes it seem more complicated than it is. When incentives line up, outcomes improve. When they don’t, frustration builds. Sure, there’s another side. Sometimes fast change creates energy and momentum. But without consistency and follow through, things drift back to the same patterns. Most debates focus on personalities instead of systems, which kind of misses the bigger picture. If we defined success clearly and measured it honestly, we’d argue less and fix more. Still, the basics matter.",1
ai_0235,"Honestly, in sports, incentives drive behavior more than speeches. A lot of the noise online makes it seem more complicated than it is. When incentives line up, outcomes improve. When they don’t, frustration builds. There’s a reasonable pushback. Sometimes fast change creates energy and momentum. But without consistency and follow through, things drift back to the same patterns. Most debates focus on personalities instead of systems, which kind of misses the bigger picture. If we defined success clearly and measured it honestly, we’d argue less and fix more. Still, the basics matter.",1
ai_0236,"Honestly, in economy, clarity would solve half the confusion. A lot of the noise online makes it seem more complicated than it is. When incentives line up, outcomes improve. When they don’t, frustration builds. I get the counterargument. Sometimes fast change creates energy and momentum. But without consistency and follow through, things drift back to the same patterns. Most debates focus on personalities instead of systems, which kind of misses the bigger picture. If we defined success clearly and measured it honestly, we’d argue less and fix more. That’s kind of the point.",1
ai_0237,"Real talk, in climate, slow progress is still progress. A lot of the noise online makes it seem more complicated than it is. When incentives line up, outcomes improve. When they don’t, frustration builds. Sure, there’s another side. Sometimes fast change creates energy and momentum. But without consistency and follow through, things drift back to the same patterns. Most debates focus on personalities instead of systems, which kind of misses the bigger picture. If we defined success clearly and measured it honestly, we’d argue less and fix more. No drama, just fundamentals.",1
ai_0238,"Hot take: in campus life, execution matters more than hype. A lot of the noise online makes it seem more complicated than it is. When incentives line up, outcomes improve. When they don’t, frustration builds. Not everyone sees it this way. Sometimes fast change creates energy and momentum. But without consistency and follow through, things drift back to the same patterns. Most debates focus on personalities instead of systems, which kind of misses the bigger picture. If we defined success clearly and measured it honestly, we’d argue less and fix more. It’s not flashy, but it’s real.",1
ai_0239,"Short answer: in politics, slow progress is still progress. A lot of the noise online makes it seem more complicated than it is. When incentives line up, outcomes improve. When they don’t, frustration builds. Not everyone sees it this way. Sometimes fast change creates energy and momentum. But without consistency and follow through, things drift back to the same patterns. Most debates focus on personalities instead of systems, which kind of misses the bigger picture. If we defined success clearly and measured it honestly, we’d argue less and fix more. That’s kind of the point.",1
ai_0240,"Real talk, in tech, structure beats intention every time. A lot of the noise online makes it seem more complicated than it is. When incentives line up, outcomes improve. When they don’t, frustration builds. I get the counterargument. Sometimes fast change creates energy and momentum. But without consistency and follow through, things drift back to the same patterns. Most debates focus on personalities instead of systems, which kind of misses the bigger picture. If we defined success clearly and measured it honestly, we’d argue less and fix more. No drama, just fundamentals.",1
ai_0241,"Real talk, in health, incentives drive behavior more than speeches. A lot of the noise online makes it seem more complicated than it is. When incentives line up, outcomes improve. When they don’t, frustration builds. Sure, there’s another side. Sometimes fast change creates energy and momentum. But without consistency and follow through, things drift back to the same patterns. Most debates focus on personalities instead of systems, which kind of misses the bigger picture. If we defined success clearly and measured it honestly, we’d argue less and fix more. It’s not flashy, but it’s real.",1
ai_0242,"Real talk, in sports, clarity would solve half the confusion. A lot of the noise online makes it seem more complicated than it is. When incentives line up, outcomes improve. When they don’t, frustration builds. There’s a reasonable pushback. Sometimes fast change creates energy and momentum. But without consistency and follow through, things drift back to the same patterns. Most debates focus on personalities instead of systems, which kind of misses the bigger picture. If we defined success clearly and measured it honestly, we’d argue less and fix more. It’s not flashy, but it’s real.",1
ai_0243,"Hot take: in economy, people follow what’s rewarded, not what’s recommended. A lot of the noise online makes it seem more complicated than it is. When incentives line up, outcomes improve. When they don’t, frustration builds. I get the counterargument. Sometimes fast change creates energy and momentum. But without consistency and follow through, things drift back to the same patterns. Most debates focus on personalities instead of systems, which kind of misses the bigger picture. If we defined success clearly and measured it honestly, we’d argue less and fix more. Still, the basics matter.",1
ai_0244,"Real talk, in climate, most problems are coordination failures. A lot of the noise online makes it seem more complicated than it is. When incentives line up, outcomes improve. When they don’t, frustration builds. Sure, there’s another side. Sometimes fast change creates energy and momentum. But without consistency and follow through, things drift back to the same patterns. Most debates focus on personalities instead of systems, which kind of misses the bigger picture. If we defined success clearly and measured it honestly, we’d argue less and fix more. Simple doesn’t mean easy.",1
ai_0245,"Hot take: in campus life, clarity would solve half the confusion. A lot of the noise online makes it seem more complicated than it is. When incentives line up, outcomes improve. When they don’t, frustration builds. Not everyone sees it this way. Sometimes fast change creates energy and momentum. But without consistency and follow through, things drift back to the same patterns. Most debates focus on personalities instead of systems, which kind of misses the bigger picture. If we defined success clearly and measured it honestly, we’d argue less and fix more. That’s kind of the point.",1
ai_0246,"Honestly, in politics, incentives drive behavior more than speeches. A lot of the noise online makes it seem more complicated than it is. When incentives line up, outcomes improve. When they don’t, frustration builds. Sure, there’s another side. Sometimes fast change creates energy and momentum. But without consistency and follow through, things drift back to the same patterns. Most debates focus on personalities instead of systems, which kind of misses the bigger picture. If we defined success clearly and measured it honestly, we’d argue less and fix more. Simple doesn’t mean easy.",1
ai_0247,"Real talk, in tech, clarity would solve half the confusion. A lot of the noise online makes it seem more complicated than it is. When incentives line up, outcomes improve. When they don’t, frustration builds. There’s a reasonable pushback. Sometimes fast change creates energy and momentum. But without consistency and follow through, things drift back to the same patterns. Most debates focus on personalities instead of systems, which kind of misses the bigger picture. If we defined success clearly and measured it honestly, we’d argue less and fix more. Simple doesn’t mean easy.",1
ai_0248,"Quick take: in health, slow progress is still progress. A lot of the noise online makes it seem more complicated than it is. When incentives line up, outcomes improve. When they don’t, frustration builds. Some folks disagree, and that’s fair. Sometimes fast change creates energy and momentum. But without consistency and follow through, things drift back to the same patterns. Most debates focus on personalities instead of systems, which kind of misses the bigger picture. If we defined success clearly and measured it honestly, we’d argue less and fix more. It’s not flashy, but it’s real.",1
ai_0249,"Honestly, in sports, execution matters more than hype. A lot of the noise online makes it seem more complicated than it is. When incentives line up, outcomes improve. When they don’t, frustration builds. Not everyone sees it this way. Sometimes fast change creates energy and momentum. But without consistency and follow through, things drift back to the same patterns. Most debates focus on personalities instead of systems, which kind of misses the bigger picture. If we defined success clearly and measured it honestly, we’d argue less and fix more. No drama, just fundamentals.",1
ai_0250,"Honestly, in economy, execution matters more than hype. A lot of the noise online makes it seem more complicated than it is. When incentives line up, outcomes improve. When they don’t, frustration builds. Sure, there’s another side. Sometimes fast change creates energy and momentum. But without consistency and follow through, things drift back to the same patterns. Most debates focus on personalities instead of systems, which kind of misses the bigger picture. If we defined success clearly and measured it honestly, we’d argue less and fix more. It’s not flashy, but it’s real.",1
ai_0251,"Hot take: in climate, structure beats intention every time. A lot of the noise online makes it seem more complicated than it is. When incentives line up, outcomes improve. When they don’t, frustration builds. Not everyone sees it this way. Sometimes fast change creates energy and momentum. But without consistency and follow through, things drift back to the same patterns. Most debates focus on personalities instead of systems, which kind of misses the bigger picture. If we defined success clearly and measured it honestly, we’d argue less and fix more. No drama, just fundamentals.",1
ai_0252,"Real talk, in campus life, incentives drive behavior more than speeches. A lot of the noise online makes it seem more complicated than it is. When incentives line up, outcomes improve. When they don’t, frustration builds. Sure, there’s another side. Sometimes fast change creates energy and momentum. But without consistency and follow through, things drift back to the same patterns. Most debates focus on personalities instead of systems, which kind of misses the bigger picture. If we defined success clearly and measured it honestly, we’d argue less and fix more. Simple doesn’t mean easy.",1
ai_0253,"Hot take: in politics, incentives drive behavior more than speeches. A lot of the noise online makes it seem more complicated than it is. When incentives line up, outcomes improve. When they don’t, frustration builds. Not everyone sees it this way. Sometimes fast change creates energy and momentum. But without consistency and follow through, things drift back to the same patterns. Most debates focus on personalities instead of systems, which kind of misses the bigger picture. If we defined success clearly and measured it honestly, we’d argue less and fix more. Still, the basics matter.",1
ai_0254,"Quick take: in tech, slow progress is still progress. A lot of the noise online makes it seem more complicated than it is. When incentives line up, outcomes improve. When they don’t, frustration builds. I get the counterargument. Sometimes fast change creates energy and momentum. But without consistency and follow through, things drift back to the same patterns. Most debates focus on personalities instead of systems, which kind of misses the bigger picture. If we defined success clearly and measured it honestly, we’d argue less and fix more. That’s kind of the point.",1
ai_0255,"Honestly, in health, people follow what’s rewarded, not what’s recommended. A lot of the noise online makes it seem more complicated than it is. When incentives line up, outcomes improve. When they don’t, frustration builds. I get the counterargument. Sometimes fast change creates energy and momentum. But without consistency and follow through, things drift back to the same patterns. Most debates focus on personalities instead of systems, which kind of misses the bigger picture. If we defined success clearly and measured it honestly, we’d argue less and fix more. That’s kind of the point.",1
ai_0256,"Real talk, in sports, people follow what’s rewarded, not what’s recommended. A lot of the noise online makes it seem more complicated than it is. When incentives line up, outcomes improve. When they don’t, frustration builds. I get the counterargument. Sometimes fast change creates energy and momentum. But without consistency and follow through, things drift back to the same patterns. Most debates focus on personalities instead of systems, which kind of misses the bigger picture. If we defined success clearly and measured it honestly, we’d argue less and fix more. It’s not flashy, but it’s real.",1
ai_0257,"Hot take: in economy, incentives drive behavior more than speeches. A lot of the noise online makes it seem more complicated than it is. When incentives line up, outcomes improve. When they don’t, frustration builds. There’s a reasonable pushback. Sometimes fast change creates energy and momentum. But without consistency and follow through, things drift back to the same patterns. Most debates focus on personalities instead of systems, which kind of misses the bigger picture. If we defined success clearly and measured it honestly, we’d argue less and fix more. Simple doesn’t mean easy.",1
ai_0258,"Quick take: in climate, execution matters more than hype. A lot of the noise online makes it seem more complicated than it is. When incentives line up, outcomes improve. When they don’t, frustration builds. Some folks disagree, and that’s fair. Sometimes fast change creates energy and momentum. But without consistency and follow through, things drift back to the same patterns. Most debates focus on personalities instead of systems, which kind of misses the bigger picture. If we defined success clearly and measured it honestly, we’d argue less and fix more. Still, the basics matter.",1
ai_0259,"Honestly, in campus life, slow progress is still progress. A lot of the noise online makes it seem more complicated than it is. When incentives line up, outcomes improve. When they don’t, frustration builds. I get the counterargument. Sometimes fast change creates energy and momentum. But without consistency and follow through, things drift back to the same patterns. Most debates focus on personalities instead of systems, which kind of misses the bigger picture. If we defined success clearly and measured it honestly, we’d argue less and fix more. It’s not flashy, but it’s real.",1
ai_0260,"Short answer: in politics, people follow what’s rewarded, not what’s recommended. A lot of the noise online makes it seem more complicated than it is. When incentives line up, outcomes improve. When they don’t, frustration builds. There’s a reasonable pushback. Sometimes fast change creates energy and momentum. But without consistency and follow through, things drift back to the same patterns. Most debates focus on personalities instead of systems, which kind of misses the bigger picture. If we defined success clearly and measured it honestly, we’d argue less and fix more. Still, the basics matter.",1
ai_0261,"Hot take: in tech, most problems are coordination failures. A lot of the noise online makes it seem more complicated than it is. When incentives line up, outcomes improve. When they don’t, frustration builds. I get the counterargument. Sometimes fast change creates energy and momentum. But without consistency and follow through, things drift back to the same patterns. Most debates focus on personalities instead of systems, which kind of misses the bigger picture. If we defined success clearly and measured it honestly, we’d argue less and fix more. That’s kind of the point.",1
ai_0262,"Quick take: in health, most problems are coordination failures. A lot of the noise online makes it seem more complicated than it is. When incentives line up, outcomes improve. When they don’t, frustration builds. Sure, there’s another side. Sometimes fast change creates energy and momentum. But without consistency and follow through, things drift back to the same patterns. Most debates focus on personalities instead of systems, which kind of misses the bigger picture. If we defined success clearly and measured it honestly, we’d argue less and fix more. That’s kind of the point.",1
ai_0263,"Hot take: in sports, structure beats intention every time. A lot of the noise online makes it seem more complicated than it is. When incentives line up, outcomes improve. When they don’t, frustration builds. There’s a reasonable pushback. Sometimes fast change creates energy and momentum. But without consistency and follow through, things drift back to the same patterns. Most debates focus on personalities instead of systems, which kind of misses the bigger picture. If we defined success clearly and measured it honestly, we’d argue less and fix more. Still, the basics matter.",1
ai_0264,"Quick take: in economy, incentives drive behavior more than speeches. A lot of the noise online makes it seem more complicated than it is. When incentives line up, outcomes improve. When they don’t, frustration builds. Not everyone sees it this way. Sometimes fast change creates energy and momentum. But without consistency and follow through, things drift back to the same patterns. Most debates focus on personalities instead of systems, which kind of misses the bigger picture. If we defined success clearly and measured it honestly, we’d argue less and fix more. Simple doesn’t mean easy.",1
ai_0265,"Real talk, in climate, most problems are coordination failures. A lot of the noise online makes it seem more complicated than it is. When incentives line up, outcomes improve. When they don’t, frustration builds. Not everyone sees it this way. Sometimes fast change creates energy and momentum. But without consistency and follow through, things drift back to the same patterns. Most debates focus on personalities instead of systems, which kind of misses the bigger picture. If we defined success clearly and measured it honestly, we’d argue less and fix more. Simple doesn’t mean easy.",1
ai_0266,"Short answer: in campus life, most problems are coordination failures. A lot of the noise online makes it seem more complicated than it is. When incentives line up, outcomes improve. When they don’t, frustration builds. Some folks disagree, and that’s fair. Sometimes fast change creates energy and momentum. But without consistency and follow through, things drift back to the same patterns. Most debates focus on personalities instead of systems, which kind of misses the bigger picture. If we defined success clearly and measured it honestly, we’d argue less and fix more. No drama, just fundamentals.",1
ai_0267,"Short answer: in politics, clarity would solve half the confusion. A lot of the noise online makes it seem more complicated than it is. When incentives line up, outcomes improve. When they don’t, frustration builds. I get the counterargument. Sometimes fast change creates energy and momentum. But without consistency and follow through, things drift back to the same patterns. Most debates focus on personalities instead of systems, which kind of misses the bigger picture. If we defined success clearly and measured it honestly, we’d argue less and fix more. That’s kind of the point.",1
ai_0268,"Real talk, in tech, structure beats intention every time. A lot of the noise online makes it seem more complicated than it is. When incentives line up, outcomes improve. When they don’t, frustration builds. Sure, there’s another side. Sometimes fast change creates energy and momentum. But without consistency and follow through, things drift back to the same patterns. Most debates focus on personalities instead of systems, which kind of misses the bigger picture. If we defined success clearly and measured it honestly, we’d argue less and fix more. Still, the basics matter.",1
ai_0269,"Real talk, in health, people follow what’s rewarded, not what’s recommended. A lot of the noise online makes it seem more complicated than it is. When incentives line up, outcomes improve. When they don’t, frustration builds. Not everyone sees it this way. Sometimes fast change creates energy and momentum. But without consistency and follow through, things drift back to the same patterns. Most debates focus on personalities instead of systems, which kind of misses the bigger picture. If we defined success clearly and measured it honestly, we’d argue less and fix more. No drama, just fundamentals.",1
ai_0270,"Quick take: in sports, structure beats intention every time. A lot of the noise online makes it seem more complicated than it is. When incentives line up, outcomes improve. When they don’t, frustration builds. There’s a reasonable pushback. Sometimes fast change creates energy and momentum. But without consistency and follow through, things drift back to the same patterns. Most debates focus on personalities instead of systems, which kind of misses the bigger picture. If we defined success clearly and measured it honestly, we’d argue less and fix more. That’s kind of the point.",1
ai_0271,"Real talk, in economy, structure beats intention every time. A lot of the noise online makes it seem more complicated than it is. When incentives line up, outcomes improve. When they don’t, frustration builds. There’s a reasonable pushback. Sometimes fast change creates energy and momentum. But without consistency and follow through, things drift back to the same patterns. Most debates focus on personalities instead of systems, which kind of misses the bigger picture. If we defined success clearly and measured it honestly, we’d argue less and fix more. Still, the basics matter.",1
ai_0272,"Quick take: in climate, clarity would solve half the confusion. A lot of the noise online makes it seem more complicated than it is. When incentives line up, outcomes improve. When they don’t, frustration builds. I get the counterargument. Sometimes fast change creates energy and momentum. But without consistency and follow through, things drift back to the same patterns. Most debates focus on personalities instead of systems, which kind of misses the bigger picture. If we defined success clearly and measured it honestly, we’d argue less and fix more. Simple doesn’t mean easy.",1
ai_0273,"Honestly, in campus life, most problems are coordination failures. A lot of the noise online makes it seem more complicated than it is. When incentives line up, outcomes improve. When they don’t, frustration builds. There’s a reasonable pushback. Sometimes fast change creates energy and momentum. But without consistency and follow through, things drift back to the same patterns. Most debates focus on personalities instead of systems, which kind of misses the bigger picture. If we defined success clearly and measured it honestly, we’d argue less and fix more. Simple doesn’t mean easy.",1
ai_0274,"Real talk, in politics, slow progress is still progress. A lot of the noise online makes it seem more complicated than it is. When incentives line up, outcomes improve. When they don’t, frustration builds. I get the counterargument. Sometimes fast change creates energy and momentum. But without consistency and follow through, things drift back to the same patterns. Most debates focus on personalities instead of systems, which kind of misses the bigger picture. If we defined success clearly and measured it honestly, we’d argue less and fix more. No drama, just fundamentals.",1
ai_0275,"Real talk, in tech, clarity would solve half the confusion. A lot of the noise online makes it seem more complicated than it is. When incentives line up, outcomes improve. When they don’t, frustration builds. Some folks disagree, and that’s fair. Sometimes fast change creates energy and momentum. But without consistency and follow through, things drift back to the same patterns. Most debates focus on personalities instead of systems, which kind of misses the bigger picture. If we defined success clearly and measured it honestly, we’d argue less and fix more. No drama, just fundamentals.",1
ai_0276,"Honestly, in health, incentives drive behavior more than speeches. A lot of the noise online makes it seem more complicated than it is. When incentives line up, outcomes improve. When they don’t, frustration builds. Not everyone sees it this way. Sometimes fast change creates energy and momentum. But without consistency and follow through, things drift back to the same patterns. Most debates focus on personalities instead of systems, which kind of misses the bigger picture. If we defined success clearly and measured it honestly, we’d argue less and fix more. Still, the basics matter.",1
ai_0277,"Honestly, in sports, most problems are coordination failures. A lot of the noise online makes it seem more complicated than it is. When incentives line up, outcomes improve. When they don’t, frustration builds. I get the counterargument. Sometimes fast change creates energy and momentum. But without consistency and follow through, things drift back to the same patterns. Most debates focus on personalities instead of systems, which kind of misses the bigger picture. If we defined success clearly and measured it honestly, we’d argue less and fix more. No drama, just fundamentals.",1
ai_0278,"Quick take: in economy, structure beats intention every time. A lot of the noise online makes it seem more complicated than it is. When incentives line up, outcomes improve. When they don’t, frustration builds. Sure, there’s another side. Sometimes fast change creates energy and momentum. But without consistency and follow through, things drift back to the same patterns. Most debates focus on personalities instead of systems, which kind of misses the bigger picture. If we defined success clearly and measured it honestly, we’d argue less and fix more. Still, the basics matter.",1
ai_0279,"Honestly, in climate, people follow what’s rewarded, not what’s recommended. A lot of the noise online makes it seem more complicated than it is. When incentives line up, outcomes improve. When they don’t, frustration builds. Some folks disagree, and that’s fair. Sometimes fast change creates energy and momentum. But without consistency and follow through, things drift back to the same patterns. Most debates focus on personalities instead of systems, which kind of misses the bigger picture. If we defined success clearly and measured it honestly, we’d argue less and fix more. Simple doesn’t mean easy.",1
ai_0280,"Honestly, in campus life, execution matters more than hype. A lot of the noise online makes it seem more complicated than it is. When incentives line up, outcomes improve. When they don’t, frustration builds. Sure, there’s another side. Sometimes fast change creates energy and momentum. But without consistency and follow through, things drift back to the same patterns. Most debates focus on personalities instead of systems, which kind of misses the bigger picture. If we defined success clearly and measured it honestly, we’d argue less and fix more. Still, the basics matter.",1
ai_0281,"Real talk, in politics, incentives drive behavior more than speeches. A lot of the noise online makes it seem more complicated than it is. When incentives line up, outcomes improve. When they don’t, frustration builds. Some folks disagree, and that’s fair. Sometimes fast change creates energy and momentum. But without consistency and follow through, things drift back to the same patterns. Most debates focus on personalities instead of systems, which kind of misses the bigger picture. If we defined success clearly and measured it honestly, we’d argue less and fix more. No drama, just fundamentals.",1
ai_0282,"Real talk, in tech, most problems are coordination failures. A lot of the noise online makes it seem more complicated than it is. When incentives line up, outcomes improve. When they don’t, frustration builds. I get the counterargument. Sometimes fast change creates energy and momentum. But without consistency and follow through, things drift back to the same patterns. Most debates focus on personalities instead of systems, which kind of misses the bigger picture. If we defined success clearly and measured it honestly, we’d argue less and fix more. That’s kind of the point.",1
ai_0283,"Real talk, in health, clarity would solve half the confusion. A lot of the noise online makes it seem more complicated than it is. When incentives line up, outcomes improve. When they don’t, frustration builds. Not everyone sees it this way. Sometimes fast change creates energy and momentum. But without consistency and follow through, things drift back to the same patterns. Most debates focus on personalities instead of systems, which kind of misses the bigger picture. If we defined success clearly and measured it honestly, we’d argue less and fix more. It’s not flashy, but it’s real.",1
ai_0284,"Quick take: in sports, slow progress is still progress. A lot of the noise online makes it seem more complicated than it is. When incentives line up, outcomes improve. When they don’t, frustration builds. There’s a reasonable pushback. Sometimes fast change creates energy and momentum. But without consistency and follow through, things drift back to the same patterns. Most debates focus on personalities instead of systems, which kind of misses the bigger picture. If we defined success clearly and measured it honestly, we’d argue less and fix more. No drama, just fundamentals.",1
ai_0285,"Honestly, in economy, slow progress is still progress. A lot of the noise online makes it seem more complicated than it is. When incentives line up, outcomes improve. When they don’t, frustration builds. Not everyone sees it this way. Sometimes fast change creates energy and momentum. But without consistency and follow through, things drift back to the same patterns. Most debates focus on personalities instead of systems, which kind of misses the bigger picture. If we defined success clearly and measured it honestly, we’d argue less and fix more. Still, the basics matter.",1
ai_0286,"Quick take: in climate, people follow what’s rewarded, not what’s recommended. A lot of the noise online makes it seem more complicated than it is. When incentives line up, outcomes improve. When they don’t, frustration builds. Some folks disagree, and that’s fair. Sometimes fast change creates energy and momentum. But without consistency and follow through, things drift back to the same patterns. Most debates focus on personalities instead of systems, which kind of misses the bigger picture. If we defined success clearly and measured it honestly, we’d argue less and fix more. Still, the basics matter.",1
ai_0287,"Short answer: in campus life, execution matters more than hype. A lot of the noise online makes it seem more complicated than it is. When incentives line up, outcomes improve. When they don’t, frustration builds. Some folks disagree, and that’s fair. Sometimes fast change creates energy and momentum. But without consistency and follow through, things drift back to the same patterns. Most debates focus on personalities instead of systems, which kind of misses the bigger picture. If we defined success clearly and measured it honestly, we’d argue less and fix more. No drama, just fundamentals.",1
ai_0288,"Honestly, in politics, execution matters more than hype. A lot of the noise online makes it seem more complicated than it is. When incentives line up, outcomes improve. When they don’t, frustration builds. Some folks disagree, and that’s fair. Sometimes fast change creates energy and momentum. But without consistency and follow through, things drift back to the same patterns. Most debates focus on personalities instead of systems, which kind of misses the bigger picture. If we defined success clearly and measured it honestly, we’d argue less and fix more. Still, the basics matter.",1
ai_0289,"Hot take: in tech, structure beats intention every time. A lot of the noise online makes it seem more complicated than it is. When incentives line up, outcomes improve. When they don’t, frustration builds. Not everyone sees it this way. Sometimes fast change creates energy and momentum. But without consistency and follow through, things drift back to the same patterns. Most debates focus on personalities instead of systems, which kind of misses the bigger picture. If we defined success clearly and measured it honestly, we’d argue less and fix more. That’s kind of the point.",1
ai_0290,"Short answer: in health, slow progress is still progress. A lot of the noise online makes it seem more complicated than it is. When incentives line up, outcomes improve. When they don’t, frustration builds. Sure, there’s another side. Sometimes fast change creates energy and momentum. But without consistency and follow through, things drift back to the same patterns. Most debates focus on personalities instead of systems, which kind of misses the bigger picture. If we defined success clearly and measured it honestly, we’d argue less and fix more. Simple doesn’t mean easy.",1
ai_0291,"Hot take: in sports, slow progress is still progress. A lot of the noise online makes it seem more complicated than it is. When incentives line up, outcomes improve. When they don’t, frustration builds. Some folks disagree, and that’s fair. Sometimes fast change creates energy and momentum. But without consistency and follow through, things drift back to the same patterns. Most debates focus on personalities instead of systems, which kind of misses the bigger picture. If we defined success clearly and measured it honestly, we’d argue less and fix more. No drama, just fundamentals.",1
ai_0292,"Short answer: in economy, structure beats intention every time. A lot of the noise online makes it seem more complicated than it is. When incentives line up, outcomes improve. When they don’t, frustration builds. Some folks disagree, and that’s fair. Sometimes fast change creates energy and momentum. But without consistency and follow through, things drift back to the same patterns. Most debates focus on personalities instead of systems, which kind of misses the bigger picture. If we defined success clearly and measured it honestly, we’d argue less and fix more. It’s not flashy, but it’s real.",1
ai_0293,"Honestly, in climate, most problems are coordination failures. A lot of the noise online makes it seem more complicated than it is. When incentives line up, outcomes improve. When they don’t, frustration builds. Sure, there’s another side. Sometimes fast change creates energy and momentum. But without consistency and follow through, things drift back to the same patterns. Most debates focus on personalities instead of systems, which kind of misses the bigger picture. If we defined success clearly and measured it honestly, we’d argue less and fix more. No drama, just fundamentals.",1
ai_0294,"Short answer: in campus life, incentives drive behavior more than speeches. A lot of the noise online makes it seem more complicated than it is. When incentives line up, outcomes improve. When they don’t, frustration builds. Sure, there’s another side. Sometimes fast change creates energy and momentum. But without consistency and follow through, things drift back to the same patterns. Most debates focus on personalities instead of systems, which kind of misses the bigger picture. If we defined success clearly and measured it honestly, we’d argue less and fix more. Simple doesn’t mean easy.",1
ai_0295,"Short answer: in politics, people follow what’s rewarded, not what’s recommended. A lot of the noise online makes it seem more complicated than it is. When incentives line up, outcomes improve. When they don’t, frustration builds. Sure, there’s another side. Sometimes fast change creates energy and momentum. But without consistency and follow through, things drift back to the same patterns. Most debates focus on personalities instead of systems, which kind of misses the bigger picture. If we defined success clearly and measured it honestly, we’d argue less and fix more. It’s not flashy, but it’s real.",1
ai_0296,"Quick take: in tech, execution matters more than hype. A lot of the noise online makes it seem more complicated than it is. When incentives line up, outcomes improve. When they don’t, frustration builds. Not everyone sees it this way. Sometimes fast change creates energy and momentum. But without consistency and follow through, things drift back to the same patterns. Most debates focus on personalities instead of systems, which kind of misses the bigger picture. If we defined success clearly and measured it honestly, we’d argue less and fix more. Simple doesn’t mean easy.",1
ai_0297,"Short answer: in health, incentives drive behavior more than speeches. A lot of the noise online makes it seem more complicated than it is. When incentives line up, outcomes improve. When they don’t, frustration builds. I get the counterargument. Sometimes fast change creates energy and momentum. But without consistency and follow through, things drift back to the same patterns. Most debates focus on personalities instead of systems, which kind of misses the bigger picture. If we defined success clearly and measured it honestly, we’d argue less and fix more. That’s kind of the point.",1
ai_0298,"Real talk, in sports, structure beats intention every time. A lot of the noise online makes it seem more complicated than it is. When incentives line up, outcomes improve. When they don’t, frustration builds. Some folks disagree, and that’s fair. Sometimes fast change creates energy and momentum. But without consistency and follow through, things drift back to the same patterns. Most debates focus on personalities instead of systems, which kind of misses the bigger picture. If we defined success clearly and measured it honestly, we’d argue less and fix more. Simple doesn’t mean easy.",1
ai_0299,"Quick take: in economy, people follow what’s rewarded, not what’s recommended. A lot of the noise online makes it seem more complicated than it is. When incentives line up, outcomes improve. When they don’t, frustration builds. Sure, there’s another side. Sometimes fast change creates energy and momentum. But without consistency and follow through, things drift back to the same patterns. Most debates focus on personalities instead of systems, which kind of misses the bigger picture. If we defined success clearly and measured it honestly, we’d argue less and fix more. That’s kind of the point.",1
ai_0300,"Short answer: in climate, structure beats intention every time. A lot of the noise online makes it seem more complicated than it is. When incentives line up, outcomes improve. When they don’t, frustration builds. Some folks disagree, and that’s fair. Sometimes fast change creates energy and momentum. But without consistency and follow through, things drift back to the same patterns. Most debates focus on personalities instead of systems, which kind of misses the bigger picture. If we defined success clearly and measured it honestly, we’d argue less and fix more. Simple doesn’t mean easy.",1
ai_0301,"Hot take: in campus life, structure beats intention every time. A lot of the noise online makes it seem more complicated than it is. When incentives line up, outcomes improve. When they don’t, frustration builds. Sure, there’s another side. Sometimes fast change creates energy and momentum. But without consistency and follow through, things drift back to the same patterns. Most debates focus on personalities instead of systems, which kind of misses the bigger picture. If we defined success clearly and measured it honestly, we’d argue less and fix more. It’s not flashy, but it’s real.",1
ai_0302,"Real talk, in politics, structure beats intention every time. A lot of the noise online makes it seem more complicated than it is. When incentives line up, outcomes improve. When they don’t, frustration builds. Some folks disagree, and that’s fair. Sometimes fast change creates energy and momentum. But without consistency and follow through, things drift back to the same patterns. Most debates focus on personalities instead of systems, which kind of misses the bigger picture. If we defined success clearly and measured it honestly, we’d argue less and fix more. It’s not flashy, but it’s real.",1
ai_0303,"Short answer: in tech, execution matters more than hype. A lot of the noise online makes it seem more complicated than it is. When incentives line up, outcomes improve. When they don’t, frustration builds. I get the counterargument. Sometimes fast change creates energy and momentum. But without consistency and follow through, things drift back to the same patterns. Most debates focus on personalities instead of systems, which kind of misses the bigger picture. If we defined success clearly and measured it honestly, we’d argue less and fix more. No drama, just fundamentals.",1
ai_0304,"Quick take: in health, execution matters more than hype. A lot of the noise online makes it seem more complicated than it is. When incentives line up, outcomes improve. When they don’t, frustration builds. Sure, there’s another side. Sometimes fast change creates energy and momentum. But without consistency and follow through, things drift back to the same patterns. Most debates focus on personalities instead of systems, which kind of misses the bigger picture. If we defined success clearly and measured it honestly, we’d argue less and fix more. Still, the basics matter.",1
ai_0305,"Real talk, in sports, execution matters more than hype. A lot of the noise online makes it seem more complicated than it is. When incentives line up, outcomes improve. When they don’t, frustration builds. Not everyone sees it this way. Sometimes fast change creates energy and momentum. But without consistency and follow through, things drift back to the same patterns. Most debates focus on personalities instead of systems, which kind of misses the bigger picture. If we defined success clearly and measured it honestly, we’d argue less and fix more. That’s kind of the point.",1
ai_0306,"Real talk, in economy, incentives drive behavior more than speeches. A lot of the noise online makes it seem more complicated than it is. When incentives line up, outcomes improve. When they don’t, frustration builds. Not everyone sees it this way. Sometimes fast change creates energy and momentum. But without consistency and follow through, things drift back to the same patterns. Most debates focus on personalities instead of systems, which kind of misses the bigger picture. If we defined success clearly and measured it honestly, we’d argue less and fix more. No drama, just fundamentals.",1
ai_0307,"Hot take: in climate, most problems are coordination failures. A lot of the noise online makes it seem more complicated than it is. When incentives line up, outcomes improve. When they don’t, frustration builds. Not everyone sees it this way. Sometimes fast change creates energy and momentum. But without consistency and follow through, things drift back to the same patterns. Most debates focus on personalities instead of systems, which kind of misses the bigger picture. If we defined success clearly and measured it honestly, we’d argue less and fix more. It’s not flashy, but it’s real.",1
ai_0308,"Honestly, in campus life, structure beats intention every time. A lot of the noise online makes it seem more complicated than it is. When incentives line up, outcomes improve. When they don’t, frustration builds. Not everyone sees it this way. Sometimes fast change creates energy and momentum. But without consistency and follow through, things drift back to the same patterns. Most debates focus on personalities instead of systems, which kind of misses the bigger picture. If we defined success clearly and measured it honestly, we’d argue less and fix more. That’s kind of the point.",1
ai_0309,"Real talk, in politics, incentives drive behavior more than speeches. A lot of the noise online makes it seem more complicated than it is. When incentives line up, outcomes improve. When they don’t, frustration builds. Some folks disagree, and that’s fair. Sometimes fast change creates energy and momentum. But without consistency and follow through, things drift back to the same patterns. Most debates focus on personalities instead of systems, which kind of misses the bigger picture. If we defined success clearly and measured it honestly, we’d argue less and fix more. Still, the basics matter.",1
ai_0310,"Short answer: in tech, clarity would solve half the confusion. A lot of the noise online makes it seem more complicated than it is. When incentives line up, outcomes improve. When they don’t, frustration builds. Not everyone sees it this way. Sometimes fast change creates energy and momentum. But without consistency and follow through, things drift back to the same patterns. Most debates focus on personalities instead of systems, which kind of misses the bigger picture. If we defined success clearly and measured it honestly, we’d argue less and fix more. It’s not flashy, but it’s real.",1
ai_0311,"Quick take: in health, execution matters more than hype. A lot of the noise online makes it seem more complicated than it is. When incentives line up, outcomes improve. When they don’t, frustration builds. I get the counterargument. Sometimes fast change creates energy and momentum. But without consistency and follow through, things drift back to the same patterns. Most debates focus on personalities instead of systems, which kind of misses the bigger picture. If we defined success clearly and measured it honestly, we’d argue less and fix more. It’s not flashy, but it’s real.",1
ai_0312,"Quick take: in sports, people follow what’s rewarded, not what’s recommended. A lot of the noise online makes it seem more complicated than it is. When incentives line up, outcomes improve. When they don’t, frustration builds. Not everyone sees it this way. Sometimes fast change creates energy and momentum. But without consistency and follow through, things drift back to the same patterns. Most debates focus on personalities instead of systems, which kind of misses the bigger picture. If we defined success clearly and measured it honestly, we’d argue less and fix more. Still, the basics matter.",1
ai_0313,"Quick take: in economy, execution matters more than hype. A lot of the noise online makes it seem more complicated than it is. When incentives line up, outcomes improve. When they don’t, frustration builds. Some folks disagree, and that’s fair. Sometimes fast change creates energy and momentum. But without consistency and follow through, things drift back to the same patterns. Most debates focus on personalities instead of systems, which kind of misses the bigger picture. If we defined success clearly and measured it honestly, we’d argue less and fix more. Still, the basics matter.",1
ai_0314,"Short answer: in climate, most problems are coordination failures. A lot of the noise online makes it seem more complicated than it is. When incentives line up, outcomes improve. When they don’t, frustration builds. Not everyone sees it this way. Sometimes fast change creates energy and momentum. But without consistency and follow through, things drift back to the same patterns. Most debates focus on personalities instead of systems, which kind of misses the bigger picture. If we defined success clearly and measured it honestly, we’d argue less and fix more. It’s not flashy, but it’s real.",1
ai_0315,"Hot take: in campus life, execution matters more than hype. A lot of the noise online makes it seem more complicated than it is. When incentives line up, outcomes improve. When they don’t, frustration builds. Sure, there’s another side. Sometimes fast change creates energy and momentum. But without consistency and follow through, things drift back to the same patterns. Most debates focus on personalities instead of systems, which kind of misses the bigger picture. If we defined success clearly and measured it honestly, we’d argue less and fix more. It’s not flashy, but it’s real.",1
ai_0316,"Quick take: in politics, execution matters more than hype. A lot of the noise online makes it seem more complicated than it is. When incentives line up, outcomes improve. When they don’t, frustration builds. There’s a reasonable pushback. Sometimes fast change creates energy and momentum. But without consistency and follow through, things drift back to the same patterns. Most debates focus on personalities instead of systems, which kind of misses the bigger picture. If we defined success clearly and measured it honestly, we’d argue less and fix more. No drama, just fundamentals.",1
ai_0317,"Honestly, in tech, most problems are coordination failures. A lot of the noise online makes it seem more complicated than it is. When incentives line up, outcomes improve. When they don’t, frustration builds. Sure, there’s another side. Sometimes fast change creates energy and momentum. But without consistency and follow through, things drift back to the same patterns. Most debates focus on personalities instead of systems, which kind of misses the bigger picture. If we defined success clearly and measured it honestly, we’d argue less and fix more. Simple doesn’t mean easy.",1
ai_0318,"Quick take: in health, slow progress is still progress. A lot of the noise online makes it seem more complicated than it is. When incentives line up, outcomes improve. When they don’t, frustration builds. There’s a reasonable pushback. Sometimes fast change creates energy and momentum. But without consistency and follow through, things drift back to the same patterns. Most debates focus on personalities instead of systems, which kind of misses the bigger picture. If we defined success clearly and measured it honestly, we’d argue less and fix more. That’s kind of the point.",1
ai_0319,"Real talk, in sports, clarity would solve half the confusion. A lot of the noise online makes it seem more complicated than it is. When incentives line up, outcomes improve. When they don’t, frustration builds. Not everyone sees it this way. Sometimes fast change creates energy and momentum. But without consistency and follow through, things drift back to the same patterns. Most debates focus on personalities instead of systems, which kind of misses the bigger picture. If we defined success clearly and measured it honestly, we’d argue less and fix more. That’s kind of the point.",1
ai_0320,"Hot take: in economy, most problems are coordination failures. A lot of the noise online makes it seem more complicated than it is. When incentives line up, outcomes improve. When they don’t, frustration builds. There’s a reasonable pushback. Sometimes fast change creates energy and momentum. But without consistency and follow through, things drift back to the same patterns. Most debates focus on personalities instead of systems, which kind of misses the bigger picture. If we defined success clearly and measured it honestly, we’d argue less and fix more. Still, the basics matter.",1
ai_0321,"Hot take: in climate, incentives drive behavior more than speeches. A lot of the noise online makes it seem more complicated than it is. When incentives line up, outcomes improve. When they don’t, frustration builds. Some folks disagree, and that’s fair. Sometimes fast change creates energy and momentum. But without consistency and follow through, things drift back to the same patterns. Most debates focus on personalities instead of systems, which kind of misses the bigger picture. If we defined success clearly and measured it honestly, we’d argue less and fix more. Simple doesn’t mean easy.",1
ai_0322,"Hot take: in campus life, people follow what’s rewarded, not what’s recommended. A lot of the noise online makes it seem more complicated than it is. When incentives line up, outcomes improve. When they don’t, frustration builds. I get the counterargument. Sometimes fast change creates energy and momentum. But without consistency and follow through, things drift back to the same patterns. Most debates focus on personalities instead of systems, which kind of misses the bigger picture. If we defined success clearly and measured it honestly, we’d argue less and fix more. That’s kind of the point.",1
ai_0323,"Honestly, in politics, structure beats intention every time. A lot of the noise online makes it seem more complicated than it is. When incentives line up, outcomes improve. When they don’t, frustration builds. Some folks disagree, and that’s fair. Sometimes fast change creates energy and momentum. But without consistency and follow through, things drift back to the same patterns. Most debates focus on personalities instead of systems, which kind of misses the bigger picture. If we defined success clearly and measured it honestly, we’d argue less and fix more. Still, the basics matter.",1
ai_0324,"Short answer: in tech, people follow what’s rewarded, not what’s recommended. A lot of the noise online makes it seem more complicated than it is. When incentives line up, outcomes improve. When they don’t, frustration builds. I get the counterargument. Sometimes fast change creates energy and momentum. But without consistency and follow through, things drift back to the same patterns. Most debates focus on personalities instead of systems, which kind of misses the bigger picture. If we defined success clearly and measured it honestly, we’d argue less and fix more. It’s not flashy, but it’s real.",1
ai_0325,"Short answer: in health, structure beats intention every time. A lot of the noise online makes it seem more complicated than it is. When incentives line up, outcomes improve. When they don’t, frustration builds. Sure, there’s another side. Sometimes fast change creates energy and momentum. But without consistency and follow through, things drift back to the same patterns. Most debates focus on personalities instead of systems, which kind of misses the bigger picture. If we defined success clearly and measured it honestly, we’d argue less and fix more. No drama, just fundamentals.",1
ai_0326,"Hot take: in sports, slow progress is still progress. A lot of the noise online makes it seem more complicated than it is. When incentives line up, outcomes improve. When they don’t, frustration builds. I get the counterargument. Sometimes fast change creates energy and momentum. But without consistency and follow through, things drift back to the same patterns. Most debates focus on personalities instead of systems, which kind of misses the bigger picture. If we defined success clearly and measured it honestly, we’d argue less and fix more. Simple doesn’t mean easy.",1
ai_0327,"Short answer: in economy, incentives drive behavior more than speeches. A lot of the noise online makes it seem more complicated than it is. When incentives line up, outcomes improve. When they don’t, frustration builds. Not everyone sees it this way. Sometimes fast change creates energy and momentum. But without consistency and follow through, things drift back to the same patterns. Most debates focus on personalities instead of systems, which kind of misses the bigger picture. If we defined success clearly and measured it honestly, we’d argue less and fix more. No drama, just fundamentals.",1
ai_0328,"Hot take: in climate, structure beats intention every time. A lot of the noise online makes it seem more complicated than it is. When incentives line up, outcomes improve. When they don’t, frustration builds. Not everyone sees it this way. Sometimes fast change creates energy and momentum. But without consistency and follow through, things drift back to the same patterns. Most debates focus on personalities instead of systems, which kind of misses the bigger picture. If we defined success clearly and measured it honestly, we’d argue less and fix more. That’s kind of the point.",1
ai_0329,"Hot take: in campus life, incentives drive behavior more than speeches. A lot of the noise online makes it seem more complicated than it is. When incentives line up, outcomes improve. When they don’t, frustration builds. Not everyone sees it this way. Sometimes fast change creates energy and momentum. But without consistency and follow through, things drift back to the same patterns. Most debates focus on personalities instead of systems, which kind of misses the bigger picture. If we defined success clearly and measured it honestly, we’d argue less and fix more. That’s kind of the point.",1
ai_0330,"Hot take: in politics, clarity would solve half the confusion. A lot of the noise online makes it seem more complicated than it is. When incentives line up, outcomes improve. When they don’t, frustration builds. Sure, there’s another side. Sometimes fast change creates energy and momentum. But without consistency and follow through, things drift back to the same patterns. Most debates focus on personalities instead of systems, which kind of misses the bigger picture. If we defined success clearly and measured it honestly, we’d argue less and fix more. It’s not flashy, but it’s real.",1
ai_0331,"Real talk, in tech, structure beats intention every time. A lot of the noise online makes it seem more complicated than it is. When incentives line up, outcomes improve. When they don’t, frustration builds. There’s a reasonable pushback. Sometimes fast change creates energy and momentum. But without consistency and follow through, things drift back to the same patterns. Most debates focus on personalities instead of systems, which kind of misses the bigger picture. If we defined success clearly and measured it honestly, we’d argue less and fix more. No drama, just fundamentals.",1
ai_0332,"Real talk, in health, incentives drive behavior more than speeches. A lot of the noise online makes it seem more complicated than it is. When incentives line up, outcomes improve. When they don’t, frustration builds. I get the counterargument. Sometimes fast change creates energy and momentum. But without consistency and follow through, things drift back to the same patterns. Most debates focus on personalities instead of systems, which kind of misses the bigger picture. If we defined success clearly and measured it honestly, we’d argue less and fix more. Still, the basics matter.",1
ai_0333,"Real talk, in sports, most problems are coordination failures. A lot of the noise online makes it seem more complicated than it is. When incentives line up, outcomes improve. When they don’t, frustration builds. There’s a reasonable pushback. Sometimes fast change creates energy and momentum. But without consistency and follow through, things drift back to the same patterns. Most debates focus on personalities instead of systems, which kind of misses the bigger picture. If we defined success clearly and measured it honestly, we’d argue less and fix more. It’s not flashy, but it’s real.",1
ai_0334,"Real talk, in economy, clarity would solve half the confusion. A lot of the noise online makes it seem more complicated than it is. When incentives line up, outcomes improve. When they don’t, frustration builds. Not everyone sees it this way. Sometimes fast change creates energy and momentum. But without consistency and follow through, things drift back to the same patterns. Most debates focus on personalities instead of systems, which kind of misses the bigger picture. If we defined success clearly and measured it honestly, we’d argue less and fix more. Still, the basics matter.",1
ai_0335,"Short answer: in climate, execution matters more than hype. A lot of the noise online makes it seem more complicated than it is. When incentives line up, outcomes improve. When they don’t, frustration builds. I get the counterargument. Sometimes fast change creates energy and momentum. But without consistency and follow through, things drift back to the same patterns. Most debates focus on personalities instead of systems, which kind of misses the bigger picture. If we defined success clearly and measured it honestly, we’d argue less and fix more. No drama, just fundamentals.",1
ai_0336,"Hot take: in campus life, most problems are coordination failures. A lot of the noise online makes it seem more complicated than it is. When incentives line up, outcomes improve. When they don’t, frustration builds. I get the counterargument. Sometimes fast change creates energy and momentum. But without consistency and follow through, things drift back to the same patterns. Most debates focus on personalities instead of systems, which kind of misses the bigger picture. If we defined success clearly and measured it honestly, we’d argue less and fix more. That’s kind of the point.",1
ai_0337,"Honestly, in politics, most problems are coordination failures. A lot of the noise online makes it seem more complicated than it is. When incentives line up, outcomes improve. When they don’t, frustration builds. I get the counterargument. Sometimes fast change creates energy and momentum. But without consistency and follow through, things drift back to the same patterns. Most debates focus on personalities instead of systems, which kind of misses the bigger picture. If we defined success clearly and measured it honestly, we’d argue less and fix more. It’s not flashy, but it’s real.",1
ai_0338,"Quick take: in tech, incentives drive behavior more than speeches. A lot of the noise online makes it seem more complicated than it is. When incentives line up, outcomes improve. When they don’t, frustration builds. Not everyone sees it this way. Sometimes fast change creates energy and momentum. But without consistency and follow through, things drift back to the same patterns. Most debates focus on personalities instead of systems, which kind of misses the bigger picture. If we defined success clearly and measured it honestly, we’d argue less and fix more. No drama, just fundamentals.",1
ai_0339,"Real talk, in health, slow progress is still progress. A lot of the noise online makes it seem more complicated than it is. When incentives line up, outcomes improve. When they don’t, frustration builds. There’s a reasonable pushback. Sometimes fast change creates energy and momentum. But without consistency and follow through, things drift back to the same patterns. Most debates focus on personalities instead of systems, which kind of misses the bigger picture. If we defined success clearly and measured it honestly, we’d argue less and fix more. No drama, just fundamentals.",1
ai_0340,"Short answer: in sports, clarity would solve half the confusion. A lot of the noise online makes it seem more complicated than it is. When incentives line up, outcomes improve. When they don’t, frustration builds. Not everyone sees it this way. Sometimes fast change creates energy and momentum. But without consistency and follow through, things drift back to the same patterns. Most debates focus on personalities instead of systems, which kind of misses the bigger picture. If we defined success clearly and measured it honestly, we’d argue less and fix more. It’s not flashy, but it’s real.",1
ai_0341,"Honestly, in economy, clarity would solve half the confusion. A lot of the noise online makes it seem more complicated than it is. When incentives line up, outcomes improve. When they don’t, frustration builds. Not everyone sees it this way. Sometimes fast change creates energy and momentum. But without consistency and follow through, things drift back to the same patterns. Most debates focus on personalities instead of systems, which kind of misses the bigger picture. If we defined success clearly and measured it honestly, we’d argue less and fix more. It’s not flashy, but it’s real.",1
ai_0342,"Quick take: in climate, incentives drive behavior more than speeches. A lot of the noise online makes it seem more complicated than it is. When incentives line up, outcomes improve. When they don’t, frustration builds. There’s a reasonable pushback. Sometimes fast change creates energy and momentum. But without consistency and follow through, things drift back to the same patterns. Most debates focus on personalities instead of systems, which kind of misses the bigger picture. If we defined success clearly and measured it honestly, we’d argue less and fix more. No drama, just fundamentals.",1
ai_0343,"Short answer: in campus life, execution matters more than hype. A lot of the noise online makes it seem more complicated than it is. When incentives line up, outcomes improve. When they don’t, frustration builds. Sure, there’s another side. Sometimes fast change creates energy and momentum. But without consistency and follow through, things drift back to the same patterns. Most debates focus on personalities instead of systems, which kind of misses the bigger picture. If we defined success clearly and measured it honestly, we’d argue less and fix more. That’s kind of the point.",1
ai_0344,"Honestly, in politics, structure beats intention every time. A lot of the noise online makes it seem more complicated than it is. When incentives line up, outcomes improve. When they don’t, frustration builds. Sure, there’s another side. Sometimes fast change creates energy and momentum. But without consistency and follow through, things drift back to the same patterns. Most debates focus on personalities instead of systems, which kind of misses the bigger picture. If we defined success clearly and measured it honestly, we’d argue less and fix more. It’s not flashy, but it’s real.",1
ai_0345,"Honestly, in tech, people follow what’s rewarded, not what’s recommended. A lot of the noise online makes it seem more complicated than it is. When incentives line up, outcomes improve. When they don’t, frustration builds. Sure, there’s another side. Sometimes fast change creates energy and momentum. But without consistency and follow through, things drift back to the same patterns. Most debates focus on personalities instead of systems, which kind of misses the bigger picture. If we defined success clearly and measured it honestly, we’d argue less and fix more. Still, the basics matter.",1
ai_0346,"Short answer: in health, most problems are coordination failures. A lot of the noise online makes it seem more complicated than it is. When incentives line up, outcomes improve. When they don’t, frustration builds. I get the counterargument. Sometimes fast change creates energy and momentum. But without consistency and follow through, things drift back to the same patterns. Most debates focus on personalities instead of systems, which kind of misses the bigger picture. If we defined success clearly and measured it honestly, we’d argue less and fix more. Simple doesn’t mean easy.",1
ai_0347,"Real talk, in sports, execution matters more than hype. A lot of the noise online makes it seem more complicated than it is. When incentives line up, outcomes improve. When they don’t, frustration builds. Some folks disagree, and that’s fair. Sometimes fast change creates energy and momentum. But without consistency and follow through, things drift back to the same patterns. Most debates focus on personalities instead of systems, which kind of misses the bigger picture. If we defined success clearly and measured it honestly, we’d argue less and fix more. That’s kind of the point.",1
ai_0348,"Real talk, in economy, clarity would solve half the confusion. A lot of the noise online makes it seem more complicated than it is. When incentives line up, outcomes improve. When they don’t, frustration builds. I get the counterargument. Sometimes fast change creates energy and momentum. But without consistency and follow through, things drift back to the same patterns. Most debates focus on personalities instead of systems, which kind of misses the bigger picture. If we defined success clearly and measured it honestly, we’d argue less and fix more. That’s kind of the point.",1
ai_0349,"Honestly, in climate, slow progress is still progress. A lot of the noise online makes it seem more complicated than it is. When incentives line up, outcomes improve. When they don’t, frustration builds. Not everyone sees it this way. Sometimes fast change creates energy and momentum. But without consistency and follow through, things drift back to the same patterns. Most debates focus on personalities instead of systems, which kind of misses the bigger picture. If we defined success clearly and measured it honestly, we’d argue less and fix more. That’s kind of the point.",1
ai_0350,"Real talk, in campus life, people follow what’s rewarded, not what’s recommended. A lot of the noise online makes it seem more complicated than it is. When incentives line up, outcomes improve. When they don’t, frustration builds. Sure, there’s another side. Sometimes fast change creates energy and momentum. But without consistency and follow through, things drift back to the same patterns. Most debates focus on personalities instead of systems, which kind of misses the bigger picture. If we defined success clearly and measured it honestly, we’d argue less and fix more. No drama, just fundamentals.",1
ai_0351,"Honestly, in politics, clarity would solve half the confusion. A lot of the noise online makes it seem more complicated than it is. When incentives line up, outcomes improve. When they don’t, frustration builds. Some folks disagree, and that’s fair. Sometimes fast change creates energy and momentum. But without consistency and follow through, things drift back to the same patterns. Most debates focus on personalities instead of systems, which kind of misses the bigger picture. If we defined success clearly and measured it honestly, we’d argue less and fix more. Simple doesn’t mean easy.",1
ai_0352,"Quick take: in tech, people follow what’s rewarded, not what’s recommended. A lot of the noise online makes it seem more complicated than it is. When incentives line up, outcomes improve. When they don’t, frustration builds. There’s a reasonable pushback. Sometimes fast change creates energy and momentum. But without consistency and follow through, things drift back to the same patterns. Most debates focus on personalities instead of systems, which kind of misses the bigger picture. If we defined success clearly and measured it honestly, we’d argue less and fix more. Still, the basics matter.",1
ai_0353,"Real talk, in health, structure beats intention every time. A lot of the noise online makes it seem more complicated than it is. When incentives line up, outcomes improve. When they don’t, frustration builds. Some folks disagree, and that’s fair. Sometimes fast change creates energy and momentum. But without consistency and follow through, things drift back to the same patterns. Most debates focus on personalities instead of systems, which kind of misses the bigger picture. If we defined success clearly and measured it honestly, we’d argue less and fix more. It’s not flashy, but it’s real.",1
ai_0354,"Hot take: in sports, incentives drive behavior more than speeches. A lot of the noise online makes it seem more complicated than it is. When incentives line up, outcomes improve. When they don’t, frustration builds. Some folks disagree, and that’s fair. Sometimes fast change creates energy and momentum. But without consistency and follow through, things drift back to the same patterns. Most debates focus on personalities instead of systems, which kind of misses the bigger picture. If we defined success clearly and measured it honestly, we’d argue less and fix more. It’s not flashy, but it’s real.",1
ai_0355,"Short answer: in economy, incentives drive behavior more than speeches. A lot of the noise online makes it seem more complicated than it is. When incentives line up, outcomes improve. When they don’t, frustration builds. Not everyone sees it this way. Sometimes fast change creates energy and momentum. But without consistency and follow through, things drift back to the same patterns. Most debates focus on personalities instead of systems, which kind of misses the bigger picture. If we defined success clearly and measured it honestly, we’d argue less and fix more. It’s not flashy, but it’s real.",1
ai_0356,"Real talk, in climate, most problems are coordination failures. A lot of the noise online makes it seem more complicated than it is. When incentives line up, outcomes improve. When they don’t, frustration builds. I get the counterargument. Sometimes fast change creates energy and momentum. But without consistency and follow through, things drift back to the same patterns. Most debates focus on personalities instead of systems, which kind of misses the bigger picture. If we defined success clearly and measured it honestly, we’d argue less and fix more. Still, the basics matter.",1
ai_0357,"Honestly, in campus life, clarity would solve half the confusion. A lot of the noise online makes it seem more complicated than it is. When incentives line up, outcomes improve. When they don’t, frustration builds. Some folks disagree, and that’s fair. Sometimes fast change creates energy and momentum. But without consistency and follow through, things drift back to the same patterns. Most debates focus on personalities instead of systems, which kind of misses the bigger picture. If we defined success clearly and measured it honestly, we’d argue less and fix more. No drama, just fundamentals.",1
ai_0358,"Honestly, in politics, clarity would solve half the confusion. A lot of the noise online makes it seem more complicated than it is. When incentives line up, outcomes improve. When they don’t, frustration builds. Not everyone sees it this way. Sometimes fast change creates energy and momentum. But without consistency and follow through, things drift back to the same patterns. Most debates focus on personalities instead of systems, which kind of misses the bigger picture. If we defined success clearly and measured it honestly, we’d argue less and fix more. That’s kind of the point.",1
ai_0359,"Quick take: in tech, execution matters more than hype. A lot of the noise online makes it seem more complicated than it is. When incentives line up, outcomes improve. When they don’t, frustration builds. Not everyone sees it this way. Sometimes fast change creates energy and momentum. But without consistency and follow through, things drift back to the same patterns. Most debates focus on personalities instead of systems, which kind of misses the bigger picture. If we defined success clearly and measured it honestly, we’d argue less and fix more. It’s not flashy, but it’s real.",1
ai_0360,"Honestly, in health, people follow what’s rewarded, not what’s recommended. A lot of the noise online makes it seem more complicated than it is. When incentives line up, outcomes improve. When they don’t, frustration builds. Sure, there’s another side. Sometimes fast change creates energy and momentum. But without consistency and follow through, things drift back to the same patterns. Most debates focus on personalities instead of systems, which kind of misses the bigger picture. If we defined success clearly and measured it honestly, we’d argue less and fix more. Still, the basics matter.",1
ai_0361,"Short answer: in sports, people follow what’s rewarded, not what’s recommended. A lot of the noise online makes it seem more complicated than it is. When incentives line up, outcomes improve. When they don’t, frustration builds. I get the counterargument. Sometimes fast change creates energy and momentum. But without consistency and follow through, things drift back to the same patterns. Most debates focus on personalities instead of systems, which kind of misses the bigger picture. If we defined success clearly and measured it honestly, we’d argue less and fix more. Simple doesn’t mean easy.",1
ai_0362,"Hot take: in economy, structure beats intention every time. A lot of the noise online makes it seem more complicated than it is. When incentives line up, outcomes improve. When they don’t, frustration builds. I get the counterargument. Sometimes fast change creates energy and momentum. But without consistency and follow through, things drift back to the same patterns. Most debates focus on personalities instead of systems, which kind of misses the bigger picture. If we defined success clearly and measured it honestly, we’d argue less and fix more. No drama, just fundamentals.",1
ai_0363,"Short answer: in climate, clarity would solve half the confusion. A lot of the noise online makes it seem more complicated than it is. When incentives line up, outcomes improve. When they don’t, frustration builds. I get the counterargument. Sometimes fast change creates energy and momentum. But without consistency and follow through, things drift back to the same patterns. Most debates focus on personalities instead of systems, which kind of misses the bigger picture. If we defined success clearly and measured it honestly, we’d argue less and fix more. It’s not flashy, but it’s real.",1
ai_0364,"Hot take: in campus life, most problems are coordination failures. A lot of the noise online makes it seem more complicated than it is. When incentives line up, outcomes improve. When they don’t, frustration builds. There’s a reasonable pushback. Sometimes fast change creates energy and momentum. But without consistency and follow through, things drift back to the same patterns. Most debates focus on personalities instead of systems, which kind of misses the bigger picture. If we defined success clearly and measured it honestly, we’d argue less and fix more. It’s not flashy, but it’s real.",1
ai_0365,"Honestly, in politics, most problems are coordination failures. A lot of the noise online makes it seem more complicated than it is. When incentives line up, outcomes improve. When they don’t, frustration builds. I get the counterargument. Sometimes fast change creates energy and momentum. But without consistency and follow through, things drift back to the same patterns. Most debates focus on personalities instead of systems, which kind of misses the bigger picture. If we defined success clearly and measured it honestly, we’d argue less and fix more. It’s not flashy, but it’s real.",1
ai_0366,"Honestly, in tech, clarity would solve half the confusion. A lot of the noise online makes it seem more complicated than it is. When incentives line up, outcomes improve. When they don’t, frustration builds. Not everyone sees it this way. Sometimes fast change creates energy and momentum. But without consistency and follow through, things drift back to the same patterns. Most debates focus on personalities instead of systems, which kind of misses the bigger picture. If we defined success clearly and measured it honestly, we’d argue less and fix more. It’s not flashy, but it’s real.",1
ai_0367,"Honestly, in health, clarity would solve half the confusion. A lot of the noise online makes it seem more complicated than it is. When incentives line up, outcomes improve. When they don’t, frustration builds. Sure, there’s another side. Sometimes fast change creates energy and momentum. But without consistency and follow through, things drift back to the same patterns. Most debates focus on personalities instead of systems, which kind of misses the bigger picture. If we defined success clearly and measured it honestly, we’d argue less and fix more. That’s kind of the point.",1
ai_0368,"Short answer: in sports, structure beats intention every time. A lot of the noise online makes it seem more complicated than it is. When incentives line up, outcomes improve. When they don’t, frustration builds. Sure, there’s another side. Sometimes fast change creates energy and momentum. But without consistency and follow through, things drift back to the same patterns. Most debates focus on personalities instead of systems, which kind of misses the bigger picture. If we defined success clearly and measured it honestly, we’d argue less and fix more. Still, the basics matter.",1
ai_0369,"Real talk, in economy, incentives drive behavior more than speeches. A lot of the noise online makes it seem more complicated than it is. When incentives line up, outcomes improve. When they don’t, frustration builds. There’s a reasonable pushback. Sometimes fast change creates energy and momentum. But without consistency and follow through, things drift back to the same patterns. Most debates focus on personalities instead of systems, which kind of misses the bigger picture. If we defined success clearly and measured it honestly, we’d argue less and fix more. It’s not flashy, but it’s real.",1
ai_0370,"Quick take: in climate, incentives drive behavior more than speeches. A lot of the noise online makes it seem more complicated than it is. When incentives line up, outcomes improve. When they don’t, frustration builds. There’s a reasonable pushback. Sometimes fast change creates energy and momentum. But without consistency and follow through, things drift back to the same patterns. Most debates focus on personalities instead of systems, which kind of misses the bigger picture. If we defined success clearly and measured it honestly, we’d argue less and fix more. Still, the basics matter.",1
ai_0371,"Short answer: in campus life, slow progress is still progress. A lot of the noise online makes it seem more complicated than it is. When incentives line up, outcomes improve. When they don’t, frustration builds. Not everyone sees it this way. Sometimes fast change creates energy and momentum. But without consistency and follow through, things drift back to the same patterns. Most debates focus on personalities instead of systems, which kind of misses the bigger picture. If we defined success clearly and measured it honestly, we’d argue less and fix more. Simple doesn’t mean easy.",1
ai_0372,"Quick take: in politics, execution matters more than hype. A lot of the noise online makes it seem more complicated than it is. When incentives line up, outcomes improve. When they don’t, frustration builds. I get the counterargument. Sometimes fast change creates energy and momentum. But without consistency and follow through, things drift back to the same patterns. Most debates focus on personalities instead of systems, which kind of misses the bigger picture. If we defined success clearly and measured it honestly, we’d argue less and fix more. Still, the basics matter.",1
ai_0373,"Short answer: in tech, structure beats intention every time. A lot of the noise online makes it seem more complicated than it is. When incentives line up, outcomes improve. When they don’t, frustration builds. Sure, there’s another side. Sometimes fast change creates energy and momentum. But without consistency and follow through, things drift back to the same patterns. Most debates focus on personalities instead of systems, which kind of misses the bigger picture. If we defined success clearly and measured it honestly, we’d argue less and fix more. Simple doesn’t mean easy.",1
ai_0374,"Honestly, in health, incentives drive behavior more than speeches. A lot of the noise online makes it seem more complicated than it is. When incentives line up, outcomes improve. When they don’t, frustration builds. There’s a reasonable pushback. Sometimes fast change creates energy and momentum. But without consistency and follow through, things drift back to the same patterns. Most debates focus on personalities instead of systems, which kind of misses the bigger picture. If we defined success clearly and measured it honestly, we’d argue less and fix more. It’s not flashy, but it’s real.",1
ai_0375,"Honestly, in sports, clarity would solve half the confusion. A lot of the noise online makes it seem more complicated than it is. When incentives line up, outcomes improve. When they don’t, frustration builds. I get the counterargument. Sometimes fast change creates energy and momentum. But without consistency and follow through, things drift back to the same patterns. Most debates focus on personalities instead of systems, which kind of misses the bigger picture. If we defined success clearly and measured it honestly, we’d argue less and fix more. That’s kind of the point.",1
ai_0376,"Quick take: in economy, incentives drive behavior more than speeches. A lot of the noise online makes it seem more complicated than it is. When incentives line up, outcomes improve. When they don’t, frustration builds. I get the counterargument. Sometimes fast change creates energy and momentum. But without consistency and follow through, things drift back to the same patterns. Most debates focus on personalities instead of systems, which kind of misses the bigger picture. If we defined success clearly and measured it honestly, we’d argue less and fix more. Simple doesn’t mean easy.",1
ai_0377,"Honestly, in climate, slow progress is still progress. A lot of the noise online makes it seem more complicated than it is. When incentives line up, outcomes improve. When they don’t, frustration builds. Sure, there’s another side. Sometimes fast change creates energy and momentum. But without consistency and follow through, things drift back to the same patterns. Most debates focus on personalities instead of systems, which kind of misses the bigger picture. If we defined success clearly and measured it honestly, we’d argue less and fix more. It’s not flashy, but it’s real.",1
ai_0378,"Quick take: in campus life, execution matters more than hype. A lot of the noise online makes it seem more complicated than it is. When incentives line up, outcomes improve. When they don’t, frustration builds. Some folks disagree, and that’s fair. Sometimes fast change creates energy and momentum. But without consistency and follow through, things drift back to the same patterns. Most debates focus on personalities instead of systems, which kind of misses the bigger picture. If we defined success clearly and measured it honestly, we’d argue less and fix more. Still, the basics matter.",1
ai_0379,"Short answer: in politics, people follow what’s rewarded, not what’s recommended. A lot of the noise online makes it seem more complicated than it is. When incentives line up, outcomes improve. When they don’t, frustration builds. Some folks disagree, and that’s fair. Sometimes fast change creates energy and momentum. But without consistency and follow through, things drift back to the same patterns. Most debates focus on personalities instead of systems, which kind of misses the bigger picture. If we defined success clearly and measured it honestly, we’d argue less and fix more. It’s not flashy, but it’s real.",1
ai_0380,"Quick take: in tech, execution matters more than hype. A lot of the noise online makes it seem more complicated than it is. When incentives line up, outcomes improve. When they don’t, frustration builds. Sure, there’s another side. Sometimes fast change creates energy and momentum. But without consistency and follow through, things drift back to the same patterns. Most debates focus on personalities instead of systems, which kind of misses the bigger picture. If we defined success clearly and measured it honestly, we’d argue less and fix more. Simple doesn’t mean easy.",1
ai_0381,"Real talk, in health, execution matters more than hype. A lot of the noise online makes it seem more complicated than it is. When incentives line up, outcomes improve. When they don’t, frustration builds. I get the counterargument. Sometimes fast change creates energy and momentum. But without consistency and follow through, things drift back to the same patterns. Most debates focus on personalities instead of systems, which kind of misses the bigger picture. If we defined success clearly and measured it honestly, we’d argue less and fix more. Still, the basics matter.",1
ai_0382,"Hot take: in sports, execution matters more than hype. A lot of the noise online makes it seem more complicated than it is. When incentives line up, outcomes improve. When they don’t, frustration builds. I get the counterargument. Sometimes fast change creates energy and momentum. But without consistency and follow through, things drift back to the same patterns. Most debates focus on personalities instead of systems, which kind of misses the bigger picture. If we defined success clearly and measured it honestly, we’d argue less and fix more. It’s not flashy, but it’s real.",1
ai_0383,"Honestly, in economy, people follow what’s rewarded, not what’s recommended. A lot of the noise online makes it seem more complicated than it is. When incentives line up, outcomes improve. When they don’t, frustration builds. Some folks disagree, and that’s fair. Sometimes fast change creates energy and momentum. But without consistency and follow through, things drift back to the same patterns. Most debates focus on personalities instead of systems, which kind of misses the bigger picture. If we defined success clearly and measured it honestly, we’d argue less and fix more. Still, the basics matter.",1
ai_0384,"Real talk, in climate, most problems are coordination failures. A lot of the noise online makes it seem more complicated than it is. When incentives line up, outcomes improve. When they don’t, frustration builds. Some folks disagree, and that’s fair. Sometimes fast change creates energy and momentum. But without consistency and follow through, things drift back to the same patterns. Most debates focus on personalities instead of systems, which kind of misses the bigger picture. If we defined success clearly and measured it honestly, we’d argue less and fix more. It’s not flashy, but it’s real.",1
ai_0385,"Short answer: in campus life, execution matters more than hype. A lot of the noise online makes it seem more complicated than it is. When incentives line up, outcomes improve. When they don’t, frustration builds. I get the counterargument. Sometimes fast change creates energy and momentum. But without consistency and follow through, things drift back to the same patterns. Most debates focus on personalities instead of systems, which kind of misses the bigger picture. If we defined success clearly and measured it honestly, we’d argue less and fix more. That’s kind of the point.",1
ai_0386,"Honestly, in politics, structure beats intention every time. A lot of the noise online makes it seem more complicated than it is. When incentives line up, outcomes improve. When they don’t, frustration builds. Some folks disagree, and that’s fair. Sometimes fast change creates energy and momentum. But without consistency and follow through, things drift back to the same patterns. Most debates focus on personalities instead of systems, which kind of misses the bigger picture. If we defined success clearly and measured it honestly, we’d argue less and fix more. That’s kind of the point.",1
ai_0387,"Short answer: in tech, most problems are coordination failures. A lot of the noise online makes it seem more complicated than it is. When incentives line up, outcomes improve. When they don’t, frustration builds. I get the counterargument. Sometimes fast change creates energy and momentum. But without consistency and follow through, things drift back to the same patterns. Most debates focus on personalities instead of systems, which kind of misses the bigger picture. If we defined success clearly and measured it honestly, we’d argue less and fix more. Still, the basics matter.",1
ai_0388,"Honestly, in health, structure beats intention every time. A lot of the noise online makes it seem more complicated than it is. When incentives line up, outcomes improve. When they don’t, frustration builds. Not everyone sees it this way. Sometimes fast change creates energy and momentum. But without consistency and follow through, things drift back to the same patterns. Most debates focus on personalities instead of systems, which kind of misses the bigger picture. If we defined success clearly and measured it honestly, we’d argue less and fix more. That’s kind of the point.",1
ai_0389,"Hot take: in sports, people follow what’s rewarded, not what’s recommended. A lot of the noise online makes it seem more complicated than it is. When incentives line up, outcomes improve. When they don’t, frustration builds. I get the counterargument. Sometimes fast change creates energy and momentum. But without consistency and follow through, things drift back to the same patterns. Most debates focus on personalities instead of systems, which kind of misses the bigger picture. If we defined success clearly and measured it honestly, we’d argue less and fix more. That’s kind of the point.",1
ai_0390,"Short answer: in economy, people follow what’s rewarded, not what’s recommended. A lot of the noise online makes it seem more complicated than it is. When incentives line up, outcomes improve. When they don’t, frustration builds. There’s a reasonable pushback. Sometimes fast change creates energy and momentum. But without consistency and follow through, things drift back to the same patterns. Most debates focus on personalities instead of systems, which kind of misses the bigger picture. If we defined success clearly and measured it honestly, we’d argue less and fix more. Simple doesn’t mean easy.",1
ai_0391,"Honestly, in climate, clarity would solve half the confusion. A lot of the noise online makes it seem more complicated than it is. When incentives line up, outcomes improve. When they don’t, frustration builds. I get the counterargument. Sometimes fast change creates energy and momentum. But without consistency and follow through, things drift back to the same patterns. Most debates focus on personalities instead of systems, which kind of misses the bigger picture. If we defined success clearly and measured it honestly, we’d argue less and fix more. Still, the basics matter.",1
ai_0392,"Short answer: in campus life, incentives drive behavior more than speeches. A lot of the noise online makes it seem more complicated than it is. When incentives line up, outcomes improve. When they don’t, frustration builds. Not everyone sees it this way. Sometimes fast change creates energy and momentum. But without consistency and follow through, things drift back to the same patterns. Most debates focus on personalities instead of systems, which kind of misses the bigger picture. If we defined success clearly and measured it honestly, we’d argue less and fix more. That’s kind of the point.",1
ai_0393,"Hot take: in politics, clarity would solve half the confusion. A lot of the noise online makes it seem more complicated than it is. When incentives line up, outcomes improve. When they don’t, frustration builds. Not everyone sees it this way. Sometimes fast change creates energy and momentum. But without consistency and follow through, things drift back to the same patterns. Most debates focus on personalities instead of systems, which kind of misses the bigger picture. If we defined success clearly and measured it honestly, we’d argue less and fix more. Still, the basics matter.",1
ai_0394,"Hot take: in tech, incentives drive behavior more than speeches. A lot of the noise online makes it seem more complicated than it is. When incentives line up, outcomes improve. When they don’t, frustration builds. I get the counterargument. Sometimes fast change creates energy and momentum. But without consistency and follow through, things drift back to the same patterns. Most debates focus on personalities instead of systems, which kind of misses the bigger picture. If we defined success clearly and measured it honestly, we’d argue less and fix more. It’s not flashy, but it’s real.",1
ai_0395,"Real talk, in health, most problems are coordination failures. A lot of the noise online makes it seem more complicated than it is. When incentives line up, outcomes improve. When they don’t, frustration builds. Not everyone sees it this way. Sometimes fast change creates energy and momentum. But without consistency and follow through, things drift back to the same patterns. Most debates focus on personalities instead of systems, which kind of misses the bigger picture. If we defined success clearly and measured it honestly, we’d argue less and fix more. Simple doesn’t mean easy.",1
ai_0396,"Honestly, in sports, execution matters more than hype. A lot of the noise online makes it seem more complicated than it is. When incentives line up, outcomes improve. When they don’t, frustration builds. Not everyone sees it this way. Sometimes fast change creates energy and momentum. But without consistency and follow through, things drift back to the same patterns. Most debates focus on personalities instead of systems, which kind of misses the bigger picture. If we defined success clearly and measured it honestly, we’d argue less and fix more. That’s kind of the point.",1
ai_0397,"Honestly, in economy, slow progress is still progress. A lot of the noise online makes it seem more complicated than it is. When incentives line up, outcomes improve. When they don’t, frustration builds. Not everyone sees it this way. Sometimes fast change creates energy and momentum. But without consistency and follow through, things drift back to the same patterns. Most debates focus on personalities instead of systems, which kind of misses the bigger picture. If we defined success clearly and measured it honestly, we’d argue less and fix more. Still, the basics matter.",1
ai_0398,"Real talk, in climate, most problems are coordination failures. A lot of the noise online makes it seem more complicated than it is. When incentives line up, outcomes improve. When they don’t, frustration builds. Sure, there’s another side. Sometimes fast change creates energy and momentum. But without consistency and follow through, things drift back to the same patterns. Most debates focus on personalities instead of systems, which kind of misses the bigger picture. If we defined success clearly and measured it honestly, we’d argue less and fix more. Simple doesn’t mean easy.",1
ai_0399,"Real talk, in campus life, execution matters more than hype. A lot of the noise online makes it seem more complicated than it is. When incentives line up, outcomes improve. When they don’t, frustration builds. Not everyone sees it this way. Sometimes fast change creates energy and momentum. But without consistency and follow through, things drift back to the same patterns. Most debates focus on personalities instead of systems, which kind of misses the bigger picture. If we defined success clearly and measured it honestly, we’d argue less and fix more. That’s kind of the point.",1
ai_0400,"Hot take: in politics, clarity would solve half the confusion. A lot of the noise online makes it seem more complicated than it is. When incentives line up, outcomes improve. When they don’t, frustration builds. Sure, there’s another side. Sometimes fast change creates energy and momentum. But without consistency and follow through, things drift back to the same patterns. Most debates focus on personalities instead of systems, which kind of misses the bigger picture. If we defined success clearly and measured it honestly, we’d argue less and fix more. It’s not flashy, but it’s real.",1
ai_0401,"Honestly, in tech, slow progress is still progress. A lot of the noise online makes it seem more complicated than it is. When incentives line up, outcomes improve. When they don’t, frustration builds. Sure, there’s another side. Sometimes fast change creates energy and momentum. But without consistency and follow through, things drift back to the same patterns. Most debates focus on personalities instead of systems, which kind of misses the bigger picture. If we defined success clearly and measured it honestly, we’d argue less and fix more. Simple doesn’t mean easy.",1
ai_0402,"Honestly, in health, slow progress is still progress. A lot of the noise online makes it seem more complicated than it is. When incentives line up, outcomes improve. When they don’t, frustration builds. Sure, there’s another side. Sometimes fast change creates energy and momentum. But without consistency and follow through, things drift back to the same patterns. Most debates focus on personalities instead of systems, which kind of misses the bigger picture. If we defined success clearly and measured it honestly, we’d argue less and fix more. Simple doesn’t mean easy.",1
ai_0403,"Real talk, in sports, incentives drive behavior more than speeches. A lot of the noise online makes it seem more complicated than it is. When incentives line up, outcomes improve. When they don’t, frustration builds. Not everyone sees it this way. Sometimes fast change creates energy and momentum. But without consistency and follow through, things drift back to the same patterns. Most debates focus on personalities instead of systems, which kind of misses the bigger picture. If we defined success clearly and measured it honestly, we’d argue less and fix more. It’s not flashy, but it’s real.",1
ai_0404,"Real talk, in economy, slow progress is still progress. A lot of the noise online makes it seem more complicated than it is. When incentives line up, outcomes improve. When they don’t, frustration builds. Not everyone sees it this way. Sometimes fast change creates energy and momentum. But without consistency and follow through, things drift back to the same patterns. Most debates focus on personalities instead of systems, which kind of misses the bigger picture. If we defined success clearly and measured it honestly, we’d argue less and fix more. Simple doesn’t mean easy.",1
ai_0405,"Hot take: in climate, execution matters more than hype. A lot of the noise online makes it seem more complicated than it is. When incentives line up, outcomes improve. When they don’t, frustration builds. I get the counterargument. Sometimes fast change creates energy and momentum. But without consistency and follow through, things drift back to the same patterns. Most debates focus on personalities instead of systems, which kind of misses the bigger picture. If we defined success clearly and measured it honestly, we’d argue less and fix more. Still, the basics matter.",1
ai_0406,"Real talk, in campus life, execution matters more than hype. A lot of the noise online makes it seem more complicated than it is. When incentives line up, outcomes improve. When they don’t, frustration builds. There’s a reasonable pushback. Sometimes fast change creates energy and momentum. But without consistency and follow through, things drift back to the same patterns. Most debates focus on personalities instead of systems, which kind of misses the bigger picture. If we defined success clearly and measured it honestly, we’d argue less and fix more. Simple doesn’t mean easy.",1
ai_0407,"Short answer: in politics, execution matters more than hype. A lot of the noise online makes it seem more complicated than it is. When incentives line up, outcomes improve. When they don’t, frustration builds. There’s a reasonable pushback. Sometimes fast change creates energy and momentum. But without consistency and follow through, things drift back to the same patterns. Most debates focus on personalities instead of systems, which kind of misses the bigger picture. If we defined success clearly and measured it honestly, we’d argue less and fix more. That’s kind of the point.",1
ai_0408,"Hot take: in tech, execution matters more than hype. A lot of the noise online makes it seem more complicated than it is. When incentives line up, outcomes improve. When they don’t, frustration builds. Not everyone sees it this way. Sometimes fast change creates energy and momentum. But without consistency and follow through, things drift back to the same patterns. Most debates focus on personalities instead of systems, which kind of misses the bigger picture. If we defined success clearly and measured it honestly, we’d argue less and fix more. That’s kind of the point.",1
ai_0409,"Honestly, in health, people follow what’s rewarded, not what’s recommended. A lot of the noise online makes it seem more complicated than it is. When incentives line up, outcomes improve. When they don’t, frustration builds. Sure, there’s another side. Sometimes fast change creates energy and momentum. But without consistency and follow through, things drift back to the same patterns. Most debates focus on personalities instead of systems, which kind of misses the bigger picture. If we defined success clearly and measured it honestly, we’d argue less and fix more. That’s kind of the point.",1
ai_0410,"Quick take: in sports, structure beats intention every time. A lot of the noise online makes it seem more complicated than it is. When incentives line up, outcomes improve. When they don’t, frustration builds. There’s a reasonable pushback. Sometimes fast change creates energy and momentum. But without consistency and follow through, things drift back to the same patterns. Most debates focus on personalities instead of systems, which kind of misses the bigger picture. If we defined success clearly and measured it honestly, we’d argue less and fix more. No drama, just fundamentals.",1
ai_0411,"Hot take: in economy, structure beats intention every time. A lot of the noise online makes it seem more complicated than it is. When incentives line up, outcomes improve. When they don’t, frustration builds. Not everyone sees it this way. Sometimes fast change creates energy and momentum. But without consistency and follow through, things drift back to the same patterns. Most debates focus on personalities instead of systems, which kind of misses the bigger picture. If we defined success clearly and measured it honestly, we’d argue less and fix more. No drama, just fundamentals.",1
ai_0412,"Short answer: in climate, slow progress is still progress. A lot of the noise online makes it seem more complicated than it is. When incentives line up, outcomes improve. When they don’t, frustration builds. Sure, there’s another side. Sometimes fast change creates energy and momentum. But without consistency and follow through, things drift back to the same patterns. Most debates focus on personalities instead of systems, which kind of misses the bigger picture. If we defined success clearly and measured it honestly, we’d argue less and fix more. That’s kind of the point.",1
ai_0413,"Short answer: in campus life, clarity would solve half the confusion. A lot of the noise online makes it seem more complicated than it is. When incentives line up, outcomes improve. When they don’t, frustration builds. Some folks disagree, and that’s fair. Sometimes fast change creates energy and momentum. But without consistency and follow through, things drift back to the same patterns. Most debates focus on personalities instead of systems, which kind of misses the bigger picture. If we defined success clearly and measured it honestly, we’d argue less and fix more. It’s not flashy, but it’s real.",1
ai_0414,"Honestly, in politics, incentives drive behavior more than speeches. A lot of the noise online makes it seem more complicated than it is. When incentives line up, outcomes improve. When they don’t, frustration builds. Not everyone sees it this way. Sometimes fast change creates energy and momentum. But without consistency and follow through, things drift back to the same patterns. Most debates focus on personalities instead of systems, which kind of misses the bigger picture. If we defined success clearly and measured it honestly, we’d argue less and fix more. No drama, just fundamentals.",1
ai_0415,"Hot take: in tech, clarity would solve half the confusion. A lot of the noise online makes it seem more complicated than it is. When incentives line up, outcomes improve. When they don’t, frustration builds. Some folks disagree, and that’s fair. Sometimes fast change creates energy and momentum. But without consistency and follow through, things drift back to the same patterns. Most debates focus on personalities instead of systems, which kind of misses the bigger picture. If we defined success clearly and measured it honestly, we’d argue less and fix more. Simple doesn’t mean easy.",1
ai_0416,"Honestly, in health, most problems are coordination failures. A lot of the noise online makes it seem more complicated than it is. When incentives line up, outcomes improve. When they don’t, frustration builds. Not everyone sees it this way. Sometimes fast change creates energy and momentum. But without consistency and follow through, things drift back to the same patterns. Most debates focus on personalities instead of systems, which kind of misses the bigger picture. If we defined success clearly and measured it honestly, we’d argue less and fix more. No drama, just fundamentals.",1
ai_0417,"Honestly, in sports, incentives drive behavior more than speeches. A lot of the noise online makes it seem more complicated than it is. When incentives line up, outcomes improve. When they don’t, frustration builds. Not everyone sees it this way. Sometimes fast change creates energy and momentum. But without consistency and follow through, things drift back to the same patterns. Most debates focus on personalities instead of systems, which kind of misses the bigger picture. If we defined success clearly and measured it honestly, we’d argue less and fix more. No drama, just fundamentals.",1
ai_0418,"Short answer: in economy, people follow what’s rewarded, not what’s recommended. A lot of the noise online makes it seem more complicated than it is. When incentives line up, outcomes improve. When they don’t, frustration builds. Some folks disagree, and that’s fair. Sometimes fast change creates energy and momentum. But without consistency and follow through, things drift back to the same patterns. Most debates focus on personalities instead of systems, which kind of misses the bigger picture. If we defined success clearly and measured it honestly, we’d argue less and fix more. That’s kind of the point.",1
ai_0419,"Short answer: in climate, execution matters more than hype. A lot of the noise online makes it seem more complicated than it is. When incentives line up, outcomes improve. When they don’t, frustration builds. I get the counterargument. Sometimes fast change creates energy and momentum. But without consistency and follow through, things drift back to the same patterns. Most debates focus on personalities instead of systems, which kind of misses the bigger picture. If we defined success clearly and measured it honestly, we’d argue less and fix more. It’s not flashy, but it’s real.",1
ai_0420,"Real talk, in campus life, clarity would solve half the confusion. A lot of the noise online makes it seem more complicated than it is. When incentives line up, outcomes improve. When they don’t, frustration builds. There’s a reasonable pushback. Sometimes fast change creates energy and momentum. But without consistency and follow through, things drift back to the same patterns. Most debates focus on personalities instead of systems, which kind of misses the bigger picture. If we defined success clearly and measured it honestly, we’d argue less and fix more. That’s kind of the point.",1
ai_0421,"Quick take: in politics, slow progress is still progress. A lot of the noise online makes it seem more complicated than it is. When incentives line up, outcomes improve. When they don’t, frustration builds. I get the counterargument. Sometimes fast change creates energy and momentum. But without consistency and follow through, things drift back to the same patterns. Most debates focus on personalities instead of systems, which kind of misses the bigger picture. If we defined success clearly and measured it honestly, we’d argue less and fix more. No drama, just fundamentals.",1
ai_0422,"Quick take: in tech, most problems are coordination failures. A lot of the noise online makes it seem more complicated than it is. When incentives line up, outcomes improve. When they don’t, frustration builds. Not everyone sees it this way. Sometimes fast change creates energy and momentum. But without consistency and follow through, things drift back to the same patterns. Most debates focus on personalities instead of systems, which kind of misses the bigger picture. If we defined success clearly and measured it honestly, we’d argue less and fix more. No drama, just fundamentals.",1
ai_0423,"Short answer: in health, most problems are coordination failures. A lot of the noise online makes it seem more complicated than it is. When incentives line up, outcomes improve. When they don’t, frustration builds. I get the counterargument. Sometimes fast change creates energy and momentum. But without consistency and follow through, things drift back to the same patterns. Most debates focus on personalities instead of systems, which kind of misses the bigger picture. If we defined success clearly and measured it honestly, we’d argue less and fix more. No drama, just fundamentals.",1
ai_0424,"Quick take: in sports, execution matters more than hype. A lot of the noise online makes it seem more complicated than it is. When incentives line up, outcomes improve. When they don’t, frustration builds. I get the counterargument. Sometimes fast change creates energy and momentum. But without consistency and follow through, things drift back to the same patterns. Most debates focus on personalities instead of systems, which kind of misses the bigger picture. If we defined success clearly and measured it honestly, we’d argue less and fix more. That’s kind of the point.",1
ai_0425,"Short answer: in economy, structure beats intention every time. A lot of the noise online makes it seem more complicated than it is. When incentives line up, outcomes improve. When they don’t, frustration builds. I get the counterargument. Sometimes fast change creates energy and momentum. But without consistency and follow through, things drift back to the same patterns. Most debates focus on personalities instead of systems, which kind of misses the bigger picture. If we defined success clearly and measured it honestly, we’d argue less and fix more. It’s not flashy, but it’s real.",1
ai_0426,"Real talk, in climate, most problems are coordination failures. A lot of the noise online makes it seem more complicated than it is. When incentives line up, outcomes improve. When they don’t, frustration builds. I get the counterargument. Sometimes fast change creates energy and momentum. But without consistency and follow through, things drift back to the same patterns. Most debates focus on personalities instead of systems, which kind of misses the bigger picture. If we defined success clearly and measured it honestly, we’d argue less and fix more. Still, the basics matter.",1
ai_0427,"Real talk, in campus life, execution matters more than hype. A lot of the noise online makes it seem more complicated than it is. When incentives line up, outcomes improve. When they don’t, frustration builds. Some folks disagree, and that’s fair. Sometimes fast change creates energy and momentum. But without consistency and follow through, things drift back to the same patterns. Most debates focus on personalities instead of systems, which kind of misses the bigger picture. If we defined success clearly and measured it honestly, we’d argue less and fix more. No drama, just fundamentals.",1
ai_0428,"Quick take: in politics, structure beats intention every time. A lot of the noise online makes it seem more complicated than it is. When incentives line up, outcomes improve. When they don’t, frustration builds. There’s a reasonable pushback. Sometimes fast change creates energy and momentum. But without consistency and follow through, things drift back to the same patterns. Most debates focus on personalities instead of systems, which kind of misses the bigger picture. If we defined success clearly and measured it honestly, we’d argue less and fix more. No drama, just fundamentals.",1
ai_0429,"Honestly, in tech, clarity would solve half the confusion. A lot of the noise online makes it seem more complicated than it is. When incentives line up, outcomes improve. When they don’t, frustration builds. Sure, there’s another side. Sometimes fast change creates energy and momentum. But without consistency and follow through, things drift back to the same patterns. Most debates focus on personalities instead of systems, which kind of misses the bigger picture. If we defined success clearly and measured it honestly, we’d argue less and fix more. Simple doesn’t mean easy.",1
ai_0430,"Short answer: in health, incentives drive behavior more than speeches. A lot of the noise online makes it seem more complicated than it is. When incentives line up, outcomes improve. When they don’t, frustration builds. I get the counterargument. Sometimes fast change creates energy and momentum. But without consistency and follow through, things drift back to the same patterns. Most debates focus on personalities instead of systems, which kind of misses the bigger picture. If we defined success clearly and measured it honestly, we’d argue less and fix more. That’s kind of the point.",1
ai_0431,"Quick take: in sports, people follow what’s rewarded, not what’s recommended. A lot of the noise online makes it seem more complicated than it is. When incentives line up, outcomes improve. When they don’t, frustration builds. Some folks disagree, and that’s fair. Sometimes fast change creates energy and momentum. But without consistency and follow through, things drift back to the same patterns. Most debates focus on personalities instead of systems, which kind of misses the bigger picture. If we defined success clearly and measured it honestly, we’d argue less and fix more. No drama, just fundamentals.",1
ai_0432,"Quick take: in economy, incentives drive behavior more than speeches. A lot of the noise online makes it seem more complicated than it is. When incentives line up, outcomes improve. When they don’t, frustration builds. I get the counterargument. Sometimes fast change creates energy and momentum. But without consistency and follow through, things drift back to the same patterns. Most debates focus on personalities instead of systems, which kind of misses the bigger picture. If we defined success clearly and measured it honestly, we’d argue less and fix more. Simple doesn’t mean easy.",1
ai_0433,"Hot take: in climate, people follow what’s rewarded, not what’s recommended. A lot of the noise online makes it seem more complicated than it is. When incentives line up, outcomes improve. When they don’t, frustration builds. Some folks disagree, and that’s fair. Sometimes fast change creates energy and momentum. But without consistency and follow through, things drift back to the same patterns. Most debates focus on personalities instead of systems, which kind of misses the bigger picture. If we defined success clearly and measured it honestly, we’d argue less and fix more. It’s not flashy, but it’s real.",1
ai_0434,"Hot take: in campus life, execution matters more than hype. A lot of the noise online makes it seem more complicated than it is. When incentives line up, outcomes improve. When they don’t, frustration builds. Sure, there’s another side. Sometimes fast change creates energy and momentum. But without consistency and follow through, things drift back to the same patterns. Most debates focus on personalities instead of systems, which kind of misses the bigger picture. If we defined success clearly and measured it honestly, we’d argue less and fix more. No drama, just fundamentals.",1
ai_0435,"Short answer: in politics, incentives drive behavior more than speeches. A lot of the noise online makes it seem more complicated than it is. When incentives line up, outcomes improve. When they don’t, frustration builds. There’s a reasonable pushback. Sometimes fast change creates energy and momentum. But without consistency and follow through, things drift back to the same patterns. Most debates focus on personalities instead of systems, which kind of misses the bigger picture. If we defined success clearly and measured it honestly, we’d argue less and fix more. Still, the basics matter.",1
ai_0436,"Hot take: in tech, most problems are coordination failures. A lot of the noise online makes it seem more complicated than it is. When incentives line up, outcomes improve. When they don’t, frustration builds. I get the counterargument. Sometimes fast change creates energy and momentum. But without consistency and follow through, things drift back to the same patterns. Most debates focus on personalities instead of systems, which kind of misses the bigger picture. If we defined success clearly and measured it honestly, we’d argue less and fix more. No drama, just fundamentals.",1
ai_0437,"Honestly, in health, people follow what’s rewarded, not what’s recommended. A lot of the noise online makes it seem more complicated than it is. When incentives line up, outcomes improve. When they don’t, frustration builds. I get the counterargument. Sometimes fast change creates energy and momentum. But without consistency and follow through, things drift back to the same patterns. Most debates focus on personalities instead of systems, which kind of misses the bigger picture. If we defined success clearly and measured it honestly, we’d argue less and fix more. That’s kind of the point.",1
ai_0438,"Short answer: in sports, incentives drive behavior more than speeches. A lot of the noise online makes it seem more complicated than it is. When incentives line up, outcomes improve. When they don’t, frustration builds. Sure, there’s another side. Sometimes fast change creates energy and momentum. But without consistency and follow through, things drift back to the same patterns. Most debates focus on personalities instead of systems, which kind of misses the bigger picture. If we defined success clearly and measured it honestly, we’d argue less and fix more. It’s not flashy, but it’s real.",1
ai_0439,"Real talk, in economy, people follow what’s rewarded, not what’s recommended. A lot of the noise online makes it seem more complicated than it is. When incentives line up, outcomes improve. When they don’t, frustration builds. There’s a reasonable pushback. Sometimes fast change creates energy and momentum. But without consistency and follow through, things drift back to the same patterns. Most debates focus on personalities instead of systems, which kind of misses the bigger picture. If we defined success clearly and measured it honestly, we’d argue less and fix more. It’s not flashy, but it’s real.",1
ai_0440,"Short answer: in climate, slow progress is still progress. A lot of the noise online makes it seem more complicated than it is. When incentives line up, outcomes improve. When they don’t, frustration builds. I get the counterargument. Sometimes fast change creates energy and momentum. But without consistency and follow through, things drift back to the same patterns. Most debates focus on personalities instead of systems, which kind of misses the bigger picture. If we defined success clearly and measured it honestly, we’d argue less and fix more. No drama, just fundamentals.",1
ai_0441,"Hot take: in campus life, incentives drive behavior more than speeches. A lot of the noise online makes it seem more complicated than it is. When incentives line up, outcomes improve. When they don’t, frustration builds. There’s a reasonable pushback. Sometimes fast change creates energy and momentum. But without consistency and follow through, things drift back to the same patterns. Most debates focus on personalities instead of systems, which kind of misses the bigger picture. If we defined success clearly and measured it honestly, we’d argue less and fix more. Still, the basics matter.",1
ai_0442,"Short answer: in politics, people follow what’s rewarded, not what’s recommended. A lot of the noise online makes it seem more complicated than it is. When incentives line up, outcomes improve. When they don’t, frustration builds. Some folks disagree, and that’s fair. Sometimes fast change creates energy and momentum. But without consistency and follow through, things drift back to the same patterns. Most debates focus on personalities instead of systems, which kind of misses the bigger picture. If we defined success clearly and measured it honestly, we’d argue less and fix more. No drama, just fundamentals.",1
ai_0443,"Hot take: in tech, most problems are coordination failures. A lot of the noise online makes it seem more complicated than it is. When incentives line up, outcomes improve. When they don’t, frustration builds. Sure, there’s another side. Sometimes fast change creates energy and momentum. But without consistency and follow through, things drift back to the same patterns. Most debates focus on personalities instead of systems, which kind of misses the bigger picture. If we defined success clearly and measured it honestly, we’d argue less and fix more. No drama, just fundamentals.",1
ai_0444,"Hot take: in health, execution matters more than hype. A lot of the noise online makes it seem more complicated than it is. When incentives line up, outcomes improve. When they don’t, frustration builds. There’s a reasonable pushback. Sometimes fast change creates energy and momentum. But without consistency and follow through, things drift back to the same patterns. Most debates focus on personalities instead of systems, which kind of misses the bigger picture. If we defined success clearly and measured it honestly, we’d argue less and fix more. No drama, just fundamentals.",1
ai_0445,"Quick take: in sports, slow progress is still progress. A lot of the noise online makes it seem more complicated than it is. When incentives line up, outcomes improve. When they don’t, frustration builds. Sure, there’s another side. Sometimes fast change creates energy and momentum. But without consistency and follow through, things drift back to the same patterns. Most debates focus on personalities instead of systems, which kind of misses the bigger picture. If we defined success clearly and measured it honestly, we’d argue less and fix more. That’s kind of the point.",1
ai_0446,"Honestly, in economy, structure beats intention every time. A lot of the noise online makes it seem more complicated than it is. When incentives line up, outcomes improve. When they don’t, frustration builds. I get the counterargument. Sometimes fast change creates energy and momentum. But without consistency and follow through, things drift back to the same patterns. Most debates focus on personalities instead of systems, which kind of misses the bigger picture. If we defined success clearly and measured it honestly, we’d argue less and fix more. That’s kind of the point.",1
ai_0447,"Quick take: in climate, structure beats intention every time. A lot of the noise online makes it seem more complicated than it is. When incentives line up, outcomes improve. When they don’t, frustration builds. There’s a reasonable pushback. Sometimes fast change creates energy and momentum. But without consistency and follow through, things drift back to the same patterns. Most debates focus on personalities instead of systems, which kind of misses the bigger picture. If we defined success clearly and measured it honestly, we’d argue less and fix more. No drama, just fundamentals.",1
ai_0448,"Short answer: in campus life, slow progress is still progress. A lot of the noise online makes it seem more complicated than it is. When incentives line up, outcomes improve. When they don’t, frustration builds. Some folks disagree, and that’s fair. Sometimes fast change creates energy and momentum. But without consistency and follow through, things drift back to the same patterns. Most debates focus on personalities instead of systems, which kind of misses the bigger picture. If we defined success clearly and measured it honestly, we’d argue less and fix more. It’s not flashy, but it’s real.",1
ai_0449,"Real talk, in politics, people follow what’s rewarded, not what’s recommended. A lot of the noise online makes it seem more complicated than it is. When incentives line up, outcomes improve. When they don’t, frustration builds. There’s a reasonable pushback. Sometimes fast change creates energy and momentum. But without consistency and follow through, things drift back to the same patterns. Most debates focus on personalities instead of systems, which kind of misses the bigger picture. If we defined success clearly and measured it honestly, we’d argue less and fix more. Still, the basics matter.",1
ai_0450,"Short answer: in tech, people follow what’s rewarded, not what’s recommended. A lot of the noise online makes it seem more complicated than it is. When incentives line up, outcomes improve. When they don’t, frustration builds. There’s a reasonable pushback. Sometimes fast change creates energy and momentum. But without consistency and follow through, things drift back to the same patterns. Most debates focus on personalities instead of systems, which kind of misses the bigger picture. If we defined success clearly and measured it honestly, we’d argue less and fix more. That’s kind of the point.",1
ai_0451,"Hot take: in health, most problems are coordination failures. A lot of the noise online makes it seem more complicated than it is. When incentives line up, outcomes improve. When they don’t, frustration builds. There’s a reasonable pushback. Sometimes fast change creates energy and momentum. But without consistency and follow through, things drift back to the same patterns. Most debates focus on personalities instead of systems, which kind of misses the bigger picture. If we defined success clearly and measured it honestly, we’d argue less and fix more. It’s not flashy, but it’s real.",1
ai_0452,"Honestly, in sports, slow progress is still progress. A lot of the noise online makes it seem more complicated than it is. When incentives line up, outcomes improve. When they don’t, frustration builds. Sure, there’s another side. Sometimes fast change creates energy and momentum. But without consistency and follow through, things drift back to the same patterns. Most debates focus on personalities instead of systems, which kind of misses the bigger picture. If we defined success clearly and measured it honestly, we’d argue less and fix more. Simple doesn’t mean easy.",1
ai_0453,"Honestly, in economy, clarity would solve half the confusion. A lot of the noise online makes it seem more complicated than it is. When incentives line up, outcomes improve. When they don’t, frustration builds. Sure, there’s another side. Sometimes fast change creates energy and momentum. But without consistency and follow through, things drift back to the same patterns. Most debates focus on personalities instead of systems, which kind of misses the bigger picture. If we defined success clearly and measured it honestly, we’d argue less and fix more. Simple doesn’t mean easy.",1
ai_0454,"Short answer: in climate, clarity would solve half the confusion. A lot of the noise online makes it seem more complicated than it is. When incentives line up, outcomes improve. When they don’t, frustration builds. Not everyone sees it this way. Sometimes fast change creates energy and momentum. But without consistency and follow through, things drift back to the same patterns. Most debates focus on personalities instead of systems, which kind of misses the bigger picture. If we defined success clearly and measured it honestly, we’d argue less and fix more. It’s not flashy, but it’s real.",1
ai_0455,"Hot take: in campus life, most problems are coordination failures. A lot of the noise online makes it seem more complicated than it is. When incentives line up, outcomes improve. When they don’t, frustration builds. There’s a reasonable pushback. Sometimes fast change creates energy and momentum. But without consistency and follow through, things drift back to the same patterns. Most debates focus on personalities instead of systems, which kind of misses the bigger picture. If we defined success clearly and measured it honestly, we’d argue less and fix more. Still, the basics matter.",1
ai_0456,"Honestly, in politics, slow progress is still progress. A lot of the noise online makes it seem more complicated than it is. When incentives line up, outcomes improve. When they don’t, frustration builds. Not everyone sees it this way. Sometimes fast change creates energy and momentum. But without consistency and follow through, things drift back to the same patterns. Most debates focus on personalities instead of systems, which kind of misses the bigger picture. If we defined success clearly and measured it honestly, we’d argue less and fix more. That’s kind of the point.",1
ai_0457,"Short answer: in tech, most problems are coordination failures. A lot of the noise online makes it seem more complicated than it is. When incentives line up, outcomes improve. When they don’t, frustration builds. There’s a reasonable pushback. Sometimes fast change creates energy and momentum. But without consistency and follow through, things drift back to the same patterns. Most debates focus on personalities instead of systems, which kind of misses the bigger picture. If we defined success clearly and measured it honestly, we’d argue less and fix more. No drama, just fundamentals.",1
ai_0458,"Short answer: in health, execution matters more than hype. A lot of the noise online makes it seem more complicated than it is. When incentives line up, outcomes improve. When they don’t, frustration builds. Sure, there’s another side. Sometimes fast change creates energy and momentum. But without consistency and follow through, things drift back to the same patterns. Most debates focus on personalities instead of systems, which kind of misses the bigger picture. If we defined success clearly and measured it honestly, we’d argue less and fix more. No drama, just fundamentals.",1
ai_0459,"Real talk, in sports, most problems are coordination failures. A lot of the noise online makes it seem more complicated than it is. When incentives line up, outcomes improve. When they don’t, frustration builds. There’s a reasonable pushback. Sometimes fast change creates energy and momentum. But without consistency and follow through, things drift back to the same patterns. Most debates focus on personalities instead of systems, which kind of misses the bigger picture. If we defined success clearly and measured it honestly, we’d argue less and fix more. That’s kind of the point.",1
ai_0460,"Short answer: in economy, execution matters more than hype. A lot of the noise online makes it seem more complicated than it is. When incentives line up, outcomes improve. When they don’t, frustration builds. Not everyone sees it this way. Sometimes fast change creates energy and momentum. But without consistency and follow through, things drift back to the same patterns. Most debates focus on personalities instead of systems, which kind of misses the bigger picture. If we defined success clearly and measured it honestly, we’d argue less and fix more. Still, the basics matter.",1
ai_0461,"Quick take: in climate, clarity would solve half the confusion. A lot of the noise online makes it seem more complicated than it is. When incentives line up, outcomes improve. When they don’t, frustration builds. Sure, there’s another side. Sometimes fast change creates energy and momentum. But without consistency and follow through, things drift back to the same patterns. Most debates focus on personalities instead of systems, which kind of misses the bigger picture. If we defined success clearly and measured it honestly, we’d argue less and fix more. That’s kind of the point.",1
ai_0462,"Hot take: in campus life, clarity would solve half the confusion. A lot of the noise online makes it seem more complicated than it is. When incentives line up, outcomes improve. When they don’t, frustration builds. Sure, there’s another side. Sometimes fast change creates energy and momentum. But without consistency and follow through, things drift back to the same patterns. Most debates focus on personalities instead of systems, which kind of misses the bigger picture. If we defined success clearly and measured it honestly, we’d argue less and fix more. That’s kind of the point.",1
ai_0463,"Short answer: in politics, clarity would solve half the confusion. A lot of the noise online makes it seem more complicated than it is. When incentives line up, outcomes improve. When they don’t, frustration builds. There’s a reasonable pushback. Sometimes fast change creates energy and momentum. But without consistency and follow through, things drift back to the same patterns. Most debates focus on personalities instead of systems, which kind of misses the bigger picture. If we defined success clearly and measured it honestly, we’d argue less and fix more. That’s kind of the point.",1
ai_0464,"Honestly, in tech, people follow what’s rewarded, not what’s recommended. A lot of the noise online makes it seem more complicated than it is. When incentives line up, outcomes improve. When they don’t, frustration builds. Not everyone sees it this way. Sometimes fast change creates energy and momentum. But without consistency and follow through, things drift back to the same patterns. Most debates focus on personalities instead of systems, which kind of misses the bigger picture. If we defined success clearly and measured it honestly, we’d argue less and fix more. No drama, just fundamentals.",1
ai_0465,"Real talk, in health, people follow what’s rewarded, not what’s recommended. A lot of the noise online makes it seem more complicated than it is. When incentives line up, outcomes improve. When they don’t, frustration builds. Not everyone sees it this way. Sometimes fast change creates energy and momentum. But without consistency and follow through, things drift back to the same patterns. Most debates focus on personalities instead of systems, which kind of misses the bigger picture. If we defined success clearly and measured it honestly, we’d argue less and fix more. It’s not flashy, but it’s real.",1
ai_0466,"Real talk, in sports, structure beats intention every time. A lot of the noise online makes it seem more complicated than it is. When incentives line up, outcomes improve. When they don’t, frustration builds. Sure, there’s another side. Sometimes fast change creates energy and momentum. But without consistency and follow through, things drift back to the same patterns. Most debates focus on personalities instead of systems, which kind of misses the bigger picture. If we defined success clearly and measured it honestly, we’d argue less and fix more. No drama, just fundamentals.",1
ai_0467,"Honestly, in economy, clarity would solve half the confusion. A lot of the noise online makes it seem more complicated than it is. When incentives line up, outcomes improve. When they don’t, frustration builds. There’s a reasonable pushback. Sometimes fast change creates energy and momentum. But without consistency and follow through, things drift back to the same patterns. Most debates focus on personalities instead of systems, which kind of misses the bigger picture. If we defined success clearly and measured it honestly, we’d argue less and fix more. Still, the basics matter.",1
ai_0468,"Honestly, in climate, execution matters more than hype. A lot of the noise online makes it seem more complicated than it is. When incentives line up, outcomes improve. When they don’t, frustration builds. Some folks disagree, and that’s fair. Sometimes fast change creates energy and momentum. But without consistency and follow through, things drift back to the same patterns. Most debates focus on personalities instead of systems, which kind of misses the bigger picture. If we defined success clearly and measured it honestly, we’d argue less and fix more. Still, the basics matter.",1
ai_0469,"Short answer: in campus life, clarity would solve half the confusion. A lot of the noise online makes it seem more complicated than it is. When incentives line up, outcomes improve. When they don’t, frustration builds. Not everyone sees it this way. Sometimes fast change creates energy and momentum. But without consistency and follow through, things drift back to the same patterns. Most debates focus on personalities instead of systems, which kind of misses the bigger picture. If we defined success clearly and measured it honestly, we’d argue less and fix more. It’s not flashy, but it’s real.",1
ai_0470,"Short answer: in politics, most problems are coordination failures. A lot of the noise online makes it seem more complicated than it is. When incentives line up, outcomes improve. When they don’t, frustration builds. Not everyone sees it this way. Sometimes fast change creates energy and momentum. But without consistency and follow through, things drift back to the same patterns. Most debates focus on personalities instead of systems, which kind of misses the bigger picture. If we defined success clearly and measured it honestly, we’d argue less and fix more. It’s not flashy, but it’s real.",1
ai_0471,"Hot take: in tech, slow progress is still progress. A lot of the noise online makes it seem more complicated than it is. When incentives line up, outcomes improve. When they don’t, frustration builds. I get the counterargument. Sometimes fast change creates energy and momentum. But without consistency and follow through, things drift back to the same patterns. Most debates focus on personalities instead of systems, which kind of misses the bigger picture. If we defined success clearly and measured it honestly, we’d argue less and fix more. That’s kind of the point.",1
ai_0472,"Quick take: in health, structure beats intention every time. A lot of the noise online makes it seem more complicated than it is. When incentives line up, outcomes improve. When they don’t, frustration builds. Sure, there’s another side. Sometimes fast change creates energy and momentum. But without consistency and follow through, things drift back to the same patterns. Most debates focus on personalities instead of systems, which kind of misses the bigger picture. If we defined success clearly and measured it honestly, we’d argue less and fix more. That’s kind of the point.",1
ai_0473,"Hot take: in sports, people follow what’s rewarded, not what’s recommended. A lot of the noise online makes it seem more complicated than it is. When incentives line up, outcomes improve. When they don’t, frustration builds. Not everyone sees it this way. Sometimes fast change creates energy and momentum. But without consistency and follow through, things drift back to the same patterns. Most debates focus on personalities instead of systems, which kind of misses the bigger picture. If we defined success clearly and measured it honestly, we’d argue less and fix more. No drama, just fundamentals.",1
ai_0474,"Honestly, in economy, slow progress is still progress. A lot of the noise online makes it seem more complicated than it is. When incentives line up, outcomes improve. When they don’t, frustration builds. I get the counterargument. Sometimes fast change creates energy and momentum. But without consistency and follow through, things drift back to the same patterns. Most debates focus on personalities instead of systems, which kind of misses the bigger picture. If we defined success clearly and measured it honestly, we’d argue less and fix more. That’s kind of the point.",1
ai_0475,"Honestly, in climate, clarity would solve half the confusion. A lot of the noise online makes it seem more complicated than it is. When incentives line up, outcomes improve. When they don’t, frustration builds. Some folks disagree, and that’s fair. Sometimes fast change creates energy and momentum. But without consistency and follow through, things drift back to the same patterns. Most debates focus on personalities instead of systems, which kind of misses the bigger picture. If we defined success clearly and measured it honestly, we’d argue less and fix more. That’s kind of the point.",1
ai_0476,"Short answer: in campus life, people follow what’s rewarded, not what’s recommended. A lot of the noise online makes it seem more complicated than it is. When incentives line up, outcomes improve. When they don’t, frustration builds. Not everyone sees it this way. Sometimes fast change creates energy and momentum. But without consistency and follow through, things drift back to the same patterns. Most debates focus on personalities instead of systems, which kind of misses the bigger picture. If we defined success clearly and measured it honestly, we’d argue less and fix more. Still, the basics matter.",1
ai_0477,"Honestly, in politics, incentives drive behavior more than speeches. A lot of the noise online makes it seem more complicated than it is. When incentives line up, outcomes improve. When they don’t, frustration builds. There’s a reasonable pushback. Sometimes fast change creates energy and momentum. But without consistency and follow through, things drift back to the same patterns. Most debates focus on personalities instead of systems, which kind of misses the bigger picture. If we defined success clearly and measured it honestly, we’d argue less and fix more. That’s kind of the point.",1
ai_0478,"Hot take: in tech, slow progress is still progress. A lot of the noise online makes it seem more complicated than it is. When incentives line up, outcomes improve. When they don’t, frustration builds. There’s a reasonable pushback. Sometimes fast change creates energy and momentum. But without consistency and follow through, things drift back to the same patterns. Most debates focus on personalities instead of systems, which kind of misses the bigger picture. If we defined success clearly and measured it honestly, we’d argue less and fix more. No drama, just fundamentals.",1
ai_0479,"Real talk, in health, most problems are coordination failures. A lot of the noise online makes it seem more complicated than it is. When incentives line up, outcomes improve. When they don’t, frustration builds. Not everyone sees it this way. Sometimes fast change creates energy and momentum. But without consistency and follow through, things drift back to the same patterns. Most debates focus on personalities instead of systems, which kind of misses the bigger picture. If we defined success clearly and measured it honestly, we’d argue less and fix more. No drama, just fundamentals.",1
ai_0480,"Quick take: in sports, execution matters more than hype. A lot of the noise online makes it seem more complicated than it is. When incentives line up, outcomes improve. When they don’t, frustration builds. I get the counterargument. Sometimes fast change creates energy and momentum. But without consistency and follow through, things drift back to the same patterns. Most debates focus on personalities instead of systems, which kind of misses the bigger picture. If we defined success clearly and measured it honestly, we’d argue less and fix more. It’s not flashy, but it’s real.",1
ai_0481,"Real talk, in economy, incentives drive behavior more than speeches. A lot of the noise online makes it seem more complicated than it is. When incentives line up, outcomes improve. When they don’t, frustration builds. I get the counterargument. Sometimes fast change creates energy and momentum. But without consistency and follow through, things drift back to the same patterns. Most debates focus on personalities instead of systems, which kind of misses the bigger picture. If we defined success clearly and measured it honestly, we’d argue less and fix more. That’s kind of the point.",1
ai_0482,"Hot take: in climate, execution matters more than hype. A lot of the noise online makes it seem more complicated than it is. When incentives line up, outcomes improve. When they don’t, frustration builds. There’s a reasonable pushback. Sometimes fast change creates energy and momentum. But without consistency and follow through, things drift back to the same patterns. Most debates focus on personalities instead of systems, which kind of misses the bigger picture. If we defined success clearly and measured it honestly, we’d argue less and fix more. Simple doesn’t mean easy.",1
ai_0483,"Honestly, in campus life, incentives drive behavior more than speeches. A lot of the noise online makes it seem more complicated than it is. When incentives line up, outcomes improve. When they don’t, frustration builds. Sure, there’s another side. Sometimes fast change creates energy and momentum. But without consistency and follow through, things drift back to the same patterns. Most debates focus on personalities instead of systems, which kind of misses the bigger picture. If we defined success clearly and measured it honestly, we’d argue less and fix more. Simple doesn’t mean easy.",1
ai_0484,"Real talk, in politics, clarity would solve half the confusion. A lot of the noise online makes it seem more complicated than it is. When incentives line up, outcomes improve. When they don’t, frustration builds. I get the counterargument. Sometimes fast change creates energy and momentum. But without consistency and follow through, things drift back to the same patterns. Most debates focus on personalities instead of systems, which kind of misses the bigger picture. If we defined success clearly and measured it honestly, we’d argue less and fix more. It’s not flashy, but it’s real.",1
ai_0485,"Quick take: in tech, execution matters more than hype. A lot of the noise online makes it seem more complicated than it is. When incentives line up, outcomes improve. When they don’t, frustration builds. There’s a reasonable pushback. Sometimes fast change creates energy and momentum. But without consistency and follow through, things drift back to the same patterns. Most debates focus on personalities instead of systems, which kind of misses the bigger picture. If we defined success clearly and measured it honestly, we’d argue less and fix more. Simple doesn’t mean easy.",1
ai_0486,"Quick take: in health, clarity would solve half the confusion. A lot of the noise online makes it seem more complicated than it is. When incentives line up, outcomes improve. When they don’t, frustration builds. There’s a reasonable pushback. Sometimes fast change creates energy and momentum. But without consistency and follow through, things drift back to the same patterns. Most debates focus on personalities instead of systems, which kind of misses the bigger picture. If we defined success clearly and measured it honestly, we’d argue less and fix more. Still, the basics matter.",1
ai_0487,"Short answer: in sports, people follow what’s rewarded, not what’s recommended. A lot of the noise online makes it seem more complicated than it is. When incentives line up, outcomes improve. When they don’t, frustration builds. There’s a reasonable pushback. Sometimes fast change creates energy and momentum. But without consistency and follow through, things drift back to the same patterns. Most debates focus on personalities instead of systems, which kind of misses the bigger picture. If we defined success clearly and measured it honestly, we’d argue less and fix more. It’s not flashy, but it’s real.",1
ai_0488,"Short answer: in economy, most problems are coordination failures. A lot of the noise online makes it seem more complicated than it is. When incentives line up, outcomes improve. When they don’t, frustration builds. Not everyone sees it this way. Sometimes fast change creates energy and momentum. But without consistency and follow through, things drift back to the same patterns. Most debates focus on personalities instead of systems, which kind of misses the bigger picture. If we defined success clearly and measured it honestly, we’d argue less and fix more. No drama, just fundamentals.",1
ai_0489,"Hot take: in climate, incentives drive behavior more than speeches. A lot of the noise online makes it seem more complicated than it is. When incentives line up, outcomes improve. When they don’t, frustration builds. Sure, there’s another side. Sometimes fast change creates energy and momentum. But without consistency and follow through, things drift back to the same patterns. Most debates focus on personalities instead of systems, which kind of misses the bigger picture. If we defined success clearly and measured it honestly, we’d argue less and fix more. Simple doesn’t mean easy.",1
ai_0490,"Honestly, in campus life, most problems are coordination failures. A lot of the noise online makes it seem more complicated than it is. When incentives line up, outcomes improve. When they don’t, frustration builds. Some folks disagree, and that’s fair. Sometimes fast change creates energy and momentum. But without consistency and follow through, things drift back to the same patterns. Most debates focus on personalities instead of systems, which kind of misses the bigger picture. If we defined success clearly and measured it honestly, we’d argue less and fix more. It’s not flashy, but it’s real.",1
ai_0491,"Quick take: in politics, people follow what’s rewarded, not what’s recommended. A lot of the noise online makes it seem more complicated than it is. When incentives line up, outcomes improve. When they don’t, frustration builds. Some folks disagree, and that’s fair. Sometimes fast change creates energy and momentum. But without consistency and follow through, things drift back to the same patterns. Most debates focus on personalities instead of systems, which kind of misses the bigger picture. If we defined success clearly and measured it honestly, we’d argue less and fix more. Still, the basics matter.",1
ai_0492,"Quick take: in tech, people follow what’s rewarded, not what’s recommended. A lot of the noise online makes it seem more complicated than it is. When incentives line up, outcomes improve. When they don’t, frustration builds. Sure, there’s another side. Sometimes fast change creates energy and momentum. But without consistency and follow through, things drift back to the same patterns. Most debates focus on personalities instead of systems, which kind of misses the bigger picture. If we defined success clearly and measured it honestly, we’d argue less and fix more. Still, the basics matter.",1
ai_0493,"Honestly, in health, execution matters more than hype. A lot of the noise online makes it seem more complicated than it is. When incentives line up, outcomes improve. When they don’t, frustration builds. Not everyone sees it this way. Sometimes fast change creates energy and momentum. But without consistency and follow through, things drift back to the same patterns. Most debates focus on personalities instead of systems, which kind of misses the bigger picture. If we defined success clearly and measured it honestly, we’d argue less and fix more. It’s not flashy, but it’s real.",1
ai_0494,"Real talk, in sports, slow progress is still progress. A lot of the noise online makes it seem more complicated than it is. When incentives line up, outcomes improve. When they don’t, frustration builds. There’s a reasonable pushback. Sometimes fast change creates energy and momentum. But without consistency and follow through, things drift back to the same patterns. Most debates focus on personalities instead of systems, which kind of misses the bigger picture. If we defined success clearly and measured it honestly, we’d argue less and fix more. Still, the basics matter.",1
ai_0495,"Short answer: in economy, execution matters more than hype. A lot of the noise online makes it seem more complicated than it is. When incentives line up, outcomes improve. When they don’t, frustration builds. I get the counterargument. Sometimes fast change creates energy and momentum. But without consistency and follow through, things drift back to the same patterns. Most debates focus on personalities instead of systems, which kind of misses the bigger picture. If we defined success clearly and measured it honestly, we’d argue less and fix more. Simple doesn’t mean easy.",1
ai_0496,"Honestly, in climate, slow progress is still progress. A lot of the noise online makes it seem more complicated than it is. When incentives line up, outcomes improve. When they don’t, frustration builds. There’s a reasonable pushback. Sometimes fast change creates energy and momentum. But without consistency and follow through, things drift back to the same patterns. Most debates focus on personalities instead of systems, which kind of misses the bigger picture. If we defined success clearly and measured it honestly, we’d argue less and fix more. It’s not flashy, but it’s real.",1
ai_0497,"Hot take: in campus life, most problems are coordination failures. A lot of the noise online makes it seem more complicated than it is. When incentives line up, outcomes improve. When they don’t, frustration builds. Not everyone sees it this way. Sometimes fast change creates energy and momentum. But without consistency and follow through, things drift back to the same patterns. Most debates focus on personalities instead of systems, which kind of misses the bigger picture. If we defined success clearly and measured it honestly, we’d argue less and fix more. No drama, just fundamentals.",1
ai_0498,"Quick take: in politics, incentives drive behavior more than speeches. A lot of the noise online makes it seem more complicated than it is. When incentives line up, outcomes improve. When they don’t, frustration builds. Some folks disagree, and that’s fair. Sometimes fast change creates energy and momentum. But without consistency and follow through, things drift back to the same patterns. Most debates focus on personalities instead of systems, which kind of misses the bigger picture. If we defined success clearly and measured it honestly, we’d argue less and fix more. Still, the basics matter.",1
ai_0499,"Hot take: in tech, clarity would solve half the confusion. A lot of the noise online makes it seem more complicated than it is. When incentives line up, outcomes improve. When they don’t, frustration builds. Sure, there’s another side. Sometimes fast change creates energy and momentum. But without consistency and follow through, things drift back to the same patterns. Most debates focus on personalities instead of systems, which kind of misses the bigger picture. If we defined success clearly and measured it honestly, we’d argue less and fix more. Simple doesn’t mean easy.",1
ai_0500,"Quick take: in health, incentives drive behavior more than speeches. A lot of the noise online makes it seem more complicated than it is. When incentives line up, outcomes improve. When they don’t, frustration builds. Sure, there’s another side. Sometimes fast change creates energy and momentum. But without consistency and follow through, things drift back to the same patterns. Most debates focus on personalities instead of systems, which kind of misses the bigger picture. If we defined success clearly and measured it honestly, we’d argue less and fix more. That’s kind of the point.",1
ai_0501,"Short answer: in sports, most problems are coordination failures. A lot of the noise online makes it seem more complicated than it is. When incentives line up, outcomes improve. When they don’t, frustration builds. There’s a reasonable pushback. Sometimes fast change creates energy and momentum. But without consistency and follow through, things drift back to the same patterns. Most debates focus on personalities instead of systems, which kind of misses the bigger picture. If we defined success clearly and measured it honestly, we’d argue less and fix more. No drama, just fundamentals.",1
ai_0502,"Honestly, in economy, execution matters more than hype. A lot of the noise online makes it seem more complicated than it is. When incentives line up, outcomes improve. When they don’t, frustration builds. I get the counterargument. Sometimes fast change creates energy and momentum. But without consistency and follow through, things drift back to the same patterns. Most debates focus on personalities instead of systems, which kind of misses the bigger picture. If we defined success clearly and measured it honestly, we’d argue less and fix more. No drama, just fundamentals.",1
ai_0503,"Hot take: in climate, structure beats intention every time. A lot of the noise online makes it seem more complicated than it is. When incentives line up, outcomes improve. When they don’t, frustration builds. Not everyone sees it this way. Sometimes fast change creates energy and momentum. But without consistency and follow through, things drift back to the same patterns. Most debates focus on personalities instead of systems, which kind of misses the bigger picture. If we defined success clearly and measured it honestly, we’d argue less and fix more. No drama, just fundamentals.",1
ai_0504,"Real talk, in campus life, people follow what’s rewarded, not what’s recommended. A lot of the noise online makes it seem more complicated than it is. When incentives line up, outcomes improve. When they don’t, frustration builds. Sure, there’s another side. Sometimes fast change creates energy and momentum. But without consistency and follow through, things drift back to the same patterns. Most debates focus on personalities instead of systems, which kind of misses the bigger picture. If we defined success clearly and measured it honestly, we’d argue less and fix more. No drama, just fundamentals.",1
ai_0505,"Real talk, in politics, most problems are coordination failures. A lot of the noise online makes it seem more complicated than it is. When incentives line up, outcomes improve. When they don’t, frustration builds. Sure, there’s another side. Sometimes fast change creates energy and momentum. But without consistency and follow through, things drift back to the same patterns. Most debates focus on personalities instead of systems, which kind of misses the bigger picture. If we defined success clearly and measured it honestly, we’d argue less and fix more. That’s kind of the point.",1
ai_0506,"Hot take: in tech, clarity would solve half the confusion. A lot of the noise online makes it seem more complicated than it is. When incentives line up, outcomes improve. When they don’t, frustration builds. I get the counterargument. Sometimes fast change creates energy and momentum. But without consistency and follow through, things drift back to the same patterns. Most debates focus on personalities instead of systems, which kind of misses the bigger picture. If we defined success clearly and measured it honestly, we’d argue less and fix more. No drama, just fundamentals.",1
ai_0507,"Quick take: in health, execution matters more than hype. A lot of the noise online makes it seem more complicated than it is. When incentives line up, outcomes improve. When they don’t, frustration builds. There’s a reasonable pushback. Sometimes fast change creates energy and momentum. But without consistency and follow through, things drift back to the same patterns. Most debates focus on personalities instead of systems, which kind of misses the bigger picture. If we defined success clearly and measured it honestly, we’d argue less and fix more. Still, the basics matter.",1
ai_0508,"Short answer: in sports, structure beats intention every time. A lot of the noise online makes it seem more complicated than it is. When incentives line up, outcomes improve. When they don’t, frustration builds. There’s a reasonable pushback. Sometimes fast change creates energy and momentum. But without consistency and follow through, things drift back to the same patterns. Most debates focus on personalities instead of systems, which kind of misses the bigger picture. If we defined success clearly and measured it honestly, we’d argue less and fix more. Simple doesn’t mean easy.",1
ai_0509,"Real talk, in economy, incentives drive behavior more than speeches. A lot of the noise online makes it seem more complicated than it is. When incentives line up, outcomes improve. When they don’t, frustration builds. I get the counterargument. Sometimes fast change creates energy and momentum. But without consistency and follow through, things drift back to the same patterns. Most debates focus on personalities instead of systems, which kind of misses the bigger picture. If we defined success clearly and measured it honestly, we’d argue less and fix more. No drama, just fundamentals.",1
ai_0510,"Short answer: in climate, incentives drive behavior more than speeches. A lot of the noise online makes it seem more complicated than it is. When incentives line up, outcomes improve. When they don’t, frustration builds. Sure, there’s another side. Sometimes fast change creates energy and momentum. But without consistency and follow through, things drift back to the same patterns. Most debates focus on personalities instead of systems, which kind of misses the bigger picture. If we defined success clearly and measured it honestly, we’d argue less and fix more. It’s not flashy, but it’s real.",1
ai_0511,"Quick take: in campus life, structure beats intention every time. A lot of the noise online makes it seem more complicated than it is. When incentives line up, outcomes improve. When they don’t, frustration builds. Sure, there’s another side. Sometimes fast change creates energy and momentum. But without consistency and follow through, things drift back to the same patterns. Most debates focus on personalities instead of systems, which kind of misses the bigger picture. If we defined success clearly and measured it honestly, we’d argue less and fix more. Simple doesn’t mean easy.",1
ai_0512,"Honestly, in politics, slow progress is still progress. A lot of the noise online makes it seem more complicated than it is. When incentives line up, outcomes improve. When they don’t, frustration builds. Some folks disagree, and that’s fair. Sometimes fast change creates energy and momentum. But without consistency and follow through, things drift back to the same patterns. Most debates focus on personalities instead of systems, which kind of misses the bigger picture. If we defined success clearly and measured it honestly, we’d argue less and fix more. That’s kind of the point.",1
ai_0513,"Quick take: in tech, structure beats intention every time. A lot of the noise online makes it seem more complicated than it is. When incentives line up, outcomes improve. When they don’t, frustration builds. Some folks disagree, and that’s fair. Sometimes fast change creates energy and momentum. But without consistency and follow through, things drift back to the same patterns. Most debates focus on personalities instead of systems, which kind of misses the bigger picture. If we defined success clearly and measured it honestly, we’d argue less and fix more. Still, the basics matter.",1
ai_0514,"Quick take: in health, most problems are coordination failures. A lot of the noise online makes it seem more complicated than it is. When incentives line up, outcomes improve. When they don’t, frustration builds. Some folks disagree, and that’s fair. Sometimes fast change creates energy and momentum. But without consistency and follow through, things drift back to the same patterns. Most debates focus on personalities instead of systems, which kind of misses the bigger picture. If we defined success clearly and measured it honestly, we’d argue less and fix more. It’s not flashy, but it’s real.",1
ai_0515,"Short answer: in sports, most problems are coordination failures. A lot of the noise online makes it seem more complicated than it is. When incentives line up, outcomes improve. When they don’t, frustration builds. Not everyone sees it this way. Sometimes fast change creates energy and momentum. But without consistency and follow through, things drift back to the same patterns. Most debates focus on personalities instead of systems, which kind of misses the bigger picture. If we defined success clearly and measured it honestly, we’d argue less and fix more. No drama, just fundamentals.",1
ai_0516,"Real talk, in economy, most problems are coordination failures. A lot of the noise online makes it seem more complicated than it is. When incentives line up, outcomes improve. When they don’t, frustration builds. Sure, there’s another side. Sometimes fast change creates energy and momentum. But without consistency and follow through, things drift back to the same patterns. Most debates focus on personalities instead of systems, which kind of misses the bigger picture. If we defined success clearly and measured it honestly, we’d argue less and fix more. Still, the basics matter.",1
ai_0517,"Honestly, in climate, people follow what’s rewarded, not what’s recommended. A lot of the noise online makes it seem more complicated than it is. When incentives line up, outcomes improve. When they don’t, frustration builds. There’s a reasonable pushback. Sometimes fast change creates energy and momentum. But without consistency and follow through, things drift back to the same patterns. Most debates focus on personalities instead of systems, which kind of misses the bigger picture. If we defined success clearly and measured it honestly, we’d argue less and fix more. Still, the basics matter.",1
ai_0518,"Honestly, in campus life, incentives drive behavior more than speeches. A lot of the noise online makes it seem more complicated than it is. When incentives line up, outcomes improve. When they don’t, frustration builds. Not everyone sees it this way. Sometimes fast change creates energy and momentum. But without consistency and follow through, things drift back to the same patterns. Most debates focus on personalities instead of systems, which kind of misses the bigger picture. If we defined success clearly and measured it honestly, we’d argue less and fix more. Simple doesn’t mean easy.",1
ai_0519,"Real talk, in politics, structure beats intention every time. A lot of the noise online makes it seem more complicated than it is. When incentives line up, outcomes improve. When they don’t, frustration builds. Some folks disagree, and that’s fair. Sometimes fast change creates energy and momentum. But without consistency and follow through, things drift back to the same patterns. Most debates focus on personalities instead of systems, which kind of misses the bigger picture. If we defined success clearly and measured it honestly, we’d argue less and fix more. Still, the basics matter.",1
ai_0520,"Short answer: in tech, slow progress is still progress. A lot of the noise online makes it seem more complicated than it is. When incentives line up, outcomes improve. When they don’t, frustration builds. I get the counterargument. Sometimes fast change creates energy and momentum. But without consistency and follow through, things drift back to the same patterns. Most debates focus on personalities instead of systems, which kind of misses the bigger picture. If we defined success clearly and measured it honestly, we’d argue less and fix more. It’s not flashy, but it’s real.",1
ai_0521,"Quick take: in health, people follow what’s rewarded, not what’s recommended. A lot of the noise online makes it seem more complicated than it is. When incentives line up, outcomes improve. When they don’t, frustration builds. There’s a reasonable pushback. Sometimes fast change creates energy and momentum. But without consistency and follow through, things drift back to the same patterns. Most debates focus on personalities instead of systems, which kind of misses the bigger picture. If we defined success clearly and measured it honestly, we’d argue less and fix more. It’s not flashy, but it’s real.",1
ai_0522,"Hot take: in sports, clarity would solve half the confusion. A lot of the noise online makes it seem more complicated than it is. When incentives line up, outcomes improve. When they don’t, frustration builds. Some folks disagree, and that’s fair. Sometimes fast change creates energy and momentum. But without consistency and follow through, things drift back to the same patterns. Most debates focus on personalities instead of systems, which kind of misses the bigger picture. If we defined success clearly and measured it honestly, we’d argue less and fix more. Still, the basics matter.",1
ai_0523,"Quick take: in economy, incentives drive behavior more than speeches. A lot of the noise online makes it seem more complicated than it is. When incentives line up, outcomes improve. When they don’t, frustration builds. Not everyone sees it this way. Sometimes fast change creates energy and momentum. But without consistency and follow through, things drift back to the same patterns. Most debates focus on personalities instead of systems, which kind of misses the bigger picture. If we defined success clearly and measured it honestly, we’d argue less and fix more. It’s not flashy, but it’s real.",1
ai_0524,"Real talk, in climate, structure beats intention every time. A lot of the noise online makes it seem more complicated than it is. When incentives line up, outcomes improve. When they don’t, frustration builds. Sure, there’s another side. Sometimes fast change creates energy and momentum. But without consistency and follow through, things drift back to the same patterns. Most debates focus on personalities instead of systems, which kind of misses the bigger picture. If we defined success clearly and measured it honestly, we’d argue less and fix more. No drama, just fundamentals.",1
ai_0525,"Hot take: in campus life, structure beats intention every time. A lot of the noise online makes it seem more complicated than it is. When incentives line up, outcomes improve. When they don’t, frustration builds. Sure, there’s another side. Sometimes fast change creates energy and momentum. But without consistency and follow through, things drift back to the same patterns. Most debates focus on personalities instead of systems, which kind of misses the bigger picture. If we defined success clearly and measured it honestly, we’d argue less and fix more. Still, the basics matter.",1
ai_0526,"Short answer: in politics, most problems are coordination failures. A lot of the noise online makes it seem more complicated than it is. When incentives line up, outcomes improve. When they don’t, frustration builds. There’s a reasonable pushback. Sometimes fast change creates energy and momentum. But without consistency and follow through, things drift back to the same patterns. Most debates focus on personalities instead of systems, which kind of misses the bigger picture. If we defined success clearly and measured it honestly, we’d argue less and fix more. Still, the basics matter.",1
ai_0527,"Honestly, in tech, execution matters more than hype. A lot of the noise online makes it seem more complicated than it is. When incentives line up, outcomes improve. When they don’t, frustration builds. I get the counterargument. Sometimes fast change creates energy and momentum. But without consistency and follow through, things drift back to the same patterns. Most debates focus on personalities instead of systems, which kind of misses the bigger picture. If we defined success clearly and measured it honestly, we’d argue less and fix more. That’s kind of the point.",1
ai_0528,"Honestly, in health, structure beats intention every time. A lot of the noise online makes it seem more complicated than it is. When incentives line up, outcomes improve. When they don’t, frustration builds. There’s a reasonable pushback. Sometimes fast change creates energy and momentum. But without consistency and follow through, things drift back to the same patterns. Most debates focus on personalities instead of systems, which kind of misses the bigger picture. If we defined success clearly and measured it honestly, we’d argue less and fix more. It’s not flashy, but it’s real.",1
ai_0529,"Real talk, in sports, incentives drive behavior more than speeches. A lot of the noise online makes it seem more complicated than it is. When incentives line up, outcomes improve. When they don’t, frustration builds. Sure, there’s another side. Sometimes fast change creates energy and momentum. But without consistency and follow through, things drift back to the same patterns. Most debates focus on personalities instead of systems, which kind of misses the bigger picture. If we defined success clearly and measured it honestly, we’d argue less and fix more. No drama, just fundamentals.",1
ai_0530,"Quick take: in economy, incentives drive behavior more than speeches. A lot of the noise online makes it seem more complicated than it is. When incentives line up, outcomes improve. When they don’t, frustration builds. I get the counterargument. Sometimes fast change creates energy and momentum. But without consistency and follow through, things drift back to the same patterns. Most debates focus on personalities instead of systems, which kind of misses the bigger picture. If we defined success clearly and measured it honestly, we’d argue less and fix more. No drama, just fundamentals.",1
ai_0531,"Short answer: in climate, people follow what’s rewarded, not what’s recommended. A lot of the noise online makes it seem more complicated than it is. When incentives line up, outcomes improve. When they don’t, frustration builds. Sure, there’s another side. Sometimes fast change creates energy and momentum. But without consistency and follow through, things drift back to the same patterns. Most debates focus on personalities instead of systems, which kind of misses the bigger picture. If we defined success clearly and measured it honestly, we’d argue less and fix more. That’s kind of the point.",1
ai_0532,"Quick take: in campus life, most problems are coordination failures. A lot of the noise online makes it seem more complicated than it is. When incentives line up, outcomes improve. When they don’t, frustration builds. Not everyone sees it this way. Sometimes fast change creates energy and momentum. But without consistency and follow through, things drift back to the same patterns. Most debates focus on personalities instead of systems, which kind of misses the bigger picture. If we defined success clearly and measured it honestly, we’d argue less and fix more. Simple doesn’t mean easy.",1
ai_0533,"Hot take: in politics, people follow what’s rewarded, not what’s recommended. A lot of the noise online makes it seem more complicated than it is. When incentives line up, outcomes improve. When they don’t, frustration builds. There’s a reasonable pushback. Sometimes fast change creates energy and momentum. But without consistency and follow through, things drift back to the same patterns. Most debates focus on personalities instead of systems, which kind of misses the bigger picture. If we defined success clearly and measured it honestly, we’d argue less and fix more. That’s kind of the point.",1
ai_0534,"Short answer: in tech, structure beats intention every time. A lot of the noise online makes it seem more complicated than it is. When incentives line up, outcomes improve. When they don’t, frustration builds. Some folks disagree, and that’s fair. Sometimes fast change creates energy and momentum. But without consistency and follow through, things drift back to the same patterns. Most debates focus on personalities instead of systems, which kind of misses the bigger picture. If we defined success clearly and measured it honestly, we’d argue less and fix more. Still, the basics matter.",1
ai_0535,"Hot take: in health, structure beats intention every time. A lot of the noise online makes it seem more complicated than it is. When incentives line up, outcomes improve. When they don’t, frustration builds. Sure, there’s another side. Sometimes fast change creates energy and momentum. But without consistency and follow through, things drift back to the same patterns. Most debates focus on personalities instead of systems, which kind of misses the bigger picture. If we defined success clearly and measured it honestly, we’d argue less and fix more. That’s kind of the point.",1
ai_0536,"Honestly, in sports, incentives drive behavior more than speeches. A lot of the noise online makes it seem more complicated than it is. When incentives line up, outcomes improve. When they don’t, frustration builds. There’s a reasonable pushback. Sometimes fast change creates energy and momentum. But without consistency and follow through, things drift back to the same patterns. Most debates focus on personalities instead of systems, which kind of misses the bigger picture. If we defined success clearly and measured it honestly, we’d argue less and fix more. It’s not flashy, but it’s real.",1
ai_0537,"Real talk, in economy, execution matters more than hype. A lot of the noise online makes it seem more complicated than it is. When incentives line up, outcomes improve. When they don’t, frustration builds. There’s a reasonable pushback. Sometimes fast change creates energy and momentum. But without consistency and follow through, things drift back to the same patterns. Most debates focus on personalities instead of systems, which kind of misses the bigger picture. If we defined success clearly and measured it honestly, we’d argue less and fix more. Still, the basics matter.",1
ai_0538,"Honestly, in climate, clarity would solve half the confusion. A lot of the noise online makes it seem more complicated than it is. When incentives line up, outcomes improve. When they don’t, frustration builds. Sure, there’s another side. Sometimes fast change creates energy and momentum. But without consistency and follow through, things drift back to the same patterns. Most debates focus on personalities instead of systems, which kind of misses the bigger picture. If we defined success clearly and measured it honestly, we’d argue less and fix more. No drama, just fundamentals.",1
ai_0539,"Quick take: in campus life, clarity would solve half the confusion. A lot of the noise online makes it seem more complicated than it is. When incentives line up, outcomes improve. When they don’t, frustration builds. Some folks disagree, and that’s fair. Sometimes fast change creates energy and momentum. But without consistency and follow through, things drift back to the same patterns. Most debates focus on personalities instead of systems, which kind of misses the bigger picture. If we defined success clearly and measured it honestly, we’d argue less and fix more. Simple doesn’t mean easy.",1
ai_0540,"Quick take: in politics, execution matters more than hype. A lot of the noise online makes it seem more complicated than it is. When incentives line up, outcomes improve. When they don’t, frustration builds. Sure, there’s another side. Sometimes fast change creates energy and momentum. But without consistency and follow through, things drift back to the same patterns. Most debates focus on personalities instead of systems, which kind of misses the bigger picture. If we defined success clearly and measured it honestly, we’d argue less and fix more. It’s not flashy, but it’s real.",1
ai_0541,"Real talk, in tech, slow progress is still progress. A lot of the noise online makes it seem more complicated than it is. When incentives line up, outcomes improve. When they don’t, frustration builds. I get the counterargument. Sometimes fast change creates energy and momentum. But without consistency and follow through, things drift back to the same patterns. Most debates focus on personalities instead of systems, which kind of misses the bigger picture. If we defined success clearly and measured it honestly, we’d argue less and fix more. It’s not flashy, but it’s real.",1
ai_0542,"Honestly, in health, execution matters more than hype. A lot of the noise online makes it seem more complicated than it is. When incentives line up, outcomes improve. When they don’t, frustration builds. Some folks disagree, and that’s fair. Sometimes fast change creates energy and momentum. But without consistency and follow through, things drift back to the same patterns. Most debates focus on personalities instead of systems, which kind of misses the bigger picture. If we defined success clearly and measured it honestly, we’d argue less and fix more. That’s kind of the point.",1
ai_0543,"Quick take: in sports, slow progress is still progress. A lot of the noise online makes it seem more complicated than it is. When incentives line up, outcomes improve. When they don’t, frustration builds. There’s a reasonable pushback. Sometimes fast change creates energy and momentum. But without consistency and follow through, things drift back to the same patterns. Most debates focus on personalities instead of systems, which kind of misses the bigger picture. If we defined success clearly and measured it honestly, we’d argue less and fix more. It’s not flashy, but it’s real.",1
ai_0544,"Honestly, in economy, people follow what’s rewarded, not what’s recommended. A lot of the noise online makes it seem more complicated than it is. When incentives line up, outcomes improve. When they don’t, frustration builds. Some folks disagree, and that’s fair. Sometimes fast change creates energy and momentum. But without consistency and follow through, things drift back to the same patterns. Most debates focus on personalities instead of systems, which kind of misses the bigger picture. If we defined success clearly and measured it honestly, we’d argue less and fix more. That’s kind of the point.",1
ai_0545,"Honestly, in climate, people follow what’s rewarded, not what’s recommended. A lot of the noise online makes it seem more complicated than it is. When incentives line up, outcomes improve. When they don’t, frustration builds. Sure, there’s another side. Sometimes fast change creates energy and momentum. But without consistency and follow through, things drift back to the same patterns. Most debates focus on personalities instead of systems, which kind of misses the bigger picture. If we defined success clearly and measured it honestly, we’d argue less and fix more. It’s not flashy, but it’s real.",1
ai_0546,"Hot take: in campus life, clarity would solve half the confusion. A lot of the noise online makes it seem more complicated than it is. When incentives line up, outcomes improve. When they don’t, frustration builds. There’s a reasonable pushback. Sometimes fast change creates energy and momentum. But without consistency and follow through, things drift back to the same patterns. Most debates focus on personalities instead of systems, which kind of misses the bigger picture. If we defined success clearly and measured it honestly, we’d argue less and fix more. No drama, just fundamentals.",1
ai_0547,"Hot take: in politics, incentives drive behavior more than speeches. A lot of the noise online makes it seem more complicated than it is. When incentives line up, outcomes improve. When they don’t, frustration builds. Some folks disagree, and that’s fair. Sometimes fast change creates energy and momentum. But without consistency and follow through, things drift back to the same patterns. Most debates focus on personalities instead of systems, which kind of misses the bigger picture. If we defined success clearly and measured it honestly, we’d argue less and fix more. No drama, just fundamentals.",1
ai_0548,"Quick take: in tech, clarity would solve half the confusion. A lot of the noise online makes it seem more complicated than it is. When incentives line up, outcomes improve. When they don’t, frustration builds. I get the counterargument. Sometimes fast change creates energy and momentum. But without consistency and follow through, things drift back to the same patterns. Most debates focus on personalities instead of systems, which kind of misses the bigger picture. If we defined success clearly and measured it honestly, we’d argue less and fix more. That’s kind of the point.",1
ai_0549,"Honestly, in health, incentives drive behavior more than speeches. A lot of the noise online makes it seem more complicated than it is. When incentives line up, outcomes improve. When they don’t, frustration builds. Some folks disagree, and that’s fair. Sometimes fast change creates energy and momentum. But without consistency and follow through, things drift back to the same patterns. Most debates focus on personalities instead of systems, which kind of misses the bigger picture. If we defined success clearly and measured it honestly, we’d argue less and fix more. It’s not flashy, but it’s real.",1
ai_0550,"Short answer: in sports, incentives drive behavior more than speeches. A lot of the noise online makes it seem more complicated than it is. When incentives line up, outcomes improve. When they don’t, frustration builds. Some folks disagree, and that’s fair. Sometimes fast change creates energy and momentum. But without consistency and follow through, things drift back to the same patterns. Most debates focus on personalities instead of systems, which kind of misses the bigger picture. If we defined success clearly and measured it honestly, we’d argue less and fix more. That’s kind of the point.",1
ai_0551,"Hot take: in economy, slow progress is still progress. A lot of the noise online makes it seem more complicated than it is. When incentives line up, outcomes improve. When they don’t, frustration builds. Not everyone sees it this way. Sometimes fast change creates energy and momentum. But without consistency and follow through, things drift back to the same patterns. Most debates focus on personalities instead of systems, which kind of misses the bigger picture. If we defined success clearly and measured it honestly, we’d argue less and fix more. That’s kind of the point.",1
ai_0552,"Short answer: in climate, structure beats intention every time. A lot of the noise online makes it seem more complicated than it is. When incentives line up, outcomes improve. When they don’t, frustration builds. Some folks disagree, and that’s fair. Sometimes fast change creates energy and momentum. But without consistency and follow through, things drift back to the same patterns. Most debates focus on personalities instead of systems, which kind of misses the bigger picture. If we defined success clearly and measured it honestly, we’d argue less and fix more. It’s not flashy, but it’s real.",1
ai_0553,"Hot take: in campus life, slow progress is still progress. A lot of the noise online makes it seem more complicated than it is. When incentives line up, outcomes improve. When they don’t, frustration builds. There’s a reasonable pushback. Sometimes fast change creates energy and momentum. But without consistency and follow through, things drift back to the same patterns. Most debates focus on personalities instead of systems, which kind of misses the bigger picture. If we defined success clearly and measured it honestly, we’d argue less and fix more. No drama, just fundamentals.",1
ai_0554,"Hot take: in politics, slow progress is still progress. A lot of the noise online makes it seem more complicated than it is. When incentives line up, outcomes improve. When they don’t, frustration builds. Sure, there’s another side. Sometimes fast change creates energy and momentum. But without consistency and follow through, things drift back to the same patterns. Most debates focus on personalities instead of systems, which kind of misses the bigger picture. If we defined success clearly and measured it honestly, we’d argue less and fix more. Still, the basics matter.",1
ai_0555,"Short answer: in tech, structure beats intention every time. A lot of the noise online makes it seem more complicated than it is. When incentives line up, outcomes improve. When they don’t, frustration builds. Some folks disagree, and that’s fair. Sometimes fast change creates energy and momentum. But without consistency and follow through, things drift back to the same patterns. Most debates focus on personalities instead of systems, which kind of misses the bigger picture. If we defined success clearly and measured it honestly, we’d argue less and fix more. It’s not flashy, but it’s real.",1
ai_0556,"Quick take: in health, clarity would solve half the confusion. A lot of the noise online makes it seem more complicated than it is. When incentives line up, outcomes improve. When they don’t, frustration builds. Some folks disagree, and that’s fair. Sometimes fast change creates energy and momentum. But without consistency and follow through, things drift back to the same patterns. Most debates focus on personalities instead of systems, which kind of misses the bigger picture. If we defined success clearly and measured it honestly, we’d argue less and fix more. That’s kind of the point.",1
ai_0557,"Real talk, in sports, execution matters more than hype. A lot of the noise online makes it seem more complicated than it is. When incentives line up, outcomes improve. When they don’t, frustration builds. Some folks disagree, and that’s fair. Sometimes fast change creates energy and momentum. But without consistency and follow through, things drift back to the same patterns. Most debates focus on personalities instead of systems, which kind of misses the bigger picture. If we defined success clearly and measured it honestly, we’d argue less and fix more. That’s kind of the point.",1
ai_0558,"Real talk, in economy, people follow what’s rewarded, not what’s recommended. A lot of the noise online makes it seem more complicated than it is. When incentives line up, outcomes improve. When they don’t, frustration builds. Some folks disagree, and that’s fair. Sometimes fast change creates energy and momentum. But without consistency and follow through, things drift back to the same patterns. Most debates focus on personalities instead of systems, which kind of misses the bigger picture. If we defined success clearly and measured it honestly, we’d argue less and fix more. No drama, just fundamentals.",1
ai_0559,"Real talk, in climate, people follow what’s rewarded, not what’s recommended. A lot of the noise online makes it seem more complicated than it is. When incentives line up, outcomes improve. When they don’t, frustration builds. Some folks disagree, and that’s fair. Sometimes fast change creates energy and momentum. But without consistency and follow through, things drift back to the same patterns. Most debates focus on personalities instead of systems, which kind of misses the bigger picture. If we defined success clearly and measured it honestly, we’d argue less and fix more. Simple doesn’t mean easy.",1
ai_0560,"Quick take: in campus life, slow progress is still progress. A lot of the noise online makes it seem more complicated than it is. When incentives line up, outcomes improve. When they don’t, frustration builds. I get the counterargument. Sometimes fast change creates energy and momentum. But without consistency and follow through, things drift back to the same patterns. Most debates focus on personalities instead of systems, which kind of misses the bigger picture. If we defined success clearly and measured it honestly, we’d argue less and fix more. No drama, just fundamentals.",1
ai_0561,"Hot take: in politics, incentives drive behavior more than speeches. A lot of the noise online makes it seem more complicated than it is. When incentives line up, outcomes improve. When they don’t, frustration builds. Not everyone sees it this way. Sometimes fast change creates energy and momentum. But without consistency and follow through, things drift back to the same patterns. Most debates focus on personalities instead of systems, which kind of misses the bigger picture. If we defined success clearly and measured it honestly, we’d argue less and fix more. Still, the basics matter.",1
ai_0562,"Honestly, in tech, slow progress is still progress. A lot of the noise online makes it seem more complicated than it is. When incentives line up, outcomes improve. When they don’t, frustration builds. There’s a reasonable pushback. Sometimes fast change creates energy and momentum. But without consistency and follow through, things drift back to the same patterns. Most debates focus on personalities instead of systems, which kind of misses the bigger picture. If we defined success clearly and measured it honestly, we’d argue less and fix more. That’s kind of the point.",1
ai_0563,"Quick take: in health, clarity would solve half the confusion. A lot of the noise online makes it seem more complicated than it is. When incentives line up, outcomes improve. When they don’t, frustration builds. There’s a reasonable pushback. Sometimes fast change creates energy and momentum. But without consistency and follow through, things drift back to the same patterns. Most debates focus on personalities instead of systems, which kind of misses the bigger picture. If we defined success clearly and measured it honestly, we’d argue less and fix more. Simple doesn’t mean easy.",1
ai_0564,"Hot take: in sports, most problems are coordination failures. A lot of the noise online makes it seem more complicated than it is. When incentives line up, outcomes improve. When they don’t, frustration builds. I get the counterargument. Sometimes fast change creates energy and momentum. But without consistency and follow through, things drift back to the same patterns. Most debates focus on personalities instead of systems, which kind of misses the bigger picture. If we defined success clearly and measured it honestly, we’d argue less and fix more. That’s kind of the point.",1
ai_0565,"Quick take: in economy, structure beats intention every time. A lot of the noise online makes it seem more complicated than it is. When incentives line up, outcomes improve. When they don’t, frustration builds. There’s a reasonable pushback. Sometimes fast change creates energy and momentum. But without consistency and follow through, things drift back to the same patterns. Most debates focus on personalities instead of systems, which kind of misses the bigger picture. If we defined success clearly and measured it honestly, we’d argue less and fix more. Simple doesn’t mean easy.",1
ai_0566,"Short answer: in climate, most problems are coordination failures. A lot of the noise online makes it seem more complicated than it is. When incentives line up, outcomes improve. When they don’t, frustration builds. Sure, there’s another side. Sometimes fast change creates energy and momentum. But without consistency and follow through, things drift back to the same patterns. Most debates focus on personalities instead of systems, which kind of misses the bigger picture. If we defined success clearly and measured it honestly, we’d argue less and fix more. No drama, just fundamentals.",1
ai_0567,"Quick take: in campus life, slow progress is still progress. A lot of the noise online makes it seem more complicated than it is. When incentives line up, outcomes improve. When they don’t, frustration builds. Not everyone sees it this way. Sometimes fast change creates energy and momentum. But without consistency and follow through, things drift back to the same patterns. Most debates focus on personalities instead of systems, which kind of misses the bigger picture. If we defined success clearly and measured it honestly, we’d argue less and fix more. Simple doesn’t mean easy.",1
ai_0568,"Quick take: in politics, execution matters more than hype. A lot of the noise online makes it seem more complicated than it is. When incentives line up, outcomes improve. When they don’t, frustration builds. There’s a reasonable pushback. Sometimes fast change creates energy and momentum. But without consistency and follow through, things drift back to the same patterns. Most debates focus on personalities instead of systems, which kind of misses the bigger picture. If we defined success clearly and measured it honestly, we’d argue less and fix more. It’s not flashy, but it’s real.",1
ai_0569,"Hot take: in tech, clarity would solve half the confusion. A lot of the noise online makes it seem more complicated than it is. When incentives line up, outcomes improve. When they don’t, frustration builds. There’s a reasonable pushback. Sometimes fast change creates energy and momentum. But without consistency and follow through, things drift back to the same patterns. Most debates focus on personalities instead of systems, which kind of misses the bigger picture. If we defined success clearly and measured it honestly, we’d argue less and fix more. Simple doesn’t mean easy.",1
ai_0570,"Short answer: in health, incentives drive behavior more than speeches. A lot of the noise online makes it seem more complicated than it is. When incentives line up, outcomes improve. When they don’t, frustration builds. Not everyone sees it this way. Sometimes fast change creates energy and momentum. But without consistency and follow through, things drift back to the same patterns. Most debates focus on personalities instead of systems, which kind of misses the bigger picture. If we defined success clearly and measured it honestly, we’d argue less and fix more. That’s kind of the point.",1
ai_0571,"Quick take: in sports, people follow what’s rewarded, not what’s recommended. A lot of the noise online makes it seem more complicated than it is. When incentives line up, outcomes improve. When they don’t, frustration builds. Some folks disagree, and that’s fair. Sometimes fast change creates energy and momentum. But without consistency and follow through, things drift back to the same patterns. Most debates focus on personalities instead of systems, which kind of misses the bigger picture. If we defined success clearly and measured it honestly, we’d argue less and fix more. No drama, just fundamentals.",1
ai_0572,"Quick take: in economy, structure beats intention every time. A lot of the noise online makes it seem more complicated than it is. When incentives line up, outcomes improve. When they don’t, frustration builds. I get the counterargument. Sometimes fast change creates energy and momentum. But without consistency and follow through, things drift back to the same patterns. Most debates focus on personalities instead of systems, which kind of misses the bigger picture. If we defined success clearly and measured it honestly, we’d argue less and fix more. It’s not flashy, but it’s real.",1
ai_0573,"Short answer: in climate, most problems are coordination failures. A lot of the noise online makes it seem more complicated than it is. When incentives line up, outcomes improve. When they don’t, frustration builds. Sure, there’s another side. Sometimes fast change creates energy and momentum. But without consistency and follow through, things drift back to the same patterns. Most debates focus on personalities instead of systems, which kind of misses the bigger picture. If we defined success clearly and measured it honestly, we’d argue less and fix more. No drama, just fundamentals.",1
ai_0574,"Real talk, in campus life, slow progress is still progress. A lot of the noise online makes it seem more complicated than it is. When incentives line up, outcomes improve. When they don’t, frustration builds. There’s a reasonable pushback. Sometimes fast change creates energy and momentum. But without consistency and follow through, things drift back to the same patterns. Most debates focus on personalities instead of systems, which kind of misses the bigger picture. If we defined success clearly and measured it honestly, we’d argue less and fix more. No drama, just fundamentals.",1
ai_0575,"Quick take: in politics, people follow what’s rewarded, not what’s recommended. A lot of the noise online makes it seem more complicated than it is. When incentives line up, outcomes improve. When they don’t, frustration builds. Some folks disagree, and that’s fair. Sometimes fast change creates energy and momentum. But without consistency and follow through, things drift back to the same patterns. Most debates focus on personalities instead of systems, which kind of misses the bigger picture. If we defined success clearly and measured it honestly, we’d argue less and fix more. No drama, just fundamentals.",1
ai_0576,"Real talk, in tech, clarity would solve half the confusion. A lot of the noise online makes it seem more complicated than it is. When incentives line up, outcomes improve. When they don’t, frustration builds. There’s a reasonable pushback. Sometimes fast change creates energy and momentum. But without consistency and follow through, things drift back to the same patterns. Most debates focus on personalities instead of systems, which kind of misses the bigger picture. If we defined success clearly and measured it honestly, we’d argue less and fix more. No drama, just fundamentals.",1
ai_0577,"Short answer: in health, execution matters more than hype. A lot of the noise online makes it seem more complicated than it is. When incentives line up, outcomes improve. When they don’t, frustration builds. There’s a reasonable pushback. Sometimes fast change creates energy and momentum. But without consistency and follow through, things drift back to the same patterns. Most debates focus on personalities instead of systems, which kind of misses the bigger picture. If we defined success clearly and measured it honestly, we’d argue less and fix more. That’s kind of the point.",1
ai_0578,"Quick take: in sports, most problems are coordination failures. A lot of the noise online makes it seem more complicated than it is. When incentives line up, outcomes improve. When they don’t, frustration builds. I get the counterargument. Sometimes fast change creates energy and momentum. But without consistency and follow through, things drift back to the same patterns. Most debates focus on personalities instead of systems, which kind of misses the bigger picture. If we defined success clearly and measured it honestly, we’d argue less and fix more. Simple doesn’t mean easy.",1
ai_0579,"Real talk, in economy, clarity would solve half the confusion. A lot of the noise online makes it seem more complicated than it is. When incentives line up, outcomes improve. When they don’t, frustration builds. There’s a reasonable pushback. Sometimes fast change creates energy and momentum. But without consistency and follow through, things drift back to the same patterns. Most debates focus on personalities instead of systems, which kind of misses the bigger picture. If we defined success clearly and measured it honestly, we’d argue less and fix more. No drama, just fundamentals.",1
ai_0580,"Short answer: in climate, most problems are coordination failures. A lot of the noise online makes it seem more complicated than it is. When incentives line up, outcomes improve. When they don’t, frustration builds. Sure, there’s another side. Sometimes fast change creates energy and momentum. But without consistency and follow through, things drift back to the same patterns. Most debates focus on personalities instead of systems, which kind of misses the bigger picture. If we defined success clearly and measured it honestly, we’d argue less and fix more. It’s not flashy, but it’s real.",1
ai_0581,"Hot take: in campus life, incentives drive behavior more than speeches. A lot of the noise online makes it seem more complicated than it is. When incentives line up, outcomes improve. When they don’t, frustration builds. Some folks disagree, and that’s fair. Sometimes fast change creates energy and momentum. But without consistency and follow through, things drift back to the same patterns. Most debates focus on personalities instead of systems, which kind of misses the bigger picture. If we defined success clearly and measured it honestly, we’d argue less and fix more. Still, the basics matter.",1
ai_0582,"Real talk, in politics, people follow what’s rewarded, not what’s recommended. A lot of the noise online makes it seem more complicated than it is. When incentives line up, outcomes improve. When they don’t, frustration builds. Sure, there’s another side. Sometimes fast change creates energy and momentum. But without consistency and follow through, things drift back to the same patterns. Most debates focus on personalities instead of systems, which kind of misses the bigger picture. If we defined success clearly and measured it honestly, we’d argue less and fix more. No drama, just fundamentals.",1
ai_0583,"Quick take: in tech, incentives drive behavior more than speeches. A lot of the noise online makes it seem more complicated than it is. When incentives line up, outcomes improve. When they don’t, frustration builds. I get the counterargument. Sometimes fast change creates energy and momentum. But without consistency and follow through, things drift back to the same patterns. Most debates focus on personalities instead of systems, which kind of misses the bigger picture. If we defined success clearly and measured it honestly, we’d argue less and fix more. It’s not flashy, but it’s real.",1
ai_0584,"Short answer: in health, clarity would solve half the confusion. A lot of the noise online makes it seem more complicated than it is. When incentives line up, outcomes improve. When they don’t, frustration builds. I get the counterargument. Sometimes fast change creates energy and momentum. But without consistency and follow through, things drift back to the same patterns. Most debates focus on personalities instead of systems, which kind of misses the bigger picture. If we defined success clearly and measured it honestly, we’d argue less and fix more. That’s kind of the point.",1
ai_0585,"Short answer: in sports, people follow what’s rewarded, not what’s recommended. A lot of the noise online makes it seem more complicated than it is. When incentives line up, outcomes improve. When they don’t, frustration builds. There’s a reasonable pushback. Sometimes fast change creates energy and momentum. But without consistency and follow through, things drift back to the same patterns. Most debates focus on personalities instead of systems, which kind of misses the bigger picture. If we defined success clearly and measured it honestly, we’d argue less and fix more. That’s kind of the point.",1
ai_0586,"Real talk, in economy, clarity would solve half the confusion. A lot of the noise online makes it seem more complicated than it is. When incentives line up, outcomes improve. When they don’t, frustration builds. There’s a reasonable pushback. Sometimes fast change creates energy and momentum. But without consistency and follow through, things drift back to the same patterns. Most debates focus on personalities instead of systems, which kind of misses the bigger picture. If we defined success clearly and measured it honestly, we’d argue less and fix more. That’s kind of the point.",1
ai_0587,"Honestly, in climate, slow progress is still progress. A lot of the noise online makes it seem more complicated than it is. When incentives line up, outcomes improve. When they don’t, frustration builds. There’s a reasonable pushback. Sometimes fast change creates energy and momentum. But without consistency and follow through, things drift back to the same patterns. Most debates focus on personalities instead of systems, which kind of misses the bigger picture. If we defined success clearly and measured it honestly, we’d argue less and fix more. Still, the basics matter.",1
ai_0588,"Quick take: in campus life, people follow what’s rewarded, not what’s recommended. A lot of the noise online makes it seem more complicated than it is. When incentives line up, outcomes improve. When they don’t, frustration builds. There’s a reasonable pushback. Sometimes fast change creates energy and momentum. But without consistency and follow through, things drift back to the same patterns. Most debates focus on personalities instead of systems, which kind of misses the bigger picture. If we defined success clearly and measured it honestly, we’d argue less and fix more. Still, the basics matter.",1
ai_0589,"Quick take: in politics, people follow what’s rewarded, not what’s recommended. A lot of the noise online makes it seem more complicated than it is. When incentives line up, outcomes improve. When they don’t, frustration builds. Some folks disagree, and that’s fair. Sometimes fast change creates energy and momentum. But without consistency and follow through, things drift back to the same patterns. Most debates focus on personalities instead of systems, which kind of misses the bigger picture. If we defined success clearly and measured it honestly, we’d argue less and fix more. It’s not flashy, but it’s real.",1
ai_0590,"Short answer: in tech, structure beats intention every time. A lot of the noise online makes it seem more complicated than it is. When incentives line up, outcomes improve. When they don’t, frustration builds. I get the counterargument. Sometimes fast change creates energy and momentum. But without consistency and follow through, things drift back to the same patterns. Most debates focus on personalities instead of systems, which kind of misses the bigger picture. If we defined success clearly and measured it honestly, we’d argue less and fix more. That’s kind of the point.",1
ai_0591,"Real talk, in health, incentives drive behavior more than speeches. A lot of the noise online makes it seem more complicated than it is. When incentives line up, outcomes improve. When they don’t, frustration builds. Sure, there’s another side. Sometimes fast change creates energy and momentum. But without consistency and follow through, things drift back to the same patterns. Most debates focus on personalities instead of systems, which kind of misses the bigger picture. If we defined success clearly and measured it honestly, we’d argue less and fix more. Simple doesn’t mean easy.",1
ai_0592,"Real talk, in sports, execution matters more than hype. A lot of the noise online makes it seem more complicated than it is. When incentives line up, outcomes improve. When they don’t, frustration builds. Not everyone sees it this way. Sometimes fast change creates energy and momentum. But without consistency and follow through, things drift back to the same patterns. Most debates focus on personalities instead of systems, which kind of misses the bigger picture. If we defined success clearly and measured it honestly, we’d argue less and fix more. No drama, just fundamentals.",1
ai_0593,"Real talk, in economy, slow progress is still progress. A lot of the noise online makes it seem more complicated than it is. When incentives line up, outcomes improve. When they don’t, frustration builds. Some folks disagree, and that’s fair. Sometimes fast change creates energy and momentum. But without consistency and follow through, things drift back to the same patterns. Most debates focus on personalities instead of systems, which kind of misses the bigger picture. If we defined success clearly and measured it honestly, we’d argue less and fix more. No drama, just fundamentals.",1
ai_0594,"Hot take: in climate, most problems are coordination failures. A lot of the noise online makes it seem more complicated than it is. When incentives line up, outcomes improve. When they don’t, frustration builds. Some folks disagree, and that’s fair. Sometimes fast change creates energy and momentum. But without consistency and follow through, things drift back to the same patterns. Most debates focus on personalities instead of systems, which kind of misses the bigger picture. If we defined success clearly and measured it honestly, we’d argue less and fix more. Simple doesn’t mean easy.",1
ai_0595,"Real talk, in campus life, most problems are coordination failures. A lot of the noise online makes it seem more complicated than it is. When incentives line up, outcomes improve. When they don’t, frustration builds. Not everyone sees it this way. Sometimes fast change creates energy and momentum. But without consistency and follow through, things drift back to the same patterns. Most debates focus on personalities instead of systems, which kind of misses the bigger picture. If we defined success clearly and measured it honestly, we’d argue less and fix more. That’s kind of the point.",1
ai_0596,"Real talk, in politics, execution matters more than hype. A lot of the noise online makes it seem more complicated than it is. When incentives line up, outcomes improve. When they don’t, frustration builds. I get the counterargument. Sometimes fast change creates energy and momentum. But without consistency and follow through, things drift back to the same patterns. Most debates focus on personalities instead of systems, which kind of misses the bigger picture. If we defined success clearly and measured it honestly, we’d argue less and fix more. That’s kind of the point.",1
ai_0597,"Hot take: in tech, slow progress is still progress. A lot of the noise online makes it seem more complicated than it is. When incentives line up, outcomes improve. When they don’t, frustration builds. I get the counterargument. Sometimes fast change creates energy and momentum. But without consistency and follow through, things drift back to the same patterns. Most debates focus on personalities instead of systems, which kind of misses the bigger picture. If we defined success clearly and measured it honestly, we’d argue less and fix more. Simple doesn’t mean easy.",1
ai_0598,"Quick take: in health, incentives drive behavior more than speeches. A lot of the noise online makes it seem more complicated than it is. When incentives line up, outcomes improve. When they don’t, frustration builds. Some folks disagree, and that’s fair. Sometimes fast change creates energy and momentum. But without consistency and follow through, things drift back to the same patterns. Most debates focus on personalities instead of systems, which kind of misses the bigger picture. If we defined success clearly and measured it honestly, we’d argue less and fix more. Simple doesn’t mean easy.",1
ai_0599,"Real talk, in sports, people follow what’s rewarded, not what’s recommended. A lot of the noise online makes it seem more complicated than it is. When incentives line up, outcomes improve. When they don’t, frustration builds. Sure, there’s another side. Sometimes fast change creates energy and momentum. But without consistency and follow through, things drift back to the same patterns. Most debates focus on personalities instead of systems, which kind of misses the bigger picture. If we defined success clearly and measured it honestly, we’d argue less and fix more. It’s not flashy, but it’s real.",1
ai_0600,"Short answer: in economy, people follow what’s rewarded, not what’s recommended. A lot of the noise online makes it seem more complicated than it is. When incentives line up, outcomes improve. When they don’t, frustration builds. Not everyone sees it this way. Sometimes fast change creates energy and momentum. But without consistency and follow through, things drift back to the same patterns. Most debates focus on personalities instead of systems, which kind of misses the bigger picture. If we defined success clearly and measured it honestly, we’d argue less and fix more. It’s not flashy, but it’s real.",1
ai_0601,"Quick take: in climate, execution matters more than hype. A lot of the noise online makes it seem more complicated than it is. When incentives line up, outcomes improve. When they don’t, frustration builds. There’s a reasonable pushback. Sometimes fast change creates energy and momentum. But without consistency and follow through, things drift back to the same patterns. Most debates focus on personalities instead of systems, which kind of misses the bigger picture. If we defined success clearly and measured it honestly, we’d argue less and fix more. Still, the basics matter.",1
ai_0602,"Hot take: in campus life, slow progress is still progress. A lot of the noise online makes it seem more complicated than it is. When incentives line up, outcomes improve. When they don’t, frustration builds. I get the counterargument. Sometimes fast change creates energy and momentum. But without consistency and follow through, things drift back to the same patterns. Most debates focus on personalities instead of systems, which kind of misses the bigger picture. If we defined success clearly and measured it honestly, we’d argue less and fix more. Still, the basics matter.",1
ai_0603,"Quick take: in politics, most problems are coordination failures. A lot of the noise online makes it seem more complicated than it is. When incentives line up, outcomes improve. When they don’t, frustration builds. There’s a reasonable pushback. Sometimes fast change creates energy and momentum. But without consistency and follow through, things drift back to the same patterns. Most debates focus on personalities instead of systems, which kind of misses the bigger picture. If we defined success clearly and measured it honestly, we’d argue less and fix more. Simple doesn’t mean easy.",1
ai_0604,"Short answer: in tech, most problems are coordination failures. A lot of the noise online makes it seem more complicated than it is. When incentives line up, outcomes improve. When they don’t, frustration builds. I get the counterargument. Sometimes fast change creates energy and momentum. But without consistency and follow through, things drift back to the same patterns. Most debates focus on personalities instead of systems, which kind of misses the bigger picture. If we defined success clearly and measured it honestly, we’d argue less and fix more. Still, the basics matter.",1
ai_0605,"Real talk, in health, most problems are coordination failures. A lot of the noise online makes it seem more complicated than it is. When incentives line up, outcomes improve. When they don’t, frustration builds. Sure, there’s another side. Sometimes fast change creates energy and momentum. But without consistency and follow through, things drift back to the same patterns. Most debates focus on personalities instead of systems, which kind of misses the bigger picture. If we defined success clearly and measured it honestly, we’d argue less and fix more. That’s kind of the point.",1
ai_0606,"Short answer: in sports, incentives drive behavior more than speeches. A lot of the noise online makes it seem more complicated than it is. When incentives line up, outcomes improve. When they don’t, frustration builds. There’s a reasonable pushback. Sometimes fast change creates energy and momentum. But without consistency and follow through, things drift back to the same patterns. Most debates focus on personalities instead of systems, which kind of misses the bigger picture. If we defined success clearly and measured it honestly, we’d argue less and fix more. That’s kind of the point.",1
ai_0607,"Real talk, in economy, most problems are coordination failures. A lot of the noise online makes it seem more complicated than it is. When incentives line up, outcomes improve. When they don’t, frustration builds. Sure, there’s another side. Sometimes fast change creates energy and momentum. But without consistency and follow through, things drift back to the same patterns. Most debates focus on personalities instead of systems, which kind of misses the bigger picture. If we defined success clearly and measured it honestly, we’d argue less and fix more. That’s kind of the point.",1
ai_0608,"Hot take: in climate, execution matters more than hype. A lot of the noise online makes it seem more complicated than it is. When incentives line up, outcomes improve. When they don’t, frustration builds. There’s a reasonable pushback. Sometimes fast change creates energy and momentum. But without consistency and follow through, things drift back to the same patterns. Most debates focus on personalities instead of systems, which kind of misses the bigger picture. If we defined success clearly and measured it honestly, we’d argue less and fix more. It’s not flashy, but it’s real.",1
ai_0609,"Real talk, in campus life, people follow what’s rewarded, not what’s recommended. A lot of the noise online makes it seem more complicated than it is. When incentives line up, outcomes improve. When they don’t, frustration builds. There’s a reasonable pushback. Sometimes fast change creates energy and momentum. But without consistency and follow through, things drift back to the same patterns. Most debates focus on personalities instead of systems, which kind of misses the bigger picture. If we defined success clearly and measured it honestly, we’d argue less and fix more. No drama, just fundamentals.",1
ai_0610,"Quick take: in politics, clarity would solve half the confusion. A lot of the noise online makes it seem more complicated than it is. When incentives line up, outcomes improve. When they don’t, frustration builds. Not everyone sees it this way. Sometimes fast change creates energy and momentum. But without consistency and follow through, things drift back to the same patterns. Most debates focus on personalities instead of systems, which kind of misses the bigger picture. If we defined success clearly and measured it honestly, we’d argue less and fix more. No drama, just fundamentals.",1
ai_0611,"Short answer: in tech, incentives drive behavior more than speeches. A lot of the noise online makes it seem more complicated than it is. When incentives line up, outcomes improve. When they don’t, frustration builds. Not everyone sees it this way. Sometimes fast change creates energy and momentum. But without consistency and follow through, things drift back to the same patterns. Most debates focus on personalities instead of systems, which kind of misses the bigger picture. If we defined success clearly and measured it honestly, we’d argue less and fix more. No drama, just fundamentals.",1
ai_0612,"Real talk, in health, structure beats intention every time. A lot of the noise online makes it seem more complicated than it is. When incentives line up, outcomes improve. When they don’t, frustration builds. Not everyone sees it this way. Sometimes fast change creates energy and momentum. But without consistency and follow through, things drift back to the same patterns. Most debates focus on personalities instead of systems, which kind of misses the bigger picture. If we defined success clearly and measured it honestly, we’d argue less and fix more. Simple doesn’t mean easy.",1
ai_0613,"Honestly, in sports, slow progress is still progress. A lot of the noise online makes it seem more complicated than it is. When incentives line up, outcomes improve. When they don’t, frustration builds. Sure, there’s another side. Sometimes fast change creates energy and momentum. But without consistency and follow through, things drift back to the same patterns. Most debates focus on personalities instead of systems, which kind of misses the bigger picture. If we defined success clearly and measured it honestly, we’d argue less and fix more. That’s kind of the point.",1
ai_0614,"Quick take: in economy, structure beats intention every time. A lot of the noise online makes it seem more complicated than it is. When incentives line up, outcomes improve. When they don’t, frustration builds. I get the counterargument. Sometimes fast change creates energy and momentum. But without consistency and follow through, things drift back to the same patterns. Most debates focus on personalities instead of systems, which kind of misses the bigger picture. If we defined success clearly and measured it honestly, we’d argue less and fix more. No drama, just fundamentals.",1
ai_0615,"Real talk, in climate, most problems are coordination failures. A lot of the noise online makes it seem more complicated than it is. When incentives line up, outcomes improve. When they don’t, frustration builds. I get the counterargument. Sometimes fast change creates energy and momentum. But without consistency and follow through, things drift back to the same patterns. Most debates focus on personalities instead of systems, which kind of misses the bigger picture. If we defined success clearly and measured it honestly, we’d argue less and fix more. No drama, just fundamentals.",1
ai_0616,"Honestly, in campus life, slow progress is still progress. A lot of the noise online makes it seem more complicated than it is. When incentives line up, outcomes improve. When they don’t, frustration builds. There’s a reasonable pushback. Sometimes fast change creates energy and momentum. But without consistency and follow through, things drift back to the same patterns. Most debates focus on personalities instead of systems, which kind of misses the bigger picture. If we defined success clearly and measured it honestly, we’d argue less and fix more. That’s kind of the point.",1
ai_0617,"Real talk, in politics, structure beats intention every time. A lot of the noise online makes it seem more complicated than it is. When incentives line up, outcomes improve. When they don’t, frustration builds. I get the counterargument. Sometimes fast change creates energy and momentum. But without consistency and follow through, things drift back to the same patterns. Most debates focus on personalities instead of systems, which kind of misses the bigger picture. If we defined success clearly and measured it honestly, we’d argue less and fix more. That’s kind of the point.",1
ai_0618,"Real talk, in tech, people follow what’s rewarded, not what’s recommended. A lot of the noise online makes it seem more complicated than it is. When incentives line up, outcomes improve. When they don’t, frustration builds. Sure, there’s another side. Sometimes fast change creates energy and momentum. But without consistency and follow through, things drift back to the same patterns. Most debates focus on personalities instead of systems, which kind of misses the bigger picture. If we defined success clearly and measured it honestly, we’d argue less and fix more. No drama, just fundamentals.",1
ai_0619,"Hot take: in health, clarity would solve half the confusion. A lot of the noise online makes it seem more complicated than it is. When incentives line up, outcomes improve. When they don’t, frustration builds. Some folks disagree, and that’s fair. Sometimes fast change creates energy and momentum. But without consistency and follow through, things drift back to the same patterns. Most debates focus on personalities instead of systems, which kind of misses the bigger picture. If we defined success clearly and measured it honestly, we’d argue less and fix more. It’s not flashy, but it’s real.",1
ai_0620,"Short answer: in sports, slow progress is still progress. A lot of the noise online makes it seem more complicated than it is. When incentives line up, outcomes improve. When they don’t, frustration builds. I get the counterargument. Sometimes fast change creates energy and momentum. But without consistency and follow through, things drift back to the same patterns. Most debates focus on personalities instead of systems, which kind of misses the bigger picture. If we defined success clearly and measured it honestly, we’d argue less and fix more. Simple doesn’t mean easy.",1
ai_0621,"Hot take: in economy, structure beats intention every time. A lot of the noise online makes it seem more complicated than it is. When incentives line up, outcomes improve. When they don’t, frustration builds. Sure, there’s another side. Sometimes fast change creates energy and momentum. But without consistency and follow through, things drift back to the same patterns. Most debates focus on personalities instead of systems, which kind of misses the bigger picture. If we defined success clearly and measured it honestly, we’d argue less and fix more. That’s kind of the point.",1
ai_0622,"Hot take: in climate, execution matters more than hype. A lot of the noise online makes it seem more complicated than it is. When incentives line up, outcomes improve. When they don’t, frustration builds. I get the counterargument. Sometimes fast change creates energy and momentum. But without consistency and follow through, things drift back to the same patterns. Most debates focus on personalities instead of systems, which kind of misses the bigger picture. If we defined success clearly and measured it honestly, we’d argue less and fix more. No drama, just fundamentals.",1
ai_0623,"Honestly, in campus life, structure beats intention every time. A lot of the noise online makes it seem more complicated than it is. When incentives line up, outcomes improve. When they don’t, frustration builds. Sure, there’s another side. Sometimes fast change creates energy and momentum. But without consistency and follow through, things drift back to the same patterns. Most debates focus on personalities instead of systems, which kind of misses the bigger picture. If we defined success clearly and measured it honestly, we’d argue less and fix more. Simple doesn’t mean easy.",1
ai_0624,"Quick take: in politics, structure beats intention every time. A lot of the noise online makes it seem more complicated than it is. When incentives line up, outcomes improve. When they don’t, frustration builds. Sure, there’s another side. Sometimes fast change creates energy and momentum. But without consistency and follow through, things drift back to the same patterns. Most debates focus on personalities instead of systems, which kind of misses the bigger picture. If we defined success clearly and measured it honestly, we’d argue less and fix more. Still, the basics matter.",1
ai_0625,"Short answer: in tech, slow progress is still progress. A lot of the noise online makes it seem more complicated than it is. When incentives line up, outcomes improve. When they don’t, frustration builds. Not everyone sees it this way. Sometimes fast change creates energy and momentum. But without consistency and follow through, things drift back to the same patterns. Most debates focus on personalities instead of systems, which kind of misses the bigger picture. If we defined success clearly and measured it honestly, we’d argue less and fix more. It’s not flashy, but it’s real.",1
ai_0626,"Short answer: in health, structure beats intention every time. A lot of the noise online makes it seem more complicated than it is. When incentives line up, outcomes improve. When they don’t, frustration builds. Not everyone sees it this way. Sometimes fast change creates energy and momentum. But without consistency and follow through, things drift back to the same patterns. Most debates focus on personalities instead of systems, which kind of misses the bigger picture. If we defined success clearly and measured it honestly, we’d argue less and fix more. Simple doesn’t mean easy.",1
ai_0627,"Quick take: in sports, slow progress is still progress. A lot of the noise online makes it seem more complicated than it is. When incentives line up, outcomes improve. When they don’t, frustration builds. Sure, there’s another side. Sometimes fast change creates energy and momentum. But without consistency and follow through, things drift back to the same patterns. Most debates focus on personalities instead of systems, which kind of misses the bigger picture. If we defined success clearly and measured it honestly, we’d argue less and fix more. That’s kind of the point.",1
ai_0628,"Quick take: in economy, clarity would solve half the confusion. A lot of the noise online makes it seem more complicated than it is. When incentives line up, outcomes improve. When they don’t, frustration builds. I get the counterargument. Sometimes fast change creates energy and momentum. But without consistency and follow through, things drift back to the same patterns. Most debates focus on personalities instead of systems, which kind of misses the bigger picture. If we defined success clearly and measured it honestly, we’d argue less and fix more. It’s not flashy, but it’s real.",1
ai_0629,"Short answer: in climate, incentives drive behavior more than speeches. A lot of the noise online makes it seem more complicated than it is. When incentives line up, outcomes improve. When they don’t, frustration builds. There’s a reasonable pushback. Sometimes fast change creates energy and momentum. But without consistency and follow through, things drift back to the same patterns. Most debates focus on personalities instead of systems, which kind of misses the bigger picture. If we defined success clearly and measured it honestly, we’d argue less and fix more. That’s kind of the point.",1
ai_0630,"Quick take: in campus life, most problems are coordination failures. A lot of the noise online makes it seem more complicated than it is. When incentives line up, outcomes improve. When they don’t, frustration builds. Sure, there’s another side. Sometimes fast change creates energy and momentum. But without consistency and follow through, things drift back to the same patterns. Most debates focus on personalities instead of systems, which kind of misses the bigger picture. If we defined success clearly and measured it honestly, we’d argue less and fix more. It’s not flashy, but it’s real.",1
ai_0631,"Quick take: in politics, structure beats intention every time. A lot of the noise online makes it seem more complicated than it is. When incentives line up, outcomes improve. When they don’t, frustration builds. Some folks disagree, and that’s fair. Sometimes fast change creates energy and momentum. But without consistency and follow through, things drift back to the same patterns. Most debates focus on personalities instead of systems, which kind of misses the bigger picture. If we defined success clearly and measured it honestly, we’d argue less and fix more. No drama, just fundamentals.",1
ai_0632,"Honestly, in tech, people follow what’s rewarded, not what’s recommended. A lot of the noise online makes it seem more complicated than it is. When incentives line up, outcomes improve. When they don’t, frustration builds. I get the counterargument. Sometimes fast change creates energy and momentum. But without consistency and follow through, things drift back to the same patterns. Most debates focus on personalities instead of systems, which kind of misses the bigger picture. If we defined success clearly and measured it honestly, we’d argue less and fix more. That’s kind of the point.",1
ai_0633,"Hot take: in health, structure beats intention every time. A lot of the noise online makes it seem more complicated than it is. When incentives line up, outcomes improve. When they don’t, frustration builds. Some folks disagree, and that’s fair. Sometimes fast change creates energy and momentum. But without consistency and follow through, things drift back to the same patterns. Most debates focus on personalities instead of systems, which kind of misses the bigger picture. If we defined success clearly and measured it honestly, we’d argue less and fix more. Simple doesn’t mean easy.",1
ai_0634,"Real talk, in sports, execution matters more than hype. A lot of the noise online makes it seem more complicated than it is. When incentives line up, outcomes improve. When they don’t, frustration builds. I get the counterargument. Sometimes fast change creates energy and momentum. But without consistency and follow through, things drift back to the same patterns. Most debates focus on personalities instead of systems, which kind of misses the bigger picture. If we defined success clearly and measured it honestly, we’d argue less and fix more. Simple doesn’t mean easy.",1
ai_0635,"Honestly, in economy, clarity would solve half the confusion. A lot of the noise online makes it seem more complicated than it is. When incentives line up, outcomes improve. When they don’t, frustration builds. There’s a reasonable pushback. Sometimes fast change creates energy and momentum. But without consistency and follow through, things drift back to the same patterns. Most debates focus on personalities instead of systems, which kind of misses the bigger picture. If we defined success clearly and measured it honestly, we’d argue less and fix more. It’s not flashy, but it’s real.",1
ai_0636,"Short answer: in climate, execution matters more than hype. A lot of the noise online makes it seem more complicated than it is. When incentives line up, outcomes improve. When they don’t, frustration builds. I get the counterargument. Sometimes fast change creates energy and momentum. But without consistency and follow through, things drift back to the same patterns. Most debates focus on personalities instead of systems, which kind of misses the bigger picture. If we defined success clearly and measured it honestly, we’d argue less and fix more. No drama, just fundamentals.",1
ai_0637,"Honestly, in campus life, execution matters more than hype. A lot of the noise online makes it seem more complicated than it is. When incentives line up, outcomes improve. When they don’t, frustration builds. I get the counterargument. Sometimes fast change creates energy and momentum. But without consistency and follow through, things drift back to the same patterns. Most debates focus on personalities instead of systems, which kind of misses the bigger picture. If we defined success clearly and measured it honestly, we’d argue less and fix more. No drama, just fundamentals.",1
ai_0638,"Real talk, in politics, incentives drive behavior more than speeches. A lot of the noise online makes it seem more complicated than it is. When incentives line up, outcomes improve. When they don’t, frustration builds. I get the counterargument. Sometimes fast change creates energy and momentum. But without consistency and follow through, things drift back to the same patterns. Most debates focus on personalities instead of systems, which kind of misses the bigger picture. If we defined success clearly and measured it honestly, we’d argue less and fix more. It’s not flashy, but it’s real.",1
ai_0639,"Short answer: in tech, execution matters more than hype. A lot of the noise online makes it seem more complicated than it is. When incentives line up, outcomes improve. When they don’t, frustration builds. Sure, there’s another side. Sometimes fast change creates energy and momentum. But without consistency and follow through, things drift back to the same patterns. Most debates focus on personalities instead of systems, which kind of misses the bigger picture. If we defined success clearly and measured it honestly, we’d argue less and fix more. Simple doesn’t mean easy.",1
ai_0640,"Short answer: in health, structure beats intention every time. A lot of the noise online makes it seem more complicated than it is. When incentives line up, outcomes improve. When they don’t, frustration builds. There’s a reasonable pushback. Sometimes fast change creates energy and momentum. But without consistency and follow through, things drift back to the same patterns. Most debates focus on personalities instead of systems, which kind of misses the bigger picture. If we defined success clearly and measured it honestly, we’d argue less and fix more. It’s not flashy, but it’s real.",1
ai_0641,"Hot take: in sports, most problems are coordination failures. A lot of the noise online makes it seem more complicated than it is. When incentives line up, outcomes improve. When they don’t, frustration builds. Not everyone sees it this way. Sometimes fast change creates energy and momentum. But without consistency and follow through, things drift back to the same patterns. Most debates focus on personalities instead of systems, which kind of misses the bigger picture. If we defined success clearly and measured it honestly, we’d argue less and fix more. It’s not flashy, but it’s real.",1
ai_0642,"Hot take: in economy, structure beats intention every time. A lot of the noise online makes it seem more complicated than it is. When incentives line up, outcomes improve. When they don’t, frustration builds. Some folks disagree, and that’s fair. Sometimes fast change creates energy and momentum. But without consistency and follow through, things drift back to the same patterns. Most debates focus on personalities instead of systems, which kind of misses the bigger picture. If we defined success clearly and measured it honestly, we’d argue less and fix more. Simple doesn’t mean easy.",1
ai_0643,"Real talk, in climate, execution matters more than hype. A lot of the noise online makes it seem more complicated than it is. When incentives line up, outcomes improve. When they don’t, frustration builds. Not everyone sees it this way. Sometimes fast change creates energy and momentum. But without consistency and follow through, things drift back to the same patterns. Most debates focus on personalities instead of systems, which kind of misses the bigger picture. If we defined success clearly and measured it honestly, we’d argue less and fix more. It’s not flashy, but it’s real.",1
ai_0644,"Hot take: in campus life, most problems are coordination failures. A lot of the noise online makes it seem more complicated than it is. When incentives line up, outcomes improve. When they don’t, frustration builds. Sure, there’s another side. Sometimes fast change creates energy and momentum. But without consistency and follow through, things drift back to the same patterns. Most debates focus on personalities instead of systems, which kind of misses the bigger picture. If we defined success clearly and measured it honestly, we’d argue less and fix more. Simple doesn’t mean easy.",1
ai_0645,"Real talk, in politics, most problems are coordination failures. A lot of the noise online makes it seem more complicated than it is. When incentives line up, outcomes improve. When they don’t, frustration builds. Not everyone sees it this way. Sometimes fast change creates energy and momentum. But without consistency and follow through, things drift back to the same patterns. Most debates focus on personalities instead of systems, which kind of misses the bigger picture. If we defined success clearly and measured it honestly, we’d argue less and fix more. That’s kind of the point.",1
ai_0646,"Hot take: in tech, execution matters more than hype. A lot of the noise online makes it seem more complicated than it is. When incentives line up, outcomes improve. When they don’t, frustration builds. I get the counterargument. Sometimes fast change creates energy and momentum. But without consistency and follow through, things drift back to the same patterns. Most debates focus on personalities instead of systems, which kind of misses the bigger picture. If we defined success clearly and measured it honestly, we’d argue less and fix more. No drama, just fundamentals.",1
ai_0647,"Hot take: in health, execution matters more than hype. A lot of the noise online makes it seem more complicated than it is. When incentives line up, outcomes improve. When they don’t, frustration builds. I get the counterargument. Sometimes fast change creates energy and momentum. But without consistency and follow through, things drift back to the same patterns. Most debates focus on personalities instead of systems, which kind of misses the bigger picture. If we defined success clearly and measured it honestly, we’d argue less and fix more. Simple doesn’t mean easy.",1
ai_0648,"Honestly, in sports, most problems are coordination failures. A lot of the noise online makes it seem more complicated than it is. When incentives line up, outcomes improve. When they don’t, frustration builds. Sure, there’s another side. Sometimes fast change creates energy and momentum. But without consistency and follow through, things drift back to the same patterns. Most debates focus on personalities instead of systems, which kind of misses the bigger picture. If we defined success clearly and measured it honestly, we’d argue less and fix more. That’s kind of the point.",1
ai_0649,"Quick take: in economy, most problems are coordination failures. A lot of the noise online makes it seem more complicated than it is. When incentives line up, outcomes improve. When they don’t, frustration builds. Some folks disagree, and that’s fair. Sometimes fast change creates energy and momentum. But without consistency and follow through, things drift back to the same patterns. Most debates focus on personalities instead of systems, which kind of misses the bigger picture. If we defined success clearly and measured it honestly, we’d argue less and fix more. It’s not flashy, but it’s real.",1
ai_0650,"Honestly, in climate, slow progress is still progress. A lot of the noise online makes it seem more complicated than it is. When incentives line up, outcomes improve. When they don’t, frustration builds. Not everyone sees it this way. Sometimes fast change creates energy and momentum. But without consistency and follow through, things drift back to the same patterns. Most debates focus on personalities instead of systems, which kind of misses the bigger picture. If we defined success clearly and measured it honestly, we’d argue less and fix more. No drama, just fundamentals.",1
ai_0651,"Real talk, in campus life, clarity would solve half the confusion. A lot of the noise online makes it seem more complicated than it is. When incentives line up, outcomes improve. When they don’t, frustration builds. I get the counterargument. Sometimes fast change creates energy and momentum. But without consistency and follow through, things drift back to the same patterns. Most debates focus on personalities instead of systems, which kind of misses the bigger picture. If we defined success clearly and measured it honestly, we’d argue less and fix more. It’s not flashy, but it’s real.",1
ai_0652,"Hot take: in politics, people follow what’s rewarded, not what’s recommended. A lot of the noise online makes it seem more complicated than it is. When incentives line up, outcomes improve. When they don’t, frustration builds. Not everyone sees it this way. Sometimes fast change creates energy and momentum. But without consistency and follow through, things drift back to the same patterns. Most debates focus on personalities instead of systems, which kind of misses the bigger picture. If we defined success clearly and measured it honestly, we’d argue less and fix more. No drama, just fundamentals.",1
ai_0653,"Honestly, in tech, most problems are coordination failures. A lot of the noise online makes it seem more complicated than it is. When incentives line up, outcomes improve. When they don’t, frustration builds. There’s a reasonable pushback. Sometimes fast change creates energy and momentum. But without consistency and follow through, things drift back to the same patterns. Most debates focus on personalities instead of systems, which kind of misses the bigger picture. If we defined success clearly and measured it honestly, we’d argue less and fix more. That’s kind of the point.",1
ai_0654,"Real talk, in health, execution matters more than hype. A lot of the noise online makes it seem more complicated than it is. When incentives line up, outcomes improve. When they don’t, frustration builds. Sure, there’s another side. Sometimes fast change creates energy and momentum. But without consistency and follow through, things drift back to the same patterns. Most debates focus on personalities instead of systems, which kind of misses the bigger picture. If we defined success clearly and measured it honestly, we’d argue less and fix more. That’s kind of the point.",1
ai_0655,"Hot take: in sports, incentives drive behavior more than speeches. A lot of the noise online makes it seem more complicated than it is. When incentives line up, outcomes improve. When they don’t, frustration builds. There’s a reasonable pushback. Sometimes fast change creates energy and momentum. But without consistency and follow through, things drift back to the same patterns. Most debates focus on personalities instead of systems, which kind of misses the bigger picture. If we defined success clearly and measured it honestly, we’d argue less and fix more. Simple doesn’t mean easy.",1
ai_0656,"Short answer: in economy, slow progress is still progress. A lot of the noise online makes it seem more complicated than it is. When incentives line up, outcomes improve. When they don’t, frustration builds. Not everyone sees it this way. Sometimes fast change creates energy and momentum. But without consistency and follow through, things drift back to the same patterns. Most debates focus on personalities instead of systems, which kind of misses the bigger picture. If we defined success clearly and measured it honestly, we’d argue less and fix more. Simple doesn’t mean easy.",1
ai_0657,"Quick take: in climate, execution matters more than hype. A lot of the noise online makes it seem more complicated than it is. When incentives line up, outcomes improve. When they don’t, frustration builds. I get the counterargument. Sometimes fast change creates energy and momentum. But without consistency and follow through, things drift back to the same patterns. Most debates focus on personalities instead of systems, which kind of misses the bigger picture. If we defined success clearly and measured it honestly, we’d argue less and fix more. That’s kind of the point.",1
ai_0658,"Short answer: in campus life, clarity would solve half the confusion. A lot of the noise online makes it seem more complicated than it is. When incentives line up, outcomes improve. When they don’t, frustration builds. Not everyone sees it this way. Sometimes fast change creates energy and momentum. But without consistency and follow through, things drift back to the same patterns. Most debates focus on personalities instead of systems, which kind of misses the bigger picture. If we defined success clearly and measured it honestly, we’d argue less and fix more. Simple doesn’t mean easy.",1
ai_0659,"Honestly, in politics, most problems are coordination failures. A lot of the noise online makes it seem more complicated than it is. When incentives line up, outcomes improve. When they don’t, frustration builds. Some folks disagree, and that’s fair. Sometimes fast change creates energy and momentum. But without consistency and follow through, things drift back to the same patterns. Most debates focus on personalities instead of systems, which kind of misses the bigger picture. If we defined success clearly and measured it honestly, we’d argue less and fix more. That’s kind of the point.",1
ai_0660,"Hot take: in tech, incentives drive behavior more than speeches. A lot of the noise online makes it seem more complicated than it is. When incentives line up, outcomes improve. When they don’t, frustration builds. Some folks disagree, and that’s fair. Sometimes fast change creates energy and momentum. But without consistency and follow through, things drift back to the same patterns. Most debates focus on personalities instead of systems, which kind of misses the bigger picture. If we defined success clearly and measured it honestly, we’d argue less and fix more. That’s kind of the point.",1
ai_0661,"Quick take: in health, most problems are coordination failures. A lot of the noise online makes it seem more complicated than it is. When incentives line up, outcomes improve. When they don’t, frustration builds. Not everyone sees it this way. Sometimes fast change creates energy and momentum. But without consistency and follow through, things drift back to the same patterns. Most debates focus on personalities instead of systems, which kind of misses the bigger picture. If we defined success clearly and measured it honestly, we’d argue less and fix more. Still, the basics matter.",1
ai_0662,"Hot take: in sports, clarity would solve half the confusion. A lot of the noise online makes it seem more complicated than it is. When incentives line up, outcomes improve. When they don’t, frustration builds. Sure, there’s another side. Sometimes fast change creates energy and momentum. But without consistency and follow through, things drift back to the same patterns. Most debates focus on personalities instead of systems, which kind of misses the bigger picture. If we defined success clearly and measured it honestly, we’d argue less and fix more. That’s kind of the point.",1
ai_0663,"Honestly, in economy, clarity would solve half the confusion. A lot of the noise online makes it seem more complicated than it is. When incentives line up, outcomes improve. When they don’t, frustration builds. Sure, there’s another side. Sometimes fast change creates energy and momentum. But without consistency and follow through, things drift back to the same patterns. Most debates focus on personalities instead of systems, which kind of misses the bigger picture. If we defined success clearly and measured it honestly, we’d argue less and fix more. No drama, just fundamentals.",1
ai_0664,"Quick take: in climate, most problems are coordination failures. A lot of the noise online makes it seem more complicated than it is. When incentives line up, outcomes improve. When they don’t, frustration builds. Sure, there’s another side. Sometimes fast change creates energy and momentum. But without consistency and follow through, things drift back to the same patterns. Most debates focus on personalities instead of systems, which kind of misses the bigger picture. If we defined success clearly and measured it honestly, we’d argue less and fix more. Still, the basics matter.",1
ai_0665,"Honestly, in campus life, slow progress is still progress. A lot of the noise online makes it seem more complicated than it is. When incentives line up, outcomes improve. When they don’t, frustration builds. There’s a reasonable pushback. Sometimes fast change creates energy and momentum. But without consistency and follow through, things drift back to the same patterns. Most debates focus on personalities instead of systems, which kind of misses the bigger picture. If we defined success clearly and measured it honestly, we’d argue less and fix more. Still, the basics matter.",1
ai_0666,"Hot take: in politics, most problems are coordination failures. A lot of the noise online makes it seem more complicated than it is. When incentives line up, outcomes improve. When they don’t, frustration builds. There’s a reasonable pushback. Sometimes fast change creates energy and momentum. But without consistency and follow through, things drift back to the same patterns. Most debates focus on personalities instead of systems, which kind of misses the bigger picture. If we defined success clearly and measured it honestly, we’d argue less and fix more. That’s kind of the point.",1
ai_0667,"Hot take: in tech, structure beats intention every time. A lot of the noise online makes it seem more complicated than it is. When incentives line up, outcomes improve. When they don’t, frustration builds. There’s a reasonable pushback. Sometimes fast change creates energy and momentum. But without consistency and follow through, things drift back to the same patterns. Most debates focus on personalities instead of systems, which kind of misses the bigger picture. If we defined success clearly and measured it honestly, we’d argue less and fix more. That’s kind of the point.",1
ai_0668,"Quick take: in health, slow progress is still progress. A lot of the noise online makes it seem more complicated than it is. When incentives line up, outcomes improve. When they don’t, frustration builds. I get the counterargument. Sometimes fast change creates energy and momentum. But without consistency and follow through, things drift back to the same patterns. Most debates focus on personalities instead of systems, which kind of misses the bigger picture. If we defined success clearly and measured it honestly, we’d argue less and fix more. It’s not flashy, but it’s real.",1
ai_0669,"Real talk, in sports, structure beats intention every time. A lot of the noise online makes it seem more complicated than it is. When incentives line up, outcomes improve. When they don’t, frustration builds. I get the counterargument. Sometimes fast change creates energy and momentum. But without consistency and follow through, things drift back to the same patterns. Most debates focus on personalities instead of systems, which kind of misses the bigger picture. If we defined success clearly and measured it honestly, we’d argue less and fix more. No drama, just fundamentals.",1
ai_0670,"Quick take: in economy, most problems are coordination failures. A lot of the noise online makes it seem more complicated than it is. When incentives line up, outcomes improve. When they don’t, frustration builds. Not everyone sees it this way. Sometimes fast change creates energy and momentum. But without consistency and follow through, things drift back to the same patterns. Most debates focus on personalities instead of systems, which kind of misses the bigger picture. If we defined success clearly and measured it honestly, we’d argue less and fix more. That’s kind of the point.",1
ai_0671,"Short answer: in climate, execution matters more than hype. A lot of the noise online makes it seem more complicated than it is. When incentives line up, outcomes improve. When they don’t, frustration builds. There’s a reasonable pushback. Sometimes fast change creates energy and momentum. But without consistency and follow through, things drift back to the same patterns. Most debates focus on personalities instead of systems, which kind of misses the bigger picture. If we defined success clearly and measured it honestly, we’d argue less and fix more. Still, the basics matter.",1
ai_0672,"Honestly, in campus life, execution matters more than hype. A lot of the noise online makes it seem more complicated than it is. When incentives line up, outcomes improve. When they don’t, frustration builds. Sure, there’s another side. Sometimes fast change creates energy and momentum. But without consistency and follow through, things drift back to the same patterns. Most debates focus on personalities instead of systems, which kind of misses the bigger picture. If we defined success clearly and measured it honestly, we’d argue less and fix more. That’s kind of the point.",1
ai_0673,"Real talk, in politics, slow progress is still progress. A lot of the noise online makes it seem more complicated than it is. When incentives line up, outcomes improve. When they don’t, frustration builds. Not everyone sees it this way. Sometimes fast change creates energy and momentum. But without consistency and follow through, things drift back to the same patterns. Most debates focus on personalities instead of systems, which kind of misses the bigger picture. If we defined success clearly and measured it honestly, we’d argue less and fix more. That’s kind of the point.",1
ai_0674,"Honestly, in tech, people follow what’s rewarded, not what’s recommended. A lot of the noise online makes it seem more complicated than it is. When incentives line up, outcomes improve. When they don’t, frustration builds. Some folks disagree, and that’s fair. Sometimes fast change creates energy and momentum. But without consistency and follow through, things drift back to the same patterns. Most debates focus on personalities instead of systems, which kind of misses the bigger picture. If we defined success clearly and measured it honestly, we’d argue less and fix more. It’s not flashy, but it’s real.",1
ai_0675,"Real talk, in health, incentives drive behavior more than speeches. A lot of the noise online makes it seem more complicated than it is. When incentives line up, outcomes improve. When they don’t, frustration builds. Not everyone sees it this way. Sometimes fast change creates energy and momentum. But without consistency and follow through, things drift back to the same patterns. Most debates focus on personalities instead of systems, which kind of misses the bigger picture. If we defined success clearly and measured it honestly, we’d argue less and fix more. No drama, just fundamentals.",1
ai_0676,"Short answer: in sports, structure beats intention every time. A lot of the noise online makes it seem more complicated than it is. When incentives line up, outcomes improve. When they don’t, frustration builds. Some folks disagree, and that’s fair. Sometimes fast change creates energy and momentum. But without consistency and follow through, things drift back to the same patterns. Most debates focus on personalities instead of systems, which kind of misses the bigger picture. If we defined success clearly and measured it honestly, we’d argue less and fix more. Still, the basics matter.",1
ai_0677,"Short answer: in economy, slow progress is still progress. A lot of the noise online makes it seem more complicated than it is. When incentives line up, outcomes improve. When they don’t, frustration builds. Not everyone sees it this way. Sometimes fast change creates energy and momentum. But without consistency and follow through, things drift back to the same patterns. Most debates focus on personalities instead of systems, which kind of misses the bigger picture. If we defined success clearly and measured it honestly, we’d argue less and fix more. No drama, just fundamentals.",1
ai_0678,"Real talk, in climate, execution matters more than hype. A lot of the noise online makes it seem more complicated than it is. When incentives line up, outcomes improve. When they don’t, frustration builds. Some folks disagree, and that’s fair. Sometimes fast change creates energy and momentum. But without consistency and follow through, things drift back to the same patterns. Most debates focus on personalities instead of systems, which kind of misses the bigger picture. If we defined success clearly and measured it honestly, we’d argue less and fix more. No drama, just fundamentals.",1
ai_0679,"Honestly, in campus life, people follow what’s rewarded, not what’s recommended. A lot of the noise online makes it seem more complicated than it is. When incentives line up, outcomes improve. When they don’t, frustration builds. Sure, there’s another side. Sometimes fast change creates energy and momentum. But without consistency and follow through, things drift back to the same patterns. Most debates focus on personalities instead of systems, which kind of misses the bigger picture. If we defined success clearly and measured it honestly, we’d argue less and fix more. That’s kind of the point.",1
ai_0680,"Quick take: in politics, most problems are coordination failures. A lot of the noise online makes it seem more complicated than it is. When incentives line up, outcomes improve. When they don’t, frustration builds. There’s a reasonable pushback. Sometimes fast change creates energy and momentum. But without consistency and follow through, things drift back to the same patterns. Most debates focus on personalities instead of systems, which kind of misses the bigger picture. If we defined success clearly and measured it honestly, we’d argue less and fix more. Simple doesn’t mean easy.",1
ai_0681,"Quick take: in tech, structure beats intention every time. A lot of the noise online makes it seem more complicated than it is. When incentives line up, outcomes improve. When they don’t, frustration builds. Some folks disagree, and that’s fair. Sometimes fast change creates energy and momentum. But without consistency and follow through, things drift back to the same patterns. Most debates focus on personalities instead of systems, which kind of misses the bigger picture. If we defined success clearly and measured it honestly, we’d argue less and fix more. Still, the basics matter.",1
ai_0682,"Quick take: in health, slow progress is still progress. A lot of the noise online makes it seem more complicated than it is. When incentives line up, outcomes improve. When they don’t, frustration builds. Sure, there’s another side. Sometimes fast change creates energy and momentum. But without consistency and follow through, things drift back to the same patterns. Most debates focus on personalities instead of systems, which kind of misses the bigger picture. If we defined success clearly and measured it honestly, we’d argue less and fix more. It’s not flashy, but it’s real.",1
ai_0683,"Quick take: in sports, slow progress is still progress. A lot of the noise online makes it seem more complicated than it is. When incentives line up, outcomes improve. When they don’t, frustration builds. Not everyone sees it this way. Sometimes fast change creates energy and momentum. But without consistency and follow through, things drift back to the same patterns. Most debates focus on personalities instead of systems, which kind of misses the bigger picture. If we defined success clearly and measured it honestly, we’d argue less and fix more. Still, the basics matter.",1
ai_0684,"Honestly, in economy, execution matters more than hype. A lot of the noise online makes it seem more complicated than it is. When incentives line up, outcomes improve. When they don’t, frustration builds. Some folks disagree, and that’s fair. Sometimes fast change creates energy and momentum. But without consistency and follow through, things drift back to the same patterns. Most debates focus on personalities instead of systems, which kind of misses the bigger picture. If we defined success clearly and measured it honestly, we’d argue less and fix more. Simple doesn’t mean easy.",1
ai_0685,"Quick take: in climate, incentives drive behavior more than speeches. A lot of the noise online makes it seem more complicated than it is. When incentives line up, outcomes improve. When they don’t, frustration builds. Some folks disagree, and that’s fair. Sometimes fast change creates energy and momentum. But without consistency and follow through, things drift back to the same patterns. Most debates focus on personalities instead of systems, which kind of misses the bigger picture. If we defined success clearly and measured it honestly, we’d argue less and fix more. Simple doesn’t mean easy.",1
ai_0686,"Quick take: in campus life, structure beats intention every time. A lot of the noise online makes it seem more complicated than it is. When incentives line up, outcomes improve. When they don’t, frustration builds. Sure, there’s another side. Sometimes fast change creates energy and momentum. But without consistency and follow through, things drift back to the same patterns. Most debates focus on personalities instead of systems, which kind of misses the bigger picture. If we defined success clearly and measured it honestly, we’d argue less and fix more. Simple doesn’t mean easy.",1
ai_0687,"Honestly, in politics, incentives drive behavior more than speeches. A lot of the noise online makes it seem more complicated than it is. When incentives line up, outcomes improve. When they don’t, frustration builds. There’s a reasonable pushback. Sometimes fast change creates energy and momentum. But without consistency and follow through, things drift back to the same patterns. Most debates focus on personalities instead of systems, which kind of misses the bigger picture. If we defined success clearly and measured it honestly, we’d argue less and fix more. No drama, just fundamentals.",1
ai_0688,"Quick take: in tech, slow progress is still progress. A lot of the noise online makes it seem more complicated than it is. When incentives line up, outcomes improve. When they don’t, frustration builds. Not everyone sees it this way. Sometimes fast change creates energy and momentum. But without consistency and follow through, things drift back to the same patterns. Most debates focus on personalities instead of systems, which kind of misses the bigger picture. If we defined success clearly and measured it honestly, we’d argue less and fix more. Simple doesn’t mean easy.",1
ai_0689,"Quick take: in health, incentives drive behavior more than speeches. A lot of the noise online makes it seem more complicated than it is. When incentives line up, outcomes improve. When they don’t, frustration builds. Sure, there’s another side. Sometimes fast change creates energy and momentum. But without consistency and follow through, things drift back to the same patterns. Most debates focus on personalities instead of systems, which kind of misses the bigger picture. If we defined success clearly and measured it honestly, we’d argue less and fix more. Simple doesn’t mean easy.",1
ai_0690,"Real talk, in sports, people follow what’s rewarded, not what’s recommended. A lot of the noise online makes it seem more complicated than it is. When incentives line up, outcomes improve. When they don’t, frustration builds. Some folks disagree, and that’s fair. Sometimes fast change creates energy and momentum. But without consistency and follow through, things drift back to the same patterns. Most debates focus on personalities instead of systems, which kind of misses the bigger picture. If we defined success clearly and measured it honestly, we’d argue less and fix more. It’s not flashy, but it’s real.",1
ai_0691,"Honestly, in economy, incentives drive behavior more than speeches. A lot of the noise online makes it seem more complicated than it is. When incentives line up, outcomes improve. When they don’t, frustration builds. Not everyone sees it this way. Sometimes fast change creates energy and momentum. But without consistency and follow through, things drift back to the same patterns. Most debates focus on personalities instead of systems, which kind of misses the bigger picture. If we defined success clearly and measured it honestly, we’d argue less and fix more. No drama, just fundamentals.",1
ai_0692,"Honestly, in climate, clarity would solve half the confusion. A lot of the noise online makes it seem more complicated than it is. When incentives line up, outcomes improve. When they don’t, frustration builds. Not everyone sees it this way. Sometimes fast change creates energy and momentum. But without consistency and follow through, things drift back to the same patterns. Most debates focus on personalities instead of systems, which kind of misses the bigger picture. If we defined success clearly and measured it honestly, we’d argue less and fix more. Still, the basics matter.",1
ai_0693,"Real talk, in campus life, slow progress is still progress. A lot of the noise online makes it seem more complicated than it is. When incentives line up, outcomes improve. When they don’t, frustration builds. I get the counterargument. Sometimes fast change creates energy and momentum. But without consistency and follow through, things drift back to the same patterns. Most debates focus on personalities instead of systems, which kind of misses the bigger picture. If we defined success clearly and measured it honestly, we’d argue less and fix more. That’s kind of the point.",1
ai_0694,"Short answer: in politics, incentives drive behavior more than speeches. A lot of the noise online makes it seem more complicated than it is. When incentives line up, outcomes improve. When they don’t, frustration builds. Sure, there’s another side. Sometimes fast change creates energy and momentum. But without consistency and follow through, things drift back to the same patterns. Most debates focus on personalities instead of systems, which kind of misses the bigger picture. If we defined success clearly and measured it honestly, we’d argue less and fix more. Simple doesn’t mean easy.",1
ai_0695,"Quick take: in tech, people follow what’s rewarded, not what’s recommended. A lot of the noise online makes it seem more complicated than it is. When incentives line up, outcomes improve. When they don’t, frustration builds. There’s a reasonable pushback. Sometimes fast change creates energy and momentum. But without consistency and follow through, things drift back to the same patterns. Most debates focus on personalities instead of systems, which kind of misses the bigger picture. If we defined success clearly and measured it honestly, we’d argue less and fix more. No drama, just fundamentals.",1
ai_0696,"Hot take: in health, clarity would solve half the confusion. A lot of the noise online makes it seem more complicated than it is. When incentives line up, outcomes improve. When they don’t, frustration builds. Some folks disagree, and that’s fair. Sometimes fast change creates energy and momentum. But without consistency and follow through, things drift back to the same patterns. Most debates focus on personalities instead of systems, which kind of misses the bigger picture. If we defined success clearly and measured it honestly, we’d argue less and fix more. That’s kind of the point.",1
ai_0697,"Hot take: in sports, slow progress is still progress. A lot of the noise online makes it seem more complicated than it is. When incentives line up, outcomes improve. When they don’t, frustration builds. Sure, there’s another side. Sometimes fast change creates energy and momentum. But without consistency and follow through, things drift back to the same patterns. Most debates focus on personalities instead of systems, which kind of misses the bigger picture. If we defined success clearly and measured it honestly, we’d argue less and fix more. Still, the basics matter.",1
ai_0698,"Short answer: in economy, people follow what’s rewarded, not what’s recommended. A lot of the noise online makes it seem more complicated than it is. When incentives line up, outcomes improve. When they don’t, frustration builds. Not everyone sees it this way. Sometimes fast change creates energy and momentum. But without consistency and follow through, things drift back to the same patterns. Most debates focus on personalities instead of systems, which kind of misses the bigger picture. If we defined success clearly and measured it honestly, we’d argue less and fix more. That’s kind of the point.",1
ai_0699,"Real talk, in climate, slow progress is still progress. A lot of the noise online makes it seem more complicated than it is. When incentives line up, outcomes improve. When they don’t, frustration builds. Some folks disagree, and that’s fair. Sometimes fast change creates energy and momentum. But without consistency and follow through, things drift back to the same patterns. Most debates focus on personalities instead of systems, which kind of misses the bigger picture. If we defined success clearly and measured it honestly, we’d argue less and fix more. Still, the basics matter.",1
ai_0700,"Quick take: in campus life, people follow what’s rewarded, not what’s recommended. A lot of the noise online makes it seem more complicated than it is. When incentives line up, outcomes improve. When they don’t, frustration builds. Sure, there’s another side. Sometimes fast change creates energy and momentum. But without consistency and follow through, things drift back to the same patterns. Most debates focus on personalities instead of systems, which kind of misses the bigger picture. If we defined success clearly and measured it honestly, we’d argue less and fix more. No drama, just fundamentals.",1
ai_0701,"Real talk, in politics, structure beats intention every time. A lot of the noise online makes it seem more complicated than it is. When incentives line up, outcomes improve. When they don’t, frustration builds. Sure, there’s another side. Sometimes fast change creates energy and momentum. But without consistency and follow through, things drift back to the same patterns. Most debates focus on personalities instead of systems, which kind of misses the bigger picture. If we defined success clearly and measured it honestly, we’d argue less and fix more. That’s kind of the point.",1
ai_0702,"Real talk, in tech, slow progress is still progress. A lot of the noise online makes it seem more complicated than it is. When incentives line up, outcomes improve. When they don’t, frustration builds. I get the counterargument. Sometimes fast change creates energy and momentum. But without consistency and follow through, things drift back to the same patterns. Most debates focus on personalities instead of systems, which kind of misses the bigger picture. If we defined success clearly and measured it honestly, we’d argue less and fix more. It’s not flashy, but it’s real.",1
ai_0703,"Real talk, in health, most problems are coordination failures. A lot of the noise online makes it seem more complicated than it is. When incentives line up, outcomes improve. When they don’t, frustration builds. There’s a reasonable pushback. Sometimes fast change creates energy and momentum. But without consistency and follow through, things drift back to the same patterns. Most debates focus on personalities instead of systems, which kind of misses the bigger picture. If we defined success clearly and measured it honestly, we’d argue less and fix more. Simple doesn’t mean easy.",1
ai_0704,"Hot take: in sports, people follow what’s rewarded, not what’s recommended. A lot of the noise online makes it seem more complicated than it is. When incentives line up, outcomes improve. When they don’t, frustration builds. Not everyone sees it this way. Sometimes fast change creates energy and momentum. But without consistency and follow through, things drift back to the same patterns. Most debates focus on personalities instead of systems, which kind of misses the bigger picture. If we defined success clearly and measured it honestly, we’d argue less and fix more. No drama, just fundamentals.",1
ai_0705,"Real talk, in economy, most problems are coordination failures. A lot of the noise online makes it seem more complicated than it is. When incentives line up, outcomes improve. When they don’t, frustration builds. I get the counterargument. Sometimes fast change creates energy and momentum. But without consistency and follow through, things drift back to the same patterns. Most debates focus on personalities instead of systems, which kind of misses the bigger picture. If we defined success clearly and measured it honestly, we’d argue less and fix more. It’s not flashy, but it’s real.",1
ai_0706,"Honestly, in climate, people follow what’s rewarded, not what’s recommended. A lot of the noise online makes it seem more complicated than it is. When incentives line up, outcomes improve. When they don’t, frustration builds. Some folks disagree, and that’s fair. Sometimes fast change creates energy and momentum. But without consistency and follow through, things drift back to the same patterns. Most debates focus on personalities instead of systems, which kind of misses the bigger picture. If we defined success clearly and measured it honestly, we’d argue less and fix more. It’s not flashy, but it’s real.",1
ai_0707,"Quick take: in campus life, execution matters more than hype. A lot of the noise online makes it seem more complicated than it is. When incentives line up, outcomes improve. When they don’t, frustration builds. Not everyone sees it this way. Sometimes fast change creates energy and momentum. But without consistency and follow through, things drift back to the same patterns. Most debates focus on personalities instead of systems, which kind of misses the bigger picture. If we defined success clearly and measured it honestly, we’d argue less and fix more. Simple doesn’t mean easy.",1
ai_0708,"Short answer: in politics, execution matters more than hype. A lot of the noise online makes it seem more complicated than it is. When incentives line up, outcomes improve. When they don’t, frustration builds. I get the counterargument. Sometimes fast change creates energy and momentum. But without consistency and follow through, things drift back to the same patterns. Most debates focus on personalities instead of systems, which kind of misses the bigger picture. If we defined success clearly and measured it honestly, we’d argue less and fix more. That’s kind of the point.",1
ai_0709,"Hot take: in tech, clarity would solve half the confusion. A lot of the noise online makes it seem more complicated than it is. When incentives line up, outcomes improve. When they don’t, frustration builds. Not everyone sees it this way. Sometimes fast change creates energy and momentum. But without consistency and follow through, things drift back to the same patterns. Most debates focus on personalities instead of systems, which kind of misses the bigger picture. If we defined success clearly and measured it honestly, we’d argue less and fix more. That’s kind of the point.",1
ai_0710,"Honestly, in health, incentives drive behavior more than speeches. A lot of the noise online makes it seem more complicated than it is. When incentives line up, outcomes improve. When they don’t, frustration builds. Sure, there’s another side. Sometimes fast change creates energy and momentum. But without consistency and follow through, things drift back to the same patterns. Most debates focus on personalities instead of systems, which kind of misses the bigger picture. If we defined success clearly and measured it honestly, we’d argue less and fix more. No drama, just fundamentals.",1
ai_0711,"Quick take: in sports, people follow what’s rewarded, not what’s recommended. A lot of the noise online makes it seem more complicated than it is. When incentives line up, outcomes improve. When they don’t, frustration builds. There’s a reasonable pushback. Sometimes fast change creates energy and momentum. But without consistency and follow through, things drift back to the same patterns. Most debates focus on personalities instead of systems, which kind of misses the bigger picture. If we defined success clearly and measured it honestly, we’d argue less and fix more. Simple doesn’t mean easy.",1
ai_0712,"Short answer: in economy, clarity would solve half the confusion. A lot of the noise online makes it seem more complicated than it is. When incentives line up, outcomes improve. When they don’t, frustration builds. I get the counterargument. Sometimes fast change creates energy and momentum. But without consistency and follow through, things drift back to the same patterns. Most debates focus on personalities instead of systems, which kind of misses the bigger picture. If we defined success clearly and measured it honestly, we’d argue less and fix more. That’s kind of the point.",1
ai_0713,"Honestly, in climate, clarity would solve half the confusion. A lot of the noise online makes it seem more complicated than it is. When incentives line up, outcomes improve. When they don’t, frustration builds. Sure, there’s another side. Sometimes fast change creates energy and momentum. But without consistency and follow through, things drift back to the same patterns. Most debates focus on personalities instead of systems, which kind of misses the bigger picture. If we defined success clearly and measured it honestly, we’d argue less and fix more. It’s not flashy, but it’s real.",1
ai_0714,"Quick take: in campus life, clarity would solve half the confusion. A lot of the noise online makes it seem more complicated than it is. When incentives line up, outcomes improve. When they don’t, frustration builds. Not everyone sees it this way. Sometimes fast change creates energy and momentum. But without consistency and follow through, things drift back to the same patterns. Most debates focus on personalities instead of systems, which kind of misses the bigger picture. If we defined success clearly and measured it honestly, we’d argue less and fix more. Simple doesn’t mean easy.",1
ai_0715,"Quick take: in politics, people follow what’s rewarded, not what’s recommended. A lot of the noise online makes it seem more complicated than it is. When incentives line up, outcomes improve. When they don’t, frustration builds. Not everyone sees it this way. Sometimes fast change creates energy and momentum. But without consistency and follow through, things drift back to the same patterns. Most debates focus on personalities instead of systems, which kind of misses the bigger picture. If we defined success clearly and measured it honestly, we’d argue less and fix more. It’s not flashy, but it’s real.",1
ai_0716,"Short answer: in tech, most problems are coordination failures. A lot of the noise online makes it seem more complicated than it is. When incentives line up, outcomes improve. When they don’t, frustration builds. Some folks disagree, and that’s fair. Sometimes fast change creates energy and momentum. But without consistency and follow through, things drift back to the same patterns. Most debates focus on personalities instead of systems, which kind of misses the bigger picture. If we defined success clearly and measured it honestly, we’d argue less and fix more. It’s not flashy, but it’s real.",1
ai_0717,"Real talk, in health, structure beats intention every time. A lot of the noise online makes it seem more complicated than it is. When incentives line up, outcomes improve. When they don’t, frustration builds. Sure, there’s another side. Sometimes fast change creates energy and momentum. But without consistency and follow through, things drift back to the same patterns. Most debates focus on personalities instead of systems, which kind of misses the bigger picture. If we defined success clearly and measured it honestly, we’d argue less and fix more. That’s kind of the point.",1
ai_0718,"Honestly, in sports, most problems are coordination failures. A lot of the noise online makes it seem more complicated than it is. When incentives line up, outcomes improve. When they don’t, frustration builds. I get the counterargument. Sometimes fast change creates energy and momentum. But without consistency and follow through, things drift back to the same patterns. Most debates focus on personalities instead of systems, which kind of misses the bigger picture. If we defined success clearly and measured it honestly, we’d argue less and fix more. That’s kind of the point.",1
ai_0719,"Quick take: in economy, incentives drive behavior more than speeches. A lot of the noise online makes it seem more complicated than it is. When incentives line up, outcomes improve. When they don’t, frustration builds. Sure, there’s another side. Sometimes fast change creates energy and momentum. But without consistency and follow through, things drift back to the same patterns. Most debates focus on personalities instead of systems, which kind of misses the bigger picture. If we defined success clearly and measured it honestly, we’d argue less and fix more. It’s not flashy, but it’s real.",1
ai_0720,"Real talk, in climate, execution matters more than hype. A lot of the noise online makes it seem more complicated than it is. When incentives line up, outcomes improve. When they don’t, frustration builds. I get the counterargument. Sometimes fast change creates energy and momentum. But without consistency and follow through, things drift back to the same patterns. Most debates focus on personalities instead of systems, which kind of misses the bigger picture. If we defined success clearly and measured it honestly, we’d argue less and fix more. Simple doesn’t mean easy.",1
ai_0721,"Real talk, in campus life, people follow what’s rewarded, not what’s recommended. A lot of the noise online makes it seem more complicated than it is. When incentives line up, outcomes improve. When they don’t, frustration builds. Sure, there’s another side. Sometimes fast change creates energy and momentum. But without consistency and follow through, things drift back to the same patterns. Most debates focus on personalities instead of systems, which kind of misses the bigger picture. If we defined success clearly and measured it honestly, we’d argue less and fix more. That’s kind of the point.",1
ai_0722,"Quick take: in politics, incentives drive behavior more than speeches. A lot of the noise online makes it seem more complicated than it is. When incentives line up, outcomes improve. When they don’t, frustration builds. Not everyone sees it this way. Sometimes fast change creates energy and momentum. But without consistency and follow through, things drift back to the same patterns. Most debates focus on personalities instead of systems, which kind of misses the bigger picture. If we defined success clearly and measured it honestly, we’d argue less and fix more. That’s kind of the point.",1
ai_0723,"Short answer: in tech, structure beats intention every time. A lot of the noise online makes it seem more complicated than it is. When incentives line up, outcomes improve. When they don’t, frustration builds. I get the counterargument. Sometimes fast change creates energy and momentum. But without consistency and follow through, things drift back to the same patterns. Most debates focus on personalities instead of systems, which kind of misses the bigger picture. If we defined success clearly and measured it honestly, we’d argue less and fix more. Simple doesn’t mean easy.",1
ai_0724,"Real talk, in health, most problems are coordination failures. A lot of the noise online makes it seem more complicated than it is. When incentives line up, outcomes improve. When they don’t, frustration builds. Not everyone sees it this way. Sometimes fast change creates energy and momentum. But without consistency and follow through, things drift back to the same patterns. Most debates focus on personalities instead of systems, which kind of misses the bigger picture. If we defined success clearly and measured it honestly, we’d argue less and fix more. No drama, just fundamentals.",1
ai_0725,"Quick take: in sports, people follow what’s rewarded, not what’s recommended. A lot of the noise online makes it seem more complicated than it is. When incentives line up, outcomes improve. When they don’t, frustration builds. I get the counterargument. Sometimes fast change creates energy and momentum. But without consistency and follow through, things drift back to the same patterns. Most debates focus on personalities instead of systems, which kind of misses the bigger picture. If we defined success clearly and measured it honestly, we’d argue less and fix more. That’s kind of the point.",1
ai_0726,"Short answer: in economy, people follow what’s rewarded, not what’s recommended. A lot of the noise online makes it seem more complicated than it is. When incentives line up, outcomes improve. When they don’t, frustration builds. Some folks disagree, and that’s fair. Sometimes fast change creates energy and momentum. But without consistency and follow through, things drift back to the same patterns. Most debates focus on personalities instead of systems, which kind of misses the bigger picture. If we defined success clearly and measured it honestly, we’d argue less and fix more. That’s kind of the point.",1
ai_0727,"Honestly, in climate, people follow what’s rewarded, not what’s recommended. A lot of the noise online makes it seem more complicated than it is. When incentives line up, outcomes improve. When they don’t, frustration builds. Not everyone sees it this way. Sometimes fast change creates energy and momentum. But without consistency and follow through, things drift back to the same patterns. Most debates focus on personalities instead of systems, which kind of misses the bigger picture. If we defined success clearly and measured it honestly, we’d argue less and fix more. Simple doesn’t mean easy.",1
ai_0728,"Hot take: in campus life, slow progress is still progress. A lot of the noise online makes it seem more complicated than it is. When incentives line up, outcomes improve. When they don’t, frustration builds. Sure, there’s another side. Sometimes fast change creates energy and momentum. But without consistency and follow through, things drift back to the same patterns. Most debates focus on personalities instead of systems, which kind of misses the bigger picture. If we defined success clearly and measured it honestly, we’d argue less and fix more. Still, the basics matter.",1
ai_0729,"Short answer: in politics, structure beats intention every time. A lot of the noise online makes it seem more complicated than it is. When incentives line up, outcomes improve. When they don’t, frustration builds. There’s a reasonable pushback. Sometimes fast change creates energy and momentum. But without consistency and follow through, things drift back to the same patterns. Most debates focus on personalities instead of systems, which kind of misses the bigger picture. If we defined success clearly and measured it honestly, we’d argue less and fix more. Simple doesn’t mean easy.",1
ai_0730,"Quick take: in tech, slow progress is still progress. A lot of the noise online makes it seem more complicated than it is. When incentives line up, outcomes improve. When they don’t, frustration builds. Sure, there’s another side. Sometimes fast change creates energy and momentum. But without consistency and follow through, things drift back to the same patterns. Most debates focus on personalities instead of systems, which kind of misses the bigger picture. If we defined success clearly and measured it honestly, we’d argue less and fix more. Simple doesn’t mean easy.",1
ai_0731,"Real talk, in health, structure beats intention every time. A lot of the noise online makes it seem more complicated than it is. When incentives line up, outcomes improve. When they don’t, frustration builds. I get the counterargument. Sometimes fast change creates energy and momentum. But without consistency and follow through, things drift back to the same patterns. Most debates focus on personalities instead of systems, which kind of misses the bigger picture. If we defined success clearly and measured it honestly, we’d argue less and fix more. Still, the basics matter.",1
ai_0732,"Real talk, in sports, clarity would solve half the confusion. A lot of the noise online makes it seem more complicated than it is. When incentives line up, outcomes improve. When they don’t, frustration builds. Some folks disagree, and that’s fair. Sometimes fast change creates energy and momentum. But without consistency and follow through, things drift back to the same patterns. Most debates focus on personalities instead of systems, which kind of misses the bigger picture. If we defined success clearly and measured it honestly, we’d argue less and fix more. That’s kind of the point.",1
ai_0733,"Hot take: in economy, most problems are coordination failures. A lot of the noise online makes it seem more complicated than it is. When incentives line up, outcomes improve. When they don’t, frustration builds. I get the counterargument. Sometimes fast change creates energy and momentum. But without consistency and follow through, things drift back to the same patterns. Most debates focus on personalities instead of systems, which kind of misses the bigger picture. If we defined success clearly and measured it honestly, we’d argue less and fix more. Simple doesn’t mean easy.",1
ai_0734,"Honestly, in climate, clarity would solve half the confusion. A lot of the noise online makes it seem more complicated than it is. When incentives line up, outcomes improve. When they don’t, frustration builds. There’s a reasonable pushback. Sometimes fast change creates energy and momentum. But without consistency and follow through, things drift back to the same patterns. Most debates focus on personalities instead of systems, which kind of misses the bigger picture. If we defined success clearly and measured it honestly, we’d argue less and fix more. No drama, just fundamentals.",1
ai_0735,"Real talk, in campus life, structure beats intention every time. A lot of the noise online makes it seem more complicated than it is. When incentives line up, outcomes improve. When they don’t, frustration builds. I get the counterargument. Sometimes fast change creates energy and momentum. But without consistency and follow through, things drift back to the same patterns. Most debates focus on personalities instead of systems, which kind of misses the bigger picture. If we defined success clearly and measured it honestly, we’d argue less and fix more. Still, the basics matter.",1
ai_0736,"Short answer: in politics, execution matters more than hype. A lot of the noise online makes it seem more complicated than it is. When incentives line up, outcomes improve. When they don’t, frustration builds. Sure, there’s another side. Sometimes fast change creates energy and momentum. But without consistency and follow through, things drift back to the same patterns. Most debates focus on personalities instead of systems, which kind of misses the bigger picture. If we defined success clearly and measured it honestly, we’d argue less and fix more. Simple doesn’t mean easy.",1
ai_0737,"Honestly, in tech, most problems are coordination failures. A lot of the noise online makes it seem more complicated than it is. When incentives line up, outcomes improve. When they don’t, frustration builds. Some folks disagree, and that’s fair. Sometimes fast change creates energy and momentum. But without consistency and follow through, things drift back to the same patterns. Most debates focus on personalities instead of systems, which kind of misses the bigger picture. If we defined success clearly and measured it honestly, we’d argue less and fix more. Simple doesn’t mean easy.",1
ai_0738,"Short answer: in health, most problems are coordination failures. A lot of the noise online makes it seem more complicated than it is. When incentives line up, outcomes improve. When they don’t, frustration builds. Sure, there’s another side. Sometimes fast change creates energy and momentum. But without consistency and follow through, things drift back to the same patterns. Most debates focus on personalities instead of systems, which kind of misses the bigger picture. If we defined success clearly and measured it honestly, we’d argue less and fix more. Still, the basics matter.",1
ai_0739,"Hot take: in sports, incentives drive behavior more than speeches. A lot of the noise online makes it seem more complicated than it is. When incentives line up, outcomes improve. When they don’t, frustration builds. I get the counterargument. Sometimes fast change creates energy and momentum. But without consistency and follow through, things drift back to the same patterns. Most debates focus on personalities instead of systems, which kind of misses the bigger picture. If we defined success clearly and measured it honestly, we’d argue less and fix more. That’s kind of the point.",1
ai_0740,"Honestly, in economy, most problems are coordination failures. A lot of the noise online makes it seem more complicated than it is. When incentives line up, outcomes improve. When they don’t, frustration builds. Some folks disagree, and that’s fair. Sometimes fast change creates energy and momentum. But without consistency and follow through, things drift back to the same patterns. Most debates focus on personalities instead of systems, which kind of misses the bigger picture. If we defined success clearly and measured it honestly, we’d argue less and fix more. Still, the basics matter.",1
ai_0741,"Short answer: in climate, structure beats intention every time. A lot of the noise online makes it seem more complicated than it is. When incentives line up, outcomes improve. When they don’t, frustration builds. There’s a reasonable pushback. Sometimes fast change creates energy and momentum. But without consistency and follow through, things drift back to the same patterns. Most debates focus on personalities instead of systems, which kind of misses the bigger picture. If we defined success clearly and measured it honestly, we’d argue less and fix more. Simple doesn’t mean easy.",1
ai_0742,"Hot take: in campus life, slow progress is still progress. A lot of the noise online makes it seem more complicated than it is. When incentives line up, outcomes improve. When they don’t, frustration builds. I get the counterargument. Sometimes fast change creates energy and momentum. But without consistency and follow through, things drift back to the same patterns. Most debates focus on personalities instead of systems, which kind of misses the bigger picture. If we defined success clearly and measured it honestly, we’d argue less and fix more. That’s kind of the point.",1
ai_0743,"Honestly, in politics, structure beats intention every time. A lot of the noise online makes it seem more complicated than it is. When incentives line up, outcomes improve. When they don’t, frustration builds. There’s a reasonable pushback. Sometimes fast change creates energy and momentum. But without consistency and follow through, things drift back to the same patterns. Most debates focus on personalities instead of systems, which kind of misses the bigger picture. If we defined success clearly and measured it honestly, we’d argue less and fix more. No drama, just fundamentals.",1
ai_0744,"Real talk, in tech, most problems are coordination failures. A lot of the noise online makes it seem more complicated than it is. When incentives line up, outcomes improve. When they don’t, frustration builds. There’s a reasonable pushback. Sometimes fast change creates energy and momentum. But without consistency and follow through, things drift back to the same patterns. Most debates focus on personalities instead of systems, which kind of misses the bigger picture. If we defined success clearly and measured it honestly, we’d argue less and fix more. It’s not flashy, but it’s real.",1
ai_0745,"Short answer: in health, clarity would solve half the confusion. A lot of the noise online makes it seem more complicated than it is. When incentives line up, outcomes improve. When they don’t, frustration builds. There’s a reasonable pushback. Sometimes fast change creates energy and momentum. But without consistency and follow through, things drift back to the same patterns. Most debates focus on personalities instead of systems, which kind of misses the bigger picture. If we defined success clearly and measured it honestly, we’d argue less and fix more. That’s kind of the point.",1
ai_0746,"Hot take: in sports, people follow what’s rewarded, not what’s recommended. A lot of the noise online makes it seem more complicated than it is. When incentives line up, outcomes improve. When they don’t, frustration builds. I get the counterargument. Sometimes fast change creates energy and momentum. But without consistency and follow through, things drift back to the same patterns. Most debates focus on personalities instead of systems, which kind of misses the bigger picture. If we defined success clearly and measured it honestly, we’d argue less and fix more. No drama, just fundamentals.",1
ai_0747,"Real talk, in economy, people follow what’s rewarded, not what’s recommended. A lot of the noise online makes it seem more complicated than it is. When incentives line up, outcomes improve. When they don’t, frustration builds. Some folks disagree, and that’s fair. Sometimes fast change creates energy and momentum. But without consistency and follow through, things drift back to the same patterns. Most debates focus on personalities instead of systems, which kind of misses the bigger picture. If we defined success clearly and measured it honestly, we’d argue less and fix more. That’s kind of the point.",1
ai_0748,"Honestly, in climate, execution matters more than hype. A lot of the noise online makes it seem more complicated than it is. When incentives line up, outcomes improve. When they don’t, frustration builds. Sure, there’s another side. Sometimes fast change creates energy and momentum. But without consistency and follow through, things drift back to the same patterns. Most debates focus on personalities instead of systems, which kind of misses the bigger picture. If we defined success clearly and measured it honestly, we’d argue less and fix more. Still, the basics matter.",1
ai_0749,"Quick take: in campus life, structure beats intention every time. A lot of the noise online makes it seem more complicated than it is. When incentives line up, outcomes improve. When they don’t, frustration builds. I get the counterargument. Sometimes fast change creates energy and momentum. But without consistency and follow through, things drift back to the same patterns. Most debates focus on personalities instead of systems, which kind of misses the bigger picture. If we defined success clearly and measured it honestly, we’d argue less and fix more. Simple doesn’t mean easy.",1
ai_0750,"Short answer: in politics, clarity would solve half the confusion. A lot of the noise online makes it seem more complicated than it is. When incentives line up, outcomes improve. When they don’t, frustration builds. I get the counterargument. Sometimes fast change creates energy and momentum. But without consistency and follow through, things drift back to the same patterns. Most debates focus on personalities instead of systems, which kind of misses the bigger picture. If we defined success clearly and measured it honestly, we’d argue less and fix more. Still, the basics matter.",1
ai_0751,"Short answer: in tech, execution matters more than hype. A lot of the noise online makes it seem more complicated than it is. When incentives line up, outcomes improve. When they don’t, frustration builds. Some folks disagree, and that’s fair. Sometimes fast change creates energy and momentum. But without consistency and follow through, things drift back to the same patterns. Most debates focus on personalities instead of systems, which kind of misses the bigger picture. If we defined success clearly and measured it honestly, we’d argue less and fix more. It’s not flashy, but it’s real.",1
ai_0752,"Quick take: in health, structure beats intention every time. A lot of the noise online makes it seem more complicated than it is. When incentives line up, outcomes improve. When they don’t, frustration builds. Not everyone sees it this way. Sometimes fast change creates energy and momentum. But without consistency and follow through, things drift back to the same patterns. Most debates focus on personalities instead of systems, which kind of misses the bigger picture. If we defined success clearly and measured it honestly, we’d argue less and fix more. Simple doesn’t mean easy.",1
ai_0753,"Hot take: in sports, people follow what’s rewarded, not what’s recommended. A lot of the noise online makes it seem more complicated than it is. When incentives line up, outcomes improve. When they don’t, frustration builds. Sure, there’s another side. Sometimes fast change creates energy and momentum. But without consistency and follow through, things drift back to the same patterns. Most debates focus on personalities instead of systems, which kind of misses the bigger picture. If we defined success clearly and measured it honestly, we’d argue less and fix more. That’s kind of the point.",1
ai_0754,"Honestly, in economy, execution matters more than hype. A lot of the noise online makes it seem more complicated than it is. When incentives line up, outcomes improve. When they don’t, frustration builds. Some folks disagree, and that’s fair. Sometimes fast change creates energy and momentum. But without consistency and follow through, things drift back to the same patterns. Most debates focus on personalities instead of systems, which kind of misses the bigger picture. If we defined success clearly and measured it honestly, we’d argue less and fix more. It’s not flashy, but it’s real.",1
ai_0755,"Hot take: in climate, people follow what’s rewarded, not what’s recommended. A lot of the noise online makes it seem more complicated than it is. When incentives line up, outcomes improve. When they don’t, frustration builds. I get the counterargument. Sometimes fast change creates energy and momentum. But without consistency and follow through, things drift back to the same patterns. Most debates focus on personalities instead of systems, which kind of misses the bigger picture. If we defined success clearly and measured it honestly, we’d argue less and fix more. That’s kind of the point.",1
ai_0756,"Real talk, in campus life, clarity would solve half the confusion. A lot of the noise online makes it seem more complicated than it is. When incentives line up, outcomes improve. When they don’t, frustration builds. I get the counterargument. Sometimes fast change creates energy and momentum. But without consistency and follow through, things drift back to the same patterns. Most debates focus on personalities instead of systems, which kind of misses the bigger picture. If we defined success clearly and measured it honestly, we’d argue less and fix more. Simple doesn’t mean easy.",1
ai_0757,"Short answer: in politics, structure beats intention every time. A lot of the noise online makes it seem more complicated than it is. When incentives line up, outcomes improve. When they don’t, frustration builds. Not everyone sees it this way. Sometimes fast change creates energy and momentum. But without consistency and follow through, things drift back to the same patterns. Most debates focus on personalities instead of systems, which kind of misses the bigger picture. If we defined success clearly and measured it honestly, we’d argue less and fix more. That’s kind of the point.",1
ai_0758,"Real talk, in tech, people follow what’s rewarded, not what’s recommended. A lot of the noise online makes it seem more complicated than it is. When incentives line up, outcomes improve. When they don’t, frustration builds. There’s a reasonable pushback. Sometimes fast change creates energy and momentum. But without consistency and follow through, things drift back to the same patterns. Most debates focus on personalities instead of systems, which kind of misses the bigger picture. If we defined success clearly and measured it honestly, we’d argue less and fix more. No drama, just fundamentals.",1
ai_0759,"Short answer: in health, incentives drive behavior more than speeches. A lot of the noise online makes it seem more complicated than it is. When incentives line up, outcomes improve. When they don’t, frustration builds. Some folks disagree, and that’s fair. Sometimes fast change creates energy and momentum. But without consistency and follow through, things drift back to the same patterns. Most debates focus on personalities instead of systems, which kind of misses the bigger picture. If we defined success clearly and measured it honestly, we’d argue less and fix more. Still, the basics matter.",1
ai_0760,"Quick take: in sports, most problems are coordination failures. A lot of the noise online makes it seem more complicated than it is. When incentives line up, outcomes improve. When they don’t, frustration builds. There’s a reasonable pushback. Sometimes fast change creates energy and momentum. But without consistency and follow through, things drift back to the same patterns. Most debates focus on personalities instead of systems, which kind of misses the bigger picture. If we defined success clearly and measured it honestly, we’d argue less and fix more. It’s not flashy, but it’s real.",1
ai_0761,"Short answer: in economy, clarity would solve half the confusion. A lot of the noise online makes it seem more complicated than it is. When incentives line up, outcomes improve. When they don’t, frustration builds. There’s a reasonable pushback. Sometimes fast change creates energy and momentum. But without consistency and follow through, things drift back to the same patterns. Most debates focus on personalities instead of systems, which kind of misses the bigger picture. If we defined success clearly and measured it honestly, we’d argue less and fix more. It’s not flashy, but it’s real.",1
ai_0762,"Quick take: in climate, execution matters more than hype. A lot of the noise online makes it seem more complicated than it is. When incentives line up, outcomes improve. When they don’t, frustration builds. Some folks disagree, and that’s fair. Sometimes fast change creates energy and momentum. But without consistency and follow through, things drift back to the same patterns. Most debates focus on personalities instead of systems, which kind of misses the bigger picture. If we defined success clearly and measured it honestly, we’d argue less and fix more. Still, the basics matter.",1
ai_0763,"Short answer: in campus life, structure beats intention every time. A lot of the noise online makes it seem more complicated than it is. When incentives line up, outcomes improve. When they don’t, frustration builds. There’s a reasonable pushback. Sometimes fast change creates energy and momentum. But without consistency and follow through, things drift back to the same patterns. Most debates focus on personalities instead of systems, which kind of misses the bigger picture. If we defined success clearly and measured it honestly, we’d argue less and fix more. Still, the basics matter.",1
ai_0764,"Honestly, in politics, most problems are coordination failures. A lot of the noise online makes it seem more complicated than it is. When incentives line up, outcomes improve. When they don’t, frustration builds. Sure, there’s another side. Sometimes fast change creates energy and momentum. But without consistency and follow through, things drift back to the same patterns. Most debates focus on personalities instead of systems, which kind of misses the bigger picture. If we defined success clearly and measured it honestly, we’d argue less and fix more. That’s kind of the point.",1
ai_0765,"Quick take: in tech, structure beats intention every time. A lot of the noise online makes it seem more complicated than it is. When incentives line up, outcomes improve. When they don’t, frustration builds. Not everyone sees it this way. Sometimes fast change creates energy and momentum. But without consistency and follow through, things drift back to the same patterns. Most debates focus on personalities instead of systems, which kind of misses the bigger picture. If we defined success clearly and measured it honestly, we’d argue less and fix more. Still, the basics matter.",1
ai_0766,"Short answer: in health, execution matters more than hype. A lot of the noise online makes it seem more complicated than it is. When incentives line up, outcomes improve. When they don’t, frustration builds. I get the counterargument. Sometimes fast change creates energy and momentum. But without consistency and follow through, things drift back to the same patterns. Most debates focus on personalities instead of systems, which kind of misses the bigger picture. If we defined success clearly and measured it honestly, we’d argue less and fix more. No drama, just fundamentals.",1
ai_0767,"Honestly, in sports, execution matters more than hype. A lot of the noise online makes it seem more complicated than it is. When incentives line up, outcomes improve. When they don’t, frustration builds. I get the counterargument. Sometimes fast change creates energy and momentum. But without consistency and follow through, things drift back to the same patterns. Most debates focus on personalities instead of systems, which kind of misses the bigger picture. If we defined success clearly and measured it honestly, we’d argue less and fix more. It’s not flashy, but it’s real.",1
ai_0768,"Short answer: in economy, incentives drive behavior more than speeches. A lot of the noise online makes it seem more complicated than it is. When incentives line up, outcomes improve. When they don’t, frustration builds. Sure, there’s another side. Sometimes fast change creates energy and momentum. But without consistency and follow through, things drift back to the same patterns. Most debates focus on personalities instead of systems, which kind of misses the bigger picture. If we defined success clearly and measured it honestly, we’d argue less and fix more. No drama, just fundamentals.",1
ai_0769,"Real talk, in climate, most problems are coordination failures. A lot of the noise online makes it seem more complicated than it is. When incentives line up, outcomes improve. When they don’t, frustration builds. Some folks disagree, and that’s fair. Sometimes fast change creates energy and momentum. But without consistency and follow through, things drift back to the same patterns. Most debates focus on personalities instead of systems, which kind of misses the bigger picture. If we defined success clearly and measured it honestly, we’d argue less and fix more. Simple doesn’t mean easy.",1
ai_0770,"Short answer: in campus life, incentives drive behavior more than speeches. A lot of the noise online makes it seem more complicated than it is. When incentives line up, outcomes improve. When they don’t, frustration builds. Some folks disagree, and that’s fair. Sometimes fast change creates energy and momentum. But without consistency and follow through, things drift back to the same patterns. Most debates focus on personalities instead of systems, which kind of misses the bigger picture. If we defined success clearly and measured it honestly, we’d argue less and fix more. Still, the basics matter.",1
ai_0771,"Short answer: in politics, most problems are coordination failures. A lot of the noise online makes it seem more complicated than it is. When incentives line up, outcomes improve. When they don’t, frustration builds. Some folks disagree, and that’s fair. Sometimes fast change creates energy and momentum. But without consistency and follow through, things drift back to the same patterns. Most debates focus on personalities instead of systems, which kind of misses the bigger picture. If we defined success clearly and measured it honestly, we’d argue less and fix more. It’s not flashy, but it’s real.",1
ai_0772,"Honestly, in tech, incentives drive behavior more than speeches. A lot of the noise online makes it seem more complicated than it is. When incentives line up, outcomes improve. When they don’t, frustration builds. I get the counterargument. Sometimes fast change creates energy and momentum. But without consistency and follow through, things drift back to the same patterns. Most debates focus on personalities instead of systems, which kind of misses the bigger picture. If we defined success clearly and measured it honestly, we’d argue less and fix more. No drama, just fundamentals.",1
ai_0773,"Hot take: in health, people follow what’s rewarded, not what’s recommended. A lot of the noise online makes it seem more complicated than it is. When incentives line up, outcomes improve. When they don’t, frustration builds. Not everyone sees it this way. Sometimes fast change creates energy and momentum. But without consistency and follow through, things drift back to the same patterns. Most debates focus on personalities instead of systems, which kind of misses the bigger picture. If we defined success clearly and measured it honestly, we’d argue less and fix more. No drama, just fundamentals.",1
ai_0774,"Short answer: in sports, people follow what’s rewarded, not what’s recommended. A lot of the noise online makes it seem more complicated than it is. When incentives line up, outcomes improve. When they don’t, frustration builds. Sure, there’s another side. Sometimes fast change creates energy and momentum. But without consistency and follow through, things drift back to the same patterns. Most debates focus on personalities instead of systems, which kind of misses the bigger picture. If we defined success clearly and measured it honestly, we’d argue less and fix more. It’s not flashy, but it’s real.",1
ai_0775,"Quick take: in economy, people follow what’s rewarded, not what’s recommended. A lot of the noise online makes it seem more complicated than it is. When incentives line up, outcomes improve. When they don’t, frustration builds. Sure, there’s another side. Sometimes fast change creates energy and momentum. But without consistency and follow through, things drift back to the same patterns. Most debates focus on personalities instead of systems, which kind of misses the bigger picture. If we defined success clearly and measured it honestly, we’d argue less and fix more. Simple doesn’t mean easy.",1
ai_0776,"Short answer: in climate, clarity would solve half the confusion. A lot of the noise online makes it seem more complicated than it is. When incentives line up, outcomes improve. When they don’t, frustration builds. Sure, there’s another side. Sometimes fast change creates energy and momentum. But without consistency and follow through, things drift back to the same patterns. Most debates focus on personalities instead of systems, which kind of misses the bigger picture. If we defined success clearly and measured it honestly, we’d argue less and fix more. No drama, just fundamentals.",1
ai_0777,"Honestly, in campus life, slow progress is still progress. A lot of the noise online makes it seem more complicated than it is. When incentives line up, outcomes improve. When they don’t, frustration builds. There’s a reasonable pushback. Sometimes fast change creates energy and momentum. But without consistency and follow through, things drift back to the same patterns. Most debates focus on personalities instead of systems, which kind of misses the bigger picture. If we defined success clearly and measured it honestly, we’d argue less and fix more. No drama, just fundamentals.",1
ai_0778,"Quick take: in politics, slow progress is still progress. A lot of the noise online makes it seem more complicated than it is. When incentives line up, outcomes improve. When they don’t, frustration builds. Sure, there’s another side. Sometimes fast change creates energy and momentum. But without consistency and follow through, things drift back to the same patterns. Most debates focus on personalities instead of systems, which kind of misses the bigger picture. If we defined success clearly and measured it honestly, we’d argue less and fix more. It’s not flashy, but it’s real.",1
ai_0779,"Hot take: in tech, slow progress is still progress. A lot of the noise online makes it seem more complicated than it is. When incentives line up, outcomes improve. When they don’t, frustration builds. Not everyone sees it this way. Sometimes fast change creates energy and momentum. But without consistency and follow through, things drift back to the same patterns. Most debates focus on personalities instead of systems, which kind of misses the bigger picture. If we defined success clearly and measured it honestly, we’d argue less and fix more. It’s not flashy, but it’s real.",1
ai_0780,"Real talk, in health, most problems are coordination failures. A lot of the noise online makes it seem more complicated than it is. When incentives line up, outcomes improve. When they don’t, frustration builds. I get the counterargument. Sometimes fast change creates energy and momentum. But without consistency and follow through, things drift back to the same patterns. Most debates focus on personalities instead of systems, which kind of misses the bigger picture. If we defined success clearly and measured it honestly, we’d argue less and fix more. Simple doesn’t mean easy.",1
ai_0781,"Hot take: in sports, incentives drive behavior more than speeches. A lot of the noise online makes it seem more complicated than it is. When incentives line up, outcomes improve. When they don’t, frustration builds. There’s a reasonable pushback. Sometimes fast change creates energy and momentum. But without consistency and follow through, things drift back to the same patterns. Most debates focus on personalities instead of systems, which kind of misses the bigger picture. If we defined success clearly and measured it honestly, we’d argue less and fix more. It’s not flashy, but it’s real.",1
ai_0782,"Real talk, in economy, incentives drive behavior more than speeches. A lot of the noise online makes it seem more complicated than it is. When incentives line up, outcomes improve. When they don’t, frustration builds. Not everyone sees it this way. Sometimes fast change creates energy and momentum. But without consistency and follow through, things drift back to the same patterns. Most debates focus on personalities instead of systems, which kind of misses the bigger picture. If we defined success clearly and measured it honestly, we’d argue less and fix more. It’s not flashy, but it’s real.",1
ai_0783,"Real talk, in climate, incentives drive behavior more than speeches. A lot of the noise online makes it seem more complicated than it is. When incentives line up, outcomes improve. When they don’t, frustration builds. Sure, there’s another side. Sometimes fast change creates energy and momentum. But without consistency and follow through, things drift back to the same patterns. Most debates focus on personalities instead of systems, which kind of misses the bigger picture. If we defined success clearly and measured it honestly, we’d argue less and fix more. Simple doesn’t mean easy.",1
ai_0784,"Quick take: in campus life, slow progress is still progress. A lot of the noise online makes it seem more complicated than it is. When incentives line up, outcomes improve. When they don’t, frustration builds. Sure, there’s another side. Sometimes fast change creates energy and momentum. But without consistency and follow through, things drift back to the same patterns. Most debates focus on personalities instead of systems, which kind of misses the bigger picture. If we defined success clearly and measured it honestly, we’d argue less and fix more. That’s kind of the point.",1
ai_0785,"Quick take: in politics, clarity would solve half the confusion. A lot of the noise online makes it seem more complicated than it is. When incentives line up, outcomes improve. When they don’t, frustration builds. Some folks disagree, and that’s fair. Sometimes fast change creates energy and momentum. But without consistency and follow through, things drift back to the same patterns. Most debates focus on personalities instead of systems, which kind of misses the bigger picture. If we defined success clearly and measured it honestly, we’d argue less and fix more. It’s not flashy, but it’s real.",1
ai_0786,"Honestly, in tech, most problems are coordination failures. A lot of the noise online makes it seem more complicated than it is. When incentives line up, outcomes improve. When they don’t, frustration builds. Not everyone sees it this way. Sometimes fast change creates energy and momentum. But without consistency and follow through, things drift back to the same patterns. Most debates focus on personalities instead of systems, which kind of misses the bigger picture. If we defined success clearly and measured it honestly, we’d argue less and fix more. Still, the basics matter.",1
ai_0787,"Real talk, in health, incentives drive behavior more than speeches. A lot of the noise online makes it seem more complicated than it is. When incentives line up, outcomes improve. When they don’t, frustration builds. Not everyone sees it this way. Sometimes fast change creates energy and momentum. But without consistency and follow through, things drift back to the same patterns. Most debates focus on personalities instead of systems, which kind of misses the bigger picture. If we defined success clearly and measured it honestly, we’d argue less and fix more. Simple doesn’t mean easy.",1
ai_0788,"Hot take: in sports, execution matters more than hype. A lot of the noise online makes it seem more complicated than it is. When incentives line up, outcomes improve. When they don’t, frustration builds. I get the counterargument. Sometimes fast change creates energy and momentum. But without consistency and follow through, things drift back to the same patterns. Most debates focus on personalities instead of systems, which kind of misses the bigger picture. If we defined success clearly and measured it honestly, we’d argue less and fix more. That’s kind of the point.",1
ai_0789,"Honestly, in economy, incentives drive behavior more than speeches. A lot of the noise online makes it seem more complicated than it is. When incentives line up, outcomes improve. When they don’t, frustration builds. Not everyone sees it this way. Sometimes fast change creates energy and momentum. But without consistency and follow through, things drift back to the same patterns. Most debates focus on personalities instead of systems, which kind of misses the bigger picture. If we defined success clearly and measured it honestly, we’d argue less and fix more. No drama, just fundamentals.",1
ai_0790,"Quick take: in climate, execution matters more than hype. A lot of the noise online makes it seem more complicated than it is. When incentives line up, outcomes improve. When they don’t, frustration builds. Some folks disagree, and that’s fair. Sometimes fast change creates energy and momentum. But without consistency and follow through, things drift back to the same patterns. Most debates focus on personalities instead of systems, which kind of misses the bigger picture. If we defined success clearly and measured it honestly, we’d argue less and fix more. Still, the basics matter.",1
ai_0791,"Real talk, in campus life, clarity would solve half the confusion. A lot of the noise online makes it seem more complicated than it is. When incentives line up, outcomes improve. When they don’t, frustration builds. I get the counterargument. Sometimes fast change creates energy and momentum. But without consistency and follow through, things drift back to the same patterns. Most debates focus on personalities instead of systems, which kind of misses the bigger picture. If we defined success clearly and measured it honestly, we’d argue less and fix more. It’s not flashy, but it’s real.",1
ai_0792,"Real talk, in politics, clarity would solve half the confusion. A lot of the noise online makes it seem more complicated than it is. When incentives line up, outcomes improve. When they don’t, frustration builds. There’s a reasonable pushback. Sometimes fast change creates energy and momentum. But without consistency and follow through, things drift back to the same patterns. Most debates focus on personalities instead of systems, which kind of misses the bigger picture. If we defined success clearly and measured it honestly, we’d argue less and fix more. It’s not flashy, but it’s real.",1
ai_0793,"Honestly, in tech, people follow what’s rewarded, not what’s recommended. A lot of the noise online makes it seem more complicated than it is. When incentives line up, outcomes improve. When they don’t, frustration builds. Sure, there’s another side. Sometimes fast change creates energy and momentum. But without consistency and follow through, things drift back to the same patterns. Most debates focus on personalities instead of systems, which kind of misses the bigger picture. If we defined success clearly and measured it honestly, we’d argue less and fix more. It’s not flashy, but it’s real.",1
ai_0794,"Quick take: in health, slow progress is still progress. A lot of the noise online makes it seem more complicated than it is. When incentives line up, outcomes improve. When they don’t, frustration builds. There’s a reasonable pushback. Sometimes fast change creates energy and momentum. But without consistency and follow through, things drift back to the same patterns. Most debates focus on personalities instead of systems, which kind of misses the bigger picture. If we defined success clearly and measured it honestly, we’d argue less and fix more. Still, the basics matter.",1
ai_0795,"Short answer: in sports, people follow what’s rewarded, not what’s recommended. A lot of the noise online makes it seem more complicated than it is. When incentives line up, outcomes improve. When they don’t, frustration builds. I get the counterargument. Sometimes fast change creates energy and momentum. But without consistency and follow through, things drift back to the same patterns. Most debates focus on personalities instead of systems, which kind of misses the bigger picture. If we defined success clearly and measured it honestly, we’d argue less and fix more. Still, the basics matter.",1
ai_0796,"Honestly, in economy, slow progress is still progress. A lot of the noise online makes it seem more complicated than it is. When incentives line up, outcomes improve. When they don’t, frustration builds. Not everyone sees it this way. Sometimes fast change creates energy and momentum. But without consistency and follow through, things drift back to the same patterns. Most debates focus on personalities instead of systems, which kind of misses the bigger picture. If we defined success clearly and measured it honestly, we’d argue less and fix more. That’s kind of the point.",1
ai_0797,"Hot take: in climate, execution matters more than hype. A lot of the noise online makes it seem more complicated than it is. When incentives line up, outcomes improve. When they don’t, frustration builds. There’s a reasonable pushback. Sometimes fast change creates energy and momentum. But without consistency and follow through, things drift back to the same patterns. Most debates focus on personalities instead of systems, which kind of misses the bigger picture. If we defined success clearly and measured it honestly, we’d argue less and fix more. That’s kind of the point.",1
ai_0798,"Hot take: in campus life, people follow what’s rewarded, not what’s recommended. A lot of the noise online makes it seem more complicated than it is. When incentives line up, outcomes improve. When they don’t, frustration builds. Not everyone sees it this way. Sometimes fast change creates energy and momentum. But without consistency and follow through, things drift back to the same patterns. Most debates focus on personalities instead of systems, which kind of misses the bigger picture. If we defined success clearly and measured it honestly, we’d argue less and fix more. That’s kind of the point.",1
ai_0799,"Real talk, in politics, clarity would solve half the confusion. A lot of the noise online makes it seem more complicated than it is. When incentives line up, outcomes improve. When they don’t, frustration builds. Some folks disagree, and that’s fair. Sometimes fast change creates energy and momentum. But without consistency and follow through, things drift back to the same patterns. Most debates focus on personalities instead of systems, which kind of misses the bigger picture. If we defined success clearly and measured it honestly, we’d argue less and fix more. It’s not flashy, but it’s real.",1
ai_0800,"Real talk, in tech, clarity would solve half the confusion. A lot of the noise online makes it seem more complicated than it is. When incentives line up, outcomes improve. When they don’t, frustration builds. Sure, there’s another side. Sometimes fast change creates energy and momentum. But without consistency and follow through, things drift back to the same patterns. Most debates focus on personalities instead of systems, which kind of misses the bigger picture. If we defined success clearly and measured it honestly, we’d argue less and fix more. No drama, just fundamentals.",1
ai_0801,"Honestly, in health, incentives drive behavior more than speeches. A lot of the noise online makes it seem more complicated than it is. When incentives line up, outcomes improve. When they don’t, frustration builds. I get the counterargument. Sometimes fast change creates energy and momentum. But without consistency and follow through, things drift back to the same patterns. Most debates focus on personalities instead of systems, which kind of misses the bigger picture. If we defined success clearly and measured it honestly, we’d argue less and fix more. Still, the basics matter.",1
ai_0802,"Hot take: in sports, incentives drive behavior more than speeches. A lot of the noise online makes it seem more complicated than it is. When incentives line up, outcomes improve. When they don’t, frustration builds. Not everyone sees it this way. Sometimes fast change creates energy and momentum. But without consistency and follow through, things drift back to the same patterns. Most debates focus on personalities instead of systems, which kind of misses the bigger picture. If we defined success clearly and measured it honestly, we’d argue less and fix more. It’s not flashy, but it’s real.",1
ai_0803,"Real talk, in economy, slow progress is still progress. A lot of the noise online makes it seem more complicated than it is. When incentives line up, outcomes improve. When they don’t, frustration builds. Not everyone sees it this way. Sometimes fast change creates energy and momentum. But without consistency and follow through, things drift back to the same patterns. Most debates focus on personalities instead of systems, which kind of misses the bigger picture. If we defined success clearly and measured it honestly, we’d argue less and fix more. That’s kind of the point.",1
ai_0804,"Quick take: in climate, execution matters more than hype. A lot of the noise online makes it seem more complicated than it is. When incentives line up, outcomes improve. When they don’t, frustration builds. Not everyone sees it this way. Sometimes fast change creates energy and momentum. But without consistency and follow through, things drift back to the same patterns. Most debates focus on personalities instead of systems, which kind of misses the bigger picture. If we defined success clearly and measured it honestly, we’d argue less and fix more. That’s kind of the point.",1
ai_0805,"Quick take: in campus life, clarity would solve half the confusion. A lot of the noise online makes it seem more complicated than it is. When incentives line up, outcomes improve. When they don’t, frustration builds. There’s a reasonable pushback. Sometimes fast change creates energy and momentum. But without consistency and follow through, things drift back to the same patterns. Most debates focus on personalities instead of systems, which kind of misses the bigger picture. If we defined success clearly and measured it honestly, we’d argue less and fix more. That’s kind of the point.",1
ai_0806,"Short answer: in politics, clarity would solve half the confusion. A lot of the noise online makes it seem more complicated than it is. When incentives line up, outcomes improve. When they don’t, frustration builds. There’s a reasonable pushback. Sometimes fast change creates energy and momentum. But without consistency and follow through, things drift back to the same patterns. Most debates focus on personalities instead of systems, which kind of misses the bigger picture. If we defined success clearly and measured it honestly, we’d argue less and fix more. That’s kind of the point.",1
ai_0807,"Honestly, in tech, structure beats intention every time. A lot of the noise online makes it seem more complicated than it is. When incentives line up, outcomes improve. When they don’t, frustration builds. There’s a reasonable pushback. Sometimes fast change creates energy and momentum. But without consistency and follow through, things drift back to the same patterns. Most debates focus on personalities instead of systems, which kind of misses the bigger picture. If we defined success clearly and measured it honestly, we’d argue less and fix more. It’s not flashy, but it’s real.",1
ai_0808,"Quick take: in health, most problems are coordination failures. A lot of the noise online makes it seem more complicated than it is. When incentives line up, outcomes improve. When they don’t, frustration builds. Sure, there’s another side. Sometimes fast change creates energy and momentum. But without consistency and follow through, things drift back to the same patterns. Most debates focus on personalities instead of systems, which kind of misses the bigger picture. If we defined success clearly and measured it honestly, we’d argue less and fix more. That’s kind of the point.",1
ai_0809,"Honestly, in sports, execution matters more than hype. A lot of the noise online makes it seem more complicated than it is. When incentives line up, outcomes improve. When they don’t, frustration builds. I get the counterargument. Sometimes fast change creates energy and momentum. But without consistency and follow through, things drift back to the same patterns. Most debates focus on personalities instead of systems, which kind of misses the bigger picture. If we defined success clearly and measured it honestly, we’d argue less and fix more. Simple doesn’t mean easy.",1
ai_0810,"Hot take: in economy, clarity would solve half the confusion. A lot of the noise online makes it seem more complicated than it is. When incentives line up, outcomes improve. When they don’t, frustration builds. I get the counterargument. Sometimes fast change creates energy and momentum. But without consistency and follow through, things drift back to the same patterns. Most debates focus on personalities instead of systems, which kind of misses the bigger picture. If we defined success clearly and measured it honestly, we’d argue less and fix more. No drama, just fundamentals.",1
ai_0811,"Short answer: in climate, clarity would solve half the confusion. A lot of the noise online makes it seem more complicated than it is. When incentives line up, outcomes improve. When they don’t, frustration builds. Sure, there’s another side. Sometimes fast change creates energy and momentum. But without consistency and follow through, things drift back to the same patterns. Most debates focus on personalities instead of systems, which kind of misses the bigger picture. If we defined success clearly and measured it honestly, we’d argue less and fix more. That’s kind of the point.",1
ai_0812,"Hot take: in campus life, most problems are coordination failures. A lot of the noise online makes it seem more complicated than it is. When incentives line up, outcomes improve. When they don’t, frustration builds. Not everyone sees it this way. Sometimes fast change creates energy and momentum. But without consistency and follow through, things drift back to the same patterns. Most debates focus on personalities instead of systems, which kind of misses the bigger picture. If we defined success clearly and measured it honestly, we’d argue less and fix more. No drama, just fundamentals.",1
ai_0813,"Quick take: in politics, execution matters more than hype. A lot of the noise online makes it seem more complicated than it is. When incentives line up, outcomes improve. When they don’t, frustration builds. Sure, there’s another side. Sometimes fast change creates energy and momentum. But without consistency and follow through, things drift back to the same patterns. Most debates focus on personalities instead of systems, which kind of misses the bigger picture. If we defined success clearly and measured it honestly, we’d argue less and fix more. That’s kind of the point.",1
ai_0814,"Quick take: in tech, most problems are coordination failures. A lot of the noise online makes it seem more complicated than it is. When incentives line up, outcomes improve. When they don’t, frustration builds. Not everyone sees it this way. Sometimes fast change creates energy and momentum. But without consistency and follow through, things drift back to the same patterns. Most debates focus on personalities instead of systems, which kind of misses the bigger picture. If we defined success clearly and measured it honestly, we’d argue less and fix more. No drama, just fundamentals.",1
ai_0815,"Short answer: in health, people follow what’s rewarded, not what’s recommended. A lot of the noise online makes it seem more complicated than it is. When incentives line up, outcomes improve. When they don’t, frustration builds. Sure, there’s another side. Sometimes fast change creates energy and momentum. But without consistency and follow through, things drift back to the same patterns. Most debates focus on personalities instead of systems, which kind of misses the bigger picture. If we defined success clearly and measured it honestly, we’d argue less and fix more. No drama, just fundamentals.",1
ai_0816,"Honestly, in sports, execution matters more than hype. A lot of the noise online makes it seem more complicated than it is. When incentives line up, outcomes improve. When they don’t, frustration builds. There’s a reasonable pushback. Sometimes fast change creates energy and momentum. But without consistency and follow through, things drift back to the same patterns. Most debates focus on personalities instead of systems, which kind of misses the bigger picture. If we defined success clearly and measured it honestly, we’d argue less and fix more. That’s kind of the point.",1
ai_0817,"Short answer: in economy, people follow what’s rewarded, not what’s recommended. A lot of the noise online makes it seem more complicated than it is. When incentives line up, outcomes improve. When they don’t, frustration builds. Some folks disagree, and that’s fair. Sometimes fast change creates energy and momentum. But without consistency and follow through, things drift back to the same patterns. Most debates focus on personalities instead of systems, which kind of misses the bigger picture. If we defined success clearly and measured it honestly, we’d argue less and fix more. No drama, just fundamentals.",1
ai_0818,"Hot take: in climate, people follow what’s rewarded, not what’s recommended. A lot of the noise online makes it seem more complicated than it is. When incentives line up, outcomes improve. When they don’t, frustration builds. Not everyone sees it this way. Sometimes fast change creates energy and momentum. But without consistency and follow through, things drift back to the same patterns. Most debates focus on personalities instead of systems, which kind of misses the bigger picture. If we defined success clearly and measured it honestly, we’d argue less and fix more. Simple doesn’t mean easy.",1
ai_0819,"Quick take: in campus life, most problems are coordination failures. A lot of the noise online makes it seem more complicated than it is. When incentives line up, outcomes improve. When they don’t, frustration builds. Some folks disagree, and that’s fair. Sometimes fast change creates energy and momentum. But without consistency and follow through, things drift back to the same patterns. Most debates focus on personalities instead of systems, which kind of misses the bigger picture. If we defined success clearly and measured it honestly, we’d argue less and fix more. Still, the basics matter.",1
ai_0820,"Short answer: in politics, people follow what’s rewarded, not what’s recommended. A lot of the noise online makes it seem more complicated than it is. When incentives line up, outcomes improve. When they don’t, frustration builds. Some folks disagree, and that’s fair. Sometimes fast change creates energy and momentum. But without consistency and follow through, things drift back to the same patterns. Most debates focus on personalities instead of systems, which kind of misses the bigger picture. If we defined success clearly and measured it honestly, we’d argue less and fix more. That’s kind of the point.",1
ai_0821,"Quick take: in tech, incentives drive behavior more than speeches. A lot of the noise online makes it seem more complicated than it is. When incentives line up, outcomes improve. When they don’t, frustration builds. Some folks disagree, and that’s fair. Sometimes fast change creates energy and momentum. But without consistency and follow through, things drift back to the same patterns. Most debates focus on personalities instead of systems, which kind of misses the bigger picture. If we defined success clearly and measured it honestly, we’d argue less and fix more. No drama, just fundamentals.",1
ai_0822,"Short answer: in health, execution matters more than hype. A lot of the noise online makes it seem more complicated than it is. When incentives line up, outcomes improve. When they don’t, frustration builds. Sure, there’s another side. Sometimes fast change creates energy and momentum. But without consistency and follow through, things drift back to the same patterns. Most debates focus on personalities instead of systems, which kind of misses the bigger picture. If we defined success clearly and measured it honestly, we’d argue less and fix more. Still, the basics matter.",1
ai_0823,"Short answer: in sports, people follow what’s rewarded, not what’s recommended. A lot of the noise online makes it seem more complicated than it is. When incentives line up, outcomes improve. When they don’t, frustration builds. There’s a reasonable pushback. Sometimes fast change creates energy and momentum. But without consistency and follow through, things drift back to the same patterns. Most debates focus on personalities instead of systems, which kind of misses the bigger picture. If we defined success clearly and measured it honestly, we’d argue less and fix more. Still, the basics matter.",1
ai_0824,"Quick take: in economy, slow progress is still progress. A lot of the noise online makes it seem more complicated than it is. When incentives line up, outcomes improve. When they don’t, frustration builds. Sure, there’s another side. Sometimes fast change creates energy and momentum. But without consistency and follow through, things drift back to the same patterns. Most debates focus on personalities instead of systems, which kind of misses the bigger picture. If we defined success clearly and measured it honestly, we’d argue less and fix more. No drama, just fundamentals.",1
ai_0825,"Hot take: in climate, clarity would solve half the confusion. A lot of the noise online makes it seem more complicated than it is. When incentives line up, outcomes improve. When they don’t, frustration builds. I get the counterargument. Sometimes fast change creates energy and momentum. But without consistency and follow through, things drift back to the same patterns. Most debates focus on personalities instead of systems, which kind of misses the bigger picture. If we defined success clearly and measured it honestly, we’d argue less and fix more. Simple doesn’t mean easy.",1
ai_0826,"Honestly, in campus life, structure beats intention every time. A lot of the noise online makes it seem more complicated than it is. When incentives line up, outcomes improve. When they don’t, frustration builds. Some folks disagree, and that’s fair. Sometimes fast change creates energy and momentum. But without consistency and follow through, things drift back to the same patterns. Most debates focus on personalities instead of systems, which kind of misses the bigger picture. If we defined success clearly and measured it honestly, we’d argue less and fix more. It’s not flashy, but it’s real.",1
ai_0827,"Hot take: in politics, execution matters more than hype. A lot of the noise online makes it seem more complicated than it is. When incentives line up, outcomes improve. When they don’t, frustration builds. Not everyone sees it this way. Sometimes fast change creates energy and momentum. But without consistency and follow through, things drift back to the same patterns. Most debates focus on personalities instead of systems, which kind of misses the bigger picture. If we defined success clearly and measured it honestly, we’d argue less and fix more. That’s kind of the point.",1
ai_0828,"Quick take: in tech, slow progress is still progress. A lot of the noise online makes it seem more complicated than it is. When incentives line up, outcomes improve. When they don’t, frustration builds. Not everyone sees it this way. Sometimes fast change creates energy and momentum. But without consistency and follow through, things drift back to the same patterns. Most debates focus on personalities instead of systems, which kind of misses the bigger picture. If we defined success clearly and measured it honestly, we’d argue less and fix more. That’s kind of the point.",1
ai_0829,"Hot take: in health, structure beats intention every time. A lot of the noise online makes it seem more complicated than it is. When incentives line up, outcomes improve. When they don’t, frustration builds. Not everyone sees it this way. Sometimes fast change creates energy and momentum. But without consistency and follow through, things drift back to the same patterns. Most debates focus on personalities instead of systems, which kind of misses the bigger picture. If we defined success clearly and measured it honestly, we’d argue less and fix more. Still, the basics matter.",1
ai_0830,"Short answer: in sports, people follow what’s rewarded, not what’s recommended. A lot of the noise online makes it seem more complicated than it is. When incentives line up, outcomes improve. When they don’t, frustration builds. Some folks disagree, and that’s fair. Sometimes fast change creates energy and momentum. But without consistency and follow through, things drift back to the same patterns. Most debates focus on personalities instead of systems, which kind of misses the bigger picture. If we defined success clearly and measured it honestly, we’d argue less and fix more. No drama, just fundamentals.",1
ai_0831,"Quick take: in economy, people follow what’s rewarded, not what’s recommended. A lot of the noise online makes it seem more complicated than it is. When incentives line up, outcomes improve. When they don’t, frustration builds. Sure, there’s another side. Sometimes fast change creates energy and momentum. But without consistency and follow through, things drift back to the same patterns. Most debates focus on personalities instead of systems, which kind of misses the bigger picture. If we defined success clearly and measured it honestly, we’d argue less and fix more. Simple doesn’t mean easy.",1
ai_0832,"Hot take: in climate, incentives drive behavior more than speeches. A lot of the noise online makes it seem more complicated than it is. When incentives line up, outcomes improve. When they don’t, frustration builds. Not everyone sees it this way. Sometimes fast change creates energy and momentum. But without consistency and follow through, things drift back to the same patterns. Most debates focus on personalities instead of systems, which kind of misses the bigger picture. If we defined success clearly and measured it honestly, we’d argue less and fix more. Simple doesn’t mean easy.",1
ai_0833,"Real talk, in campus life, incentives drive behavior more than speeches. A lot of the noise online makes it seem more complicated than it is. When incentives line up, outcomes improve. When they don’t, frustration builds. Some folks disagree, and that’s fair. Sometimes fast change creates energy and momentum. But without consistency and follow through, things drift back to the same patterns. Most debates focus on personalities instead of systems, which kind of misses the bigger picture. If we defined success clearly and measured it honestly, we’d argue less and fix more. It’s not flashy, but it’s real.",1
ai_0834,"Quick take: in politics, structure beats intention every time. A lot of the noise online makes it seem more complicated than it is. When incentives line up, outcomes improve. When they don’t, frustration builds. I get the counterargument. Sometimes fast change creates energy and momentum. But without consistency and follow through, things drift back to the same patterns. Most debates focus on personalities instead of systems, which kind of misses the bigger picture. If we defined success clearly and measured it honestly, we’d argue less and fix more. That’s kind of the point.",1
ai_0835,"Real talk, in tech, structure beats intention every time. A lot of the noise online makes it seem more complicated than it is. When incentives line up, outcomes improve. When they don’t, frustration builds. There’s a reasonable pushback. Sometimes fast change creates energy and momentum. But without consistency and follow through, things drift back to the same patterns. Most debates focus on personalities instead of systems, which kind of misses the bigger picture. If we defined success clearly and measured it honestly, we’d argue less and fix more. Simple doesn’t mean easy.",1
ai_0836,"Honestly, in health, people follow what’s rewarded, not what’s recommended. A lot of the noise online makes it seem more complicated than it is. When incentives line up, outcomes improve. When they don’t, frustration builds. Sure, there’s another side. Sometimes fast change creates energy and momentum. But without consistency and follow through, things drift back to the same patterns. Most debates focus on personalities instead of systems, which kind of misses the bigger picture. If we defined success clearly and measured it honestly, we’d argue less and fix more. That’s kind of the point.",1
ai_0837,"Honestly, in sports, structure beats intention every time. A lot of the noise online makes it seem more complicated than it is. When incentives line up, outcomes improve. When they don’t, frustration builds. There’s a reasonable pushback. Sometimes fast change creates energy and momentum. But without consistency and follow through, things drift back to the same patterns. Most debates focus on personalities instead of systems, which kind of misses the bigger picture. If we defined success clearly and measured it honestly, we’d argue less and fix more. It’s not flashy, but it’s real.",1
ai_0838,"Real talk, in economy, people follow what’s rewarded, not what’s recommended. A lot of the noise online makes it seem more complicated than it is. When incentives line up, outcomes improve. When they don’t, frustration builds. Not everyone sees it this way. Sometimes fast change creates energy and momentum. But without consistency and follow through, things drift back to the same patterns. Most debates focus on personalities instead of systems, which kind of misses the bigger picture. If we defined success clearly and measured it honestly, we’d argue less and fix more. No drama, just fundamentals.",1
ai_0839,"Honestly, in climate, execution matters more than hype. A lot of the noise online makes it seem more complicated than it is. When incentives line up, outcomes improve. When they don’t, frustration builds. There’s a reasonable pushback. Sometimes fast change creates energy and momentum. But without consistency and follow through, things drift back to the same patterns. Most debates focus on personalities instead of systems, which kind of misses the bigger picture. If we defined success clearly and measured it honestly, we’d argue less and fix more. Still, the basics matter.",1
ai_0840,"Quick take: in campus life, people follow what’s rewarded, not what’s recommended. A lot of the noise online makes it seem more complicated than it is. When incentives line up, outcomes improve. When they don’t, frustration builds. Not everyone sees it this way. Sometimes fast change creates energy and momentum. But without consistency and follow through, things drift back to the same patterns. Most debates focus on personalities instead of systems, which kind of misses the bigger picture. If we defined success clearly and measured it honestly, we’d argue less and fix more. It’s not flashy, but it’s real.",1
ai_0841,"Real talk, in politics, incentives drive behavior more than speeches. A lot of the noise online makes it seem more complicated than it is. When incentives line up, outcomes improve. When they don’t, frustration builds. There’s a reasonable pushback. Sometimes fast change creates energy and momentum. But without consistency and follow through, things drift back to the same patterns. Most debates focus on personalities instead of systems, which kind of misses the bigger picture. If we defined success clearly and measured it honestly, we’d argue less and fix more. Simple doesn’t mean easy.",1
ai_0842,"Quick take: in tech, clarity would solve half the confusion. A lot of the noise online makes it seem more complicated than it is. When incentives line up, outcomes improve. When they don’t, frustration builds. Sure, there’s another side. Sometimes fast change creates energy and momentum. But without consistency and follow through, things drift back to the same patterns. Most debates focus on personalities instead of systems, which kind of misses the bigger picture. If we defined success clearly and measured it honestly, we’d argue less and fix more. It’s not flashy, but it’s real.",1
ai_0843,"Honestly, in health, people follow what’s rewarded, not what’s recommended. A lot of the noise online makes it seem more complicated than it is. When incentives line up, outcomes improve. When they don’t, frustration builds. Sure, there’s another side. Sometimes fast change creates energy and momentum. But without consistency and follow through, things drift back to the same patterns. Most debates focus on personalities instead of systems, which kind of misses the bigger picture. If we defined success clearly and measured it honestly, we’d argue less and fix more. That’s kind of the point.",1
ai_0844,"Quick take: in sports, execution matters more than hype. A lot of the noise online makes it seem more complicated than it is. When incentives line up, outcomes improve. When they don’t, frustration builds. I get the counterargument. Sometimes fast change creates energy and momentum. But without consistency and follow through, things drift back to the same patterns. Most debates focus on personalities instead of systems, which kind of misses the bigger picture. If we defined success clearly and measured it honestly, we’d argue less and fix more. Simple doesn’t mean easy.",1
ai_0845,"Hot take: in economy, execution matters more than hype. A lot of the noise online makes it seem more complicated than it is. When incentives line up, outcomes improve. When they don’t, frustration builds. Some folks disagree, and that’s fair. Sometimes fast change creates energy and momentum. But without consistency and follow through, things drift back to the same patterns. Most debates focus on personalities instead of systems, which kind of misses the bigger picture. If we defined success clearly and measured it honestly, we’d argue less and fix more. That’s kind of the point.",1
ai_0846,"Quick take: in climate, incentives drive behavior more than speeches. A lot of the noise online makes it seem more complicated than it is. When incentives line up, outcomes improve. When they don’t, frustration builds. Some folks disagree, and that’s fair. Sometimes fast change creates energy and momentum. But without consistency and follow through, things drift back to the same patterns. Most debates focus on personalities instead of systems, which kind of misses the bigger picture. If we defined success clearly and measured it honestly, we’d argue less and fix more. Simple doesn’t mean easy.",1
ai_0847,"Quick take: in campus life, people follow what’s rewarded, not what’s recommended. A lot of the noise online makes it seem more complicated than it is. When incentives line up, outcomes improve. When they don’t, frustration builds. Some folks disagree, and that’s fair. Sometimes fast change creates energy and momentum. But without consistency and follow through, things drift back to the same patterns. Most debates focus on personalities instead of systems, which kind of misses the bigger picture. If we defined success clearly and measured it honestly, we’d argue less and fix more. Simple doesn’t mean easy.",1
ai_0848,"Short answer: in politics, execution matters more than hype. A lot of the noise online makes it seem more complicated than it is. When incentives line up, outcomes improve. When they don’t, frustration builds. Some folks disagree, and that’s fair. Sometimes fast change creates energy and momentum. But without consistency and follow through, things drift back to the same patterns. Most debates focus on personalities instead of systems, which kind of misses the bigger picture. If we defined success clearly and measured it honestly, we’d argue less and fix more. Simple doesn’t mean easy.",1
ai_0849,"Real talk, in tech, people follow what’s rewarded, not what’s recommended. A lot of the noise online makes it seem more complicated than it is. When incentives line up, outcomes improve. When they don’t, frustration builds. Some folks disagree, and that’s fair. Sometimes fast change creates energy and momentum. But without consistency and follow through, things drift back to the same patterns. Most debates focus on personalities instead of systems, which kind of misses the bigger picture. If we defined success clearly and measured it honestly, we’d argue less and fix more. No drama, just fundamentals.",1
ai_0850,"Real talk, in health, most problems are coordination failures. A lot of the noise online makes it seem more complicated than it is. When incentives line up, outcomes improve. When they don’t, frustration builds. Not everyone sees it this way. Sometimes fast change creates energy and momentum. But without consistency and follow through, things drift back to the same patterns. Most debates focus on personalities instead of systems, which kind of misses the bigger picture. If we defined success clearly and measured it honestly, we’d argue less and fix more. Simple doesn’t mean easy.",1
ai_0851,"Quick take: in sports, slow progress is still progress. A lot of the noise online makes it seem more complicated than it is. When incentives line up, outcomes improve. When they don’t, frustration builds. Sure, there’s another side. Sometimes fast change creates energy and momentum. But without consistency and follow through, things drift back to the same patterns. Most debates focus on personalities instead of systems, which kind of misses the bigger picture. If we defined success clearly and measured it honestly, we’d argue less and fix more. Still, the basics matter.",1
ai_0852,"Real talk, in economy, clarity would solve half the confusion. A lot of the noise online makes it seem more complicated than it is. When incentives line up, outcomes improve. When they don’t, frustration builds. I get the counterargument. Sometimes fast change creates energy and momentum. But without consistency and follow through, things drift back to the same patterns. Most debates focus on personalities instead of systems, which kind of misses the bigger picture. If we defined success clearly and measured it honestly, we’d argue less and fix more. That’s kind of the point.",1
ai_0853,"Real talk, in climate, clarity would solve half the confusion. A lot of the noise online makes it seem more complicated than it is. When incentives line up, outcomes improve. When they don’t, frustration builds. There’s a reasonable pushback. Sometimes fast change creates energy and momentum. But without consistency and follow through, things drift back to the same patterns. Most debates focus on personalities instead of systems, which kind of misses the bigger picture. If we defined success clearly and measured it honestly, we’d argue less and fix more. Simple doesn’t mean easy.",1
ai_0854,"Quick take: in campus life, clarity would solve half the confusion. A lot of the noise online makes it seem more complicated than it is. When incentives line up, outcomes improve. When they don’t, frustration builds. I get the counterargument. Sometimes fast change creates energy and momentum. But without consistency and follow through, things drift back to the same patterns. Most debates focus on personalities instead of systems, which kind of misses the bigger picture. If we defined success clearly and measured it honestly, we’d argue less and fix more. Simple doesn’t mean easy.",1
ai_0855,"Real talk, in politics, clarity would solve half the confusion. A lot of the noise online makes it seem more complicated than it is. When incentives line up, outcomes improve. When they don’t, frustration builds. There’s a reasonable pushback. Sometimes fast change creates energy and momentum. But without consistency and follow through, things drift back to the same patterns. Most debates focus on personalities instead of systems, which kind of misses the bigger picture. If we defined success clearly and measured it honestly, we’d argue less and fix more. That’s kind of the point.",1
ai_0856,"Honestly, in tech, execution matters more than hype. A lot of the noise online makes it seem more complicated than it is. When incentives line up, outcomes improve. When they don’t, frustration builds. There’s a reasonable pushback. Sometimes fast change creates energy and momentum. But without consistency and follow through, things drift back to the same patterns. Most debates focus on personalities instead of systems, which kind of misses the bigger picture. If we defined success clearly and measured it honestly, we’d argue less and fix more. That’s kind of the point.",1
ai_0857,"Quick take: in health, clarity would solve half the confusion. A lot of the noise online makes it seem more complicated than it is. When incentives line up, outcomes improve. When they don’t, frustration builds. Sure, there’s another side. Sometimes fast change creates energy and momentum. But without consistency and follow through, things drift back to the same patterns. Most debates focus on personalities instead of systems, which kind of misses the bigger picture. If we defined success clearly and measured it honestly, we’d argue less and fix more. It’s not flashy, but it’s real.",1
ai_0858,"Hot take: in sports, structure beats intention every time. A lot of the noise online makes it seem more complicated than it is. When incentives line up, outcomes improve. When they don’t, frustration builds. Not everyone sees it this way. Sometimes fast change creates energy and momentum. But without consistency and follow through, things drift back to the same patterns. Most debates focus on personalities instead of systems, which kind of misses the bigger picture. If we defined success clearly and measured it honestly, we’d argue less and fix more. Simple doesn’t mean easy.",1
ai_0859,"Quick take: in economy, clarity would solve half the confusion. A lot of the noise online makes it seem more complicated than it is. When incentives line up, outcomes improve. When they don’t, frustration builds. I get the counterargument. Sometimes fast change creates energy and momentum. But without consistency and follow through, things drift back to the same patterns. Most debates focus on personalities instead of systems, which kind of misses the bigger picture. If we defined success clearly and measured it honestly, we’d argue less and fix more. Simple doesn’t mean easy.",1
ai_0860,"Quick take: in climate, slow progress is still progress. A lot of the noise online makes it seem more complicated than it is. When incentives line up, outcomes improve. When they don’t, frustration builds. There’s a reasonable pushback. Sometimes fast change creates energy and momentum. But without consistency and follow through, things drift back to the same patterns. Most debates focus on personalities instead of systems, which kind of misses the bigger picture. If we defined success clearly and measured it honestly, we’d argue less and fix more. No drama, just fundamentals.",1
ai_0861,"Hot take: in campus life, people follow what’s rewarded, not what’s recommended. A lot of the noise online makes it seem more complicated than it is. When incentives line up, outcomes improve. When they don’t, frustration builds. I get the counterargument. Sometimes fast change creates energy and momentum. But without consistency and follow through, things drift back to the same patterns. Most debates focus on personalities instead of systems, which kind of misses the bigger picture. If we defined success clearly and measured it honestly, we’d argue less and fix more. Still, the basics matter.",1
ai_0862,"Real talk, in politics, people follow what’s rewarded, not what’s recommended. A lot of the noise online makes it seem more complicated than it is. When incentives line up, outcomes improve. When they don’t, frustration builds. Not everyone sees it this way. Sometimes fast change creates energy and momentum. But without consistency and follow through, things drift back to the same patterns. Most debates focus on personalities instead of systems, which kind of misses the bigger picture. If we defined success clearly and measured it honestly, we’d argue less and fix more. Simple doesn’t mean easy.",1
ai_0863,"Real talk, in tech, execution matters more than hype. A lot of the noise online makes it seem more complicated than it is. When incentives line up, outcomes improve. When they don’t, frustration builds. Not everyone sees it this way. Sometimes fast change creates energy and momentum. But without consistency and follow through, things drift back to the same patterns. Most debates focus on personalities instead of systems, which kind of misses the bigger picture. If we defined success clearly and measured it honestly, we’d argue less and fix more. That’s kind of the point.",1
ai_0864,"Honestly, in health, slow progress is still progress. A lot of the noise online makes it seem more complicated than it is. When incentives line up, outcomes improve. When they don’t, frustration builds. There’s a reasonable pushback. Sometimes fast change creates energy and momentum. But without consistency and follow through, things drift back to the same patterns. Most debates focus on personalities instead of systems, which kind of misses the bigger picture. If we defined success clearly and measured it honestly, we’d argue less and fix more. That’s kind of the point.",1
ai_0865,"Quick take: in sports, slow progress is still progress. A lot of the noise online makes it seem more complicated than it is. When incentives line up, outcomes improve. When they don’t, frustration builds. Sure, there’s another side. Sometimes fast change creates energy and momentum. But without consistency and follow through, things drift back to the same patterns. Most debates focus on personalities instead of systems, which kind of misses the bigger picture. If we defined success clearly and measured it honestly, we’d argue less and fix more. No drama, just fundamentals.",1
ai_0866,"Real talk, in economy, slow progress is still progress. A lot of the noise online makes it seem more complicated than it is. When incentives line up, outcomes improve. When they don’t, frustration builds. I get the counterargument. Sometimes fast change creates energy and momentum. But without consistency and follow through, things drift back to the same patterns. Most debates focus on personalities instead of systems, which kind of misses the bigger picture. If we defined success clearly and measured it honestly, we’d argue less and fix more. No drama, just fundamentals.",1
ai_0867,"Real talk, in climate, structure beats intention every time. A lot of the noise online makes it seem more complicated than it is. When incentives line up, outcomes improve. When they don’t, frustration builds. There’s a reasonable pushback. Sometimes fast change creates energy and momentum. But without consistency and follow through, things drift back to the same patterns. Most debates focus on personalities instead of systems, which kind of misses the bigger picture. If we defined success clearly and measured it honestly, we’d argue less and fix more. It’s not flashy, but it’s real.",1
ai_0868,"Quick take: in campus life, most problems are coordination failures. A lot of the noise online makes it seem more complicated than it is. When incentives line up, outcomes improve. When they don’t, frustration builds. Sure, there’s another side. Sometimes fast change creates energy and momentum. But without consistency and follow through, things drift back to the same patterns. Most debates focus on personalities instead of systems, which kind of misses the bigger picture. If we defined success clearly and measured it honestly, we’d argue less and fix more. Simple doesn’t mean easy.",1
ai_0869,"Short answer: in politics, incentives drive behavior more than speeches. A lot of the noise online makes it seem more complicated than it is. When incentives line up, outcomes improve. When they don’t, frustration builds. Not everyone sees it this way. Sometimes fast change creates energy and momentum. But without consistency and follow through, things drift back to the same patterns. Most debates focus on personalities instead of systems, which kind of misses the bigger picture. If we defined success clearly and measured it honestly, we’d argue less and fix more. No drama, just fundamentals.",1
ai_0870,"Honestly, in tech, incentives drive behavior more than speeches. A lot of the noise online makes it seem more complicated than it is. When incentives line up, outcomes improve. When they don’t, frustration builds. Sure, there’s another side. Sometimes fast change creates energy and momentum. But without consistency and follow through, things drift back to the same patterns. Most debates focus on personalities instead of systems, which kind of misses the bigger picture. If we defined success clearly and measured it honestly, we’d argue less and fix more. It’s not flashy, but it’s real.",1
ai_0871,"Real talk, in health, people follow what’s rewarded, not what’s recommended. A lot of the noise online makes it seem more complicated than it is. When incentives line up, outcomes improve. When they don’t, frustration builds. I get the counterargument. Sometimes fast change creates energy and momentum. But without consistency and follow through, things drift back to the same patterns. Most debates focus on personalities instead of systems, which kind of misses the bigger picture. If we defined success clearly and measured it honestly, we’d argue less and fix more. That’s kind of the point.",1
ai_0872,"Quick take: in sports, execution matters more than hype. A lot of the noise online makes it seem more complicated than it is. When incentives line up, outcomes improve. When they don’t, frustration builds. Some folks disagree, and that’s fair. Sometimes fast change creates energy and momentum. But without consistency and follow through, things drift back to the same patterns. Most debates focus on personalities instead of systems, which kind of misses the bigger picture. If we defined success clearly and measured it honestly, we’d argue less and fix more. Simple doesn’t mean easy.",1
ai_0873,"Real talk, in economy, slow progress is still progress. A lot of the noise online makes it seem more complicated than it is. When incentives line up, outcomes improve. When they don’t, frustration builds. There’s a reasonable pushback. Sometimes fast change creates energy and momentum. But without consistency and follow through, things drift back to the same patterns. Most debates focus on personalities instead of systems, which kind of misses the bigger picture. If we defined success clearly and measured it honestly, we’d argue less and fix more. It’s not flashy, but it’s real.",1
ai_0874,"Honestly, in climate, execution matters more than hype. A lot of the noise online makes it seem more complicated than it is. When incentives line up, outcomes improve. When they don’t, frustration builds. Sure, there’s another side. Sometimes fast change creates energy and momentum. But without consistency and follow through, things drift back to the same patterns. Most debates focus on personalities instead of systems, which kind of misses the bigger picture. If we defined success clearly and measured it honestly, we’d argue less and fix more. Still, the basics matter.",1
ai_0875,"Quick take: in campus life, clarity would solve half the confusion. A lot of the noise online makes it seem more complicated than it is. When incentives line up, outcomes improve. When they don’t, frustration builds. Sure, there’s another side. Sometimes fast change creates energy and momentum. But without consistency and follow through, things drift back to the same patterns. Most debates focus on personalities instead of systems, which kind of misses the bigger picture. If we defined success clearly and measured it honestly, we’d argue less and fix more. Simple doesn’t mean easy.",1
ai_0876,"Honestly, in politics, slow progress is still progress. A lot of the noise online makes it seem more complicated than it is. When incentives line up, outcomes improve. When they don’t, frustration builds. Some folks disagree, and that’s fair. Sometimes fast change creates energy and momentum. But without consistency and follow through, things drift back to the same patterns. Most debates focus on personalities instead of systems, which kind of misses the bigger picture. If we defined success clearly and measured it honestly, we’d argue less and fix more. It’s not flashy, but it’s real.",1
ai_0877,"Quick take: in tech, execution matters more than hype. A lot of the noise online makes it seem more complicated than it is. When incentives line up, outcomes improve. When they don’t, frustration builds. Not everyone sees it this way. Sometimes fast change creates energy and momentum. But without consistency and follow through, things drift back to the same patterns. Most debates focus on personalities instead of systems, which kind of misses the bigger picture. If we defined success clearly and measured it honestly, we’d argue less and fix more. No drama, just fundamentals.",1
ai_0878,"Real talk, in health, execution matters more than hype. A lot of the noise online makes it seem more complicated than it is. When incentives line up, outcomes improve. When they don’t, frustration builds. There’s a reasonable pushback. Sometimes fast change creates energy and momentum. But without consistency and follow through, things drift back to the same patterns. Most debates focus on personalities instead of systems, which kind of misses the bigger picture. If we defined success clearly and measured it honestly, we’d argue less and fix more. Still, the basics matter.",1
ai_0879,"Real talk, in sports, incentives drive behavior more than speeches. A lot of the noise online makes it seem more complicated than it is. When incentives line up, outcomes improve. When they don’t, frustration builds. There’s a reasonable pushback. Sometimes fast change creates energy and momentum. But without consistency and follow through, things drift back to the same patterns. Most debates focus on personalities instead of systems, which kind of misses the bigger picture. If we defined success clearly and measured it honestly, we’d argue less and fix more. No drama, just fundamentals.",1
ai_0880,"Honestly, in economy, execution matters more than hype. A lot of the noise online makes it seem more complicated than it is. When incentives line up, outcomes improve. When they don’t, frustration builds. There’s a reasonable pushback. Sometimes fast change creates energy and momentum. But without consistency and follow through, things drift back to the same patterns. Most debates focus on personalities instead of systems, which kind of misses the bigger picture. If we defined success clearly and measured it honestly, we’d argue less and fix more. It’s not flashy, but it’s real.",1
ai_0881,"Short answer: in climate, slow progress is still progress. A lot of the noise online makes it seem more complicated than it is. When incentives line up, outcomes improve. When they don’t, frustration builds. Not everyone sees it this way. Sometimes fast change creates energy and momentum. But without consistency and follow through, things drift back to the same patterns. Most debates focus on personalities instead of systems, which kind of misses the bigger picture. If we defined success clearly and measured it honestly, we’d argue less and fix more. It’s not flashy, but it’s real.",1
ai_0882,"Short answer: in campus life, slow progress is still progress. A lot of the noise online makes it seem more complicated than it is. When incentives line up, outcomes improve. When they don’t, frustration builds. Sure, there’s another side. Sometimes fast change creates energy and momentum. But without consistency and follow through, things drift back to the same patterns. Most debates focus on personalities instead of systems, which kind of misses the bigger picture. If we defined success clearly and measured it honestly, we’d argue less and fix more. No drama, just fundamentals.",1
ai_0883,"Short answer: in politics, execution matters more than hype. A lot of the noise online makes it seem more complicated than it is. When incentives line up, outcomes improve. When they don’t, frustration builds. Some folks disagree, and that’s fair. Sometimes fast change creates energy and momentum. But without consistency and follow through, things drift back to the same patterns. Most debates focus on personalities instead of systems, which kind of misses the bigger picture. If we defined success clearly and measured it honestly, we’d argue less and fix more. Still, the basics matter.",1
ai_0884,"Quick take: in tech, clarity would solve half the confusion. A lot of the noise online makes it seem more complicated than it is. When incentives line up, outcomes improve. When they don’t, frustration builds. I get the counterargument. Sometimes fast change creates energy and momentum. But without consistency and follow through, things drift back to the same patterns. Most debates focus on personalities instead of systems, which kind of misses the bigger picture. If we defined success clearly and measured it honestly, we’d argue less and fix more. Still, the basics matter.",1
ai_0885,"Quick take: in health, clarity would solve half the confusion. A lot of the noise online makes it seem more complicated than it is. When incentives line up, outcomes improve. When they don’t, frustration builds. Not everyone sees it this way. Sometimes fast change creates energy and momentum. But without consistency and follow through, things drift back to the same patterns. Most debates focus on personalities instead of systems, which kind of misses the bigger picture. If we defined success clearly and measured it honestly, we’d argue less and fix more. No drama, just fundamentals.",1
ai_0886,"Honestly, in sports, execution matters more than hype. A lot of the noise online makes it seem more complicated than it is. When incentives line up, outcomes improve. When they don’t, frustration builds. There’s a reasonable pushback. Sometimes fast change creates energy and momentum. But without consistency and follow through, things drift back to the same patterns. Most debates focus on personalities instead of systems, which kind of misses the bigger picture. If we defined success clearly and measured it honestly, we’d argue less and fix more. Still, the basics matter.",1
ai_0887,"Quick take: in economy, execution matters more than hype. A lot of the noise online makes it seem more complicated than it is. When incentives line up, outcomes improve. When they don’t, frustration builds. Some folks disagree, and that’s fair. Sometimes fast change creates energy and momentum. But without consistency and follow through, things drift back to the same patterns. Most debates focus on personalities instead of systems, which kind of misses the bigger picture. If we defined success clearly and measured it honestly, we’d argue less and fix more. That’s kind of the point.",1
ai_0888,"Quick take: in climate, most problems are coordination failures. A lot of the noise online makes it seem more complicated than it is. When incentives line up, outcomes improve. When they don’t, frustration builds. Sure, there’s another side. Sometimes fast change creates energy and momentum. But without consistency and follow through, things drift back to the same patterns. Most debates focus on personalities instead of systems, which kind of misses the bigger picture. If we defined success clearly and measured it honestly, we’d argue less and fix more. That’s kind of the point.",1
ai_0889,"Quick take: in campus life, incentives drive behavior more than speeches. A lot of the noise online makes it seem more complicated than it is. When incentives line up, outcomes improve. When they don’t, frustration builds. I get the counterargument. Sometimes fast change creates energy and momentum. But without consistency and follow through, things drift back to the same patterns. Most debates focus on personalities instead of systems, which kind of misses the bigger picture. If we defined success clearly and measured it honestly, we’d argue less and fix more. No drama, just fundamentals.",1
ai_0890,"Hot take: in politics, clarity would solve half the confusion. A lot of the noise online makes it seem more complicated than it is. When incentives line up, outcomes improve. When they don’t, frustration builds. I get the counterargument. Sometimes fast change creates energy and momentum. But without consistency and follow through, things drift back to the same patterns. Most debates focus on personalities instead of systems, which kind of misses the bigger picture. If we defined success clearly and measured it honestly, we’d argue less and fix more. Still, the basics matter.",1
ai_0891,"Short answer: in tech, clarity would solve half the confusion. A lot of the noise online makes it seem more complicated than it is. When incentives line up, outcomes improve. When they don’t, frustration builds. There’s a reasonable pushback. Sometimes fast change creates energy and momentum. But without consistency and follow through, things drift back to the same patterns. Most debates focus on personalities instead of systems, which kind of misses the bigger picture. If we defined success clearly and measured it honestly, we’d argue less and fix more. Simple doesn’t mean easy.",1
ai_0892,"Hot take: in health, incentives drive behavior more than speeches. A lot of the noise online makes it seem more complicated than it is. When incentives line up, outcomes improve. When they don’t, frustration builds. There’s a reasonable pushback. Sometimes fast change creates energy and momentum. But without consistency and follow through, things drift back to the same patterns. Most debates focus on personalities instead of systems, which kind of misses the bigger picture. If we defined success clearly and measured it honestly, we’d argue less and fix more. It’s not flashy, but it’s real.",1
ai_0893,"Real talk, in sports, clarity would solve half the confusion. A lot of the noise online makes it seem more complicated than it is. When incentives line up, outcomes improve. When they don’t, frustration builds. I get the counterargument. Sometimes fast change creates energy and momentum. But without consistency and follow through, things drift back to the same patterns. Most debates focus on personalities instead of systems, which kind of misses the bigger picture. If we defined success clearly and measured it honestly, we’d argue less and fix more. It’s not flashy, but it’s real.",1
ai_0894,"Short answer: in economy, slow progress is still progress. A lot of the noise online makes it seem more complicated than it is. When incentives line up, outcomes improve. When they don’t, frustration builds. Not everyone sees it this way. Sometimes fast change creates energy and momentum. But without consistency and follow through, things drift back to the same patterns. Most debates focus on personalities instead of systems, which kind of misses the bigger picture. If we defined success clearly and measured it honestly, we’d argue less and fix more. Simple doesn’t mean easy.",1
ai_0895,"Hot take: in climate, incentives drive behavior more than speeches. A lot of the noise online makes it seem more complicated than it is. When incentives line up, outcomes improve. When they don’t, frustration builds. Sure, there’s another side. Sometimes fast change creates energy and momentum. But without consistency and follow through, things drift back to the same patterns. Most debates focus on personalities instead of systems, which kind of misses the bigger picture. If we defined success clearly and measured it honestly, we’d argue less and fix more. Still, the basics matter.",1
ai_0896,"Hot take: in campus life, structure beats intention every time. A lot of the noise online makes it seem more complicated than it is. When incentives line up, outcomes improve. When they don’t, frustration builds. I get the counterargument. Sometimes fast change creates energy and momentum. But without consistency and follow through, things drift back to the same patterns. Most debates focus on personalities instead of systems, which kind of misses the bigger picture. If we defined success clearly and measured it honestly, we’d argue less and fix more. No drama, just fundamentals.",1
ai_0897,"Quick take: in politics, slow progress is still progress. A lot of the noise online makes it seem more complicated than it is. When incentives line up, outcomes improve. When they don’t, frustration builds. Some folks disagree, and that’s fair. Sometimes fast change creates energy and momentum. But without consistency and follow through, things drift back to the same patterns. Most debates focus on personalities instead of systems, which kind of misses the bigger picture. If we defined success clearly and measured it honestly, we’d argue less and fix more. Still, the basics matter.",1
ai_0898,"Quick take: in tech, most problems are coordination failures. A lot of the noise online makes it seem more complicated than it is. When incentives line up, outcomes improve. When they don’t, frustration builds. I get the counterargument. Sometimes fast change creates energy and momentum. But without consistency and follow through, things drift back to the same patterns. Most debates focus on personalities instead of systems, which kind of misses the bigger picture. If we defined success clearly and measured it honestly, we’d argue less and fix more. It’s not flashy, but it’s real.",1
ai_0899,"Short answer: in health, execution matters more than hype. A lot of the noise online makes it seem more complicated than it is. When incentives line up, outcomes improve. When they don’t, frustration builds. There’s a reasonable pushback. Sometimes fast change creates energy and momentum. But without consistency and follow through, things drift back to the same patterns. Most debates focus on personalities instead of systems, which kind of misses the bigger picture. If we defined success clearly and measured it honestly, we’d argue less and fix more. No drama, just fundamentals.",1
ai_0900,"Quick take: in sports, structure beats intention every time. A lot of the noise online makes it seem more complicated than it is. When incentives line up, outcomes improve. When they don’t, frustration builds. There’s a reasonable pushback. Sometimes fast change creates energy and momentum. But without consistency and follow through, things drift back to the same patterns. Most debates focus on personalities instead of systems, which kind of misses the bigger picture. If we defined success clearly and measured it honestly, we’d argue less and fix more. Still, the basics matter.",1
ai_0901,"Real talk, in economy, incentives drive behavior more than speeches. A lot of the noise online makes it seem more complicated than it is. When incentives line up, outcomes improve. When they don’t, frustration builds. Not everyone sees it this way. Sometimes fast change creates energy and momentum. But without consistency and follow through, things drift back to the same patterns. Most debates focus on personalities instead of systems, which kind of misses the bigger picture. If we defined success clearly and measured it honestly, we’d argue less and fix more. It’s not flashy, but it’s real.",1
ai_0902,"Real talk, in climate, most problems are coordination failures. A lot of the noise online makes it seem more complicated than it is. When incentives line up, outcomes improve. When they don’t, frustration builds. Sure, there’s another side. Sometimes fast change creates energy and momentum. But without consistency and follow through, things drift back to the same patterns. Most debates focus on personalities instead of systems, which kind of misses the bigger picture. If we defined success clearly and measured it honestly, we’d argue less and fix more. Still, the basics matter.",1
ai_0903,"Honestly, in campus life, incentives drive behavior more than speeches. A lot of the noise online makes it seem more complicated than it is. When incentives line up, outcomes improve. When they don’t, frustration builds. There’s a reasonable pushback. Sometimes fast change creates energy and momentum. But without consistency and follow through, things drift back to the same patterns. Most debates focus on personalities instead of systems, which kind of misses the bigger picture. If we defined success clearly and measured it honestly, we’d argue less and fix more. Simple doesn’t mean easy.",1
ai_0904,"Short answer: in politics, incentives drive behavior more than speeches. A lot of the noise online makes it seem more complicated than it is. When incentives line up, outcomes improve. When they don’t, frustration builds. Sure, there’s another side. Sometimes fast change creates energy and momentum. But without consistency and follow through, things drift back to the same patterns. Most debates focus on personalities instead of systems, which kind of misses the bigger picture. If we defined success clearly and measured it honestly, we’d argue less and fix more. Simple doesn’t mean easy.",1
ai_0905,"Honestly, in tech, clarity would solve half the confusion. A lot of the noise online makes it seem more complicated than it is. When incentives line up, outcomes improve. When they don’t, frustration builds. There’s a reasonable pushback. Sometimes fast change creates energy and momentum. But without consistency and follow through, things drift back to the same patterns. Most debates focus on personalities instead of systems, which kind of misses the bigger picture. If we defined success clearly and measured it honestly, we’d argue less and fix more. It’s not flashy, but it’s real.",1
ai_0906,"Real talk, in health, slow progress is still progress. A lot of the noise online makes it seem more complicated than it is. When incentives line up, outcomes improve. When they don’t, frustration builds. There’s a reasonable pushback. Sometimes fast change creates energy and momentum. But without consistency and follow through, things drift back to the same patterns. Most debates focus on personalities instead of systems, which kind of misses the bigger picture. If we defined success clearly and measured it honestly, we’d argue less and fix more. It’s not flashy, but it’s real.",1
ai_0907,"Honestly, in sports, execution matters more than hype. A lot of the noise online makes it seem more complicated than it is. When incentives line up, outcomes improve. When they don’t, frustration builds. I get the counterargument. Sometimes fast change creates energy and momentum. But without consistency and follow through, things drift back to the same patterns. Most debates focus on personalities instead of systems, which kind of misses the bigger picture. If we defined success clearly and measured it honestly, we’d argue less and fix more. No drama, just fundamentals.",1
ai_0908,"Short answer: in economy, incentives drive behavior more than speeches. A lot of the noise online makes it seem more complicated than it is. When incentives line up, outcomes improve. When they don’t, frustration builds. I get the counterargument. Sometimes fast change creates energy and momentum. But without consistency and follow through, things drift back to the same patterns. Most debates focus on personalities instead of systems, which kind of misses the bigger picture. If we defined success clearly and measured it honestly, we’d argue less and fix more. Simple doesn’t mean easy.",1
ai_0909,"Honestly, in climate, execution matters more than hype. A lot of the noise online makes it seem more complicated than it is. When incentives line up, outcomes improve. When they don’t, frustration builds. I get the counterargument. Sometimes fast change creates energy and momentum. But without consistency and follow through, things drift back to the same patterns. Most debates focus on personalities instead of systems, which kind of misses the bigger picture. If we defined success clearly and measured it honestly, we’d argue less and fix more. That’s kind of the point.",1
ai_0910,"Hot take: in campus life, incentives drive behavior more than speeches. A lot of the noise online makes it seem more complicated than it is. When incentives line up, outcomes improve. When they don’t, frustration builds. Not everyone sees it this way. Sometimes fast change creates energy and momentum. But without consistency and follow through, things drift back to the same patterns. Most debates focus on personalities instead of systems, which kind of misses the bigger picture. If we defined success clearly and measured it honestly, we’d argue less and fix more. It’s not flashy, but it’s real.",1
ai_0911,"Real talk, in politics, clarity would solve half the confusion. A lot of the noise online makes it seem more complicated than it is. When incentives line up, outcomes improve. When they don’t, frustration builds. Sure, there’s another side. Sometimes fast change creates energy and momentum. But without consistency and follow through, things drift back to the same patterns. Most debates focus on personalities instead of systems, which kind of misses the bigger picture. If we defined success clearly and measured it honestly, we’d argue less and fix more. That’s kind of the point.",1
ai_0912,"Real talk, in tech, structure beats intention every time. A lot of the noise online makes it seem more complicated than it is. When incentives line up, outcomes improve. When they don’t, frustration builds. I get the counterargument. Sometimes fast change creates energy and momentum. But without consistency and follow through, things drift back to the same patterns. Most debates focus on personalities instead of systems, which kind of misses the bigger picture. If we defined success clearly and measured it honestly, we’d argue less and fix more. It’s not flashy, but it’s real.",1
ai_0913,"Hot take: in health, execution matters more than hype. A lot of the noise online makes it seem more complicated than it is. When incentives line up, outcomes improve. When they don’t, frustration builds. Some folks disagree, and that’s fair. Sometimes fast change creates energy and momentum. But without consistency and follow through, things drift back to the same patterns. Most debates focus on personalities instead of systems, which kind of misses the bigger picture. If we defined success clearly and measured it honestly, we’d argue less and fix more. That’s kind of the point.",1
ai_0914,"Real talk, in sports, incentives drive behavior more than speeches. A lot of the noise online makes it seem more complicated than it is. When incentives line up, outcomes improve. When they don’t, frustration builds. Some folks disagree, and that’s fair. Sometimes fast change creates energy and momentum. But without consistency and follow through, things drift back to the same patterns. Most debates focus on personalities instead of systems, which kind of misses the bigger picture. If we defined success clearly and measured it honestly, we’d argue less and fix more. Still, the basics matter.",1
ai_0915,"Real talk, in economy, incentives drive behavior more than speeches. A lot of the noise online makes it seem more complicated than it is. When incentives line up, outcomes improve. When they don’t, frustration builds. Sure, there’s another side. Sometimes fast change creates energy and momentum. But without consistency and follow through, things drift back to the same patterns. Most debates focus on personalities instead of systems, which kind of misses the bigger picture. If we defined success clearly and measured it honestly, we’d argue less and fix more. It’s not flashy, but it’s real.",1
ai_0916,"Hot take: in climate, clarity would solve half the confusion. A lot of the noise online makes it seem more complicated than it is. When incentives line up, outcomes improve. When they don’t, frustration builds. Not everyone sees it this way. Sometimes fast change creates energy and momentum. But without consistency and follow through, things drift back to the same patterns. Most debates focus on personalities instead of systems, which kind of misses the bigger picture. If we defined success clearly and measured it honestly, we’d argue less and fix more. No drama, just fundamentals.",1
ai_0917,"Honestly, in campus life, slow progress is still progress. A lot of the noise online makes it seem more complicated than it is. When incentives line up, outcomes improve. When they don’t, frustration builds. I get the counterargument. Sometimes fast change creates energy and momentum. But without consistency and follow through, things drift back to the same patterns. Most debates focus on personalities instead of systems, which kind of misses the bigger picture. If we defined success clearly and measured it honestly, we’d argue less and fix more. That’s kind of the point.",1
ai_0918,"Short answer: in politics, clarity would solve half the confusion. A lot of the noise online makes it seem more complicated than it is. When incentives line up, outcomes improve. When they don’t, frustration builds. There’s a reasonable pushback. Sometimes fast change creates energy and momentum. But without consistency and follow through, things drift back to the same patterns. Most debates focus on personalities instead of systems, which kind of misses the bigger picture. If we defined success clearly and measured it honestly, we’d argue less and fix more. No drama, just fundamentals.",1
ai_0919,"Honestly, in tech, people follow what’s rewarded, not what’s recommended. A lot of the noise online makes it seem more complicated than it is. When incentives line up, outcomes improve. When they don’t, frustration builds. I get the counterargument. Sometimes fast change creates energy and momentum. But without consistency and follow through, things drift back to the same patterns. Most debates focus on personalities instead of systems, which kind of misses the bigger picture. If we defined success clearly and measured it honestly, we’d argue less and fix more. That’s kind of the point.",1
ai_0920,"Quick take: in health, clarity would solve half the confusion. A lot of the noise online makes it seem more complicated than it is. When incentives line up, outcomes improve. When they don’t, frustration builds. There’s a reasonable pushback. Sometimes fast change creates energy and momentum. But without consistency and follow through, things drift back to the same patterns. Most debates focus on personalities instead of systems, which kind of misses the bigger picture. If we defined success clearly and measured it honestly, we’d argue less and fix more. No drama, just fundamentals.",1
ai_0921,"Real talk, in sports, people follow what’s rewarded, not what’s recommended. A lot of the noise online makes it seem more complicated than it is. When incentives line up, outcomes improve. When they don’t, frustration builds. Some folks disagree, and that’s fair. Sometimes fast change creates energy and momentum. But without consistency and follow through, things drift back to the same patterns. Most debates focus on personalities instead of systems, which kind of misses the bigger picture. If we defined success clearly and measured it honestly, we’d argue less and fix more. It’s not flashy, but it’s real.",1
ai_0922,"Quick take: in economy, slow progress is still progress. A lot of the noise online makes it seem more complicated than it is. When incentives line up, outcomes improve. When they don’t, frustration builds. Not everyone sees it this way. Sometimes fast change creates energy and momentum. But without consistency and follow through, things drift back to the same patterns. Most debates focus on personalities instead of systems, which kind of misses the bigger picture. If we defined success clearly and measured it honestly, we’d argue less and fix more. That’s kind of the point.",1
ai_0923,"Honestly, in climate, structure beats intention every time. A lot of the noise online makes it seem more complicated than it is. When incentives line up, outcomes improve. When they don’t, frustration builds. I get the counterargument. Sometimes fast change creates energy and momentum. But without consistency and follow through, things drift back to the same patterns. Most debates focus on personalities instead of systems, which kind of misses the bigger picture. If we defined success clearly and measured it honestly, we’d argue less and fix more. That’s kind of the point.",1
ai_0924,"Quick take: in campus life, most problems are coordination failures. A lot of the noise online makes it seem more complicated than it is. When incentives line up, outcomes improve. When they don’t, frustration builds. Some folks disagree, and that’s fair. Sometimes fast change creates energy and momentum. But without consistency and follow through, things drift back to the same patterns. Most debates focus on personalities instead of systems, which kind of misses the bigger picture. If we defined success clearly and measured it honestly, we’d argue less and fix more. No drama, just fundamentals.",1
ai_0925,"Short answer: in politics, incentives drive behavior more than speeches. A lot of the noise online makes it seem more complicated than it is. When incentives line up, outcomes improve. When they don’t, frustration builds. Not everyone sees it this way. Sometimes fast change creates energy and momentum. But without consistency and follow through, things drift back to the same patterns. Most debates focus on personalities instead of systems, which kind of misses the bigger picture. If we defined success clearly and measured it honestly, we’d argue less and fix more. That’s kind of the point.",1
ai_0926,"Hot take: in tech, structure beats intention every time. A lot of the noise online makes it seem more complicated than it is. When incentives line up, outcomes improve. When they don’t, frustration builds. I get the counterargument. Sometimes fast change creates energy and momentum. But without consistency and follow through, things drift back to the same patterns. Most debates focus on personalities instead of systems, which kind of misses the bigger picture. If we defined success clearly and measured it honestly, we’d argue less and fix more. No drama, just fundamentals.",1
ai_0927,"Real talk, in health, execution matters more than hype. A lot of the noise online makes it seem more complicated than it is. When incentives line up, outcomes improve. When they don’t, frustration builds. Not everyone sees it this way. Sometimes fast change creates energy and momentum. But without consistency and follow through, things drift back to the same patterns. Most debates focus on personalities instead of systems, which kind of misses the bigger picture. If we defined success clearly and measured it honestly, we’d argue less and fix more. Still, the basics matter.",1
ai_0928,"Real talk, in sports, incentives drive behavior more than speeches. A lot of the noise online makes it seem more complicated than it is. When incentives line up, outcomes improve. When they don’t, frustration builds. Sure, there’s another side. Sometimes fast change creates energy and momentum. But without consistency and follow through, things drift back to the same patterns. Most debates focus on personalities instead of systems, which kind of misses the bigger picture. If we defined success clearly and measured it honestly, we’d argue less and fix more. Still, the basics matter.",1
ai_0929,"Short answer: in economy, clarity would solve half the confusion. A lot of the noise online makes it seem more complicated than it is. When incentives line up, outcomes improve. When they don’t, frustration builds. I get the counterargument. Sometimes fast change creates energy and momentum. But without consistency and follow through, things drift back to the same patterns. Most debates focus on personalities instead of systems, which kind of misses the bigger picture. If we defined success clearly and measured it honestly, we’d argue less and fix more. That’s kind of the point.",1
ai_0930,"Real talk, in climate, incentives drive behavior more than speeches. A lot of the noise online makes it seem more complicated than it is. When incentives line up, outcomes improve. When they don’t, frustration builds. Sure, there’s another side. Sometimes fast change creates energy and momentum. But without consistency and follow through, things drift back to the same patterns. Most debates focus on personalities instead of systems, which kind of misses the bigger picture. If we defined success clearly and measured it honestly, we’d argue less and fix more. That’s kind of the point.",1
ai_0931,"Hot take: in campus life, people follow what’s rewarded, not what’s recommended. A lot of the noise online makes it seem more complicated than it is. When incentives line up, outcomes improve. When they don’t, frustration builds. Not everyone sees it this way. Sometimes fast change creates energy and momentum. But without consistency and follow through, things drift back to the same patterns. Most debates focus on personalities instead of systems, which kind of misses the bigger picture. If we defined success clearly and measured it honestly, we’d argue less and fix more. That’s kind of the point.",1
ai_0932,"Honestly, in politics, clarity would solve half the confusion. A lot of the noise online makes it seem more complicated than it is. When incentives line up, outcomes improve. When they don’t, frustration builds. There’s a reasonable pushback. Sometimes fast change creates energy and momentum. But without consistency and follow through, things drift back to the same patterns. Most debates focus on personalities instead of systems, which kind of misses the bigger picture. If we defined success clearly and measured it honestly, we’d argue less and fix more. It’s not flashy, but it’s real.",1
ai_0933,"Hot take: in tech, slow progress is still progress. A lot of the noise online makes it seem more complicated than it is. When incentives line up, outcomes improve. When they don’t, frustration builds. I get the counterargument. Sometimes fast change creates energy and momentum. But without consistency and follow through, things drift back to the same patterns. Most debates focus on personalities instead of systems, which kind of misses the bigger picture. If we defined success clearly and measured it honestly, we’d argue less and fix more. It’s not flashy, but it’s real.",1
ai_0934,"Short answer: in health, structure beats intention every time. A lot of the noise online makes it seem more complicated than it is. When incentives line up, outcomes improve. When they don’t, frustration builds. Some folks disagree, and that’s fair. Sometimes fast change creates energy and momentum. But without consistency and follow through, things drift back to the same patterns. Most debates focus on personalities instead of systems, which kind of misses the bigger picture. If we defined success clearly and measured it honestly, we’d argue less and fix more. That’s kind of the point.",1
ai_0935,"Quick take: in sports, most problems are coordination failures. A lot of the noise online makes it seem more complicated than it is. When incentives line up, outcomes improve. When they don’t, frustration builds. Some folks disagree, and that’s fair. Sometimes fast change creates energy and momentum. But without consistency and follow through, things drift back to the same patterns. Most debates focus on personalities instead of systems, which kind of misses the bigger picture. If we defined success clearly and measured it honestly, we’d argue less and fix more. It’s not flashy, but it’s real.",1
ai_0936,"Short answer: in economy, structure beats intention every time. A lot of the noise online makes it seem more complicated than it is. When incentives line up, outcomes improve. When they don’t, frustration builds. Sure, there’s another side. Sometimes fast change creates energy and momentum. But without consistency and follow through, things drift back to the same patterns. Most debates focus on personalities instead of systems, which kind of misses the bigger picture. If we defined success clearly and measured it honestly, we’d argue less and fix more. It’s not flashy, but it’s real.",1
ai_0937,"Honestly, in climate, most problems are coordination failures. A lot of the noise online makes it seem more complicated than it is. When incentives line up, outcomes improve. When they don’t, frustration builds. Some folks disagree, and that’s fair. Sometimes fast change creates energy and momentum. But without consistency and follow through, things drift back to the same patterns. Most debates focus on personalities instead of systems, which kind of misses the bigger picture. If we defined success clearly and measured it honestly, we’d argue less and fix more. It’s not flashy, but it’s real.",1
ai_0938,"Real talk, in campus life, people follow what’s rewarded, not what’s recommended. A lot of the noise online makes it seem more complicated than it is. When incentives line up, outcomes improve. When they don’t, frustration builds. I get the counterargument. Sometimes fast change creates energy and momentum. But without consistency and follow through, things drift back to the same patterns. Most debates focus on personalities instead of systems, which kind of misses the bigger picture. If we defined success clearly and measured it honestly, we’d argue less and fix more. It’s not flashy, but it’s real.",1
ai_0939,"Honestly, in politics, execution matters more than hype. A lot of the noise online makes it seem more complicated than it is. When incentives line up, outcomes improve. When they don’t, frustration builds. Not everyone sees it this way. Sometimes fast change creates energy and momentum. But without consistency and follow through, things drift back to the same patterns. Most debates focus on personalities instead of systems, which kind of misses the bigger picture. If we defined success clearly and measured it honestly, we’d argue less and fix more. Still, the basics matter.",1
ai_0940,"Honestly, in tech, slow progress is still progress. A lot of the noise online makes it seem more complicated than it is. When incentives line up, outcomes improve. When they don’t, frustration builds. I get the counterargument. Sometimes fast change creates energy and momentum. But without consistency and follow through, things drift back to the same patterns. Most debates focus on personalities instead of systems, which kind of misses the bigger picture. If we defined success clearly and measured it honestly, we’d argue less and fix more. Still, the basics matter.",1
ai_0941,"Short answer: in health, slow progress is still progress. A lot of the noise online makes it seem more complicated than it is. When incentives line up, outcomes improve. When they don’t, frustration builds. Some folks disagree, and that’s fair. Sometimes fast change creates energy and momentum. But without consistency and follow through, things drift back to the same patterns. Most debates focus on personalities instead of systems, which kind of misses the bigger picture. If we defined success clearly and measured it honestly, we’d argue less and fix more. No drama, just fundamentals.",1
ai_0942,"Honestly, in sports, people follow what’s rewarded, not what’s recommended. A lot of the noise online makes it seem more complicated than it is. When incentives line up, outcomes improve. When they don’t, frustration builds. Some folks disagree, and that’s fair. Sometimes fast change creates energy and momentum. But without consistency and follow through, things drift back to the same patterns. Most debates focus on personalities instead of systems, which kind of misses the bigger picture. If we defined success clearly and measured it honestly, we’d argue less and fix more. No drama, just fundamentals.",1
ai_0943,"Honestly, in economy, incentives drive behavior more than speeches. A lot of the noise online makes it seem more complicated than it is. When incentives line up, outcomes improve. When they don’t, frustration builds. Not everyone sees it this way. Sometimes fast change creates energy and momentum. But without consistency and follow through, things drift back to the same patterns. Most debates focus on personalities instead of systems, which kind of misses the bigger picture. If we defined success clearly and measured it honestly, we’d argue less and fix more. That’s kind of the point.",1
ai_0944,"Short answer: in climate, clarity would solve half the confusion. A lot of the noise online makes it seem more complicated than it is. When incentives line up, outcomes improve. When they don’t, frustration builds. Not everyone sees it this way. Sometimes fast change creates energy and momentum. But without consistency and follow through, things drift back to the same patterns. Most debates focus on personalities instead of systems, which kind of misses the bigger picture. If we defined success clearly and measured it honestly, we’d argue less and fix more. Still, the basics matter.",1
ai_0945,"Real talk, in campus life, most problems are coordination failures. A lot of the noise online makes it seem more complicated than it is. When incentives line up, outcomes improve. When they don’t, frustration builds. Sure, there’s another side. Sometimes fast change creates energy and momentum. But without consistency and follow through, things drift back to the same patterns. Most debates focus on personalities instead of systems, which kind of misses the bigger picture. If we defined success clearly and measured it honestly, we’d argue less and fix more. That’s kind of the point.",1
ai_0946,"Real talk, in politics, execution matters more than hype. A lot of the noise online makes it seem more complicated than it is. When incentives line up, outcomes improve. When they don’t, frustration builds. I get the counterargument. Sometimes fast change creates energy and momentum. But without consistency and follow through, things drift back to the same patterns. Most debates focus on personalities instead of systems, which kind of misses the bigger picture. If we defined success clearly and measured it honestly, we’d argue less and fix more. No drama, just fundamentals.",1
ai_0947,"Honestly, in tech, slow progress is still progress. A lot of the noise online makes it seem more complicated than it is. When incentives line up, outcomes improve. When they don’t, frustration builds. Some folks disagree, and that’s fair. Sometimes fast change creates energy and momentum. But without consistency and follow through, things drift back to the same patterns. Most debates focus on personalities instead of systems, which kind of misses the bigger picture. If we defined success clearly and measured it honestly, we’d argue less and fix more. No drama, just fundamentals.",1
ai_0948,"Hot take: in health, slow progress is still progress. A lot of the noise online makes it seem more complicated than it is. When incentives line up, outcomes improve. When they don’t, frustration builds. Not everyone sees it this way. Sometimes fast change creates energy and momentum. But without consistency and follow through, things drift back to the same patterns. Most debates focus on personalities instead of systems, which kind of misses the bigger picture. If we defined success clearly and measured it honestly, we’d argue less and fix more. No drama, just fundamentals.",1
ai_0949,"Honestly, in sports, people follow what’s rewarded, not what’s recommended. A lot of the noise online makes it seem more complicated than it is. When incentives line up, outcomes improve. When they don’t, frustration builds. Not everyone sees it this way. Sometimes fast change creates energy and momentum. But without consistency and follow through, things drift back to the same patterns. Most debates focus on personalities instead of systems, which kind of misses the bigger picture. If we defined success clearly and measured it honestly, we’d argue less and fix more. Simple doesn’t mean easy.",1
ai_0950,"Honestly, in economy, structure beats intention every time. A lot of the noise online makes it seem more complicated than it is. When incentives line up, outcomes improve. When they don’t, frustration builds. There’s a reasonable pushback. Sometimes fast change creates energy and momentum. But without consistency and follow through, things drift back to the same patterns. Most debates focus on personalities instead of systems, which kind of misses the bigger picture. If we defined success clearly and measured it honestly, we’d argue less and fix more. That’s kind of the point.",1
ai_0951,"Real talk, in climate, execution matters more than hype. A lot of the noise online makes it seem more complicated than it is. When incentives line up, outcomes improve. When they don’t, frustration builds. I get the counterargument. Sometimes fast change creates energy and momentum. But without consistency and follow through, things drift back to the same patterns. Most debates focus on personalities instead of systems, which kind of misses the bigger picture. If we defined success clearly and measured it honestly, we’d argue less and fix more. That’s kind of the point.",1
ai_0952,"Quick take: in campus life, people follow what’s rewarded, not what’s recommended. A lot of the noise online makes it seem more complicated than it is. When incentives line up, outcomes improve. When they don’t, frustration builds. There’s a reasonable pushback. Sometimes fast change creates energy and momentum. But without consistency and follow through, things drift back to the same patterns. Most debates focus on personalities instead of systems, which kind of misses the bigger picture. If we defined success clearly and measured it honestly, we’d argue less and fix more. Simple doesn’t mean easy.",1
ai_0953,"Honestly, in politics, clarity would solve half the confusion. A lot of the noise online makes it seem more complicated than it is. When incentives line up, outcomes improve. When they don’t, frustration builds. There’s a reasonable pushback. Sometimes fast change creates energy and momentum. But without consistency and follow through, things drift back to the same patterns. Most debates focus on personalities instead of systems, which kind of misses the bigger picture. If we defined success clearly and measured it honestly, we’d argue less and fix more. It’s not flashy, but it’s real.",1
ai_0954,"Quick take: in tech, structure beats intention every time. A lot of the noise online makes it seem more complicated than it is. When incentives line up, outcomes improve. When they don’t, frustration builds. Sure, there’s another side. Sometimes fast change creates energy and momentum. But without consistency and follow through, things drift back to the same patterns. Most debates focus on personalities instead of systems, which kind of misses the bigger picture. If we defined success clearly and measured it honestly, we’d argue less and fix more. Simple doesn’t mean easy.",1
ai_0955,"Real talk, in health, most problems are coordination failures. A lot of the noise online makes it seem more complicated than it is. When incentives line up, outcomes improve. When they don’t, frustration builds. I get the counterargument. Sometimes fast change creates energy and momentum. But without consistency and follow through, things drift back to the same patterns. Most debates focus on personalities instead of systems, which kind of misses the bigger picture. If we defined success clearly and measured it honestly, we’d argue less and fix more. Still, the basics matter.",1
ai_0956,"Real talk, in sports, people follow what’s rewarded, not what’s recommended. A lot of the noise online makes it seem more complicated than it is. When incentives line up, outcomes improve. When they don’t, frustration builds. Not everyone sees it this way. Sometimes fast change creates energy and momentum. But without consistency and follow through, things drift back to the same patterns. Most debates focus on personalities instead of systems, which kind of misses the bigger picture. If we defined success clearly and measured it honestly, we’d argue less and fix more. Simple doesn’t mean easy.",1
ai_0957,"Quick take: in economy, structure beats intention every time. A lot of the noise online makes it seem more complicated than it is. When incentives line up, outcomes improve. When they don’t, frustration builds. There’s a reasonable pushback. Sometimes fast change creates energy and momentum. But without consistency and follow through, things drift back to the same patterns. Most debates focus on personalities instead of systems, which kind of misses the bigger picture. If we defined success clearly and measured it honestly, we’d argue less and fix more. It’s not flashy, but it’s real.",1
ai_0958,"Quick take: in climate, execution matters more than hype. A lot of the noise online makes it seem more complicated than it is. When incentives line up, outcomes improve. When they don’t, frustration builds. Sure, there’s another side. Sometimes fast change creates energy and momentum. But without consistency and follow through, things drift back to the same patterns. Most debates focus on personalities instead of systems, which kind of misses the bigger picture. If we defined success clearly and measured it honestly, we’d argue less and fix more. No drama, just fundamentals.",1
ai_0959,"Quick take: in campus life, clarity would solve half the confusion. A lot of the noise online makes it seem more complicated than it is. When incentives line up, outcomes improve. When they don’t, frustration builds. Not everyone sees it this way. Sometimes fast change creates energy and momentum. But without consistency and follow through, things drift back to the same patterns. Most debates focus on personalities instead of systems, which kind of misses the bigger picture. If we defined success clearly and measured it honestly, we’d argue less and fix more. That’s kind of the point.",1
ai_0960,"Honestly, in politics, people follow what’s rewarded, not what’s recommended. A lot of the noise online makes it seem more complicated than it is. When incentives line up, outcomes improve. When they don’t, frustration builds. There’s a reasonable pushback. Sometimes fast change creates energy and momentum. But without consistency and follow through, things drift back to the same patterns. Most debates focus on personalities instead of systems, which kind of misses the bigger picture. If we defined success clearly and measured it honestly, we’d argue less and fix more. It’s not flashy, but it’s real.",1
ai_0961,"Real talk, in tech, people follow what’s rewarded, not what’s recommended. A lot of the noise online makes it seem more complicated than it is. When incentives line up, outcomes improve. When they don’t, frustration builds. Not everyone sees it this way. Sometimes fast change creates energy and momentum. But without consistency and follow through, things drift back to the same patterns. Most debates focus on personalities instead of systems, which kind of misses the bigger picture. If we defined success clearly and measured it honestly, we’d argue less and fix more. Simple doesn’t mean easy.",1
ai_0962,"Honestly, in health, structure beats intention every time. A lot of the noise online makes it seem more complicated than it is. When incentives line up, outcomes improve. When they don’t, frustration builds. Some folks disagree, and that’s fair. Sometimes fast change creates energy and momentum. But without consistency and follow through, things drift back to the same patterns. Most debates focus on personalities instead of systems, which kind of misses the bigger picture. If we defined success clearly and measured it honestly, we’d argue less and fix more. That’s kind of the point.",1
ai_0963,"Quick take: in sports, incentives drive behavior more than speeches. A lot of the noise online makes it seem more complicated than it is. When incentives line up, outcomes improve. When they don’t, frustration builds. I get the counterargument. Sometimes fast change creates energy and momentum. But without consistency and follow through, things drift back to the same patterns. Most debates focus on personalities instead of systems, which kind of misses the bigger picture. If we defined success clearly and measured it honestly, we’d argue less and fix more. No drama, just fundamentals.",1
ai_0964,"Honestly, in economy, execution matters more than hype. A lot of the noise online makes it seem more complicated than it is. When incentives line up, outcomes improve. When they don’t, frustration builds. Sure, there’s another side. Sometimes fast change creates energy and momentum. But without consistency and follow through, things drift back to the same patterns. Most debates focus on personalities instead of systems, which kind of misses the bigger picture. If we defined success clearly and measured it honestly, we’d argue less and fix more. Still, the basics matter.",1
ai_0965,"Quick take: in climate, slow progress is still progress. A lot of the noise online makes it seem more complicated than it is. When incentives line up, outcomes improve. When they don’t, frustration builds. Not everyone sees it this way. Sometimes fast change creates energy and momentum. But without consistency and follow through, things drift back to the same patterns. Most debates focus on personalities instead of systems, which kind of misses the bigger picture. If we defined success clearly and measured it honestly, we’d argue less and fix more. It’s not flashy, but it’s real.",1
ai_0966,"Real talk, in campus life, incentives drive behavior more than speeches. A lot of the noise online makes it seem more complicated than it is. When incentives line up, outcomes improve. When they don’t, frustration builds. Not everyone sees it this way. Sometimes fast change creates energy and momentum. But without consistency and follow through, things drift back to the same patterns. Most debates focus on personalities instead of systems, which kind of misses the bigger picture. If we defined success clearly and measured it honestly, we’d argue less and fix more. No drama, just fundamentals.",1
ai_0967,"Honestly, in politics, slow progress is still progress. A lot of the noise online makes it seem more complicated than it is. When incentives line up, outcomes improve. When they don’t, frustration builds. Not everyone sees it this way. Sometimes fast change creates energy and momentum. But without consistency and follow through, things drift back to the same patterns. Most debates focus on personalities instead of systems, which kind of misses the bigger picture. If we defined success clearly and measured it honestly, we’d argue less and fix more. It’s not flashy, but it’s real.",1
ai_0968,"Honestly, in tech, clarity would solve half the confusion. A lot of the noise online makes it seem more complicated than it is. When incentives line up, outcomes improve. When they don’t, frustration builds. Sure, there’s another side. Sometimes fast change creates energy and momentum. But without consistency and follow through, things drift back to the same patterns. Most debates focus on personalities instead of systems, which kind of misses the bigger picture. If we defined success clearly and measured it honestly, we’d argue less and fix more. It’s not flashy, but it’s real.",1
ai_0969,"Hot take: in health, structure beats intention every time. A lot of the noise online makes it seem more complicated than it is. When incentives line up, outcomes improve. When they don’t, frustration builds. Some folks disagree, and that’s fair. Sometimes fast change creates energy and momentum. But without consistency and follow through, things drift back to the same patterns. Most debates focus on personalities instead of systems, which kind of misses the bigger picture. If we defined success clearly and measured it honestly, we’d argue less and fix more. Still, the basics matter.",1
ai_0970,"Real talk, in sports, execution matters more than hype. A lot of the noise online makes it seem more complicated than it is. When incentives line up, outcomes improve. When they don’t, frustration builds. There’s a reasonable pushback. Sometimes fast change creates energy and momentum. But without consistency and follow through, things drift back to the same patterns. Most debates focus on personalities instead of systems, which kind of misses the bigger picture. If we defined success clearly and measured it honestly, we’d argue less and fix more. That’s kind of the point.",1
ai_0971,"Hot take: in economy, most problems are coordination failures. A lot of the noise online makes it seem more complicated than it is. When incentives line up, outcomes improve. When they don’t, frustration builds. Not everyone sees it this way. Sometimes fast change creates energy and momentum. But without consistency and follow through, things drift back to the same patterns. Most debates focus on personalities instead of systems, which kind of misses the bigger picture. If we defined success clearly and measured it honestly, we’d argue less and fix more. It’s not flashy, but it’s real.",1
ai_0972,"Quick take: in climate, execution matters more than hype. A lot of the noise online makes it seem more complicated than it is. When incentives line up, outcomes improve. When they don’t, frustration builds. There’s a reasonable pushback. Sometimes fast change creates energy and momentum. But without consistency and follow through, things drift back to the same patterns. Most debates focus on personalities instead of systems, which kind of misses the bigger picture. If we defined success clearly and measured it honestly, we’d argue less and fix more. Still, the basics matter.",1
ai_0973,"Short answer: in campus life, people follow what’s rewarded, not what’s recommended. A lot of the noise online makes it seem more complicated than it is. When incentives line up, outcomes improve. When they don’t, frustration builds. There’s a reasonable pushback. Sometimes fast change creates energy and momentum. But without consistency and follow through, things drift back to the same patterns. Most debates focus on personalities instead of systems, which kind of misses the bigger picture. If we defined success clearly and measured it honestly, we’d argue less and fix more. It’s not flashy, but it’s real.",1
ai_0974,"Short answer: in politics, incentives drive behavior more than speeches. A lot of the noise online makes it seem more complicated than it is. When incentives line up, outcomes improve. When they don’t, frustration builds. I get the counterargument. Sometimes fast change creates energy and momentum. But without consistency and follow through, things drift back to the same patterns. Most debates focus on personalities instead of systems, which kind of misses the bigger picture. If we defined success clearly and measured it honestly, we’d argue less and fix more. Simple doesn’t mean easy.",1
ai_0975,"Honestly, in tech, incentives drive behavior more than speeches. A lot of the noise online makes it seem more complicated than it is. When incentives line up, outcomes improve. When they don’t, frustration builds. Not everyone sees it this way. Sometimes fast change creates energy and momentum. But without consistency and follow through, things drift back to the same patterns. Most debates focus on personalities instead of systems, which kind of misses the bigger picture. If we defined success clearly and measured it honestly, we’d argue less and fix more. No drama, just fundamentals.",1
ai_0976,"Short answer: in health, most problems are coordination failures. A lot of the noise online makes it seem more complicated than it is. When incentives line up, outcomes improve. When they don’t, frustration builds. I get the counterargument. Sometimes fast change creates energy and momentum. But without consistency and follow through, things drift back to the same patterns. Most debates focus on personalities instead of systems, which kind of misses the bigger picture. If we defined success clearly and measured it honestly, we’d argue less and fix more. That’s kind of the point.",1
ai_0977,"Short answer: in sports, structure beats intention every time. A lot of the noise online makes it seem more complicated than it is. When incentives line up, outcomes improve. When they don’t, frustration builds. There’s a reasonable pushback. Sometimes fast change creates energy and momentum. But without consistency and follow through, things drift back to the same patterns. Most debates focus on personalities instead of systems, which kind of misses the bigger picture. If we defined success clearly and measured it honestly, we’d argue less and fix more. Still, the basics matter.",1
ai_0978,"Real talk, in economy, structure beats intention every time. A lot of the noise online makes it seem more complicated than it is. When incentives line up, outcomes improve. When they don’t, frustration builds. Some folks disagree, and that’s fair. Sometimes fast change creates energy and momentum. But without consistency and follow through, things drift back to the same patterns. Most debates focus on personalities instead of systems, which kind of misses the bigger picture. If we defined success clearly and measured it honestly, we’d argue less and fix more. That’s kind of the point.",1
ai_0979,"Honestly, in climate, clarity would solve half the confusion. A lot of the noise online makes it seem more complicated than it is. When incentives line up, outcomes improve. When they don’t, frustration builds. Sure, there’s another side. Sometimes fast change creates energy and momentum. But without consistency and follow through, things drift back to the same patterns. Most debates focus on personalities instead of systems, which kind of misses the bigger picture. If we defined success clearly and measured it honestly, we’d argue less and fix more. Still, the basics matter.",1
ai_0980,"Short answer: in campus life, clarity would solve half the confusion. A lot of the noise online makes it seem more complicated than it is. When incentives line up, outcomes improve. When they don’t, frustration builds. Not everyone sees it this way. Sometimes fast change creates energy and momentum. But without consistency and follow through, things drift back to the same patterns. Most debates focus on personalities instead of systems, which kind of misses the bigger picture. If we defined success clearly and measured it honestly, we’d argue less and fix more. Simple doesn’t mean easy.",1
ai_0981,"Real talk, in politics, most problems are coordination failures. A lot of the noise online makes it seem more complicated than it is. When incentives line up, outcomes improve. When they don’t, frustration builds. Sure, there’s another side. Sometimes fast change creates energy and momentum. But without consistency and follow through, things drift back to the same patterns. Most debates focus on personalities instead of systems, which kind of misses the bigger picture. If we defined success clearly and measured it honestly, we’d argue less and fix more. No drama, just fundamentals.",1
ai_0982,"Real talk, in tech, structure beats intention every time. A lot of the noise online makes it seem more complicated than it is. When incentives line up, outcomes improve. When they don’t, frustration builds. Some folks disagree, and that’s fair. Sometimes fast change creates energy and momentum. But without consistency and follow through, things drift back to the same patterns. Most debates focus on personalities instead of systems, which kind of misses the bigger picture. If we defined success clearly and measured it honestly, we’d argue less and fix more. Simple doesn’t mean easy.",1
ai_0983,"Short answer: in health, execution matters more than hype. A lot of the noise online makes it seem more complicated than it is. When incentives line up, outcomes improve. When they don’t, frustration builds. There’s a reasonable pushback. Sometimes fast change creates energy and momentum. But without consistency and follow through, things drift back to the same patterns. Most debates focus on personalities instead of systems, which kind of misses the bigger picture. If we defined success clearly and measured it honestly, we’d argue less and fix more. Simple doesn’t mean easy.",1
ai_0984,"Quick take: in sports, incentives drive behavior more than speeches. A lot of the noise online makes it seem more complicated than it is. When incentives line up, outcomes improve. When they don’t, frustration builds. Sure, there’s another side. Sometimes fast change creates energy and momentum. But without consistency and follow through, things drift back to the same patterns. Most debates focus on personalities instead of systems, which kind of misses the bigger picture. If we defined success clearly and measured it honestly, we’d argue less and fix more. That’s kind of the point.",1
ai_0985,"Hot take: in economy, most problems are coordination failures. A lot of the noise online makes it seem more complicated than it is. When incentives line up, outcomes improve. When they don’t, frustration builds. Sure, there’s another side. Sometimes fast change creates energy and momentum. But without consistency and follow through, things drift back to the same patterns. Most debates focus on personalities instead of systems, which kind of misses the bigger picture. If we defined success clearly and measured it honestly, we’d argue less and fix more. That’s kind of the point.",1
ai_0986,"Honestly, in climate, execution matters more than hype. A lot of the noise online makes it seem more complicated than it is. When incentives line up, outcomes improve. When they don’t, frustration builds. Not everyone sees it this way. Sometimes fast change creates energy and momentum. But without consistency and follow through, things drift back to the same patterns. Most debates focus on personalities instead of systems, which kind of misses the bigger picture. If we defined success clearly and measured it honestly, we’d argue less and fix more. No drama, just fundamentals.",1
ai_0987,"Short answer: in campus life, clarity would solve half the confusion. A lot of the noise online makes it seem more complicated than it is. When incentives line up, outcomes improve. When they don’t, frustration builds. There’s a reasonable pushback. Sometimes fast change creates energy and momentum. But without consistency and follow through, things drift back to the same patterns. Most debates focus on personalities instead of systems, which kind of misses the bigger picture. If we defined success clearly and measured it honestly, we’d argue less and fix more. Simple doesn’t mean easy.",1
ai_0988,"Quick take: in politics, most problems are coordination failures. A lot of the noise online makes it seem more complicated than it is. When incentives line up, outcomes improve. When they don’t, frustration builds. I get the counterargument. Sometimes fast change creates energy and momentum. But without consistency and follow through, things drift back to the same patterns. Most debates focus on personalities instead of systems, which kind of misses the bigger picture. If we defined success clearly and measured it honestly, we’d argue less and fix more. Simple doesn’t mean easy.",1
ai_0989,"Real talk, in tech, incentives drive behavior more than speeches. A lot of the noise online makes it seem more complicated than it is. When incentives line up, outcomes improve. When they don’t, frustration builds. Sure, there’s another side. Sometimes fast change creates energy and momentum. But without consistency and follow through, things drift back to the same patterns. Most debates focus on personalities instead of systems, which kind of misses the bigger picture. If we defined success clearly and measured it honestly, we’d argue less and fix more. It’s not flashy, but it’s real.",1
ai_0990,"Short answer: in health, most problems are coordination failures. A lot of the noise online makes it seem more complicated than it is. When incentives line up, outcomes improve. When they don’t, frustration builds. Not everyone sees it this way. Sometimes fast change creates energy and momentum. But without consistency and follow through, things drift back to the same patterns. Most debates focus on personalities instead of systems, which kind of misses the bigger picture. If we defined success clearly and measured it honestly, we’d argue less and fix more. It’s not flashy, but it’s real.",1
ai_0991,"Honestly, in sports, clarity would solve half the confusion. A lot of the noise online makes it seem more complicated than it is. When incentives line up, outcomes improve. When they don’t, frustration builds. Sure, there’s another side. Sometimes fast change creates energy and momentum. But without consistency and follow through, things drift back to the same patterns. Most debates focus on personalities instead of systems, which kind of misses the bigger picture. If we defined success clearly and measured it honestly, we’d argue less and fix more. That’s kind of the point.",1
ai_0992,"Quick take: in economy, people follow what’s rewarded, not what’s recommended. A lot of the noise online makes it seem more complicated than it is. When incentives line up, outcomes improve. When they don’t, frustration builds. Sure, there’s another side. Sometimes fast change creates energy and momentum. But without consistency and follow through, things drift back to the same patterns. Most debates focus on personalities instead of systems, which kind of misses the bigger picture. If we defined success clearly and measured it honestly, we’d argue less and fix more. That’s kind of the point.",1
ai_0993,"Hot take: in climate, incentives drive behavior more than speeches. A lot of the noise online makes it seem more complicated than it is. When incentives line up, outcomes improve. When they don’t, frustration builds. Some folks disagree, and that’s fair. Sometimes fast change creates energy and momentum. But without consistency and follow through, things drift back to the same patterns. Most debates focus on personalities instead of systems, which kind of misses the bigger picture. If we defined success clearly and measured it honestly, we’d argue less and fix more. Still, the basics matter.",1
ai_0994,"Real talk, in campus life, slow progress is still progress. A lot of the noise online makes it seem more complicated than it is. When incentives line up, outcomes improve. When they don’t, frustration builds. Some folks disagree, and that’s fair. Sometimes fast change creates energy and momentum. But without consistency and follow through, things drift back to the same patterns. Most debates focus on personalities instead of systems, which kind of misses the bigger picture. If we defined success clearly and measured it honestly, we’d argue less and fix more. That’s kind of the point.",1
ai_0995,"Real talk, in politics, most problems are coordination failures. A lot of the noise online makes it seem more complicated than it is. When incentives line up, outcomes improve. When they don’t, frustration builds. Some folks disagree, and that’s fair. Sometimes fast change creates energy and momentum. But without consistency and follow through, things drift back to the same patterns. Most debates focus on personalities instead of systems, which kind of misses the bigger picture. If we defined success clearly and measured it honestly, we’d argue less and fix more. It’s not flashy, but it’s real.",1
ai_0996,"Short answer: in tech, slow progress is still progress. A lot of the noise online makes it seem more complicated than it is. When incentives line up, outcomes improve. When they don’t, frustration builds. Some folks disagree, and that’s fair. Sometimes fast change creates energy and momentum. But without consistency and follow through, things drift back to the same patterns. Most debates focus on personalities instead of systems, which kind of misses the bigger picture. If we defined success clearly and measured it honestly, we’d argue less and fix more. It’s not flashy, but it’s real.",1
ai_0997,"Hot take: in health, execution matters more than hype. A lot of the noise online makes it seem more complicated than it is. When incentives line up, outcomes improve. When they don’t, frustration builds. Sure, there’s another side. Sometimes fast change creates energy and momentum. But without consistency and follow through, things drift back to the same patterns. Most debates focus on personalities instead of systems, which kind of misses the bigger picture. If we defined success clearly and measured it honestly, we’d argue less and fix more. That’s kind of the point.",1
ai_0998,"Hot take: in sports, clarity would solve half the confusion. A lot of the noise online makes it seem more complicated than it is. When incentives line up, outcomes improve. When they don’t, frustration builds. Not everyone sees it this way. Sometimes fast change creates energy and momentum. But without consistency and follow through, things drift back to the same patterns. Most debates focus on personalities instead of systems, which kind of misses the bigger picture. If we defined success clearly and measured it honestly, we’d argue less and fix more. Still, the basics matter.",1
ai_0999,"Honestly, in economy, structure beats intention every time. A lot of the noise online makes it seem more complicated than it is. When incentives line up, outcomes improve. When they don’t, frustration builds. Not everyone sees it this way. Sometimes fast change creates energy and momentum. But without consistency and follow through, things drift back to the same patterns. Most debates focus on personalities instead of systems, which kind of misses the bigger picture. If we defined success clearly and measured it honestly, we’d argue less and fix more. Still, the basics matter.",1
ai_1000,"Short answer: in climate, execution matters more than hype. A lot of the noise online makes it seem more complicated than it is. When incentives line up, outcomes improve. When they don’t, frustration builds. Not everyone sees it this way. Sometimes fast change creates energy and momentum. But without consistency and follow through, things drift back to the same patterns. Most debates focus on personalities instead of systems, which kind of misses the bigger picture. If we defined success clearly and measured it honestly, we’d argue less and fix more. That’s kind of the point.",1
