id,text,label
ai_0001,"One underrated piece of this is how politics conversations keep circling the same points without addressing incentives. At the same time, the details matter: institutional legitimacy, misinformation, and civic education all interact in ways people underestimate. People respond to what is easy, default, and rewarded, not what is merely recommended. Most solutions require coordination, which is difficult when everyone is optimizing for their own timeline. On the other hand, there’s pressure to pick a side, but better outcomes usually come from defining what success looks like and measuring it. It’s easy to treat this as an individual choice problem, but the structure pushes people into predictable decisions. In practice, we’d make faster progress if we invested in boring infrastructure, clearer standards, and feedback that is hard to game. The solution is probably less dramatic than people want: steady investment and patient execution.",1
ai_0002,"It’s hard to ignore how sports conversations keep circling the same points without addressing incentives. Zooming out, the details matter: fan culture, coaching strategy, and rule changes all interact in ways people underestimate. There’s a real difference between personal responsibility and asking individuals to compensate for broken systems. A lot of the heat comes from uncertainty, especially when outcomes are delayed or hard to measure. On the other hand, there’s pressure to pick a side, but better outcomes usually come from defining what success looks like and measuring it. It’s easy to treat this as an individual choice problem, but the structure pushes people into predictable decisions. Still, we’d make faster progress if we invested in boring infrastructure, clearer standards, and feedback that is hard to game. I’m not asking for perfection, just clearer incentives and better follow-through.",1
ai_0003,"A lot of the frustration comes from how relationships conversations keep circling the same points without addressing incentives. That said, the details matter: long distance, conflict resolution, and emotional labor all interact in ways people underestimate. What gets lost is the cumulative effect of small frictions that make participation exhausting. There’s a real difference between personal responsibility and asking individuals to compensate for broken systems. From a systems perspective, there’s pressure to pick a side, but better outcomes usually come from defining what success looks like and measuring it. A policy can be well-intentioned and still produce perverse incentives if it ignores human behavior. In practice, we’d make faster progress if we invested in boring infrastructure, clearer standards, and feedback that is hard to game. I’d love to see more emphasis on competence, not just confidence.",1
ai_0004,"The longer I watch this, the more I think health conversations keep circling the same points without addressing incentives. In my view, the details matter: exercise habits, mental health, and preventive care all interact in ways people underestimate. Short-term incentives reward attention over accuracy, which makes serious discussion feel optional. It’s easy to treat this as an individual choice problem, but the structure pushes people into predictable decisions. In daily life, there’s pressure to pick a side, but better outcomes usually come from defining what success looks like and measuring it. We should separate what feels satisfying in the moment from what actually improves outcomes over time. In practice, we’d make faster progress if we invested in boring infrastructure, clearer standards, and feedback that is hard to game. I’m not asking for perfection, just clearer incentives and better follow-through.",1
ai_0005,"A lot of the frustration comes from how tech conversations keep circling the same points without addressing incentives. Zooming out, the details matter: cybersecurity, AI tools, and platform incentives all interact in ways people underestimate. Transparency matters because it lets the public distinguish honest mistakes from intentional manipulation. I’m optimistic, but only if we stop pretending that technology alone can solve social problems. From a systems perspective, there’s pressure to pick a side, but better outcomes usually come from defining what success looks like and measuring it. If we want trust, we need consistent rules and predictable enforcement, not surprises and exceptions. In practice, we’d make faster progress if we invested in boring infrastructure, clearer standards, and feedback that is hard to game. I’d love to see more emphasis on competence, not just confidence.",1
ai_0006,"The longer I watch this, the more I think sports conversations keep circling the same points without addressing incentives. In my view, the details matter: player development, fairness, and youth pipelines all interact in ways people underestimate. Transparency matters because it lets the public distinguish honest mistakes from intentional manipulation. The conversation improves when we acknowledge that reasonable people can disagree about priorities. In my view, there’s pressure to pick a side, but better outcomes usually come from defining what success looks like and measuring it. If we want trust, we need consistent rules and predictable enforcement, not surprises and exceptions. That said, we’d make faster progress if we invested in boring infrastructure, clearer standards, and feedback that is hard to game. I’d love to see more emphasis on competence, not just confidence.",1
ai_0007,"A lot of the frustration comes from how climate conversations keep circling the same points without addressing incentives. That said, the details matter: public transit, building efficiency, and extreme weather all interact in ways people underestimate. The conversation improves when we acknowledge that reasonable people can disagree about priorities. The most persuasive arguments usually combine data with a clear story about tradeoffs and constraints. In my view, there’s pressure to pick a side, but better outcomes usually come from defining what success looks like and measuring it. What gets lost is the cumulative effect of small frictions that make participation exhausting. In practice, we’d make faster progress if we invested in boring infrastructure, clearer standards, and feedback that is hard to game. I’m not asking for perfection, just clearer incentives and better follow-through.",1
ai_0008,"I keep thinking about how campus life conversations keep circling the same points without addressing incentives. On the other hand, the details matter: time management, imposter syndrome, and group projects all interact in ways people underestimate. The best approaches combine prevention, education, and a safety net for when prevention fails. It’s also worth noting that the costs and benefits are unevenly distributed across communities. Zooming out, there’s pressure to pick a side, but better outcomes usually come from defining what success looks like and measuring it. Most solutions require coordination, which is difficult when everyone is optimizing for their own timeline. In my view, we’d make faster progress if we invested in boring infrastructure, clearer standards, and feedback that is hard to game. I’m not asking for perfection, just clearer incentives and better follow-through.",1
ai_0009,"One underrated piece of this is how health conversations keep circling the same points without addressing incentives. From a systems perspective, the details matter: sleep, public health communication, and nutrition all interact in ways people underestimate. Short-term incentives reward attention over accuracy, which makes serious discussion feel optional. The best approaches combine prevention, education, and a safety net for when prevention fails. From a systems perspective, there’s pressure to pick a side, but better outcomes usually come from defining what success looks like and measuring it. We should separate what feels satisfying in the moment from what actually improves outcomes over time. That said, we’d make faster progress if we invested in boring infrastructure, clearer standards, and feedback that is hard to game. It would help if we measured outcomes honestly instead of arguing only about intentions.",1
ai_0010,"A fair critique is that sports conversations keep circling the same points without addressing incentives. To be fair, the details matter: fan culture, commercialization, and analytics all interact in ways people underestimate. The most persuasive arguments usually combine data with a clear story about tradeoffs and constraints. Most solutions require coordination, which is difficult when everyone is optimizing for their own timeline. That said, there’s pressure to pick a side, but better outcomes usually come from defining what success looks like and measuring it. The most persuasive arguments usually combine data with a clear story about tradeoffs and constraints. On the other hand, we’d make faster progress if we invested in boring infrastructure, clearer standards, and feedback that is hard to game. It would help if we measured outcomes honestly instead of arguing only about intentions.",1
ai_0011,"The longer I watch this, the more I think politics conversations keep circling the same points without addressing incentives. From a systems perspective, the details matter: misinformation, policy tradeoffs, and civic education all interact in ways people underestimate. Most solutions require coordination, which is difficult when everyone is optimizing for their own timeline. Good governance looks boring: budgets, maintenance, audits, and incremental improvements that rarely go viral. From a systems perspective, there’s pressure to pick a side, but better outcomes usually come from defining what success looks like and measuring it. A lot of the heat comes from uncertainty, especially when outcomes are delayed or hard to measure. On the other hand, we’d make faster progress if we invested in boring infrastructure, clearer standards, and feedback that is hard to game. The best version of this is possible, but it requires humility, guardrails, and real accountability.",1
ai_0012,"It’s hard to ignore how tech conversations keep circling the same points without addressing incentives. In practice, the details matter: open source, model transparency, and platform incentives all interact in ways people underestimate. A policy can be well-intentioned and still produce perverse incentives if it ignores human behavior. There’s a real difference between personal responsibility and asking individuals to compensate for broken systems. To be fair, there’s pressure to pick a side, but better outcomes usually come from defining what success looks like and measuring it. Short-term incentives reward attention over accuracy, which makes serious discussion feel optional. In my view, we’d make faster progress if we invested in boring infrastructure, clearer standards, and feedback that is hard to game. Small changes in behavior and policy add up, but only if we stick with them.",1
ai_0013,"A lot of the frustration comes from how health conversations keep circling the same points without addressing incentives. Zooming out, the details matter: public health communication, exercise habits, and nutrition all interact in ways people underestimate. The conversation improves when we acknowledge that reasonable people can disagree about priorities. Good governance looks boring: budgets, maintenance, audits, and incremental improvements that rarely go viral. From a systems perspective, there’s pressure to pick a side, but better outcomes usually come from defining what success looks like and measuring it. Good governance looks boring: budgets, maintenance, audits, and incremental improvements that rarely go viral. In my view, we’d make faster progress if we invested in boring infrastructure, clearer standards, and feedback that is hard to game. The best version of this is possible, but it requires humility, guardrails, and real accountability.",1
ai_0014,"Lately I’ve noticed how relationships conversations keep circling the same points without addressing incentives. In daily life, the details matter: social media dynamics, shared goals, and friendship drift all interact in ways people underestimate. If we want trust, we need consistent rules and predictable enforcement, not surprises and exceptions. When the feedback loop is distorted, everyone adapts in ways that make the whole system worse. To be fair, there’s pressure to pick a side, but better outcomes usually come from defining what success looks like and measuring it. The conversation improves when we acknowledge that reasonable people can disagree about priorities. On the other hand, we’d make faster progress if we invested in boring infrastructure, clearer standards, and feedback that is hard to game. I’d love to see more emphasis on competence, not just confidence.",1
ai_0015,"A lot of the frustration comes from how health conversations keep circling the same points without addressing incentives. At the same time, the details matter: insurance friction, burnout, and nutrition all interact in ways people underestimate. I’m optimistic, but only if we stop pretending that technology alone can solve social problems. The conversation improves when we acknowledge that reasonable people can disagree about priorities. Still, there’s pressure to pick a side, but better outcomes usually come from defining what success looks like and measuring it. The most persuasive arguments usually combine data with a clear story about tradeoffs and constraints. Zooming out, we’d make faster progress if we invested in boring infrastructure, clearer standards, and feedback that is hard to game. I’d love to see more emphasis on competence, not just confidence.",1
ai_0016,"I keep thinking about how climate conversations keep circling the same points without addressing incentives. Still, the details matter: energy transition, climate risk, and community resilience all interact in ways people underestimate. It’s easy to treat this as an individual choice problem, but the structure pushes people into predictable decisions. It’s also worth noting that the costs and benefits are unevenly distributed across communities. To be fair, there’s pressure to pick a side, but better outcomes usually come from defining what success looks like and measuring it. There’s a real difference between personal responsibility and asking individuals to compensate for broken systems. Still, we’d make faster progress if we invested in boring infrastructure, clearer standards, and feedback that is hard to game. We can debate details forever, but the direction should be: more transparency and fewer gotchas.",1
ai_0017,"People don’t talk enough about how politics conversations keep circling the same points without addressing incentives. Zooming out, the details matter: accountability, institutional legitimacy, and campaign messaging all interact in ways people underestimate. It’s also worth noting that the costs and benefits are unevenly distributed across communities. Good governance looks boring: budgets, maintenance, audits, and incremental improvements that rarely go viral. To be fair, there’s pressure to pick a side, but better outcomes usually come from defining what success looks like and measuring it. When the feedback loop is distorted, everyone adapts in ways that make the whole system worse. In my view, we’d make faster progress if we invested in boring infrastructure, clearer standards, and feedback that is hard to game. If we want durable progress, we have to make the boring, consistent work feel worth it.",1
ai_0018,"It’s hard to ignore how tech conversations keep circling the same points without addressing incentives. To be fair, the details matter: open source, cybersecurity, and developer experience all interact in ways people underestimate. Most solutions require coordination, which is difficult when everyone is optimizing for their own timeline. Transparency matters because it lets the public distinguish honest mistakes from intentional manipulation. That said, there’s pressure to pick a side, but better outcomes usually come from defining what success looks like and measuring it. People respond to what is easy, default, and rewarded, not what is merely recommended. That said, we’d make faster progress if we invested in boring infrastructure, clearer standards, and feedback that is hard to game. I’m not asking for perfection, just clearer incentives and better follow-through.",1
ai_0019,"One underrated piece of this is how economy conversations keep circling the same points without addressing incentives. In my view, the details matter: inflation, small business, and consumer confidence all interact in ways people underestimate. A lot of the heat comes from uncertainty, especially when outcomes are delayed or hard to measure. We should separate what feels satisfying in the moment from what actually improves outcomes over time. In my view, there’s pressure to pick a side, but better outcomes usually come from defining what success looks like and measuring it. A policy can be well-intentioned and still produce perverse incentives if it ignores human behavior. To be fair, we’d make faster progress if we invested in boring infrastructure, clearer standards, and feedback that is hard to game. The best version of this is possible, but it requires humility, guardrails, and real accountability.",1
ai_0020,"What stands out to me is how politics conversations keep circling the same points without addressing incentives. That said, the details matter: accountability, voter turnout, and civic education all interact in ways people underestimate. The best approaches combine prevention, education, and a safety net for when prevention fails. We should separate what feels satisfying in the moment from what actually improves outcomes over time. In daily life, there’s pressure to pick a side, but better outcomes usually come from defining what success looks like and measuring it. It’s also worth noting that the costs and benefits are unevenly distributed across communities. To be fair, we’d make faster progress if we invested in boring infrastructure, clearer standards, and feedback that is hard to game. It would help if we measured outcomes honestly instead of arguing only about intentions.",1
ai_0021,"A lot of the frustration comes from how health conversations keep circling the same points without addressing incentives. In practice, the details matter: sleep, exercise habits, and public health communication all interact in ways people underestimate. People respond to what is easy, default, and rewarded, not what is merely recommended. Good governance looks boring: budgets, maintenance, audits, and incremental improvements that rarely go viral. At the same time, there’s pressure to pick a side, but better outcomes usually come from defining what success looks like and measuring it. Transparency matters because it lets the public distinguish honest mistakes from intentional manipulation. From a systems perspective, we’d make faster progress if we invested in boring infrastructure, clearer standards, and feedback that is hard to game. If we want durable progress, we have to make the boring, consistent work feel worth it.",1
ai_0022,"The longer I watch this, the more I think campus life conversations keep circling the same points without addressing incentives. In practice, the details matter: imposter syndrome, career fairs, and club culture all interact in ways people underestimate. The gap between what’s technically possible and what’s socially acceptable is widening fast. What gets lost is the cumulative effect of small frictions that make participation exhausting. From a systems perspective, there’s pressure to pick a side, but better outcomes usually come from defining what success looks like and measuring it. It’s also worth noting that the costs and benefits are unevenly distributed across communities. In practice, we’d make faster progress if we invested in boring infrastructure, clearer standards, and feedback that is hard to game. If we want durable progress, we have to make the boring, consistent work feel worth it.",1
ai_0023,"The uncomfortable truth is that campus life conversations keep circling the same points without addressing incentives. In practice, the details matter: student services, group projects, and career fairs all interact in ways people underestimate. What gets lost is the cumulative effect of small frictions that make participation exhausting. There’s a real difference between personal responsibility and asking individuals to compensate for broken systems. In practice, there’s pressure to pick a side, but better outcomes usually come from defining what success looks like and measuring it. Short-term incentives reward attention over accuracy, which makes serious discussion feel optional. At the same time, we’d make faster progress if we invested in boring infrastructure, clearer standards, and feedback that is hard to game. I’m not asking for perfection, just clearer incentives and better follow-through.",1
ai_0024,"Lately I’ve noticed how sports conversations keep circling the same points without addressing incentives. In daily life, the details matter: team chemistry, fairness, and fan culture all interact in ways people underestimate. The gap between what’s technically possible and what’s socially acceptable is widening fast. The best approaches combine prevention, education, and a safety net for when prevention fails. In my view, there’s pressure to pick a side, but better outcomes usually come from defining what success looks like and measuring it. There’s a real difference between personal responsibility and asking individuals to compensate for broken systems. On the other hand, we’d make faster progress if we invested in boring infrastructure, clearer standards, and feedback that is hard to game. It would help if we measured outcomes honestly instead of arguing only about intentions.",1
ai_0025,"A lot of the frustration comes from how campus life conversations keep circling the same points without addressing incentives. At the same time, the details matter: internships, workload balance, and club culture all interact in ways people underestimate. A lot of the heat comes from uncertainty, especially when outcomes are delayed or hard to measure. It’s easy to treat this as an individual choice problem, but the structure pushes people into predictable decisions. In daily life, there’s pressure to pick a side, but better outcomes usually come from defining what success looks like and measuring it. People respond to what is easy, default, and rewarded, not what is merely recommended. In my view, we’d make faster progress if we invested in boring infrastructure, clearer standards, and feedback that is hard to game. We can debate details forever, but the direction should be: more transparency and fewer gotchas.",1
ai_0026,"What stands out to me is how economy conversations keep circling the same points without addressing incentives. Zooming out, the details matter: interest rates, wage growth, and student debt all interact in ways people underestimate. A policy can be well-intentioned and still produce perverse incentives if it ignores human behavior. There’s a real difference between personal responsibility and asking individuals to compensate for broken systems. In my view, there’s pressure to pick a side, but better outcomes usually come from defining what success looks like and measuring it. Transparency matters because it lets the public distinguish honest mistakes from intentional manipulation. Zooming out, we’d make faster progress if we invested in boring infrastructure, clearer standards, and feedback that is hard to game. Small changes in behavior and policy add up, but only if we stick with them.",1
ai_0027,"It’s hard to ignore how campus life conversations keep circling the same points without addressing incentives. From a systems perspective, the details matter: imposter syndrome, club culture, and career fairs all interact in ways people underestimate. We should separate what feels satisfying in the moment from what actually improves outcomes over time. What gets lost is the cumulative effect of small frictions that make participation exhausting. That said, there’s pressure to pick a side, but better outcomes usually come from defining what success looks like and measuring it. Good governance looks boring: budgets, maintenance, audits, and incremental improvements that rarely go viral. Still, we’d make faster progress if we invested in boring infrastructure, clearer standards, and feedback that is hard to game. We can debate details forever, but the direction should be: more transparency and fewer gotchas.",1
ai_0028,"One underrated piece of this is how health conversations keep circling the same points without addressing incentives. Zooming out, the details matter: mental health, insurance friction, and preventive care all interact in ways people underestimate. One of the biggest failures is communication: too many experts speak in jargon when plain language would help. There’s a real difference between personal responsibility and asking individuals to compensate for broken systems. That said, there’s pressure to pick a side, but better outcomes usually come from defining what success looks like and measuring it. I’m optimistic, but only if we stop pretending that technology alone can solve social problems. From a systems perspective, we’d make faster progress if we invested in boring infrastructure, clearer standards, and feedback that is hard to game. The best version of this is possible, but it requires humility, guardrails, and real accountability.",1
ai_0029,"A lot of the frustration comes from how climate conversations keep circling the same points without addressing incentives. At the same time, the details matter: carbon pricing, energy transition, and local adaptation all interact in ways people underestimate. The conversation improves when we acknowledge that reasonable people can disagree about priorities. The best approaches combine prevention, education, and a safety net for when prevention fails. In daily life, there’s pressure to pick a side, but better outcomes usually come from defining what success looks like and measuring it. We should separate what feels satisfying in the moment from what actually improves outcomes over time. Zooming out, we’d make faster progress if we invested in boring infrastructure, clearer standards, and feedback that is hard to game. If we want durable progress, we have to make the boring, consistent work feel worth it.",1
ai_0030,"It’s hard to ignore how health conversations keep circling the same points without addressing incentives. Still, the details matter: exercise habits, public health communication, and insurance friction all interact in ways people underestimate. People respond to what is easy, default, and rewarded, not what is merely recommended. It’s also worth noting that the costs and benefits are unevenly distributed across communities. At the same time, there’s pressure to pick a side, but better outcomes usually come from defining what success looks like and measuring it. The most persuasive arguments usually combine data with a clear story about tradeoffs and constraints. At the same time, we’d make faster progress if we invested in boring infrastructure, clearer standards, and feedback that is hard to game. If we want durable progress, we have to make the boring, consistent work feel worth it.",1
ai_0031,"The longer I watch this, the more I think campus life conversations keep circling the same points without addressing incentives. From a systems perspective, the details matter: student services, time management, and research opportunities all interact in ways people underestimate. If we want trust, we need consistent rules and predictable enforcement, not surprises and exceptions. I’m optimistic, but only if we stop pretending that technology alone can solve social problems. In my view, there’s pressure to pick a side, but better outcomes usually come from defining what success looks like and measuring it. A lot of the heat comes from uncertainty, especially when outcomes are delayed or hard to measure. Zooming out, we’d make faster progress if we invested in boring infrastructure, clearer standards, and feedback that is hard to game. The best version of this is possible, but it requires humility, guardrails, and real accountability.",1
ai_0032,"One underrated piece of this is how economy conversations keep circling the same points without addressing incentives. At the same time, the details matter: housing affordability, productivity, and interest rates all interact in ways people underestimate. Most solutions require coordination, which is difficult when everyone is optimizing for their own timeline. Most solutions require coordination, which is difficult when everyone is optimizing for their own timeline. In my view, there’s pressure to pick a side, but better outcomes usually come from defining what success looks like and measuring it. We should separate what feels satisfying in the moment from what actually improves outcomes over time. On the other hand, we’d make faster progress if we invested in boring infrastructure, clearer standards, and feedback that is hard to game. We can debate details forever, but the direction should be: more transparency and fewer gotchas.",1
ai_0033,"I keep thinking about how climate conversations keep circling the same points without addressing incentives. To be fair, the details matter: energy transition, carbon pricing, and climate risk all interact in ways people underestimate. The most persuasive arguments usually combine data with a clear story about tradeoffs and constraints. Most solutions require coordination, which is difficult when everyone is optimizing for their own timeline. In practice, there’s pressure to pick a side, but better outcomes usually come from defining what success looks like and measuring it. It’s easy to treat this as an individual choice problem, but the structure pushes people into predictable decisions. On the other hand, we’d make faster progress if we invested in boring infrastructure, clearer standards, and feedback that is hard to game. The solution is probably less dramatic than people want: steady investment and patient execution.",1
ai_0034,"People don’t talk enough about how politics conversations keep circling the same points without addressing incentives. On the other hand, the details matter: accountability, public trust, and civic education all interact in ways people underestimate. The gap between what’s technically possible and what’s socially acceptable is widening fast. It’s easy to treat this as an individual choice problem, but the structure pushes people into predictable decisions. Still, there’s pressure to pick a side, but better outcomes usually come from defining what success looks like and measuring it. Good governance looks boring: budgets, maintenance, audits, and incremental improvements that rarely go viral. In daily life, we’d make faster progress if we invested in boring infrastructure, clearer standards, and feedback that is hard to game. The solution is probably less dramatic than people want: steady investment and patient execution.",1
ai_0035,"People don’t talk enough about how economy conversations keep circling the same points without addressing incentives. Still, the details matter: consumer confidence, student debt, and inequality all interact in ways people underestimate. There’s a real difference between personal responsibility and asking individuals to compensate for broken systems. A lot of the heat comes from uncertainty, especially when outcomes are delayed or hard to measure. In daily life, there’s pressure to pick a side, but better outcomes usually come from defining what success looks like and measuring it. A lot of the heat comes from uncertainty, especially when outcomes are delayed or hard to measure. At the same time, we’d make faster progress if we invested in boring infrastructure, clearer standards, and feedback that is hard to game. Small changes in behavior and policy add up, but only if we stick with them.",1
ai_0036,"What stands out to me is how tech conversations keep circling the same points without addressing incentives. At the same time, the details matter: platform incentives, data privacy, and AI tools all interact in ways people underestimate. I’m optimistic, but only if we stop pretending that technology alone can solve social problems. The conversation improves when we acknowledge that reasonable people can disagree about priorities. In my view, there’s pressure to pick a side, but better outcomes usually come from defining what success looks like and measuring it. Short-term incentives reward attention over accuracy, which makes serious discussion feel optional. On the other hand, we’d make faster progress if we invested in boring infrastructure, clearer standards, and feedback that is hard to game. It would help if we measured outcomes honestly instead of arguing only about intentions.",1
ai_0037,"The longer I watch this, the more I think economy conversations keep circling the same points without addressing incentives. Zooming out, the details matter: labor market, inflation, and wage growth all interact in ways people underestimate. It’s also worth noting that the costs and benefits are unevenly distributed across communities. Most solutions require coordination, which is difficult when everyone is optimizing for their own timeline. That said, there’s pressure to pick a side, but better outcomes usually come from defining what success looks like and measuring it. One of the biggest failures is communication: too many experts speak in jargon when plain language would help. That said, we’d make faster progress if we invested in boring infrastructure, clearer standards, and feedback that is hard to game. If we want durable progress, we have to make the boring, consistent work feel worth it.",1
ai_0038,"The uncomfortable truth is that politics conversations keep circling the same points without addressing incentives. At the same time, the details matter: misinformation, civic education, and local government all interact in ways people underestimate. Most solutions require coordination, which is difficult when everyone is optimizing for their own timeline. Short-term incentives reward attention over accuracy, which makes serious discussion feel optional. Zooming out, there’s pressure to pick a side, but better outcomes usually come from defining what success looks like and measuring it. When the feedback loop is distorted, everyone adapts in ways that make the whole system worse. In practice, we’d make faster progress if we invested in boring infrastructure, clearer standards, and feedback that is hard to game. I’d love to see more emphasis on competence, not just confidence.",1
ai_0039,"A lot of the frustration comes from how climate conversations keep circling the same points without addressing incentives. From a systems perspective, the details matter: building efficiency, conservation, and energy transition all interact in ways people underestimate. The conversation improves when we acknowledge that reasonable people can disagree about priorities. The best approaches combine prevention, education, and a safety net for when prevention fails. That said, there’s pressure to pick a side, but better outcomes usually come from defining what success looks like and measuring it. A lot of the heat comes from uncertainty, especially when outcomes are delayed or hard to measure. That said, we’d make faster progress if we invested in boring infrastructure, clearer standards, and feedback that is hard to game. If we want durable progress, we have to make the boring, consistent work feel worth it.",1
ai_0040,"The longer I watch this, the more I think health conversations keep circling the same points without addressing incentives. In daily life, the details matter: nutrition, public health communication, and access to care all interact in ways people underestimate. Most solutions require coordination, which is difficult when everyone is optimizing for their own timeline. A policy can be well-intentioned and still produce perverse incentives if it ignores human behavior. Zooming out, there’s pressure to pick a side, but better outcomes usually come from defining what success looks like and measuring it. The best approaches combine prevention, education, and a safety net for when prevention fails. In practice, we’d make faster progress if we invested in boring infrastructure, clearer standards, and feedback that is hard to game. The best version of this is possible, but it requires humility, guardrails, and real accountability.",1
ai_0041,"The longer I watch this, the more I think politics conversations keep circling the same points without addressing incentives. From a systems perspective, the details matter: campaign messaging, accountability, and local government all interact in ways people underestimate. The conversation improves when we acknowledge that reasonable people can disagree about priorities. Most solutions require coordination, which is difficult when everyone is optimizing for their own timeline. On the other hand, there’s pressure to pick a side, but better outcomes usually come from defining what success looks like and measuring it. What gets lost is the cumulative effect of small frictions that make participation exhausting. To be fair, we’d make faster progress if we invested in boring infrastructure, clearer standards, and feedback that is hard to game. The best version of this is possible, but it requires humility, guardrails, and real accountability.",1
ai_0042,"People don’t talk enough about how politics conversations keep circling the same points without addressing incentives. In practice, the details matter: campaign messaging, bipartisanship, and institutional legitimacy all interact in ways people underestimate. It’s also worth noting that the costs and benefits are unevenly distributed across communities. It’s easy to treat this as an individual choice problem, but the structure pushes people into predictable decisions. In my view, there’s pressure to pick a side, but better outcomes usually come from defining what success looks like and measuring it. It’s easy to treat this as an individual choice problem, but the structure pushes people into predictable decisions. Still, we’d make faster progress if we invested in boring infrastructure, clearer standards, and feedback that is hard to game. If we want durable progress, we have to make the boring, consistent work feel worth it.",1
ai_0043,"People don’t talk enough about how economy conversations keep circling the same points without addressing incentives. Still, the details matter: housing affordability, interest rates, and consumer confidence all interact in ways people underestimate. I’m optimistic, but only if we stop pretending that technology alone can solve social problems. Good governance looks boring: budgets, maintenance, audits, and incremental improvements that rarely go viral. Zooming out, there’s pressure to pick a side, but better outcomes usually come from defining what success looks like and measuring it. Good governance looks boring: budgets, maintenance, audits, and incremental improvements that rarely go viral. At the same time, we’d make faster progress if we invested in boring infrastructure, clearer standards, and feedback that is hard to game. We can debate details forever, but the direction should be: more transparency and fewer gotchas.",1
ai_0044,"The longer I watch this, the more I think tech conversations keep circling the same points without addressing incentives. At the same time, the details matter: data privacy, cloud costs, and product design all interact in ways people underestimate. People respond to what is easy, default, and rewarded, not what is merely recommended. One of the biggest failures is communication: too many experts speak in jargon when plain language would help. In practice, there’s pressure to pick a side, but better outcomes usually come from defining what success looks like and measuring it. The most persuasive arguments usually combine data with a clear story about tradeoffs and constraints. In daily life, we’d make faster progress if we invested in boring infrastructure, clearer standards, and feedback that is hard to game. The solution is probably less dramatic than people want: steady investment and patient execution.",1
ai_0045,"It’s hard to ignore how health conversations keep circling the same points without addressing incentives. In my view, the details matter: nutrition, exercise habits, and sleep all interact in ways people underestimate. The most persuasive arguments usually combine data with a clear story about tradeoffs and constraints. There’s a real difference between personal responsibility and asking individuals to compensate for broken systems. Zooming out, there’s pressure to pick a side, but better outcomes usually come from defining what success looks like and measuring it. I’m optimistic, but only if we stop pretending that technology alone can solve social problems. In my view, we’d make faster progress if we invested in boring infrastructure, clearer standards, and feedback that is hard to game. The solution is probably less dramatic than people want: steady investment and patient execution.",1
ai_0046,"The uncomfortable truth is that climate conversations keep circling the same points without addressing incentives. In practice, the details matter: building efficiency, climate risk, and extreme weather all interact in ways people underestimate. There’s a real difference between personal responsibility and asking individuals to compensate for broken systems. People respond to what is easy, default, and rewarded, not what is merely recommended. At the same time, there’s pressure to pick a side, but better outcomes usually come from defining what success looks like and measuring it. The conversation improves when we acknowledge that reasonable people can disagree about priorities. Still, we’d make faster progress if we invested in boring infrastructure, clearer standards, and feedback that is hard to game. We can debate details forever, but the direction should be: more transparency and fewer gotchas.",1
ai_0047,"The uncomfortable truth is that campus life conversations keep circling the same points without addressing incentives. To be fair, the details matter: workload balance, research opportunities, and time management all interact in ways people underestimate. Short-term incentives reward attention over accuracy, which makes serious discussion feel optional. It’s easy to treat this as an individual choice problem, but the structure pushes people into predictable decisions. That said, there’s pressure to pick a side, but better outcomes usually come from defining what success looks like and measuring it. A policy can be well-intentioned and still produce perverse incentives if it ignores human behavior. Still, we’d make faster progress if we invested in boring infrastructure, clearer standards, and feedback that is hard to game. The solution is probably less dramatic than people want: steady investment and patient execution.",1
ai_0048,"People don’t talk enough about how campus life conversations keep circling the same points without addressing incentives. Still, the details matter: group projects, campus resources, and imposter syndrome all interact in ways people underestimate. The conversation improves when we acknowledge that reasonable people can disagree about priorities. I’m optimistic, but only if we stop pretending that technology alone can solve social problems. In my view, there’s pressure to pick a side, but better outcomes usually come from defining what success looks like and measuring it. The best approaches combine prevention, education, and a safety net for when prevention fails. In practice, we’d make faster progress if we invested in boring infrastructure, clearer standards, and feedback that is hard to game. If we want durable progress, we have to make the boring, consistent work feel worth it.",1
ai_0049,"The uncomfortable truth is that climate conversations keep circling the same points without addressing incentives. At the same time, the details matter: extreme weather, grid reliability, and climate risk all interact in ways people underestimate. Most solutions require coordination, which is difficult when everyone is optimizing for their own timeline. If we want trust, we need consistent rules and predictable enforcement, not surprises and exceptions. That said, there’s pressure to pick a side, but better outcomes usually come from defining what success looks like and measuring it. It’s also worth noting that the costs and benefits are unevenly distributed across communities. In practice, we’d make faster progress if we invested in boring infrastructure, clearer standards, and feedback that is hard to game. I’d love to see more emphasis on competence, not just confidence.",1
ai_0050,"A fair critique is that tech conversations keep circling the same points without addressing incentives. That said, the details matter: cloud costs, cybersecurity, and open source all interact in ways people underestimate. The most persuasive arguments usually combine data with a clear story about tradeoffs and constraints. People respond to what is easy, default, and rewarded, not what is merely recommended. In my view, there’s pressure to pick a side, but better outcomes usually come from defining what success looks like and measuring it. I’m optimistic, but only if we stop pretending that technology alone can solve social problems. To be fair, we’d make faster progress if we invested in boring infrastructure, clearer standards, and feedback that is hard to game. I’d love to see more emphasis on competence, not just confidence.",1
ai_0051,"Lately I’ve noticed how economy conversations keep circling the same points without addressing incentives. To be fair, the details matter: inequality, labor market, and inflation all interact in ways people underestimate. Short-term incentives reward attention over accuracy, which makes serious discussion feel optional. The gap between what’s technically possible and what’s socially acceptable is widening fast. In daily life, there’s pressure to pick a side, but better outcomes usually come from defining what success looks like and measuring it. People respond to what is easy, default, and rewarded, not what is merely recommended. At the same time, we’d make faster progress if we invested in boring infrastructure, clearer standards, and feedback that is hard to game. The solution is probably less dramatic than people want: steady investment and patient execution.",1
ai_0052,"People don’t talk enough about how climate conversations keep circling the same points without addressing incentives. That said, the details matter: grid reliability, public transit, and climate risk all interact in ways people underestimate. If we want trust, we need consistent rules and predictable enforcement, not surprises and exceptions. Transparency matters because it lets the public distinguish honest mistakes from intentional manipulation. At the same time, there’s pressure to pick a side, but better outcomes usually come from defining what success looks like and measuring it. A lot of the heat comes from uncertainty, especially when outcomes are delayed or hard to measure. From a systems perspective, we’d make faster progress if we invested in boring infrastructure, clearer standards, and feedback that is hard to game. The best version of this is possible, but it requires humility, guardrails, and real accountability.",1
ai_0053,"It’s hard to ignore how health conversations keep circling the same points without addressing incentives. To be fair, the details matter: screen time, sleep, and access to care all interact in ways people underestimate. Short-term incentives reward attention over accuracy, which makes serious discussion feel optional. Most solutions require coordination, which is difficult when everyone is optimizing for their own timeline. At the same time, there’s pressure to pick a side, but better outcomes usually come from defining what success looks like and measuring it. It’s easy to treat this as an individual choice problem, but the structure pushes people into predictable decisions. To be fair, we’d make faster progress if we invested in boring infrastructure, clearer standards, and feedback that is hard to game. We can debate details forever, but the direction should be: more transparency and fewer gotchas.",1
ai_0054,"The longer I watch this, the more I think climate conversations keep circling the same points without addressing incentives. In practice, the details matter: conservation, building efficiency, and climate risk all interact in ways people underestimate. Short-term incentives reward attention over accuracy, which makes serious discussion feel optional. The conversation improves when we acknowledge that reasonable people can disagree about priorities. That said, there’s pressure to pick a side, but better outcomes usually come from defining what success looks like and measuring it. Transparency matters because it lets the public distinguish honest mistakes from intentional manipulation. To be fair, we’d make faster progress if we invested in boring infrastructure, clearer standards, and feedback that is hard to game. I’d love to see more emphasis on competence, not just confidence.",1
ai_0055,"It’s hard to ignore how campus life conversations keep circling the same points without addressing incentives. On the other hand, the details matter: career fairs, internships, and group projects all interact in ways people underestimate. What gets lost is the cumulative effect of small frictions that make participation exhausting. A policy can be well-intentioned and still produce perverse incentives if it ignores human behavior. To be fair, there’s pressure to pick a side, but better outcomes usually come from defining what success looks like and measuring it. It’s easy to treat this as an individual choice problem, but the structure pushes people into predictable decisions. In daily life, we’d make faster progress if we invested in boring infrastructure, clearer standards, and feedback that is hard to game. The best version of this is possible, but it requires humility, guardrails, and real accountability.",1
ai_0056,"People don’t talk enough about how climate conversations keep circling the same points without addressing incentives. Still, the details matter: public transit, carbon pricing, and local adaptation all interact in ways people underestimate. The most persuasive arguments usually combine data with a clear story about tradeoffs and constraints. A policy can be well-intentioned and still produce perverse incentives if it ignores human behavior. That said, there’s pressure to pick a side, but better outcomes usually come from defining what success looks like and measuring it. A policy can be well-intentioned and still produce perverse incentives if it ignores human behavior. Zooming out, we’d make faster progress if we invested in boring infrastructure, clearer standards, and feedback that is hard to game. The solution is probably less dramatic than people want: steady investment and patient execution.",1
ai_0057,"Lately I’ve noticed how health conversations keep circling the same points without addressing incentives. That said, the details matter: access to care, burnout, and nutrition all interact in ways people underestimate. The gap between what’s technically possible and what’s socially acceptable is widening fast. Transparency matters because it lets the public distinguish honest mistakes from intentional manipulation. Still, there’s pressure to pick a side, but better outcomes usually come from defining what success looks like and measuring it. The best approaches combine prevention, education, and a safety net for when prevention fails. In practice, we’d make faster progress if we invested in boring infrastructure, clearer standards, and feedback that is hard to game. It would help if we measured outcomes honestly instead of arguing only about intentions.",1
ai_0058,"A lot of the frustration comes from how sports conversations keep circling the same points without addressing incentives. In daily life, the details matter: player development, injury prevention, and fairness all interact in ways people underestimate. I’m optimistic, but only if we stop pretending that technology alone can solve social problems. The best approaches combine prevention, education, and a safety net for when prevention fails. In daily life, there’s pressure to pick a side, but better outcomes usually come from defining what success looks like and measuring it. The conversation improves when we acknowledge that reasonable people can disagree about priorities. From a systems perspective, we’d make faster progress if we invested in boring infrastructure, clearer standards, and feedback that is hard to game. We can debate details forever, but the direction should be: more transparency and fewer gotchas.",1
ai_0059,"A lot of the frustration comes from how climate conversations keep circling the same points without addressing incentives. From a systems perspective, the details matter: grid reliability, community resilience, and energy transition all interact in ways people underestimate. I’m optimistic, but only if we stop pretending that technology alone can solve social problems. When the feedback loop is distorted, everyone adapts in ways that make the whole system worse. In practice, there’s pressure to pick a side, but better outcomes usually come from defining what success looks like and measuring it. One of the biggest failures is communication: too many experts speak in jargon when plain language would help. In practice, we’d make faster progress if we invested in boring infrastructure, clearer standards, and feedback that is hard to game. If we want durable progress, we have to make the boring, consistent work feel worth it.",1
ai_0060,"I keep thinking about how health conversations keep circling the same points without addressing incentives. At the same time, the details matter: public health communication, exercise habits, and screen time all interact in ways people underestimate. It’s easy to treat this as an individual choice problem, but the structure pushes people into predictable decisions. It’s easy to treat this as an individual choice problem, but the structure pushes people into predictable decisions. In my view, there’s pressure to pick a side, but better outcomes usually come from defining what success looks like and measuring it. The best approaches combine prevention, education, and a safety net for when prevention fails. In practice, we’d make faster progress if we invested in boring infrastructure, clearer standards, and feedback that is hard to game. The best version of this is possible, but it requires humility, guardrails, and real accountability.",1
ai_0061,"A lot of the frustration comes from how climate conversations keep circling the same points without addressing incentives. In daily life, the details matter: community resilience, climate risk, and extreme weather all interact in ways people underestimate. The best approaches combine prevention, education, and a safety net for when prevention fails. It’s also worth noting that the costs and benefits are unevenly distributed across communities. On the other hand, there’s pressure to pick a side, but better outcomes usually come from defining what success looks like and measuring it. A policy can be well-intentioned and still produce perverse incentives if it ignores human behavior. In my view, we’d make faster progress if we invested in boring infrastructure, clearer standards, and feedback that is hard to game. It would help if we measured outcomes honestly instead of arguing only about intentions.",1
ai_0062,"People don’t talk enough about how sports conversations keep circling the same points without addressing incentives. That said, the details matter: analytics, fairness, and player development all interact in ways people underestimate. When the feedback loop is distorted, everyone adapts in ways that make the whole system worse. We should separate what feels satisfying in the moment from what actually improves outcomes over time. Zooming out, there’s pressure to pick a side, but better outcomes usually come from defining what success looks like and measuring it. Most solutions require coordination, which is difficult when everyone is optimizing for their own timeline. Still, we’d make faster progress if we invested in boring infrastructure, clearer standards, and feedback that is hard to game. I’d love to see more emphasis on competence, not just confidence.",1
ai_0063,"People don’t talk enough about how campus life conversations keep circling the same points without addressing incentives. In my view, the details matter: time management, campus resources, and research opportunities all interact in ways people underestimate. If we want trust, we need consistent rules and predictable enforcement, not surprises and exceptions. The conversation improves when we acknowledge that reasonable people can disagree about priorities. In practice, there’s pressure to pick a side, but better outcomes usually come from defining what success looks like and measuring it. The best approaches combine prevention, education, and a safety net for when prevention fails. To be fair, we’d make faster progress if we invested in boring infrastructure, clearer standards, and feedback that is hard to game. I’m not asking for perfection, just clearer incentives and better follow-through.",1
ai_0064,"It’s hard to ignore how health conversations keep circling the same points without addressing incentives. Zooming out, the details matter: access to care, mental health, and burnout all interact in ways people underestimate. There’s a real difference between personal responsibility and asking individuals to compensate for broken systems. The best approaches combine prevention, education, and a safety net for when prevention fails. To be fair, there’s pressure to pick a side, but better outcomes usually come from defining what success looks like and measuring it. A lot of the heat comes from uncertainty, especially when outcomes are delayed or hard to measure. In practice, we’d make faster progress if we invested in boring infrastructure, clearer standards, and feedback that is hard to game. We can debate details forever, but the direction should be: more transparency and fewer gotchas.",1
ai_0065,"One underrated piece of this is how economy conversations keep circling the same points without addressing incentives. To be fair, the details matter: housing affordability, wage growth, and small business all interact in ways people underestimate. It’s easy to treat this as an individual choice problem, but the structure pushes people into predictable decisions. People respond to what is easy, default, and rewarded, not what is merely recommended. Still, there’s pressure to pick a side, but better outcomes usually come from defining what success looks like and measuring it. Good governance looks boring: budgets, maintenance, audits, and incremental improvements that rarely go viral. In daily life, we’d make faster progress if we invested in boring infrastructure, clearer standards, and feedback that is hard to game. The best version of this is possible, but it requires humility, guardrails, and real accountability.",1
ai_0066,"The longer I watch this, the more I think relationships conversations keep circling the same points without addressing incentives. Zooming out, the details matter: shared goals, long distance, and boundaries all interact in ways people underestimate. One of the biggest failures is communication: too many experts speak in jargon when plain language would help. People respond to what is easy, default, and rewarded, not what is merely recommended. In my view, there’s pressure to pick a side, but better outcomes usually come from defining what success looks like and measuring it. Transparency matters because it lets the public distinguish honest mistakes from intentional manipulation. At the same time, we’d make faster progress if we invested in boring infrastructure, clearer standards, and feedback that is hard to game. The solution is probably less dramatic than people want: steady investment and patient execution.",1
ai_0067,"Lately I’ve noticed how campus life conversations keep circling the same points without addressing incentives. Still, the details matter: career fairs, imposter syndrome, and student services all interact in ways people underestimate. People respond to what is easy, default, and rewarded, not what is merely recommended. The most persuasive arguments usually combine data with a clear story about tradeoffs and constraints. Still, there’s pressure to pick a side, but better outcomes usually come from defining what success looks like and measuring it. A policy can be well-intentioned and still produce perverse incentives if it ignores human behavior. That said, we’d make faster progress if we invested in boring infrastructure, clearer standards, and feedback that is hard to game. I’m not asking for perfection, just clearer incentives and better follow-through.",1
ai_0068,"What stands out to me is how politics conversations keep circling the same points without addressing incentives. Still, the details matter: bipartisanship, voter turnout, and institutional legitimacy all interact in ways people underestimate. Transparency matters because it lets the public distinguish honest mistakes from intentional manipulation. Most solutions require coordination, which is difficult when everyone is optimizing for their own timeline. Still, there’s pressure to pick a side, but better outcomes usually come from defining what success looks like and measuring it. When the feedback loop is distorted, everyone adapts in ways that make the whole system worse. In daily life, we’d make faster progress if we invested in boring infrastructure, clearer standards, and feedback that is hard to game. The best version of this is possible, but it requires humility, guardrails, and real accountability.",1
ai_0069,"The uncomfortable truth is that health conversations keep circling the same points without addressing incentives. In practice, the details matter: access to care, sleep, and exercise habits all interact in ways people underestimate. Good governance looks boring: budgets, maintenance, audits, and incremental improvements that rarely go viral. We should separate what feels satisfying in the moment from what actually improves outcomes over time. From a systems perspective, there’s pressure to pick a side, but better outcomes usually come from defining what success looks like and measuring it. People respond to what is easy, default, and rewarded, not what is merely recommended. On the other hand, we’d make faster progress if we invested in boring infrastructure, clearer standards, and feedback that is hard to game. I’d love to see more emphasis on competence, not just confidence.",1
ai_0070,"A lot of the frustration comes from how tech conversations keep circling the same points without addressing incentives. In practice, the details matter: open source, product design, and automation all interact in ways people underestimate. A policy can be well-intentioned and still produce perverse incentives if it ignores human behavior. If we want trust, we need consistent rules and predictable enforcement, not surprises and exceptions. To be fair, there’s pressure to pick a side, but better outcomes usually come from defining what success looks like and measuring it. Transparency matters because it lets the public distinguish honest mistakes from intentional manipulation. Zooming out, we’d make faster progress if we invested in boring infrastructure, clearer standards, and feedback that is hard to game. The solution is probably less dramatic than people want: steady investment and patient execution.",1
ai_0071,"I keep thinking about how campus life conversations keep circling the same points without addressing incentives. From a systems perspective, the details matter: campus resources, research opportunities, and club culture all interact in ways people underestimate. The most persuasive arguments usually combine data with a clear story about tradeoffs and constraints. A policy can be well-intentioned and still produce perverse incentives if it ignores human behavior. In my view, there’s pressure to pick a side, but better outcomes usually come from defining what success looks like and measuring it. The most persuasive arguments usually combine data with a clear story about tradeoffs and constraints. Zooming out, we’d make faster progress if we invested in boring infrastructure, clearer standards, and feedback that is hard to game. Small changes in behavior and policy add up, but only if we stick with them.",1
ai_0072,"A lot of the frustration comes from how health conversations keep circling the same points without addressing incentives. Zooming out, the details matter: mental health, nutrition, and public health communication all interact in ways people underestimate. It’s easy to treat this as an individual choice problem, but the structure pushes people into predictable decisions. We should separate what feels satisfying in the moment from what actually improves outcomes over time. Still, there’s pressure to pick a side, but better outcomes usually come from defining what success looks like and measuring it. Most solutions require coordination, which is difficult when everyone is optimizing for their own timeline. To be fair, we’d make faster progress if we invested in boring infrastructure, clearer standards, and feedback that is hard to game. We can debate details forever, but the direction should be: more transparency and fewer gotchas.",1
ai_0073,"The longer I watch this, the more I think climate conversations keep circling the same points without addressing incentives. Zooming out, the details matter: extreme weather, building efficiency, and conservation all interact in ways people underestimate. What gets lost is the cumulative effect of small frictions that make participation exhausting. It’s easy to treat this as an individual choice problem, but the structure pushes people into predictable decisions. In my view, there’s pressure to pick a side, but better outcomes usually come from defining what success looks like and measuring it. One of the biggest failures is communication: too many experts speak in jargon when plain language would help. On the other hand, we’d make faster progress if we invested in boring infrastructure, clearer standards, and feedback that is hard to game. The solution is probably less dramatic than people want: steady investment and patient execution.",1
ai_0074,"People don’t talk enough about how relationships conversations keep circling the same points without addressing incentives. Still, the details matter: communication, shared goals, and boundaries all interact in ways people underestimate. People respond to what is easy, default, and rewarded, not what is merely recommended. It’s also worth noting that the costs and benefits are unevenly distributed across communities. Still, there’s pressure to pick a side, but better outcomes usually come from defining what success looks like and measuring it. A lot of the heat comes from uncertainty, especially when outcomes are delayed or hard to measure. At the same time, we’d make faster progress if we invested in boring infrastructure, clearer standards, and feedback that is hard to game. I’d love to see more emphasis on competence, not just confidence.",1
ai_0075,"I keep thinking about how health conversations keep circling the same points without addressing incentives. In practice, the details matter: exercise habits, preventive care, and mental health all interact in ways people underestimate. Good governance looks boring: budgets, maintenance, audits, and incremental improvements that rarely go viral. The best approaches combine prevention, education, and a safety net for when prevention fails. On the other hand, there’s pressure to pick a side, but better outcomes usually come from defining what success looks like and measuring it. A policy can be well-intentioned and still produce perverse incentives if it ignores human behavior. Still, we’d make faster progress if we invested in boring infrastructure, clearer standards, and feedback that is hard to game. The best version of this is possible, but it requires humility, guardrails, and real accountability.",1
ai_0076,"One underrated piece of this is how politics conversations keep circling the same points without addressing incentives. That said, the details matter: campaign messaging, policy tradeoffs, and local government all interact in ways people underestimate. If we want trust, we need consistent rules and predictable enforcement, not surprises and exceptions. The best approaches combine prevention, education, and a safety net for when prevention fails. At the same time, there’s pressure to pick a side, but better outcomes usually come from defining what success looks like and measuring it. Most solutions require coordination, which is difficult when everyone is optimizing for their own timeline. On the other hand, we’d make faster progress if we invested in boring infrastructure, clearer standards, and feedback that is hard to game. If we want durable progress, we have to make the boring, consistent work feel worth it.",1
ai_0077,"A fair critique is that tech conversations keep circling the same points without addressing incentives. In daily life, the details matter: data privacy, automation, and AI tools all interact in ways people underestimate. People respond to what is easy, default, and rewarded, not what is merely recommended. If we want trust, we need consistent rules and predictable enforcement, not surprises and exceptions. On the other hand, there’s pressure to pick a side, but better outcomes usually come from defining what success looks like and measuring it. Short-term incentives reward attention over accuracy, which makes serious discussion feel optional. Still, we’d make faster progress if we invested in boring infrastructure, clearer standards, and feedback that is hard to game. We can debate details forever, but the direction should be: more transparency and fewer gotchas.",1
ai_0078,"It’s hard to ignore how sports conversations keep circling the same points without addressing incentives. Zooming out, the details matter: coaching strategy, rule changes, and injury prevention all interact in ways people underestimate. A policy can be well-intentioned and still produce perverse incentives if it ignores human behavior. Good governance looks boring: budgets, maintenance, audits, and incremental improvements that rarely go viral. In my view, there’s pressure to pick a side, but better outcomes usually come from defining what success looks like and measuring it. A policy can be well-intentioned and still produce perverse incentives if it ignores human behavior. That said, we’d make faster progress if we invested in boring infrastructure, clearer standards, and feedback that is hard to game. I’m not asking for perfection, just clearer incentives and better follow-through.",1
ai_0079,"The longer I watch this, the more I think economy conversations keep circling the same points without addressing incentives. In my view, the details matter: interest rates, productivity, and inflation all interact in ways people underestimate. One of the biggest failures is communication: too many experts speak in jargon when plain language would help. It’s easy to treat this as an individual choice problem, but the structure pushes people into predictable decisions. In practice, there’s pressure to pick a side, but better outcomes usually come from defining what success looks like and measuring it. One of the biggest failures is communication: too many experts speak in jargon when plain language would help. At the same time, we’d make faster progress if we invested in boring infrastructure, clearer standards, and feedback that is hard to game. The solution is probably less dramatic than people want: steady investment and patient execution.",1
ai_0080,"I keep thinking about how relationships conversations keep circling the same points without addressing incentives. In my view, the details matter: boundaries, shared goals, and long distance all interact in ways people underestimate. Transparency matters because it lets the public distinguish honest mistakes from intentional manipulation. Most solutions require coordination, which is difficult when everyone is optimizing for their own timeline. Zooming out, there’s pressure to pick a side, but better outcomes usually come from defining what success looks like and measuring it. It’s also worth noting that the costs and benefits are unevenly distributed across communities. In my view, we’d make faster progress if we invested in boring infrastructure, clearer standards, and feedback that is hard to game. It would help if we measured outcomes honestly instead of arguing only about intentions.",1
ai_0081,"I keep thinking about how politics conversations keep circling the same points without addressing incentives. In practice, the details matter: voter turnout, campaign messaging, and misinformation all interact in ways people underestimate. The gap between what’s technically possible and what’s socially acceptable is widening fast. When the feedback loop is distorted, everyone adapts in ways that make the whole system worse. On the other hand, there’s pressure to pick a side, but better outcomes usually come from defining what success looks like and measuring it. The conversation improves when we acknowledge that reasonable people can disagree about priorities. At the same time, we’d make faster progress if we invested in boring infrastructure, clearer standards, and feedback that is hard to game. Small changes in behavior and policy add up, but only if we stick with them.",1
ai_0082,"One underrated piece of this is how economy conversations keep circling the same points without addressing incentives. At the same time, the details matter: inequality, interest rates, and productivity all interact in ways people underestimate. One of the biggest failures is communication: too many experts speak in jargon when plain language would help. When the feedback loop is distorted, everyone adapts in ways that make the whole system worse. On the other hand, there’s pressure to pick a side, but better outcomes usually come from defining what success looks like and measuring it. The conversation improves when we acknowledge that reasonable people can disagree about priorities. In practice, we’d make faster progress if we invested in boring infrastructure, clearer standards, and feedback that is hard to game. Small changes in behavior and policy add up, but only if we stick with them.",1
ai_0083,"The longer I watch this, the more I think tech conversations keep circling the same points without addressing incentives. From a systems perspective, the details matter: data privacy, product design, and cloud costs all interact in ways people underestimate. Transparency matters because it lets the public distinguish honest mistakes from intentional manipulation. It’s also worth noting that the costs and benefits are unevenly distributed across communities. To be fair, there’s pressure to pick a side, but better outcomes usually come from defining what success looks like and measuring it. It’s also worth noting that the costs and benefits are unevenly distributed across communities. In my view, we’d make faster progress if we invested in boring infrastructure, clearer standards, and feedback that is hard to game. We can debate details forever, but the direction should be: more transparency and fewer gotchas.",1
ai_0084,"The longer I watch this, the more I think health conversations keep circling the same points without addressing incentives. That said, the details matter: screen time, public health communication, and mental health all interact in ways people underestimate. Transparency matters because it lets the public distinguish honest mistakes from intentional manipulation. Good governance looks boring: budgets, maintenance, audits, and incremental improvements that rarely go viral. To be fair, there’s pressure to pick a side, but better outcomes usually come from defining what success looks like and measuring it. People respond to what is easy, default, and rewarded, not what is merely recommended. In daily life, we’d make faster progress if we invested in boring infrastructure, clearer standards, and feedback that is hard to game. We can debate details forever, but the direction should be: more transparency and fewer gotchas.",1
ai_0085,"One underrated piece of this is how politics conversations keep circling the same points without addressing incentives. In practice, the details matter: campaign messaging, accountability, and bipartisanship all interact in ways people underestimate. If we want trust, we need consistent rules and predictable enforcement, not surprises and exceptions. Transparency matters because it lets the public distinguish honest mistakes from intentional manipulation. From a systems perspective, there’s pressure to pick a side, but better outcomes usually come from defining what success looks like and measuring it. Most solutions require coordination, which is difficult when everyone is optimizing for their own timeline. In daily life, we’d make faster progress if we invested in boring infrastructure, clearer standards, and feedback that is hard to game. We can debate details forever, but the direction should be: more transparency and fewer gotchas.",1
ai_0086,"The uncomfortable truth is that climate conversations keep circling the same points without addressing incentives. To be fair, the details matter: community resilience, extreme weather, and carbon pricing all interact in ways people underestimate. It’s easy to treat this as an individual choice problem, but the structure pushes people into predictable decisions. What gets lost is the cumulative effect of small frictions that make participation exhausting. In practice, there’s pressure to pick a side, but better outcomes usually come from defining what success looks like and measuring it. One of the biggest failures is communication: too many experts speak in jargon when plain language would help. At the same time, we’d make faster progress if we invested in boring infrastructure, clearer standards, and feedback that is hard to game. It would help if we measured outcomes honestly instead of arguing only about intentions.",1
ai_0087,"I keep thinking about how climate conversations keep circling the same points without addressing incentives. Still, the details matter: extreme weather, grid reliability, and community resilience all interact in ways people underestimate. One of the biggest failures is communication: too many experts speak in jargon when plain language would help. One of the biggest failures is communication: too many experts speak in jargon when plain language would help. That said, there’s pressure to pick a side, but better outcomes usually come from defining what success looks like and measuring it. What gets lost is the cumulative effect of small frictions that make participation exhausting. On the other hand, we’d make faster progress if we invested in boring infrastructure, clearer standards, and feedback that is hard to game. I’m not asking for perfection, just clearer incentives and better follow-through.",1
ai_0088,"People don’t talk enough about how climate conversations keep circling the same points without addressing incentives. In my view, the details matter: conservation, grid reliability, and community resilience all interact in ways people underestimate. I’m optimistic, but only if we stop pretending that technology alone can solve social problems. A lot of the heat comes from uncertainty, especially when outcomes are delayed or hard to measure. From a systems perspective, there’s pressure to pick a side, but better outcomes usually come from defining what success looks like and measuring it. A policy can be well-intentioned and still produce perverse incentives if it ignores human behavior. That said, we’d make faster progress if we invested in boring infrastructure, clearer standards, and feedback that is hard to game. We can debate details forever, but the direction should be: more transparency and fewer gotchas.",1
ai_0089,"Lately I’ve noticed how health conversations keep circling the same points without addressing incentives. That said, the details matter: insurance friction, access to care, and public health communication all interact in ways people underestimate. It’s also worth noting that the costs and benefits are unevenly distributed across communities. A policy can be well-intentioned and still produce perverse incentives if it ignores human behavior. At the same time, there’s pressure to pick a side, but better outcomes usually come from defining what success looks like and measuring it. What gets lost is the cumulative effect of small frictions that make participation exhausting. Still, we’d make faster progress if we invested in boring infrastructure, clearer standards, and feedback that is hard to game. If we want durable progress, we have to make the boring, consistent work feel worth it.",1
ai_0090,"Lately I’ve noticed how politics conversations keep circling the same points without addressing incentives. In daily life, the details matter: policy tradeoffs, accountability, and misinformation all interact in ways people underestimate. The gap between what’s technically possible and what’s socially acceptable is widening fast. The most persuasive arguments usually combine data with a clear story about tradeoffs and constraints. In practice, there’s pressure to pick a side, but better outcomes usually come from defining what success looks like and measuring it. A lot of the heat comes from uncertainty, especially when outcomes are delayed or hard to measure. From a systems perspective, we’d make faster progress if we invested in boring infrastructure, clearer standards, and feedback that is hard to game. If we want durable progress, we have to make the boring, consistent work feel worth it.",1
ai_0091,"It’s hard to ignore how campus life conversations keep circling the same points without addressing incentives. In my view, the details matter: imposter syndrome, research opportunities, and campus resources all interact in ways people underestimate. Good governance looks boring: budgets, maintenance, audits, and incremental improvements that rarely go viral. Good governance looks boring: budgets, maintenance, audits, and incremental improvements that rarely go viral. In my view, there’s pressure to pick a side, but better outcomes usually come from defining what success looks like and measuring it. People respond to what is easy, default, and rewarded, not what is merely recommended. That said, we’d make faster progress if we invested in boring infrastructure, clearer standards, and feedback that is hard to game. Small changes in behavior and policy add up, but only if we stick with them.",1
ai_0092,"A fair critique is that health conversations keep circling the same points without addressing incentives. On the other hand, the details matter: nutrition, burnout, and access to care all interact in ways people underestimate. A lot of the heat comes from uncertainty, especially when outcomes are delayed or hard to measure. We should separate what feels satisfying in the moment from what actually improves outcomes over time. That said, there’s pressure to pick a side, but better outcomes usually come from defining what success looks like and measuring it. It’s also worth noting that the costs and benefits are unevenly distributed across communities. On the other hand, we’d make faster progress if we invested in boring infrastructure, clearer standards, and feedback that is hard to game. I’m not asking for perfection, just clearer incentives and better follow-through.",1
ai_0093,"A lot of the frustration comes from how politics conversations keep circling the same points without addressing incentives. Zooming out, the details matter: bipartisanship, civic education, and accountability all interact in ways people underestimate. It’s easy to treat this as an individual choice problem, but the structure pushes people into predictable decisions. It’s easy to treat this as an individual choice problem, but the structure pushes people into predictable decisions. Still, there’s pressure to pick a side, but better outcomes usually come from defining what success looks like and measuring it. People respond to what is easy, default, and rewarded, not what is merely recommended. In daily life, we’d make faster progress if we invested in boring infrastructure, clearer standards, and feedback that is hard to game. The best version of this is possible, but it requires humility, guardrails, and real accountability.",1
ai_0094,"The longer I watch this, the more I think politics conversations keep circling the same points without addressing incentives. In daily life, the details matter: misinformation, civic education, and institutional legitimacy all interact in ways people underestimate. The conversation improves when we acknowledge that reasonable people can disagree about priorities. It’s easy to treat this as an individual choice problem, but the structure pushes people into predictable decisions. That said, there’s pressure to pick a side, but better outcomes usually come from defining what success looks like and measuring it. Most solutions require coordination, which is difficult when everyone is optimizing for their own timeline. Still, we’d make faster progress if we invested in boring infrastructure, clearer standards, and feedback that is hard to game. I’d love to see more emphasis on competence, not just confidence.",1
ai_0095,"A fair critique is that health conversations keep circling the same points without addressing incentives. In daily life, the details matter: screen time, access to care, and nutrition all interact in ways people underestimate. If we want trust, we need consistent rules and predictable enforcement, not surprises and exceptions. A policy can be well-intentioned and still produce perverse incentives if it ignores human behavior. Still, there’s pressure to pick a side, but better outcomes usually come from defining what success looks like and measuring it. When the feedback loop is distorted, everyone adapts in ways that make the whole system worse. Still, we’d make faster progress if we invested in boring infrastructure, clearer standards, and feedback that is hard to game. If we want durable progress, we have to make the boring, consistent work feel worth it.",1
ai_0096,"What stands out to me is how politics conversations keep circling the same points without addressing incentives. Still, the details matter: civic education, voter turnout, and policy tradeoffs all interact in ways people underestimate. One of the biggest failures is communication: too many experts speak in jargon when plain language would help. A policy can be well-intentioned and still produce perverse incentives if it ignores human behavior. In my view, there’s pressure to pick a side, but better outcomes usually come from defining what success looks like and measuring it. People respond to what is easy, default, and rewarded, not what is merely recommended. On the other hand, we’d make faster progress if we invested in boring infrastructure, clearer standards, and feedback that is hard to game. If we want durable progress, we have to make the boring, consistent work feel worth it.",1
ai_0097,"What stands out to me is how campus life conversations keep circling the same points without addressing incentives. In practice, the details matter: club culture, student services, and campus resources all interact in ways people underestimate. It’s easy to treat this as an individual choice problem, but the structure pushes people into predictable decisions. A policy can be well-intentioned and still produce perverse incentives if it ignores human behavior. In daily life, there’s pressure to pick a side, but better outcomes usually come from defining what success looks like and measuring it. Transparency matters because it lets the public distinguish honest mistakes from intentional manipulation. Zooming out, we’d make faster progress if we invested in boring infrastructure, clearer standards, and feedback that is hard to game. It would help if we measured outcomes honestly instead of arguing only about intentions.",1
ai_0098,"I keep thinking about how relationships conversations keep circling the same points without addressing incentives. That said, the details matter: long distance, shared goals, and communication all interact in ways people underestimate. There’s a real difference between personal responsibility and asking individuals to compensate for broken systems. The gap between what’s technically possible and what’s socially acceptable is widening fast. At the same time, there’s pressure to pick a side, but better outcomes usually come from defining what success looks like and measuring it. I’m optimistic, but only if we stop pretending that technology alone can solve social problems. In daily life, we’d make faster progress if we invested in boring infrastructure, clearer standards, and feedback that is hard to game. The best version of this is possible, but it requires humility, guardrails, and real accountability.",1
ai_0099,"A fair critique is that health conversations keep circling the same points without addressing incentives. In practice, the details matter: burnout, preventive care, and exercise habits all interact in ways people underestimate. We should separate what feels satisfying in the moment from what actually improves outcomes over time. What gets lost is the cumulative effect of small frictions that make participation exhausting. In practice, there’s pressure to pick a side, but better outcomes usually come from defining what success looks like and measuring it. People respond to what is easy, default, and rewarded, not what is merely recommended. From a systems perspective, we’d make faster progress if we invested in boring infrastructure, clearer standards, and feedback that is hard to game. I’d love to see more emphasis on competence, not just confidence.",1
ai_0100,"A lot of the frustration comes from how politics conversations keep circling the same points without addressing incentives. To be fair, the details matter: campaign messaging, public trust, and voter turnout all interact in ways people underestimate. The gap between what’s technically possible and what’s socially acceptable is widening fast. The conversation improves when we acknowledge that reasonable people can disagree about priorities. From a systems perspective, there’s pressure to pick a side, but better outcomes usually come from defining what success looks like and measuring it. The best approaches combine prevention, education, and a safety net for when prevention fails. From a systems perspective, we’d make faster progress if we invested in boring infrastructure, clearer standards, and feedback that is hard to game. It would help if we measured outcomes honestly instead of arguing only about intentions.",1
ai_0101,"The longer I watch this, the more I think economy conversations keep circling the same points without addressing incentives. Still, the details matter: small business, consumer confidence, and inequality all interact in ways people underestimate. Good governance looks boring: budgets, maintenance, audits, and incremental improvements that rarely go viral. The most persuasive arguments usually combine data with a clear story about tradeoffs and constraints. In my view, there’s pressure to pick a side, but better outcomes usually come from defining what success looks like and measuring it. The conversation improves when we acknowledge that reasonable people can disagree about priorities. Zooming out, we’d make faster progress if we invested in boring infrastructure, clearer standards, and feedback that is hard to game. The solution is probably less dramatic than people want: steady investment and patient execution.",1
ai_0102,"A lot of the frustration comes from how health conversations keep circling the same points without addressing incentives. On the other hand, the details matter: exercise habits, mental health, and public health communication all interact in ways people underestimate. When the feedback loop is distorted, everyone adapts in ways that make the whole system worse. People respond to what is easy, default, and rewarded, not what is merely recommended. Still, there’s pressure to pick a side, but better outcomes usually come from defining what success looks like and measuring it. What gets lost is the cumulative effect of small frictions that make participation exhausting. That said, we’d make faster progress if we invested in boring infrastructure, clearer standards, and feedback that is hard to game. The best version of this is possible, but it requires humility, guardrails, and real accountability.",1
ai_0103,"The uncomfortable truth is that sports conversations keep circling the same points without addressing incentives. In my view, the details matter: coaching strategy, injury prevention, and youth pipelines all interact in ways people underestimate. It’s also worth noting that the costs and benefits are unevenly distributed across communities. A policy can be well-intentioned and still produce perverse incentives if it ignores human behavior. On the other hand, there’s pressure to pick a side, but better outcomes usually come from defining what success looks like and measuring it. Most solutions require coordination, which is difficult when everyone is optimizing for their own timeline. Still, we’d make faster progress if we invested in boring infrastructure, clearer standards, and feedback that is hard to game. I’d love to see more emphasis on competence, not just confidence.",1
ai_0104,"It’s hard to ignore how politics conversations keep circling the same points without addressing incentives. To be fair, the details matter: policy tradeoffs, misinformation, and public trust all interact in ways people underestimate. We should separate what feels satisfying in the moment from what actually improves outcomes over time. The gap between what’s technically possible and what’s socially acceptable is widening fast. Zooming out, there’s pressure to pick a side, but better outcomes usually come from defining what success looks like and measuring it. I’m optimistic, but only if we stop pretending that technology alone can solve social problems. From a systems perspective, we’d make faster progress if we invested in boring infrastructure, clearer standards, and feedback that is hard to game. We can debate details forever, but the direction should be: more transparency and fewer gotchas.",1
ai_0105,"A lot of the frustration comes from how campus life conversations keep circling the same points without addressing incentives. In daily life, the details matter: workload balance, campus resources, and club culture all interact in ways people underestimate. Good governance looks boring: budgets, maintenance, audits, and incremental improvements that rarely go viral. Short-term incentives reward attention over accuracy, which makes serious discussion feel optional. From a systems perspective, there’s pressure to pick a side, but better outcomes usually come from defining what success looks like and measuring it. The most persuasive arguments usually combine data with a clear story about tradeoffs and constraints. In practice, we’d make faster progress if we invested in boring infrastructure, clearer standards, and feedback that is hard to game. The best version of this is possible, but it requires humility, guardrails, and real accountability.",1
ai_0106,"The longer I watch this, the more I think relationships conversations keep circling the same points without addressing incentives. In my view, the details matter: long distance, conflict resolution, and shared goals all interact in ways people underestimate. When the feedback loop is distorted, everyone adapts in ways that make the whole system worse. I’m optimistic, but only if we stop pretending that technology alone can solve social problems. At the same time, there’s pressure to pick a side, but better outcomes usually come from defining what success looks like and measuring it. Good governance looks boring: budgets, maintenance, audits, and incremental improvements that rarely go viral. To be fair, we’d make faster progress if we invested in boring infrastructure, clearer standards, and feedback that is hard to game. The solution is probably less dramatic than people want: steady investment and patient execution.",1
ai_0107,"It’s hard to ignore how campus life conversations keep circling the same points without addressing incentives. To be fair, the details matter: career fairs, time management, and club culture all interact in ways people underestimate. Good governance looks boring: budgets, maintenance, audits, and incremental improvements that rarely go viral. There’s a real difference between personal responsibility and asking individuals to compensate for broken systems. Zooming out, there’s pressure to pick a side, but better outcomes usually come from defining what success looks like and measuring it. The best approaches combine prevention, education, and a safety net for when prevention fails. From a systems perspective, we’d make faster progress if we invested in boring infrastructure, clearer standards, and feedback that is hard to game. If we want durable progress, we have to make the boring, consistent work feel worth it.",1
ai_0108,"People don’t talk enough about how sports conversations keep circling the same points without addressing incentives. In my view, the details matter: injury prevention, player development, and rule changes all interact in ways people underestimate. A lot of the heat comes from uncertainty, especially when outcomes are delayed or hard to measure. The gap between what’s technically possible and what’s socially acceptable is widening fast. Zooming out, there’s pressure to pick a side, but better outcomes usually come from defining what success looks like and measuring it. The best approaches combine prevention, education, and a safety net for when prevention fails. In my view, we’d make faster progress if we invested in boring infrastructure, clearer standards, and feedback that is hard to game. The best version of this is possible, but it requires humility, guardrails, and real accountability.",1
ai_0109,"I keep thinking about how relationships conversations keep circling the same points without addressing incentives. Still, the details matter: emotional labor, communication, and work-life balance all interact in ways people underestimate. A policy can be well-intentioned and still produce perverse incentives if it ignores human behavior. Most solutions require coordination, which is difficult when everyone is optimizing for their own timeline. In my view, there’s pressure to pick a side, but better outcomes usually come from defining what success looks like and measuring it. A lot of the heat comes from uncertainty, especially when outcomes are delayed or hard to measure. From a systems perspective, we’d make faster progress if we invested in boring infrastructure, clearer standards, and feedback that is hard to game. It would help if we measured outcomes honestly instead of arguing only about intentions.",1
ai_0110,"The longer I watch this, the more I think relationships conversations keep circling the same points without addressing incentives. In daily life, the details matter: shared goals, work-life balance, and long distance all interact in ways people underestimate. The conversation improves when we acknowledge that reasonable people can disagree about priorities. A policy can be well-intentioned and still produce perverse incentives if it ignores human behavior. In practice, there’s pressure to pick a side, but better outcomes usually come from defining what success looks like and measuring it. A policy can be well-intentioned and still produce perverse incentives if it ignores human behavior. In daily life, we’d make faster progress if we invested in boring infrastructure, clearer standards, and feedback that is hard to game. I’d love to see more emphasis on competence, not just confidence.",1
ai_0111,"I keep thinking about how relationships conversations keep circling the same points without addressing incentives. In my view, the details matter: work-life balance, conflict resolution, and social media dynamics all interact in ways people underestimate. If we want trust, we need consistent rules and predictable enforcement, not surprises and exceptions. I’m optimistic, but only if we stop pretending that technology alone can solve social problems. In my view, there’s pressure to pick a side, but better outcomes usually come from defining what success looks like and measuring it. People respond to what is easy, default, and rewarded, not what is merely recommended. That said, we’d make faster progress if we invested in boring infrastructure, clearer standards, and feedback that is hard to game. I’m not asking for perfection, just clearer incentives and better follow-through.",1
ai_0112,"The uncomfortable truth is that climate conversations keep circling the same points without addressing incentives. In daily life, the details matter: conservation, community resilience, and public transit all interact in ways people underestimate. I’m optimistic, but only if we stop pretending that technology alone can solve social problems. It’s also worth noting that the costs and benefits are unevenly distributed across communities. On the other hand, there’s pressure to pick a side, but better outcomes usually come from defining what success looks like and measuring it. Transparency matters because it lets the public distinguish honest mistakes from intentional manipulation. At the same time, we’d make faster progress if we invested in boring infrastructure, clearer standards, and feedback that is hard to game. The best version of this is possible, but it requires humility, guardrails, and real accountability.",1
ai_0113,"The uncomfortable truth is that economy conversations keep circling the same points without addressing incentives. That said, the details matter: wage growth, student debt, and inflation all interact in ways people underestimate. Most solutions require coordination, which is difficult when everyone is optimizing for their own timeline. The conversation improves when we acknowledge that reasonable people can disagree about priorities. On the other hand, there’s pressure to pick a side, but better outcomes usually come from defining what success looks like and measuring it. If we want trust, we need consistent rules and predictable enforcement, not surprises and exceptions. At the same time, we’d make faster progress if we invested in boring infrastructure, clearer standards, and feedback that is hard to game. It would help if we measured outcomes honestly instead of arguing only about intentions.",1
ai_0114,"A fair critique is that economy conversations keep circling the same points without addressing incentives. In daily life, the details matter: interest rates, student debt, and consumer confidence all interact in ways people underestimate. A lot of the heat comes from uncertainty, especially when outcomes are delayed or hard to measure. A policy can be well-intentioned and still produce perverse incentives if it ignores human behavior. From a systems perspective, there’s pressure to pick a side, but better outcomes usually come from defining what success looks like and measuring it. The gap between what’s technically possible and what’s socially acceptable is widening fast. At the same time, we’d make faster progress if we invested in boring infrastructure, clearer standards, and feedback that is hard to game. We can debate details forever, but the direction should be: more transparency and fewer gotchas.",1
ai_0115,"People don’t talk enough about how campus life conversations keep circling the same points without addressing incentives. Still, the details matter: imposter syndrome, time management, and group projects all interact in ways people underestimate. The conversation improves when we acknowledge that reasonable people can disagree about priorities. Good governance looks boring: budgets, maintenance, audits, and incremental improvements that rarely go viral. From a systems perspective, there’s pressure to pick a side, but better outcomes usually come from defining what success looks like and measuring it. One of the biggest failures is communication: too many experts speak in jargon when plain language would help. Zooming out, we’d make faster progress if we invested in boring infrastructure, clearer standards, and feedback that is hard to game. Small changes in behavior and policy add up, but only if we stick with them.",1
ai_0116,"Lately I’ve noticed how sports conversations keep circling the same points without addressing incentives. In practice, the details matter: team chemistry, fairness, and coaching strategy all interact in ways people underestimate. We should separate what feels satisfying in the moment from what actually improves outcomes over time. People respond to what is easy, default, and rewarded, not what is merely recommended. Zooming out, there’s pressure to pick a side, but better outcomes usually come from defining what success looks like and measuring it. People respond to what is easy, default, and rewarded, not what is merely recommended. In practice, we’d make faster progress if we invested in boring infrastructure, clearer standards, and feedback that is hard to game. The solution is probably less dramatic than people want: steady investment and patient execution.",1
ai_0117,"People don’t talk enough about how economy conversations keep circling the same points without addressing incentives. Zooming out, the details matter: productivity, small business, and consumer confidence all interact in ways people underestimate. The most persuasive arguments usually combine data with a clear story about tradeoffs and constraints. I’m optimistic, but only if we stop pretending that technology alone can solve social problems. In practice, there’s pressure to pick a side, but better outcomes usually come from defining what success looks like and measuring it. Good governance looks boring: budgets, maintenance, audits, and incremental improvements that rarely go viral. In practice, we’d make faster progress if we invested in boring infrastructure, clearer standards, and feedback that is hard to game. The best version of this is possible, but it requires humility, guardrails, and real accountability.",1
ai_0118,"One underrated piece of this is how politics conversations keep circling the same points without addressing incentives. At the same time, the details matter: institutional legitimacy, bipartisanship, and voter turnout all interact in ways people underestimate. One of the biggest failures is communication: too many experts speak in jargon when plain language would help. Most solutions require coordination, which is difficult when everyone is optimizing for their own timeline. In practice, there’s pressure to pick a side, but better outcomes usually come from defining what success looks like and measuring it. There’s a real difference between personal responsibility and asking individuals to compensate for broken systems. That said, we’d make faster progress if we invested in boring infrastructure, clearer standards, and feedback that is hard to game. I’d love to see more emphasis on competence, not just confidence.",1
ai_0119,"A fair critique is that tech conversations keep circling the same points without addressing incentives. In practice, the details matter: open source, developer experience, and cybersecurity all interact in ways people underestimate. The best approaches combine prevention, education, and a safety net for when prevention fails. I’m optimistic, but only if we stop pretending that technology alone can solve social problems. Still, there’s pressure to pick a side, but better outcomes usually come from defining what success looks like and measuring it. We should separate what feels satisfying in the moment from what actually improves outcomes over time. That said, we’d make faster progress if we invested in boring infrastructure, clearer standards, and feedback that is hard to game. The solution is probably less dramatic than people want: steady investment and patient execution.",1
ai_0120,"Lately I’ve noticed how climate conversations keep circling the same points without addressing incentives. At the same time, the details matter: extreme weather, climate risk, and local adaptation all interact in ways people underestimate. The conversation improves when we acknowledge that reasonable people can disagree about priorities. It’s also worth noting that the costs and benefits are unevenly distributed across communities. That said, there’s pressure to pick a side, but better outcomes usually come from defining what success looks like and measuring it. The most persuasive arguments usually combine data with a clear story about tradeoffs and constraints. To be fair, we’d make faster progress if we invested in boring infrastructure, clearer standards, and feedback that is hard to game. It would help if we measured outcomes honestly instead of arguing only about intentions.",1
ai_0121,"The longer I watch this, the more I think economy conversations keep circling the same points without addressing incentives. From a systems perspective, the details matter: inflation, inequality, and wage growth all interact in ways people underestimate. People respond to what is easy, default, and rewarded, not what is merely recommended. The conversation improves when we acknowledge that reasonable people can disagree about priorities. From a systems perspective, there’s pressure to pick a side, but better outcomes usually come from defining what success looks like and measuring it. People respond to what is easy, default, and rewarded, not what is merely recommended. On the other hand, we’d make faster progress if we invested in boring infrastructure, clearer standards, and feedback that is hard to game. I’m not asking for perfection, just clearer incentives and better follow-through.",1
ai_0122,"What stands out to me is how tech conversations keep circling the same points without addressing incentives. To be fair, the details matter: data privacy, open source, and AI tools all interact in ways people underestimate. What gets lost is the cumulative effect of small frictions that make participation exhausting. It’s also worth noting that the costs and benefits are unevenly distributed across communities. Still, there’s pressure to pick a side, but better outcomes usually come from defining what success looks like and measuring it. Transparency matters because it lets the public distinguish honest mistakes from intentional manipulation. At the same time, we’d make faster progress if we invested in boring infrastructure, clearer standards, and feedback that is hard to game. Small changes in behavior and policy add up, but only if we stick with them.",1
ai_0123,"The uncomfortable truth is that economy conversations keep circling the same points without addressing incentives. In daily life, the details matter: inflation, consumer confidence, and labor market all interact in ways people underestimate. People respond to what is easy, default, and rewarded, not what is merely recommended. Most solutions require coordination, which is difficult when everyone is optimizing for their own timeline. That said, there’s pressure to pick a side, but better outcomes usually come from defining what success looks like and measuring it. Good governance looks boring: budgets, maintenance, audits, and incremental improvements that rarely go viral. In my view, we’d make faster progress if we invested in boring infrastructure, clearer standards, and feedback that is hard to game. I’d love to see more emphasis on competence, not just confidence.",1
ai_0124,"One underrated piece of this is how campus life conversations keep circling the same points without addressing incentives. On the other hand, the details matter: research opportunities, time management, and imposter syndrome all interact in ways people underestimate. Transparency matters because it lets the public distinguish honest mistakes from intentional manipulation. Most solutions require coordination, which is difficult when everyone is optimizing for their own timeline. That said, there’s pressure to pick a side, but better outcomes usually come from defining what success looks like and measuring it. There’s a real difference between personal responsibility and asking individuals to compensate for broken systems. In my view, we’d make faster progress if we invested in boring infrastructure, clearer standards, and feedback that is hard to game. It would help if we measured outcomes honestly instead of arguing only about intentions.",1
ai_0125,"The uncomfortable truth is that tech conversations keep circling the same points without addressing incentives. On the other hand, the details matter: AI tools, product design, and cybersecurity all interact in ways people underestimate. What gets lost is the cumulative effect of small frictions that make participation exhausting. If we want trust, we need consistent rules and predictable enforcement, not surprises and exceptions. Still, there’s pressure to pick a side, but better outcomes usually come from defining what success looks like and measuring it. A policy can be well-intentioned and still produce perverse incentives if it ignores human behavior. In daily life, we’d make faster progress if we invested in boring infrastructure, clearer standards, and feedback that is hard to game. We can debate details forever, but the direction should be: more transparency and fewer gotchas.",1
ai_0126,"What stands out to me is how climate conversations keep circling the same points without addressing incentives. Still, the details matter: energy transition, building efficiency, and conservation all interact in ways people underestimate. We should separate what feels satisfying in the moment from what actually improves outcomes over time. Short-term incentives reward attention over accuracy, which makes serious discussion feel optional. From a systems perspective, there’s pressure to pick a side, but better outcomes usually come from defining what success looks like and measuring it. There’s a real difference between personal responsibility and asking individuals to compensate for broken systems. In my view, we’d make faster progress if we invested in boring infrastructure, clearer standards, and feedback that is hard to game. The best version of this is possible, but it requires humility, guardrails, and real accountability.",1
ai_0127,"People don’t talk enough about how relationships conversations keep circling the same points without addressing incentives. In practice, the details matter: friendship drift, social media dynamics, and conflict resolution all interact in ways people underestimate. Short-term incentives reward attention over accuracy, which makes serious discussion feel optional. There’s a real difference between personal responsibility and asking individuals to compensate for broken systems. In daily life, there’s pressure to pick a side, but better outcomes usually come from defining what success looks like and measuring it. One of the biggest failures is communication: too many experts speak in jargon when plain language would help. In daily life, we’d make faster progress if we invested in boring infrastructure, clearer standards, and feedback that is hard to game. The solution is probably less dramatic than people want: steady investment and patient execution.",1
ai_0128,"One underrated piece of this is how campus life conversations keep circling the same points without addressing incentives. Still, the details matter: workload balance, internships, and imposter syndrome all interact in ways people underestimate. People respond to what is easy, default, and rewarded, not what is merely recommended. The most persuasive arguments usually combine data with a clear story about tradeoffs and constraints. To be fair, there’s pressure to pick a side, but better outcomes usually come from defining what success looks like and measuring it. People respond to what is easy, default, and rewarded, not what is merely recommended. Zooming out, we’d make faster progress if we invested in boring infrastructure, clearer standards, and feedback that is hard to game. We can debate details forever, but the direction should be: more transparency and fewer gotchas.",1
ai_0129,"What stands out to me is how climate conversations keep circling the same points without addressing incentives. From a systems perspective, the details matter: conservation, local adaptation, and climate risk all interact in ways people underestimate. The best approaches combine prevention, education, and a safety net for when prevention fails. One of the biggest failures is communication: too many experts speak in jargon when plain language would help. Still, there’s pressure to pick a side, but better outcomes usually come from defining what success looks like and measuring it. If we want trust, we need consistent rules and predictable enforcement, not surprises and exceptions. From a systems perspective, we’d make faster progress if we invested in boring infrastructure, clearer standards, and feedback that is hard to game. I’d love to see more emphasis on competence, not just confidence.",1
ai_0130,"The uncomfortable truth is that sports conversations keep circling the same points without addressing incentives. That said, the details matter: commercialization, coaching strategy, and team chemistry all interact in ways people underestimate. A policy can be well-intentioned and still produce perverse incentives if it ignores human behavior. One of the biggest failures is communication: too many experts speak in jargon when plain language would help. Zooming out, there’s pressure to pick a side, but better outcomes usually come from defining what success looks like and measuring it. It’s easy to treat this as an individual choice problem, but the structure pushes people into predictable decisions. From a systems perspective, we’d make faster progress if we invested in boring infrastructure, clearer standards, and feedback that is hard to game. If we want durable progress, we have to make the boring, consistent work feel worth it.",1
ai_0131,"The uncomfortable truth is that politics conversations keep circling the same points without addressing incentives. Zooming out, the details matter: public trust, civic education, and local government all interact in ways people underestimate. The conversation improves when we acknowledge that reasonable people can disagree about priorities. A policy can be well-intentioned and still produce perverse incentives if it ignores human behavior. Still, there’s pressure to pick a side, but better outcomes usually come from defining what success looks like and measuring it. Most solutions require coordination, which is difficult when everyone is optimizing for their own timeline. Still, we’d make faster progress if we invested in boring infrastructure, clearer standards, and feedback that is hard to game. If we want durable progress, we have to make the boring, consistent work feel worth it.",1
ai_0132,"A fair critique is that economy conversations keep circling the same points without addressing incentives. From a systems perspective, the details matter: student debt, productivity, and housing affordability all interact in ways people underestimate. A lot of the heat comes from uncertainty, especially when outcomes are delayed or hard to measure. A policy can be well-intentioned and still produce perverse incentives if it ignores human behavior. At the same time, there’s pressure to pick a side, but better outcomes usually come from defining what success looks like and measuring it. If we want trust, we need consistent rules and predictable enforcement, not surprises and exceptions. From a systems perspective, we’d make faster progress if we invested in boring infrastructure, clearer standards, and feedback that is hard to game. I’d love to see more emphasis on competence, not just confidence.",1
ai_0133,"One underrated piece of this is how climate conversations keep circling the same points without addressing incentives. At the same time, the details matter: conservation, extreme weather, and community resilience all interact in ways people underestimate. Short-term incentives reward attention over accuracy, which makes serious discussion feel optional. The gap between what’s technically possible and what’s socially acceptable is widening fast. To be fair, there’s pressure to pick a side, but better outcomes usually come from defining what success looks like and measuring it. I’m optimistic, but only if we stop pretending that technology alone can solve social problems. In practice, we’d make faster progress if we invested in boring infrastructure, clearer standards, and feedback that is hard to game. If we want durable progress, we have to make the boring, consistent work feel worth it.",1
ai_0134,"It’s hard to ignore how relationships conversations keep circling the same points without addressing incentives. Zooming out, the details matter: communication, trust, and shared goals all interact in ways people underestimate. It’s also worth noting that the costs and benefits are unevenly distributed across communities. When the feedback loop is distorted, everyone adapts in ways that make the whole system worse. At the same time, there’s pressure to pick a side, but better outcomes usually come from defining what success looks like and measuring it. People respond to what is easy, default, and rewarded, not what is merely recommended. That said, we’d make faster progress if we invested in boring infrastructure, clearer standards, and feedback that is hard to game. The best version of this is possible, but it requires humility, guardrails, and real accountability.",1
ai_0135,"People don’t talk enough about how health conversations keep circling the same points without addressing incentives. To be fair, the details matter: nutrition, burnout, and insurance friction all interact in ways people underestimate. What gets lost is the cumulative effect of small frictions that make participation exhausting. It’s easy to treat this as an individual choice problem, but the structure pushes people into predictable decisions. From a systems perspective, there’s pressure to pick a side, but better outcomes usually come from defining what success looks like and measuring it. Good governance looks boring: budgets, maintenance, audits, and incremental improvements that rarely go viral. To be fair, we’d make faster progress if we invested in boring infrastructure, clearer standards, and feedback that is hard to game. It would help if we measured outcomes honestly instead of arguing only about intentions.",1
ai_0136,"A fair critique is that economy conversations keep circling the same points without addressing incentives. To be fair, the details matter: small business, housing affordability, and wage growth all interact in ways people underestimate. We should separate what feels satisfying in the moment from what actually improves outcomes over time. Short-term incentives reward attention over accuracy, which makes serious discussion feel optional. Zooming out, there’s pressure to pick a side, but better outcomes usually come from defining what success looks like and measuring it. Short-term incentives reward attention over accuracy, which makes serious discussion feel optional. Still, we’d make faster progress if we invested in boring infrastructure, clearer standards, and feedback that is hard to game. Small changes in behavior and policy add up, but only if we stick with them.",1
ai_0137,"A fair critique is that economy conversations keep circling the same points without addressing incentives. To be fair, the details matter: productivity, inequality, and interest rates all interact in ways people underestimate. Most solutions require coordination, which is difficult when everyone is optimizing for their own timeline. One of the biggest failures is communication: too many experts speak in jargon when plain language would help. On the other hand, there’s pressure to pick a side, but better outcomes usually come from defining what success looks like and measuring it. A lot of the heat comes from uncertainty, especially when outcomes are delayed or hard to measure. On the other hand, we’d make faster progress if we invested in boring infrastructure, clearer standards, and feedback that is hard to game. Small changes in behavior and policy add up, but only if we stick with them.",1
ai_0138,"The longer I watch this, the more I think health conversations keep circling the same points without addressing incentives. In daily life, the details matter: sleep, mental health, and preventive care all interact in ways people underestimate. The gap between what’s technically possible and what’s socially acceptable is widening fast. It’s easy to treat this as an individual choice problem, but the structure pushes people into predictable decisions. At the same time, there’s pressure to pick a side, but better outcomes usually come from defining what success looks like and measuring it. The most persuasive arguments usually combine data with a clear story about tradeoffs and constraints. On the other hand, we’d make faster progress if we invested in boring infrastructure, clearer standards, and feedback that is hard to game. I’m not asking for perfection, just clearer incentives and better follow-through.",1
ai_0139,"I keep thinking about how sports conversations keep circling the same points without addressing incentives. To be fair, the details matter: fairness, analytics, and coaching strategy all interact in ways people underestimate. Good governance looks boring: budgets, maintenance, audits, and incremental improvements that rarely go viral. The gap between what’s technically possible and what’s socially acceptable is widening fast. From a systems perspective, there’s pressure to pick a side, but better outcomes usually come from defining what success looks like and measuring it. When the feedback loop is distorted, everyone adapts in ways that make the whole system worse. On the other hand, we’d make faster progress if we invested in boring infrastructure, clearer standards, and feedback that is hard to game. It would help if we measured outcomes honestly instead of arguing only about intentions.",1
ai_0140,"The uncomfortable truth is that relationships conversations keep circling the same points without addressing incentives. In my view, the details matter: emotional labor, conflict resolution, and friendship drift all interact in ways people underestimate. The conversation improves when we acknowledge that reasonable people can disagree about priorities. We should separate what feels satisfying in the moment from what actually improves outcomes over time. In daily life, there’s pressure to pick a side, but better outcomes usually come from defining what success looks like and measuring it. People respond to what is easy, default, and rewarded, not what is merely recommended. In daily life, we’d make faster progress if we invested in boring infrastructure, clearer standards, and feedback that is hard to game. It would help if we measured outcomes honestly instead of arguing only about intentions.",1
ai_0141,"One underrated piece of this is how campus life conversations keep circling the same points without addressing incentives. In practice, the details matter: time management, student services, and group projects all interact in ways people underestimate. I’m optimistic, but only if we stop pretending that technology alone can solve social problems. Transparency matters because it lets the public distinguish honest mistakes from intentional manipulation. At the same time, there’s pressure to pick a side, but better outcomes usually come from defining what success looks like and measuring it. If we want trust, we need consistent rules and predictable enforcement, not surprises and exceptions. Zooming out, we’d make faster progress if we invested in boring infrastructure, clearer standards, and feedback that is hard to game. I’d love to see more emphasis on competence, not just confidence.",1
ai_0142,"A fair critique is that politics conversations keep circling the same points without addressing incentives. In my view, the details matter: public trust, bipartisanship, and institutional legitimacy all interact in ways people underestimate. A lot of the heat comes from uncertainty, especially when outcomes are delayed or hard to measure. People respond to what is easy, default, and rewarded, not what is merely recommended. To be fair, there’s pressure to pick a side, but better outcomes usually come from defining what success looks like and measuring it. What gets lost is the cumulative effect of small frictions that make participation exhausting. To be fair, we’d make faster progress if we invested in boring infrastructure, clearer standards, and feedback that is hard to game. It would help if we measured outcomes honestly instead of arguing only about intentions.",1
ai_0143,"Lately I’ve noticed how campus life conversations keep circling the same points without addressing incentives. In practice, the details matter: time management, imposter syndrome, and student services all interact in ways people underestimate. When the feedback loop is distorted, everyone adapts in ways that make the whole system worse. Good governance looks boring: budgets, maintenance, audits, and incremental improvements that rarely go viral. Still, there’s pressure to pick a side, but better outcomes usually come from defining what success looks like and measuring it. If we want trust, we need consistent rules and predictable enforcement, not surprises and exceptions. From a systems perspective, we’d make faster progress if we invested in boring infrastructure, clearer standards, and feedback that is hard to game. The best version of this is possible, but it requires humility, guardrails, and real accountability.",1
ai_0144,"The longer I watch this, the more I think health conversations keep circling the same points without addressing incentives. On the other hand, the details matter: screen time, burnout, and nutrition all interact in ways people underestimate. The conversation improves when we acknowledge that reasonable people can disagree about priorities. It’s easy to treat this as an individual choice problem, but the structure pushes people into predictable decisions. In practice, there’s pressure to pick a side, but better outcomes usually come from defining what success looks like and measuring it. Most solutions require coordination, which is difficult when everyone is optimizing for their own timeline. On the other hand, we’d make faster progress if we invested in boring infrastructure, clearer standards, and feedback that is hard to game. We can debate details forever, but the direction should be: more transparency and fewer gotchas.",1
ai_0145,"I keep thinking about how relationships conversations keep circling the same points without addressing incentives. In practice, the details matter: boundaries, emotional labor, and friendship drift all interact in ways people underestimate. The best approaches combine prevention, education, and a safety net for when prevention fails. When the feedback loop is distorted, everyone adapts in ways that make the whole system worse. To be fair, there’s pressure to pick a side, but better outcomes usually come from defining what success looks like and measuring it. It’s easy to treat this as an individual choice problem, but the structure pushes people into predictable decisions. In daily life, we’d make faster progress if we invested in boring infrastructure, clearer standards, and feedback that is hard to game. The solution is probably less dramatic than people want: steady investment and patient execution.",1
ai_0146,"A lot of the frustration comes from how economy conversations keep circling the same points without addressing incentives. On the other hand, the details matter: consumer confidence, inequality, and student debt all interact in ways people underestimate. Short-term incentives reward attention over accuracy, which makes serious discussion feel optional. The gap between what’s technically possible and what’s socially acceptable is widening fast. In my view, there’s pressure to pick a side, but better outcomes usually come from defining what success looks like and measuring it. The gap between what’s technically possible and what’s socially acceptable is widening fast. In practice, we’d make faster progress if we invested in boring infrastructure, clearer standards, and feedback that is hard to game. If we want durable progress, we have to make the boring, consistent work feel worth it.",1
ai_0147,"The longer I watch this, the more I think relationships conversations keep circling the same points without addressing incentives. On the other hand, the details matter: social media dynamics, friendship drift, and emotional labor all interact in ways people underestimate. People respond to what is easy, default, and rewarded, not what is merely recommended. What gets lost is the cumulative effect of small frictions that make participation exhausting. Zooming out, there’s pressure to pick a side, but better outcomes usually come from defining what success looks like and measuring it. Most solutions require coordination, which is difficult when everyone is optimizing for their own timeline. In my view, we’d make faster progress if we invested in boring infrastructure, clearer standards, and feedback that is hard to game. We can debate details forever, but the direction should be: more transparency and fewer gotchas.",1
ai_0148,"A fair critique is that tech conversations keep circling the same points without addressing incentives. From a systems perspective, the details matter: cybersecurity, developer experience, and product design all interact in ways people underestimate. It’s also worth noting that the costs and benefits are unevenly distributed across communities. The conversation improves when we acknowledge that reasonable people can disagree about priorities. From a systems perspective, there’s pressure to pick a side, but better outcomes usually come from defining what success looks like and measuring it. The gap between what’s technically possible and what’s socially acceptable is widening fast. That said, we’d make faster progress if we invested in boring infrastructure, clearer standards, and feedback that is hard to game. We can debate details forever, but the direction should be: more transparency and fewer gotchas.",1
ai_0149,"The uncomfortable truth is that relationships conversations keep circling the same points without addressing incentives. On the other hand, the details matter: shared goals, trust, and communication all interact in ways people underestimate. There’s a real difference between personal responsibility and asking individuals to compensate for broken systems. Good governance looks boring: budgets, maintenance, audits, and incremental improvements that rarely go viral. Still, there’s pressure to pick a side, but better outcomes usually come from defining what success looks like and measuring it. I’m optimistic, but only if we stop pretending that technology alone can solve social problems. At the same time, we’d make faster progress if we invested in boring infrastructure, clearer standards, and feedback that is hard to game. The best version of this is possible, but it requires humility, guardrails, and real accountability.",1
ai_0150,"People don’t talk enough about how politics conversations keep circling the same points without addressing incentives. On the other hand, the details matter: policy tradeoffs, voter turnout, and local government all interact in ways people underestimate. We should separate what feels satisfying in the moment from what actually improves outcomes over time. It’s also worth noting that the costs and benefits are unevenly distributed across communities. To be fair, there’s pressure to pick a side, but better outcomes usually come from defining what success looks like and measuring it. Good governance looks boring: budgets, maintenance, audits, and incremental improvements that rarely go viral. In daily life, we’d make faster progress if we invested in boring infrastructure, clearer standards, and feedback that is hard to game. We can debate details forever, but the direction should be: more transparency and fewer gotchas.",1
ai_0151,"A lot of the frustration comes from how politics conversations keep circling the same points without addressing incentives. Still, the details matter: policy tradeoffs, misinformation, and civic education all interact in ways people underestimate. A lot of the heat comes from uncertainty, especially when outcomes are delayed or hard to measure. Good governance looks boring: budgets, maintenance, audits, and incremental improvements that rarely go viral. In my view, there’s pressure to pick a side, but better outcomes usually come from defining what success looks like and measuring it. It’s also worth noting that the costs and benefits are unevenly distributed across communities. Still, we’d make faster progress if we invested in boring infrastructure, clearer standards, and feedback that is hard to game. It would help if we measured outcomes honestly instead of arguing only about intentions.",1
ai_0152,"It’s hard to ignore how tech conversations keep circling the same points without addressing incentives. At the same time, the details matter: model transparency, AI tools, and developer experience all interact in ways people underestimate. A lot of the heat comes from uncertainty, especially when outcomes are delayed or hard to measure. We should separate what feels satisfying in the moment from what actually improves outcomes over time. At the same time, there’s pressure to pick a side, but better outcomes usually come from defining what success looks like and measuring it. It’s easy to treat this as an individual choice problem, but the structure pushes people into predictable decisions. To be fair, we’d make faster progress if we invested in boring infrastructure, clearer standards, and feedback that is hard to game. It would help if we measured outcomes honestly instead of arguing only about intentions.",1
ai_0153,"People don’t talk enough about how climate conversations keep circling the same points without addressing incentives. At the same time, the details matter: extreme weather, local adaptation, and community resilience all interact in ways people underestimate. It’s also worth noting that the costs and benefits are unevenly distributed across communities. It’s also worth noting that the costs and benefits are unevenly distributed across communities. In daily life, there’s pressure to pick a side, but better outcomes usually come from defining what success looks like and measuring it. Short-term incentives reward attention over accuracy, which makes serious discussion feel optional. In daily life, we’d make faster progress if we invested in boring infrastructure, clearer standards, and feedback that is hard to game. I’m not asking for perfection, just clearer incentives and better follow-through.",1
ai_0154,"I keep thinking about how health conversations keep circling the same points without addressing incentives. At the same time, the details matter: screen time, burnout, and insurance friction all interact in ways people underestimate. Good governance looks boring: budgets, maintenance, audits, and incremental improvements that rarely go viral. People respond to what is easy, default, and rewarded, not what is merely recommended. Zooming out, there’s pressure to pick a side, but better outcomes usually come from defining what success looks like and measuring it. Short-term incentives reward attention over accuracy, which makes serious discussion feel optional. In practice, we’d make faster progress if we invested in boring infrastructure, clearer standards, and feedback that is hard to game. The best version of this is possible, but it requires humility, guardrails, and real accountability.",1
ai_0155,"A fair critique is that relationships conversations keep circling the same points without addressing incentives. Still, the details matter: long distance, boundaries, and emotional labor all interact in ways people underestimate. The best approaches combine prevention, education, and a safety net for when prevention fails. A policy can be well-intentioned and still produce perverse incentives if it ignores human behavior. On the other hand, there’s pressure to pick a side, but better outcomes usually come from defining what success looks like and measuring it. There’s a real difference between personal responsibility and asking individuals to compensate for broken systems. On the other hand, we’d make faster progress if we invested in boring infrastructure, clearer standards, and feedback that is hard to game. We can debate details forever, but the direction should be: more transparency and fewer gotchas.",1
ai_0156,"People don’t talk enough about how health conversations keep circling the same points without addressing incentives. To be fair, the details matter: public health communication, insurance friction, and mental health all interact in ways people underestimate. We should separate what feels satisfying in the moment from what actually improves outcomes over time. We should separate what feels satisfying in the moment from what actually improves outcomes over time. From a systems perspective, there’s pressure to pick a side, but better outcomes usually come from defining what success looks like and measuring it. People respond to what is easy, default, and rewarded, not what is merely recommended. In daily life, we’d make faster progress if we invested in boring infrastructure, clearer standards, and feedback that is hard to game. If we want durable progress, we have to make the boring, consistent work feel worth it.",1
ai_0157,"The longer I watch this, the more I think sports conversations keep circling the same points without addressing incentives. To be fair, the details matter: analytics, player development, and rule changes all interact in ways people underestimate. When the feedback loop is distorted, everyone adapts in ways that make the whole system worse. Short-term incentives reward attention over accuracy, which makes serious discussion feel optional. Zooming out, there’s pressure to pick a side, but better outcomes usually come from defining what success looks like and measuring it. Transparency matters because it lets the public distinguish honest mistakes from intentional manipulation. From a systems perspective, we’d make faster progress if we invested in boring infrastructure, clearer standards, and feedback that is hard to game. If we want durable progress, we have to make the boring, consistent work feel worth it.",1
ai_0158,"The uncomfortable truth is that politics conversations keep circling the same points without addressing incentives. That said, the details matter: misinformation, institutional legitimacy, and bipartisanship all interact in ways people underestimate. We should separate what feels satisfying in the moment from what actually improves outcomes over time. The gap between what’s technically possible and what’s socially acceptable is widening fast. Zooming out, there’s pressure to pick a side, but better outcomes usually come from defining what success looks like and measuring it. I’m optimistic, but only if we stop pretending that technology alone can solve social problems. At the same time, we’d make faster progress if we invested in boring infrastructure, clearer standards, and feedback that is hard to game. I’d love to see more emphasis on competence, not just confidence.",1
ai_0159,"One underrated piece of this is how climate conversations keep circling the same points without addressing incentives. Zooming out, the details matter: public transit, extreme weather, and energy transition all interact in ways people underestimate. Transparency matters because it lets the public distinguish honest mistakes from intentional manipulation. The conversation improves when we acknowledge that reasonable people can disagree about priorities. In daily life, there’s pressure to pick a side, but better outcomes usually come from defining what success looks like and measuring it. Short-term incentives reward attention over accuracy, which makes serious discussion feel optional. At the same time, we’d make faster progress if we invested in boring infrastructure, clearer standards, and feedback that is hard to game. The solution is probably less dramatic than people want: steady investment and patient execution.",1
ai_0160,"It’s hard to ignore how economy conversations keep circling the same points without addressing incentives. In practice, the details matter: consumer confidence, wage growth, and interest rates all interact in ways people underestimate. We should separate what feels satisfying in the moment from what actually improves outcomes over time. I’m optimistic, but only if we stop pretending that technology alone can solve social problems. Still, there’s pressure to pick a side, but better outcomes usually come from defining what success looks like and measuring it. What gets lost is the cumulative effect of small frictions that make participation exhausting. In daily life, we’d make faster progress if we invested in boring infrastructure, clearer standards, and feedback that is hard to game. We can debate details forever, but the direction should be: more transparency and fewer gotchas.",1
ai_0161,"A fair critique is that tech conversations keep circling the same points without addressing incentives. In my view, the details matter: cloud costs, platform incentives, and data privacy all interact in ways people underestimate. If we want trust, we need consistent rules and predictable enforcement, not surprises and exceptions. We should separate what feels satisfying in the moment from what actually improves outcomes over time. At the same time, there’s pressure to pick a side, but better outcomes usually come from defining what success looks like and measuring it. It’s easy to treat this as an individual choice problem, but the structure pushes people into predictable decisions. That said, we’d make faster progress if we invested in boring infrastructure, clearer standards, and feedback that is hard to game. We can debate details forever, but the direction should be: more transparency and fewer gotchas.",1
ai_0162,"I keep thinking about how climate conversations keep circling the same points without addressing incentives. In practice, the details matter: conservation, building efficiency, and carbon pricing all interact in ways people underestimate. We should separate what feels satisfying in the moment from what actually improves outcomes over time. One of the biggest failures is communication: too many experts speak in jargon when plain language would help. From a systems perspective, there’s pressure to pick a side, but better outcomes usually come from defining what success looks like and measuring it. Good governance looks boring: budgets, maintenance, audits, and incremental improvements that rarely go viral. From a systems perspective, we’d make faster progress if we invested in boring infrastructure, clearer standards, and feedback that is hard to game. The best version of this is possible, but it requires humility, guardrails, and real accountability.",1
ai_0163,"It’s hard to ignore how economy conversations keep circling the same points without addressing incentives. In daily life, the details matter: interest rates, wage growth, and consumer confidence all interact in ways people underestimate. It’s easy to treat this as an individual choice problem, but the structure pushes people into predictable decisions. It’s easy to treat this as an individual choice problem, but the structure pushes people into predictable decisions. In practice, there’s pressure to pick a side, but better outcomes usually come from defining what success looks like and measuring it. There’s a real difference between personal responsibility and asking individuals to compensate for broken systems. On the other hand, we’d make faster progress if we invested in boring infrastructure, clearer standards, and feedback that is hard to game. It would help if we measured outcomes honestly instead of arguing only about intentions.",1
ai_0164,"People don’t talk enough about how politics conversations keep circling the same points without addressing incentives. In my view, the details matter: institutional legitimacy, voter turnout, and accountability all interact in ways people underestimate. Short-term incentives reward attention over accuracy, which makes serious discussion feel optional. People respond to what is easy, default, and rewarded, not what is merely recommended. That said, there’s pressure to pick a side, but better outcomes usually come from defining what success looks like and measuring it. Most solutions require coordination, which is difficult when everyone is optimizing for their own timeline. That said, we’d make faster progress if we invested in boring infrastructure, clearer standards, and feedback that is hard to game. We can debate details forever, but the direction should be: more transparency and fewer gotchas.",1
ai_0165,"It’s hard to ignore how tech conversations keep circling the same points without addressing incentives. Still, the details matter: cybersecurity, data privacy, and platform incentives all interact in ways people underestimate. Good governance looks boring: budgets, maintenance, audits, and incremental improvements that rarely go viral. Good governance looks boring: budgets, maintenance, audits, and incremental improvements that rarely go viral. To be fair, there’s pressure to pick a side, but better outcomes usually come from defining what success looks like and measuring it. A policy can be well-intentioned and still produce perverse incentives if it ignores human behavior. From a systems perspective, we’d make faster progress if we invested in boring infrastructure, clearer standards, and feedback that is hard to game. The best version of this is possible, but it requires humility, guardrails, and real accountability.",1
ai_0166,"People don’t talk enough about how politics conversations keep circling the same points without addressing incentives. Zooming out, the details matter: campaign messaging, public trust, and accountability all interact in ways people underestimate. The best approaches combine prevention, education, and a safety net for when prevention fails. The conversation improves when we acknowledge that reasonable people can disagree about priorities. That said, there’s pressure to pick a side, but better outcomes usually come from defining what success looks like and measuring it. What gets lost is the cumulative effect of small frictions that make participation exhausting. In daily life, we’d make faster progress if we invested in boring infrastructure, clearer standards, and feedback that is hard to game. I’m not asking for perfection, just clearer incentives and better follow-through.",1
ai_0167,"It’s hard to ignore how tech conversations keep circling the same points without addressing incentives. Zooming out, the details matter: cybersecurity, cloud costs, and model transparency all interact in ways people underestimate. A policy can be well-intentioned and still produce perverse incentives if it ignores human behavior. Transparency matters because it lets the public distinguish honest mistakes from intentional manipulation. On the other hand, there’s pressure to pick a side, but better outcomes usually come from defining what success looks like and measuring it. What gets lost is the cumulative effect of small frictions that make participation exhausting. In daily life, we’d make faster progress if we invested in boring infrastructure, clearer standards, and feedback that is hard to game. It would help if we measured outcomes honestly instead of arguing only about intentions.",1
ai_0168,"One underrated piece of this is how politics conversations keep circling the same points without addressing incentives. From a systems perspective, the details matter: voter turnout, policy tradeoffs, and civic education all interact in ways people underestimate. Transparency matters because it lets the public distinguish honest mistakes from intentional manipulation. If we want trust, we need consistent rules and predictable enforcement, not surprises and exceptions. Still, there’s pressure to pick a side, but better outcomes usually come from defining what success looks like and measuring it. There’s a real difference between personal responsibility and asking individuals to compensate for broken systems. That said, we’d make faster progress if we invested in boring infrastructure, clearer standards, and feedback that is hard to game. The best version of this is possible, but it requires humility, guardrails, and real accountability.",1
ai_0169,"People don’t talk enough about how tech conversations keep circling the same points without addressing incentives. In practice, the details matter: cybersecurity, automation, and data privacy all interact in ways people underestimate. The best approaches combine prevention, education, and a safety net for when prevention fails. The best approaches combine prevention, education, and a safety net for when prevention fails. On the other hand, there’s pressure to pick a side, but better outcomes usually come from defining what success looks like and measuring it. The gap between what’s technically possible and what’s socially acceptable is widening fast. From a systems perspective, we’d make faster progress if we invested in boring infrastructure, clearer standards, and feedback that is hard to game. I’d love to see more emphasis on competence, not just confidence.",1
ai_0170,"I keep thinking about how economy conversations keep circling the same points without addressing incentives. To be fair, the details matter: housing affordability, wage growth, and labor market all interact in ways people underestimate. What gets lost is the cumulative effect of small frictions that make participation exhausting. The conversation improves when we acknowledge that reasonable people can disagree about priorities. In my view, there’s pressure to pick a side, but better outcomes usually come from defining what success looks like and measuring it. Most solutions require coordination, which is difficult when everyone is optimizing for their own timeline. In daily life, we’d make faster progress if we invested in boring infrastructure, clearer standards, and feedback that is hard to game. We can debate details forever, but the direction should be: more transparency and fewer gotchas.",1
ai_0171,"People don’t talk enough about how climate conversations keep circling the same points without addressing incentives. In daily life, the details matter: building efficiency, grid reliability, and public transit all interact in ways people underestimate. The conversation improves when we acknowledge that reasonable people can disagree about priorities. Transparency matters because it lets the public distinguish honest mistakes from intentional manipulation. On the other hand, there’s pressure to pick a side, but better outcomes usually come from defining what success looks like and measuring it. What gets lost is the cumulative effect of small frictions that make participation exhausting. From a systems perspective, we’d make faster progress if we invested in boring infrastructure, clearer standards, and feedback that is hard to game. We can debate details forever, but the direction should be: more transparency and fewer gotchas.",1
ai_0172,"People don’t talk enough about how tech conversations keep circling the same points without addressing incentives. To be fair, the details matter: cybersecurity, automation, and open source all interact in ways people underestimate. One of the biggest failures is communication: too many experts speak in jargon when plain language would help. The most persuasive arguments usually combine data with a clear story about tradeoffs and constraints. In practice, there’s pressure to pick a side, but better outcomes usually come from defining what success looks like and measuring it. I’m optimistic, but only if we stop pretending that technology alone can solve social problems. To be fair, we’d make faster progress if we invested in boring infrastructure, clearer standards, and feedback that is hard to game. The solution is probably less dramatic than people want: steady investment and patient execution.",1
ai_0173,"A fair critique is that sports conversations keep circling the same points without addressing incentives. At the same time, the details matter: team chemistry, commercialization, and injury prevention all interact in ways people underestimate. Most solutions require coordination, which is difficult when everyone is optimizing for their own timeline. People respond to what is easy, default, and rewarded, not what is merely recommended. From a systems perspective, there’s pressure to pick a side, but better outcomes usually come from defining what success looks like and measuring it. It’s easy to treat this as an individual choice problem, but the structure pushes people into predictable decisions. On the other hand, we’d make faster progress if we invested in boring infrastructure, clearer standards, and feedback that is hard to game. The best version of this is possible, but it requires humility, guardrails, and real accountability.",1
ai_0174,"Lately I’ve noticed how sports conversations keep circling the same points without addressing incentives. In practice, the details matter: fairness, injury prevention, and fan culture all interact in ways people underestimate. What gets lost is the cumulative effect of small frictions that make participation exhausting. It’s easy to treat this as an individual choice problem, but the structure pushes people into predictable decisions. Still, there’s pressure to pick a side, but better outcomes usually come from defining what success looks like and measuring it. Most solutions require coordination, which is difficult when everyone is optimizing for their own timeline. To be fair, we’d make faster progress if we invested in boring infrastructure, clearer standards, and feedback that is hard to game. I’d love to see more emphasis on competence, not just confidence.",1
ai_0175,"A fair critique is that climate conversations keep circling the same points without addressing incentives. At the same time, the details matter: conservation, building efficiency, and climate risk all interact in ways people underestimate. The best approaches combine prevention, education, and a safety net for when prevention fails. It’s easy to treat this as an individual choice problem, but the structure pushes people into predictable decisions. In my view, there’s pressure to pick a side, but better outcomes usually come from defining what success looks like and measuring it. The most persuasive arguments usually combine data with a clear story about tradeoffs and constraints. Zooming out, we’d make faster progress if we invested in boring infrastructure, clearer standards, and feedback that is hard to game. The solution is probably less dramatic than people want: steady investment and patient execution.",1
ai_0176,"The uncomfortable truth is that tech conversations keep circling the same points without addressing incentives. To be fair, the details matter: product design, platform incentives, and AI tools all interact in ways people underestimate. The most persuasive arguments usually combine data with a clear story about tradeoffs and constraints. Short-term incentives reward attention over accuracy, which makes serious discussion feel optional. In my view, there’s pressure to pick a side, but better outcomes usually come from defining what success looks like and measuring it. The most persuasive arguments usually combine data with a clear story about tradeoffs and constraints. To be fair, we’d make faster progress if we invested in boring infrastructure, clearer standards, and feedback that is hard to game. Small changes in behavior and policy add up, but only if we stick with them.",1
ai_0177,"A lot of the frustration comes from how campus life conversations keep circling the same points without addressing incentives. In my view, the details matter: student services, time management, and campus resources all interact in ways people underestimate. I’m optimistic, but only if we stop pretending that technology alone can solve social problems. A policy can be well-intentioned and still produce perverse incentives if it ignores human behavior. To be fair, there’s pressure to pick a side, but better outcomes usually come from defining what success looks like and measuring it. A lot of the heat comes from uncertainty, especially when outcomes are delayed or hard to measure. From a systems perspective, we’d make faster progress if we invested in boring infrastructure, clearer standards, and feedback that is hard to game. We can debate details forever, but the direction should be: more transparency and fewer gotchas.",1
ai_0178,"One underrated piece of this is how tech conversations keep circling the same points without addressing incentives. To be fair, the details matter: AI tools, automation, and data privacy all interact in ways people underestimate. A lot of the heat comes from uncertainty, especially when outcomes are delayed or hard to measure. One of the biggest failures is communication: too many experts speak in jargon when plain language would help. That said, there’s pressure to pick a side, but better outcomes usually come from defining what success looks like and measuring it. People respond to what is easy, default, and rewarded, not what is merely recommended. That said, we’d make faster progress if we invested in boring infrastructure, clearer standards, and feedback that is hard to game. We can debate details forever, but the direction should be: more transparency and fewer gotchas.",1
ai_0179,"People don’t talk enough about how climate conversations keep circling the same points without addressing incentives. From a systems perspective, the details matter: community resilience, local adaptation, and conservation all interact in ways people underestimate. Most solutions require coordination, which is difficult when everyone is optimizing for their own timeline. The conversation improves when we acknowledge that reasonable people can disagree about priorities. That said, there’s pressure to pick a side, but better outcomes usually come from defining what success looks like and measuring it. It’s easy to treat this as an individual choice problem, but the structure pushes people into predictable decisions. From a systems perspective, we’d make faster progress if we invested in boring infrastructure, clearer standards, and feedback that is hard to game. Small changes in behavior and policy add up, but only if we stick with them.",1
ai_0180,"People don’t talk enough about how relationships conversations keep circling the same points without addressing incentives. That said, the details matter: communication, boundaries, and work-life balance all interact in ways people underestimate. A policy can be well-intentioned and still produce perverse incentives if it ignores human behavior. Transparency matters because it lets the public distinguish honest mistakes from intentional manipulation. Still, there’s pressure to pick a side, but better outcomes usually come from defining what success looks like and measuring it. Good governance looks boring: budgets, maintenance, audits, and incremental improvements that rarely go viral. On the other hand, we’d make faster progress if we invested in boring infrastructure, clearer standards, and feedback that is hard to game. It would help if we measured outcomes honestly instead of arguing only about intentions.",1
ai_0181,"A lot of the frustration comes from how campus life conversations keep circling the same points without addressing incentives. On the other hand, the details matter: career fairs, time management, and group projects all interact in ways people underestimate. Transparency matters because it lets the public distinguish honest mistakes from intentional manipulation. If we want trust, we need consistent rules and predictable enforcement, not surprises and exceptions. To be fair, there’s pressure to pick a side, but better outcomes usually come from defining what success looks like and measuring it. What gets lost is the cumulative effect of small frictions that make participation exhausting. Still, we’d make faster progress if we invested in boring infrastructure, clearer standards, and feedback that is hard to game. I’m not asking for perfection, just clearer incentives and better follow-through.",1
ai_0182,"The uncomfortable truth is that economy conversations keep circling the same points without addressing incentives. To be fair, the details matter: consumer confidence, student debt, and productivity all interact in ways people underestimate. The gap between what’s technically possible and what’s socially acceptable is widening fast. The gap between what’s technically possible and what’s socially acceptable is widening fast. To be fair, there’s pressure to pick a side, but better outcomes usually come from defining what success looks like and measuring it. There’s a real difference between personal responsibility and asking individuals to compensate for broken systems. At the same time, we’d make faster progress if we invested in boring infrastructure, clearer standards, and feedback that is hard to game. If we want durable progress, we have to make the boring, consistent work feel worth it.",1
ai_0183,"People don’t talk enough about how politics conversations keep circling the same points without addressing incentives. In my view, the details matter: accountability, campaign messaging, and voter turnout all interact in ways people underestimate. The most persuasive arguments usually combine data with a clear story about tradeoffs and constraints. There’s a real difference between personal responsibility and asking individuals to compensate for broken systems. On the other hand, there’s pressure to pick a side, but better outcomes usually come from defining what success looks like and measuring it. It’s also worth noting that the costs and benefits are unevenly distributed across communities. From a systems perspective, we’d make faster progress if we invested in boring infrastructure, clearer standards, and feedback that is hard to game. We can debate details forever, but the direction should be: more transparency and fewer gotchas.",1
ai_0184,"The uncomfortable truth is that politics conversations keep circling the same points without addressing incentives. That said, the details matter: accountability, institutional legitimacy, and civic education all interact in ways people underestimate. Most solutions require coordination, which is difficult when everyone is optimizing for their own timeline. The best approaches combine prevention, education, and a safety net for when prevention fails. In my view, there’s pressure to pick a side, but better outcomes usually come from defining what success looks like and measuring it. Transparency matters because it lets the public distinguish honest mistakes from intentional manipulation. In my view, we’d make faster progress if we invested in boring infrastructure, clearer standards, and feedback that is hard to game. Small changes in behavior and policy add up, but only if we stick with them.",1
ai_0185,"People don’t talk enough about how relationships conversations keep circling the same points without addressing incentives. That said, the details matter: work-life balance, boundaries, and long distance all interact in ways people underestimate. The most persuasive arguments usually combine data with a clear story about tradeoffs and constraints. Transparency matters because it lets the public distinguish honest mistakes from intentional manipulation. On the other hand, there’s pressure to pick a side, but better outcomes usually come from defining what success looks like and measuring it. One of the biggest failures is communication: too many experts speak in jargon when plain language would help. In practice, we’d make faster progress if we invested in boring infrastructure, clearer standards, and feedback that is hard to game. It would help if we measured outcomes honestly instead of arguing only about intentions.",1
ai_0186,"The uncomfortable truth is that sports conversations keep circling the same points without addressing incentives. Still, the details matter: commercialization, rule changes, and team chemistry all interact in ways people underestimate. If we want trust, we need consistent rules and predictable enforcement, not surprises and exceptions. Transparency matters because it lets the public distinguish honest mistakes from intentional manipulation. In daily life, there’s pressure to pick a side, but better outcomes usually come from defining what success looks like and measuring it. It’s also worth noting that the costs and benefits are unevenly distributed across communities. To be fair, we’d make faster progress if we invested in boring infrastructure, clearer standards, and feedback that is hard to game. It would help if we measured outcomes honestly instead of arguing only about intentions.",1
ai_0187,"One underrated piece of this is how climate conversations keep circling the same points without addressing incentives. Still, the details matter: climate risk, grid reliability, and community resilience all interact in ways people underestimate. Most solutions require coordination, which is difficult when everyone is optimizing for their own timeline. The best approaches combine prevention, education, and a safety net for when prevention fails. Still, there’s pressure to pick a side, but better outcomes usually come from defining what success looks like and measuring it. When the feedback loop is distorted, everyone adapts in ways that make the whole system worse. In my view, we’d make faster progress if we invested in boring infrastructure, clearer standards, and feedback that is hard to game. We can debate details forever, but the direction should be: more transparency and fewer gotchas.",1
ai_0188,"Lately I’ve noticed how health conversations keep circling the same points without addressing incentives. To be fair, the details matter: preventive care, exercise habits, and nutrition all interact in ways people underestimate. It’s also worth noting that the costs and benefits are unevenly distributed across communities. If we want trust, we need consistent rules and predictable enforcement, not surprises and exceptions. Zooming out, there’s pressure to pick a side, but better outcomes usually come from defining what success looks like and measuring it. It’s also worth noting that the costs and benefits are unevenly distributed across communities. Zooming out, we’d make faster progress if we invested in boring infrastructure, clearer standards, and feedback that is hard to game. The best version of this is possible, but it requires humility, guardrails, and real accountability.",1
ai_0189,"It’s hard to ignore how economy conversations keep circling the same points without addressing incentives. In daily life, the details matter: productivity, consumer confidence, and wage growth all interact in ways people underestimate. People respond to what is easy, default, and rewarded, not what is merely recommended. When the feedback loop is distorted, everyone adapts in ways that make the whole system worse. At the same time, there’s pressure to pick a side, but better outcomes usually come from defining what success looks like and measuring it. There’s a real difference between personal responsibility and asking individuals to compensate for broken systems. On the other hand, we’d make faster progress if we invested in boring infrastructure, clearer standards, and feedback that is hard to game. The solution is probably less dramatic than people want: steady investment and patient execution.",1
ai_0190,"A lot of the frustration comes from how relationships conversations keep circling the same points without addressing incentives. In daily life, the details matter: emotional labor, conflict resolution, and long distance all interact in ways people underestimate. A policy can be well-intentioned and still produce perverse incentives if it ignores human behavior. The most persuasive arguments usually combine data with a clear story about tradeoffs and constraints. From a systems perspective, there’s pressure to pick a side, but better outcomes usually come from defining what success looks like and measuring it. I’m optimistic, but only if we stop pretending that technology alone can solve social problems. Zooming out, we’d make faster progress if we invested in boring infrastructure, clearer standards, and feedback that is hard to game. If we want durable progress, we have to make the boring, consistent work feel worth it.",1
ai_0191,"A fair critique is that health conversations keep circling the same points without addressing incentives. At the same time, the details matter: public health communication, screen time, and access to care all interact in ways people underestimate. The gap between what’s technically possible and what’s socially acceptable is widening fast. If we want trust, we need consistent rules and predictable enforcement, not surprises and exceptions. From a systems perspective, there’s pressure to pick a side, but better outcomes usually come from defining what success looks like and measuring it. The most persuasive arguments usually combine data with a clear story about tradeoffs and constraints. Zooming out, we’d make faster progress if we invested in boring infrastructure, clearer standards, and feedback that is hard to game. The solution is probably less dramatic than people want: steady investment and patient execution.",1
ai_0192,"One underrated piece of this is how health conversations keep circling the same points without addressing incentives. In my view, the details matter: public health communication, preventive care, and exercise habits all interact in ways people underestimate. The most persuasive arguments usually combine data with a clear story about tradeoffs and constraints. We should separate what feels satisfying in the moment from what actually improves outcomes over time. That said, there’s pressure to pick a side, but better outcomes usually come from defining what success looks like and measuring it. The gap between what’s technically possible and what’s socially acceptable is widening fast. From a systems perspective, we’d make faster progress if we invested in boring infrastructure, clearer standards, and feedback that is hard to game. We can debate details forever, but the direction should be: more transparency and fewer gotchas.",1
ai_0193,"The uncomfortable truth is that climate conversations keep circling the same points without addressing incentives. Still, the details matter: conservation, building efficiency, and grid reliability all interact in ways people underestimate. When the feedback loop is distorted, everyone adapts in ways that make the whole system worse. I’m optimistic, but only if we stop pretending that technology alone can solve social problems. On the other hand, there’s pressure to pick a side, but better outcomes usually come from defining what success looks like and measuring it. One of the biggest failures is communication: too many experts speak in jargon when plain language would help. On the other hand, we’d make faster progress if we invested in boring infrastructure, clearer standards, and feedback that is hard to game. Small changes in behavior and policy add up, but only if we stick with them.",1
ai_0194,"People don’t talk enough about how sports conversations keep circling the same points without addressing incentives. In practice, the details matter: team chemistry, commercialization, and injury prevention all interact in ways people underestimate. There’s a real difference between personal responsibility and asking individuals to compensate for broken systems. A policy can be well-intentioned and still produce perverse incentives if it ignores human behavior. In practice, there’s pressure to pick a side, but better outcomes usually come from defining what success looks like and measuring it. The most persuasive arguments usually combine data with a clear story about tradeoffs and constraints. In daily life, we’d make faster progress if we invested in boring infrastructure, clearer standards, and feedback that is hard to game. It would help if we measured outcomes honestly instead of arguing only about intentions.",1
ai_0195,"What stands out to me is how health conversations keep circling the same points without addressing incentives. Still, the details matter: insurance friction, preventive care, and public health communication all interact in ways people underestimate. The conversation improves when we acknowledge that reasonable people can disagree about priorities. We should separate what feels satisfying in the moment from what actually improves outcomes over time. On the other hand, there’s pressure to pick a side, but better outcomes usually come from defining what success looks like and measuring it. What gets lost is the cumulative effect of small frictions that make participation exhausting. Still, we’d make faster progress if we invested in boring infrastructure, clearer standards, and feedback that is hard to game. I’d love to see more emphasis on competence, not just confidence.",1
ai_0196,"The longer I watch this, the more I think tech conversations keep circling the same points without addressing incentives. From a systems perspective, the details matter: platform incentives, cybersecurity, and cloud costs all interact in ways people underestimate. What gets lost is the cumulative effect of small frictions that make participation exhausting. A policy can be well-intentioned and still produce perverse incentives if it ignores human behavior. That said, there’s pressure to pick a side, but better outcomes usually come from defining what success looks like and measuring it. There’s a real difference between personal responsibility and asking individuals to compensate for broken systems. That said, we’d make faster progress if we invested in boring infrastructure, clearer standards, and feedback that is hard to game. We can debate details forever, but the direction should be: more transparency and fewer gotchas.",1
ai_0197,"The uncomfortable truth is that tech conversations keep circling the same points without addressing incentives. At the same time, the details matter: automation, developer experience, and product design all interact in ways people underestimate. One of the biggest failures is communication: too many experts speak in jargon when plain language would help. It’s easy to treat this as an individual choice problem, but the structure pushes people into predictable decisions. That said, there’s pressure to pick a side, but better outcomes usually come from defining what success looks like and measuring it. Good governance looks boring: budgets, maintenance, audits, and incremental improvements that rarely go viral. From a systems perspective, we’d make faster progress if we invested in boring infrastructure, clearer standards, and feedback that is hard to game. The best version of this is possible, but it requires humility, guardrails, and real accountability.",1
ai_0198,"A lot of the frustration comes from how health conversations keep circling the same points without addressing incentives. In practice, the details matter: sleep, insurance friction, and burnout all interact in ways people underestimate. The conversation improves when we acknowledge that reasonable people can disagree about priorities. Good governance looks boring: budgets, maintenance, audits, and incremental improvements that rarely go viral. In my view, there’s pressure to pick a side, but better outcomes usually come from defining what success looks like and measuring it. I’m optimistic, but only if we stop pretending that technology alone can solve social problems. In practice, we’d make faster progress if we invested in boring infrastructure, clearer standards, and feedback that is hard to game. It would help if we measured outcomes honestly instead of arguing only about intentions.",1
ai_0199,"I keep thinking about how sports conversations keep circling the same points without addressing incentives. At the same time, the details matter: team chemistry, fairness, and youth pipelines all interact in ways people underestimate. Short-term incentives reward attention over accuracy, which makes serious discussion feel optional. The most persuasive arguments usually combine data with a clear story about tradeoffs and constraints. That said, there’s pressure to pick a side, but better outcomes usually come from defining what success looks like and measuring it. Transparency matters because it lets the public distinguish honest mistakes from intentional manipulation. From a systems perspective, we’d make faster progress if we invested in boring infrastructure, clearer standards, and feedback that is hard to game. I’d love to see more emphasis on competence, not just confidence.",1
ai_0200,"Lately I’ve noticed how climate conversations keep circling the same points without addressing incentives. Still, the details matter: community resilience, extreme weather, and building efficiency all interact in ways people underestimate. There’s a real difference between personal responsibility and asking individuals to compensate for broken systems. It’s easy to treat this as an individual choice problem, but the structure pushes people into predictable decisions. In practice, there’s pressure to pick a side, but better outcomes usually come from defining what success looks like and measuring it. One of the biggest failures is communication: too many experts speak in jargon when plain language would help. Still, we’d make faster progress if we invested in boring infrastructure, clearer standards, and feedback that is hard to game. Small changes in behavior and policy add up, but only if we stick with them.",1
ai_0201,"I keep thinking about how sports conversations keep circling the same points without addressing incentives. To be fair, the details matter: player development, youth pipelines, and injury prevention all interact in ways people underestimate. If we want trust, we need consistent rules and predictable enforcement, not surprises and exceptions. It’s easy to treat this as an individual choice problem, but the structure pushes people into predictable decisions. In practice, there’s pressure to pick a side, but better outcomes usually come from defining what success looks like and measuring it. The most persuasive arguments usually combine data with a clear story about tradeoffs and constraints. On the other hand, we’d make faster progress if we invested in boring infrastructure, clearer standards, and feedback that is hard to game. I’m not asking for perfection, just clearer incentives and better follow-through.",1
ai_0202,"What stands out to me is how climate conversations keep circling the same points without addressing incentives. In daily life, the details matter: local adaptation, community resilience, and energy transition all interact in ways people underestimate. Most solutions require coordination, which is difficult when everyone is optimizing for their own timeline. Short-term incentives reward attention over accuracy, which makes serious discussion feel optional. On the other hand, there’s pressure to pick a side, but better outcomes usually come from defining what success looks like and measuring it. Short-term incentives reward attention over accuracy, which makes serious discussion feel optional. Zooming out, we’d make faster progress if we invested in boring infrastructure, clearer standards, and feedback that is hard to game. We can debate details forever, but the direction should be: more transparency and fewer gotchas.",1
ai_0203,"A lot of the frustration comes from how sports conversations keep circling the same points without addressing incentives. That said, the details matter: player development, rule changes, and injury prevention all interact in ways people underestimate. It’s easy to treat this as an individual choice problem, but the structure pushes people into predictable decisions. The most persuasive arguments usually combine data with a clear story about tradeoffs and constraints. On the other hand, there’s pressure to pick a side, but better outcomes usually come from defining what success looks like and measuring it. The most persuasive arguments usually combine data with a clear story about tradeoffs and constraints. To be fair, we’d make faster progress if we invested in boring infrastructure, clearer standards, and feedback that is hard to game. We can debate details forever, but the direction should be: more transparency and fewer gotchas.",1
ai_0204,"The longer I watch this, the more I think sports conversations keep circling the same points without addressing incentives. Still, the details matter: youth pipelines, fan culture, and injury prevention all interact in ways people underestimate. A policy can be well-intentioned and still produce perverse incentives if it ignores human behavior. I’m optimistic, but only if we stop pretending that technology alone can solve social problems. Still, there’s pressure to pick a side, but better outcomes usually come from defining what success looks like and measuring it. Short-term incentives reward attention over accuracy, which makes serious discussion feel optional. That said, we’d make faster progress if we invested in boring infrastructure, clearer standards, and feedback that is hard to game. It would help if we measured outcomes honestly instead of arguing only about intentions.",1
ai_0205,"What stands out to me is how tech conversations keep circling the same points without addressing incentives. To be fair, the details matter: automation, product design, and open source all interact in ways people underestimate. The gap between what’s technically possible and what’s socially acceptable is widening fast. It’s easy to treat this as an individual choice problem, but the structure pushes people into predictable decisions. In daily life, there’s pressure to pick a side, but better outcomes usually come from defining what success looks like and measuring it. The most persuasive arguments usually combine data with a clear story about tradeoffs and constraints. From a systems perspective, we’d make faster progress if we invested in boring infrastructure, clearer standards, and feedback that is hard to game. It would help if we measured outcomes honestly instead of arguing only about intentions.",1
ai_0206,"The longer I watch this, the more I think economy conversations keep circling the same points without addressing incentives. In my view, the details matter: housing affordability, interest rates, and small business all interact in ways people underestimate. There’s a real difference between personal responsibility and asking individuals to compensate for broken systems. It’s easy to treat this as an individual choice problem, but the structure pushes people into predictable decisions. Still, there’s pressure to pick a side, but better outcomes usually come from defining what success looks like and measuring it. We should separate what feels satisfying in the moment from what actually improves outcomes over time. On the other hand, we’d make faster progress if we invested in boring infrastructure, clearer standards, and feedback that is hard to game. Small changes in behavior and policy add up, but only if we stick with them.",1
ai_0207,"A fair critique is that relationships conversations keep circling the same points without addressing incentives. In daily life, the details matter: communication, conflict resolution, and friendship drift all interact in ways people underestimate. What gets lost is the cumulative effect of small frictions that make participation exhausting. People respond to what is easy, default, and rewarded, not what is merely recommended. Zooming out, there’s pressure to pick a side, but better outcomes usually come from defining what success looks like and measuring it. When the feedback loop is distorted, everyone adapts in ways that make the whole system worse. On the other hand, we’d make faster progress if we invested in boring infrastructure, clearer standards, and feedback that is hard to game. The solution is probably less dramatic than people want: steady investment and patient execution.",1
ai_0208,"Lately I’ve noticed how relationships conversations keep circling the same points without addressing incentives. From a systems perspective, the details matter: social media dynamics, trust, and boundaries all interact in ways people underestimate. A policy can be well-intentioned and still produce perverse incentives if it ignores human behavior. Short-term incentives reward attention over accuracy, which makes serious discussion feel optional. In daily life, there’s pressure to pick a side, but better outcomes usually come from defining what success looks like and measuring it. One of the biggest failures is communication: too many experts speak in jargon when plain language would help. That said, we’d make faster progress if we invested in boring infrastructure, clearer standards, and feedback that is hard to game. We can debate details forever, but the direction should be: more transparency and fewer gotchas.",1
ai_0209,"People don’t talk enough about how relationships conversations keep circling the same points without addressing incentives. Zooming out, the details matter: long distance, trust, and emotional labor all interact in ways people underestimate. It’s easy to treat this as an individual choice problem, but the structure pushes people into predictable decisions. Short-term incentives reward attention over accuracy, which makes serious discussion feel optional. Still, there’s pressure to pick a side, but better outcomes usually come from defining what success looks like and measuring it. I’m optimistic, but only if we stop pretending that technology alone can solve social problems. From a systems perspective, we’d make faster progress if we invested in boring infrastructure, clearer standards, and feedback that is hard to game. If we want durable progress, we have to make the boring, consistent work feel worth it.",1
ai_0210,"I keep thinking about how campus life conversations keep circling the same points without addressing incentives. At the same time, the details matter: workload balance, club culture, and student services all interact in ways people underestimate. People respond to what is easy, default, and rewarded, not what is merely recommended. A policy can be well-intentioned and still produce perverse incentives if it ignores human behavior. To be fair, there’s pressure to pick a side, but better outcomes usually come from defining what success looks like and measuring it. If we want trust, we need consistent rules and predictable enforcement, not surprises and exceptions. Zooming out, we’d make faster progress if we invested in boring infrastructure, clearer standards, and feedback that is hard to game. The best version of this is possible, but it requires humility, guardrails, and real accountability.",1
ai_0211,"One underrated piece of this is how sports conversations keep circling the same points without addressing incentives. That said, the details matter: rule changes, player development, and injury prevention all interact in ways people underestimate. A policy can be well-intentioned and still produce perverse incentives if it ignores human behavior. The gap between what’s technically possible and what’s socially acceptable is widening fast. In practice, there’s pressure to pick a side, but better outcomes usually come from defining what success looks like and measuring it. A lot of the heat comes from uncertainty, especially when outcomes are delayed or hard to measure. That said, we’d make faster progress if we invested in boring infrastructure, clearer standards, and feedback that is hard to game. We can debate details forever, but the direction should be: more transparency and fewer gotchas.",1
ai_0212,"The longer I watch this, the more I think climate conversations keep circling the same points without addressing incentives. On the other hand, the details matter: building efficiency, energy transition, and public transit all interact in ways people underestimate. It’s easy to treat this as an individual choice problem, but the structure pushes people into predictable decisions. If we want trust, we need consistent rules and predictable enforcement, not surprises and exceptions. At the same time, there’s pressure to pick a side, but better outcomes usually come from defining what success looks like and measuring it. The most persuasive arguments usually combine data with a clear story about tradeoffs and constraints. On the other hand, we’d make faster progress if we invested in boring infrastructure, clearer standards, and feedback that is hard to game. I’d love to see more emphasis on competence, not just confidence.",1
ai_0213,"What stands out to me is how campus life conversations keep circling the same points without addressing incentives. That said, the details matter: campus resources, workload balance, and club culture all interact in ways people underestimate. Short-term incentives reward attention over accuracy, which makes serious discussion feel optional. Transparency matters because it lets the public distinguish honest mistakes from intentional manipulation. At the same time, there’s pressure to pick a side, but better outcomes usually come from defining what success looks like and measuring it. It’s also worth noting that the costs and benefits are unevenly distributed across communities. Still, we’d make faster progress if we invested in boring infrastructure, clearer standards, and feedback that is hard to game. We can debate details forever, but the direction should be: more transparency and fewer gotchas.",1
ai_0214,"What stands out to me is how relationships conversations keep circling the same points without addressing incentives. In my view, the details matter: emotional labor, work-life balance, and conflict resolution all interact in ways people underestimate. The most persuasive arguments usually combine data with a clear story about tradeoffs and constraints. Short-term incentives reward attention over accuracy, which makes serious discussion feel optional. Still, there’s pressure to pick a side, but better outcomes usually come from defining what success looks like and measuring it. The conversation improves when we acknowledge that reasonable people can disagree about priorities. In practice, we’d make faster progress if we invested in boring infrastructure, clearer standards, and feedback that is hard to game. The best version of this is possible, but it requires humility, guardrails, and real accountability.",1
ai_0215,"One underrated piece of this is how tech conversations keep circling the same points without addressing incentives. In daily life, the details matter: cybersecurity, model transparency, and data privacy all interact in ways people underestimate. Most solutions require coordination, which is difficult when everyone is optimizing for their own timeline. A policy can be well-intentioned and still produce perverse incentives if it ignores human behavior. That said, there’s pressure to pick a side, but better outcomes usually come from defining what success looks like and measuring it. One of the biggest failures is communication: too many experts speak in jargon when plain language would help. From a systems perspective, we’d make faster progress if we invested in boring infrastructure, clearer standards, and feedback that is hard to game. I’m not asking for perfection, just clearer incentives and better follow-through.",1
ai_0216,"What stands out to me is how politics conversations keep circling the same points without addressing incentives. In practice, the details matter: misinformation, voter turnout, and bipartisanship all interact in ways people underestimate. The most persuasive arguments usually combine data with a clear story about tradeoffs and constraints. We should separate what feels satisfying in the moment from what actually improves outcomes over time. That said, there’s pressure to pick a side, but better outcomes usually come from defining what success looks like and measuring it. A policy can be well-intentioned and still produce perverse incentives if it ignores human behavior. In daily life, we’d make faster progress if we invested in boring infrastructure, clearer standards, and feedback that is hard to game. I’m not asking for perfection, just clearer incentives and better follow-through.",1
ai_0217,"I keep thinking about how tech conversations keep circling the same points without addressing incentives. From a systems perspective, the details matter: AI tools, developer experience, and open source all interact in ways people underestimate. A lot of the heat comes from uncertainty, especially when outcomes are delayed or hard to measure. Transparency matters because it lets the public distinguish honest mistakes from intentional manipulation. In my view, there’s pressure to pick a side, but better outcomes usually come from defining what success looks like and measuring it. When the feedback loop is distorted, everyone adapts in ways that make the whole system worse. To be fair, we’d make faster progress if we invested in boring infrastructure, clearer standards, and feedback that is hard to game. The best version of this is possible, but it requires humility, guardrails, and real accountability.",1
ai_0218,"The longer I watch this, the more I think climate conversations keep circling the same points without addressing incentives. In my view, the details matter: local adaptation, carbon pricing, and conservation all interact in ways people underestimate. I’m optimistic, but only if we stop pretending that technology alone can solve social problems. One of the biggest failures is communication: too many experts speak in jargon when plain language would help. In practice, there’s pressure to pick a side, but better outcomes usually come from defining what success looks like and measuring it. The most persuasive arguments usually combine data with a clear story about tradeoffs and constraints. That said, we’d make faster progress if we invested in boring infrastructure, clearer standards, and feedback that is hard to game. I’m not asking for perfection, just clearer incentives and better follow-through.",1
ai_0219,"The longer I watch this, the more I think politics conversations keep circling the same points without addressing incentives. That said, the details matter: voter turnout, local government, and public trust all interact in ways people underestimate. People respond to what is easy, default, and rewarded, not what is merely recommended. The conversation improves when we acknowledge that reasonable people can disagree about priorities. From a systems perspective, there’s pressure to pick a side, but better outcomes usually come from defining what success looks like and measuring it. It’s easy to treat this as an individual choice problem, but the structure pushes people into predictable decisions. In practice, we’d make faster progress if we invested in boring infrastructure, clearer standards, and feedback that is hard to game. I’d love to see more emphasis on competence, not just confidence.",1
ai_0220,"One underrated piece of this is how campus life conversations keep circling the same points without addressing incentives. In daily life, the details matter: workload balance, career fairs, and student services all interact in ways people underestimate. We should separate what feels satisfying in the moment from what actually improves outcomes over time. Most solutions require coordination, which is difficult when everyone is optimizing for their own timeline. In practice, there’s pressure to pick a side, but better outcomes usually come from defining what success looks like and measuring it. One of the biggest failures is communication: too many experts speak in jargon when plain language would help. In daily life, we’d make faster progress if we invested in boring infrastructure, clearer standards, and feedback that is hard to game. I’d love to see more emphasis on competence, not just confidence.",1
ai_0221,"What stands out to me is how relationships conversations keep circling the same points without addressing incentives. At the same time, the details matter: friendship drift, emotional labor, and work-life balance all interact in ways people underestimate. We should separate what feels satisfying in the moment from what actually improves outcomes over time. Good governance looks boring: budgets, maintenance, audits, and incremental improvements that rarely go viral. To be fair, there’s pressure to pick a side, but better outcomes usually come from defining what success looks like and measuring it. One of the biggest failures is communication: too many experts speak in jargon when plain language would help. At the same time, we’d make faster progress if we invested in boring infrastructure, clearer standards, and feedback that is hard to game. I’m not asking for perfection, just clearer incentives and better follow-through.",1
ai_0222,"One underrated piece of this is how climate conversations keep circling the same points without addressing incentives. That said, the details matter: carbon pricing, extreme weather, and building efficiency all interact in ways people underestimate. We should separate what feels satisfying in the moment from what actually improves outcomes over time. If we want trust, we need consistent rules and predictable enforcement, not surprises and exceptions. On the other hand, there’s pressure to pick a side, but better outcomes usually come from defining what success looks like and measuring it. It’s also worth noting that the costs and benefits are unevenly distributed across communities. Zooming out, we’d make faster progress if we invested in boring infrastructure, clearer standards, and feedback that is hard to game. I’m not asking for perfection, just clearer incentives and better follow-through.",1
ai_0223,"I keep thinking about how politics conversations keep circling the same points without addressing incentives. On the other hand, the details matter: voter turnout, policy tradeoffs, and campaign messaging all interact in ways people underestimate. One of the biggest failures is communication: too many experts speak in jargon when plain language would help. Most solutions require coordination, which is difficult when everyone is optimizing for their own timeline. Zooming out, there’s pressure to pick a side, but better outcomes usually come from defining what success looks like and measuring it. It’s easy to treat this as an individual choice problem, but the structure pushes people into predictable decisions. To be fair, we’d make faster progress if we invested in boring infrastructure, clearer standards, and feedback that is hard to game. If we want durable progress, we have to make the boring, consistent work feel worth it.",1
ai_0224,"It’s hard to ignore how climate conversations keep circling the same points without addressing incentives. In daily life, the details matter: climate risk, grid reliability, and building efficiency all interact in ways people underestimate. If we want trust, we need consistent rules and predictable enforcement, not surprises and exceptions. A lot of the heat comes from uncertainty, especially when outcomes are delayed or hard to measure. In daily life, there’s pressure to pick a side, but better outcomes usually come from defining what success looks like and measuring it. We should separate what feels satisfying in the moment from what actually improves outcomes over time. At the same time, we’d make faster progress if we invested in boring infrastructure, clearer standards, and feedback that is hard to game. Small changes in behavior and policy add up, but only if we stick with them.",1
ai_0225,"People don’t talk enough about how campus life conversations keep circling the same points without addressing incentives. In my view, the details matter: club culture, career fairs, and group projects all interact in ways people underestimate. We should separate what feels satisfying in the moment from what actually improves outcomes over time. It’s easy to treat this as an individual choice problem, but the structure pushes people into predictable decisions. From a systems perspective, there’s pressure to pick a side, but better outcomes usually come from defining what success looks like and measuring it. The gap between what’s technically possible and what’s socially acceptable is widening fast. In practice, we’d make faster progress if we invested in boring infrastructure, clearer standards, and feedback that is hard to game. It would help if we measured outcomes honestly instead of arguing only about intentions.",1
ai_0226,"It’s hard to ignore how tech conversations keep circling the same points without addressing incentives. Still, the details matter: developer experience, data privacy, and platform incentives all interact in ways people underestimate. The conversation improves when we acknowledge that reasonable people can disagree about priorities. If we want trust, we need consistent rules and predictable enforcement, not surprises and exceptions. From a systems perspective, there’s pressure to pick a side, but better outcomes usually come from defining what success looks like and measuring it. The most persuasive arguments usually combine data with a clear story about tradeoffs and constraints. From a systems perspective, we’d make faster progress if we invested in boring infrastructure, clearer standards, and feedback that is hard to game. We can debate details forever, but the direction should be: more transparency and fewer gotchas.",1
ai_0227,"A lot of the frustration comes from how climate conversations keep circling the same points without addressing incentives. In practice, the details matter: local adaptation, community resilience, and public transit all interact in ways people underestimate. Transparency matters because it lets the public distinguish honest mistakes from intentional manipulation. People respond to what is easy, default, and rewarded, not what is merely recommended. That said, there’s pressure to pick a side, but better outcomes usually come from defining what success looks like and measuring it. The best approaches combine prevention, education, and a safety net for when prevention fails. That said, we’d make faster progress if we invested in boring infrastructure, clearer standards, and feedback that is hard to game. I’m not asking for perfection, just clearer incentives and better follow-through.",1
ai_0228,"It’s hard to ignore how climate conversations keep circling the same points without addressing incentives. On the other hand, the details matter: local adaptation, carbon pricing, and grid reliability all interact in ways people underestimate. A policy can be well-intentioned and still produce perverse incentives if it ignores human behavior. When the feedback loop is distorted, everyone adapts in ways that make the whole system worse. In my view, there’s pressure to pick a side, but better outcomes usually come from defining what success looks like and measuring it. People respond to what is easy, default, and rewarded, not what is merely recommended. To be fair, we’d make faster progress if we invested in boring infrastructure, clearer standards, and feedback that is hard to game. Small changes in behavior and policy add up, but only if we stick with them.",1
ai_0229,"A lot of the frustration comes from how relationships conversations keep circling the same points without addressing incentives. Zooming out, the details matter: long distance, communication, and trust all interact in ways people underestimate. The most persuasive arguments usually combine data with a clear story about tradeoffs and constraints. Most solutions require coordination, which is difficult when everyone is optimizing for their own timeline. Zooming out, there’s pressure to pick a side, but better outcomes usually come from defining what success looks like and measuring it. The most persuasive arguments usually combine data with a clear story about tradeoffs and constraints. On the other hand, we’d make faster progress if we invested in boring infrastructure, clearer standards, and feedback that is hard to game. It would help if we measured outcomes honestly instead of arguing only about intentions.",1
ai_0230,"Lately I’ve noticed how economy conversations keep circling the same points without addressing incentives. Still, the details matter: housing affordability, inflation, and inequality all interact in ways people underestimate. One of the biggest failures is communication: too many experts speak in jargon when plain language would help. It’s easy to treat this as an individual choice problem, but the structure pushes people into predictable decisions. On the other hand, there’s pressure to pick a side, but better outcomes usually come from defining what success looks like and measuring it. I’m optimistic, but only if we stop pretending that technology alone can solve social problems. To be fair, we’d make faster progress if we invested in boring infrastructure, clearer standards, and feedback that is hard to game. Small changes in behavior and policy add up, but only if we stick with them.",1
ai_0231,"Lately I’ve noticed how climate conversations keep circling the same points without addressing incentives. From a systems perspective, the details matter: energy transition, extreme weather, and conservation all interact in ways people underestimate. The conversation improves when we acknowledge that reasonable people can disagree about priorities. The most persuasive arguments usually combine data with a clear story about tradeoffs and constraints. Still, there’s pressure to pick a side, but better outcomes usually come from defining what success looks like and measuring it. When the feedback loop is distorted, everyone adapts in ways that make the whole system worse. That said, we’d make faster progress if we invested in boring infrastructure, clearer standards, and feedback that is hard to game. I’d love to see more emphasis on competence, not just confidence.",1
ai_0232,"The longer I watch this, the more I think campus life conversations keep circling the same points without addressing incentives. From a systems perspective, the details matter: workload balance, research opportunities, and group projects all interact in ways people underestimate. If we want trust, we need consistent rules and predictable enforcement, not surprises and exceptions. Transparency matters because it lets the public distinguish honest mistakes from intentional manipulation. At the same time, there’s pressure to pick a side, but better outcomes usually come from defining what success looks like and measuring it. One of the biggest failures is communication: too many experts speak in jargon when plain language would help. To be fair, we’d make faster progress if we invested in boring infrastructure, clearer standards, and feedback that is hard to game. The solution is probably less dramatic than people want: steady investment and patient execution.",1
ai_0233,"A lot of the frustration comes from how relationships conversations keep circling the same points without addressing incentives. Still, the details matter: long distance, conflict resolution, and emotional labor all interact in ways people underestimate. The best approaches combine prevention, education, and a safety net for when prevention fails. The best approaches combine prevention, education, and a safety net for when prevention fails. At the same time, there’s pressure to pick a side, but better outcomes usually come from defining what success looks like and measuring it. We should separate what feels satisfying in the moment from what actually improves outcomes over time. In daily life, we’d make faster progress if we invested in boring infrastructure, clearer standards, and feedback that is hard to game. Small changes in behavior and policy add up, but only if we stick with them.",1
ai_0234,"I keep thinking about how relationships conversations keep circling the same points without addressing incentives. That said, the details matter: social media dynamics, trust, and work-life balance all interact in ways people underestimate. A lot of the heat comes from uncertainty, especially when outcomes are delayed or hard to measure. If we want trust, we need consistent rules and predictable enforcement, not surprises and exceptions. In practice, there’s pressure to pick a side, but better outcomes usually come from defining what success looks like and measuring it. The gap between what’s technically possible and what’s socially acceptable is widening fast. To be fair, we’d make faster progress if we invested in boring infrastructure, clearer standards, and feedback that is hard to game. The solution is probably less dramatic than people want: steady investment and patient execution.",1
ai_0235,"People don’t talk enough about how tech conversations keep circling the same points without addressing incentives. From a systems perspective, the details matter: model transparency, AI tools, and cloud costs all interact in ways people underestimate. One of the biggest failures is communication: too many experts speak in jargon when plain language would help. I’m optimistic, but only if we stop pretending that technology alone can solve social problems. Zooming out, there’s pressure to pick a side, but better outcomes usually come from defining what success looks like and measuring it. A policy can be well-intentioned and still produce perverse incentives if it ignores human behavior. From a systems perspective, we’d make faster progress if we invested in boring infrastructure, clearer standards, and feedback that is hard to game. We can debate details forever, but the direction should be: more transparency and fewer gotchas.",1
ai_0236,"I keep thinking about how tech conversations keep circling the same points without addressing incentives. In my view, the details matter: cloud costs, cybersecurity, and platform incentives all interact in ways people underestimate. Short-term incentives reward attention over accuracy, which makes serious discussion feel optional. There’s a real difference between personal responsibility and asking individuals to compensate for broken systems. In daily life, there’s pressure to pick a side, but better outcomes usually come from defining what success looks like and measuring it. When the feedback loop is distorted, everyone adapts in ways that make the whole system worse. On the other hand, we’d make faster progress if we invested in boring infrastructure, clearer standards, and feedback that is hard to game. I’d love to see more emphasis on competence, not just confidence.",1
ai_0237,"What stands out to me is how politics conversations keep circling the same points without addressing incentives. That said, the details matter: civic education, bipartisanship, and local government all interact in ways people underestimate. There’s a real difference between personal responsibility and asking individuals to compensate for broken systems. Good governance looks boring: budgets, maintenance, audits, and incremental improvements that rarely go viral. On the other hand, there’s pressure to pick a side, but better outcomes usually come from defining what success looks like and measuring it. When the feedback loop is distorted, everyone adapts in ways that make the whole system worse. On the other hand, we’d make faster progress if we invested in boring infrastructure, clearer standards, and feedback that is hard to game. The solution is probably less dramatic than people want: steady investment and patient execution.",1
ai_0238,"What stands out to me is how health conversations keep circling the same points without addressing incentives. Still, the details matter: burnout, insurance friction, and access to care all interact in ways people underestimate. The conversation improves when we acknowledge that reasonable people can disagree about priorities. One of the biggest failures is communication: too many experts speak in jargon when plain language would help. On the other hand, there’s pressure to pick a side, but better outcomes usually come from defining what success looks like and measuring it. I’m optimistic, but only if we stop pretending that technology alone can solve social problems. In daily life, we’d make faster progress if we invested in boring infrastructure, clearer standards, and feedback that is hard to game. I’m not asking for perfection, just clearer incentives and better follow-through.",1
ai_0239,"A lot of the frustration comes from how sports conversations keep circling the same points without addressing incentives. Zooming out, the details matter: youth pipelines, injury prevention, and coaching strategy all interact in ways people underestimate. It’s also worth noting that the costs and benefits are unevenly distributed across communities. When the feedback loop is distorted, everyone adapts in ways that make the whole system worse. In practice, there’s pressure to pick a side, but better outcomes usually come from defining what success looks like and measuring it. It’s easy to treat this as an individual choice problem, but the structure pushes people into predictable decisions. Still, we’d make faster progress if we invested in boring infrastructure, clearer standards, and feedback that is hard to game. I’m not asking for perfection, just clearer incentives and better follow-through.",1
ai_0240,"A fair critique is that tech conversations keep circling the same points without addressing incentives. From a systems perspective, the details matter: open source, developer experience, and AI tools all interact in ways people underestimate. The best approaches combine prevention, education, and a safety net for when prevention fails. The gap between what’s technically possible and what’s socially acceptable is widening fast. At the same time, there’s pressure to pick a side, but better outcomes usually come from defining what success looks like and measuring it. A lot of the heat comes from uncertainty, especially when outcomes are delayed or hard to measure. In my view, we’d make faster progress if we invested in boring infrastructure, clearer standards, and feedback that is hard to game. We can debate details forever, but the direction should be: more transparency and fewer gotchas.",1
ai_0241,"I keep thinking about how campus life conversations keep circling the same points without addressing incentives. Still, the details matter: research opportunities, career fairs, and workload balance all interact in ways people underestimate. The most persuasive arguments usually combine data with a clear story about tradeoffs and constraints. A policy can be well-intentioned and still produce perverse incentives if it ignores human behavior. In daily life, there’s pressure to pick a side, but better outcomes usually come from defining what success looks like and measuring it. One of the biggest failures is communication: too many experts speak in jargon when plain language would help. Still, we’d make faster progress if we invested in boring infrastructure, clearer standards, and feedback that is hard to game. If we want durable progress, we have to make the boring, consistent work feel worth it.",1
ai_0242,"People don’t talk enough about how health conversations keep circling the same points without addressing incentives. In practice, the details matter: access to care, insurance friction, and mental health all interact in ways people underestimate. Transparency matters because it lets the public distinguish honest mistakes from intentional manipulation. If we want trust, we need consistent rules and predictable enforcement, not surprises and exceptions. In my view, there’s pressure to pick a side, but better outcomes usually come from defining what success looks like and measuring it. It’s also worth noting that the costs and benefits are unevenly distributed across communities. Still, we’d make faster progress if we invested in boring infrastructure, clearer standards, and feedback that is hard to game. We can debate details forever, but the direction should be: more transparency and fewer gotchas.",1
ai_0243,"Lately I’ve noticed how campus life conversations keep circling the same points without addressing incentives. In daily life, the details matter: research opportunities, time management, and career fairs all interact in ways people underestimate. People respond to what is easy, default, and rewarded, not what is merely recommended. People respond to what is easy, default, and rewarded, not what is merely recommended. Still, there’s pressure to pick a side, but better outcomes usually come from defining what success looks like and measuring it. A lot of the heat comes from uncertainty, especially when outcomes are delayed or hard to measure. To be fair, we’d make faster progress if we invested in boring infrastructure, clearer standards, and feedback that is hard to game. It would help if we measured outcomes honestly instead of arguing only about intentions.",1
ai_0244,"What stands out to me is how climate conversations keep circling the same points without addressing incentives. In daily life, the details matter: extreme weather, building efficiency, and conservation all interact in ways people underestimate. We should separate what feels satisfying in the moment from what actually improves outcomes over time. I’m optimistic, but only if we stop pretending that technology alone can solve social problems. In my view, there’s pressure to pick a side, but better outcomes usually come from defining what success looks like and measuring it. The most persuasive arguments usually combine data with a clear story about tradeoffs and constraints. In daily life, we’d make faster progress if we invested in boring infrastructure, clearer standards, and feedback that is hard to game. I’d love to see more emphasis on competence, not just confidence.",1
ai_0245,"Lately I’ve noticed how health conversations keep circling the same points without addressing incentives. In my view, the details matter: nutrition, access to care, and mental health all interact in ways people underestimate. It’s easy to treat this as an individual choice problem, but the structure pushes people into predictable decisions. The conversation improves when we acknowledge that reasonable people can disagree about priorities. In my view, there’s pressure to pick a side, but better outcomes usually come from defining what success looks like and measuring it. Most solutions require coordination, which is difficult when everyone is optimizing for their own timeline. Still, we’d make faster progress if we invested in boring infrastructure, clearer standards, and feedback that is hard to game. I’m not asking for perfection, just clearer incentives and better follow-through.",1
ai_0246,"It’s hard to ignore how relationships conversations keep circling the same points without addressing incentives. In my view, the details matter: conflict resolution, friendship drift, and emotional labor all interact in ways people underestimate. Short-term incentives reward attention over accuracy, which makes serious discussion feel optional. When the feedback loop is distorted, everyone adapts in ways that make the whole system worse. In practice, there’s pressure to pick a side, but better outcomes usually come from defining what success looks like and measuring it. What gets lost is the cumulative effect of small frictions that make participation exhausting. That said, we’d make faster progress if we invested in boring infrastructure, clearer standards, and feedback that is hard to game. I’d love to see more emphasis on competence, not just confidence.",1
ai_0247,"A lot of the frustration comes from how economy conversations keep circling the same points without addressing incentives. To be fair, the details matter: interest rates, wage growth, and consumer confidence all interact in ways people underestimate. What gets lost is the cumulative effect of small frictions that make participation exhausting. The most persuasive arguments usually combine data with a clear story about tradeoffs and constraints. In my view, there’s pressure to pick a side, but better outcomes usually come from defining what success looks like and measuring it. It’s also worth noting that the costs and benefits are unevenly distributed across communities. Zooming out, we’d make faster progress if we invested in boring infrastructure, clearer standards, and feedback that is hard to game. The solution is probably less dramatic than people want: steady investment and patient execution.",1
ai_0248,"I keep thinking about how sports conversations keep circling the same points without addressing incentives. In practice, the details matter: injury prevention, fairness, and player development all interact in ways people underestimate. There’s a real difference between personal responsibility and asking individuals to compensate for broken systems. The most persuasive arguments usually combine data with a clear story about tradeoffs and constraints. At the same time, there’s pressure to pick a side, but better outcomes usually come from defining what success looks like and measuring it. It’s easy to treat this as an individual choice problem, but the structure pushes people into predictable decisions. In my view, we’d make faster progress if we invested in boring infrastructure, clearer standards, and feedback that is hard to game. We can debate details forever, but the direction should be: more transparency and fewer gotchas.",1
ai_0249,"It’s hard to ignore how economy conversations keep circling the same points without addressing incentives. Zooming out, the details matter: wage growth, interest rates, and consumer confidence all interact in ways people underestimate. The best approaches combine prevention, education, and a safety net for when prevention fails. The best approaches combine prevention, education, and a safety net for when prevention fails. That said, there’s pressure to pick a side, but better outcomes usually come from defining what success looks like and measuring it. It’s also worth noting that the costs and benefits are unevenly distributed across communities. In my view, we’d make faster progress if we invested in boring infrastructure, clearer standards, and feedback that is hard to game. I’m not asking for perfection, just clearer incentives and better follow-through.",1
ai_0250,"What stands out to me is how climate conversations keep circling the same points without addressing incentives. At the same time, the details matter: building efficiency, grid reliability, and conservation all interact in ways people underestimate. The gap between what’s technically possible and what’s socially acceptable is widening fast. The gap between what’s technically possible and what’s socially acceptable is widening fast. That said, there’s pressure to pick a side, but better outcomes usually come from defining what success looks like and measuring it. If we want trust, we need consistent rules and predictable enforcement, not surprises and exceptions. In my view, we’d make faster progress if we invested in boring infrastructure, clearer standards, and feedback that is hard to game. Small changes in behavior and policy add up, but only if we stick with them.",1
ai_0251,"It’s hard to ignore how politics conversations keep circling the same points without addressing incentives. At the same time, the details matter: policy tradeoffs, accountability, and local government all interact in ways people underestimate. Good governance looks boring: budgets, maintenance, audits, and incremental improvements that rarely go viral. It’s also worth noting that the costs and benefits are unevenly distributed across communities. To be fair, there’s pressure to pick a side, but better outcomes usually come from defining what success looks like and measuring it. A lot of the heat comes from uncertainty, especially when outcomes are delayed or hard to measure. In daily life, we’d make faster progress if we invested in boring infrastructure, clearer standards, and feedback that is hard to game. I’m not asking for perfection, just clearer incentives and better follow-through.",1
ai_0252,"It’s hard to ignore how sports conversations keep circling the same points without addressing incentives. In practice, the details matter: youth pipelines, analytics, and rule changes all interact in ways people underestimate. The gap between what’s technically possible and what’s socially acceptable is widening fast. The most persuasive arguments usually combine data with a clear story about tradeoffs and constraints. In daily life, there’s pressure to pick a side, but better outcomes usually come from defining what success looks like and measuring it. Short-term incentives reward attention over accuracy, which makes serious discussion feel optional. From a systems perspective, we’d make faster progress if we invested in boring infrastructure, clearer standards, and feedback that is hard to game. The solution is probably less dramatic than people want: steady investment and patient execution.",1
ai_0253,"A lot of the frustration comes from how climate conversations keep circling the same points without addressing incentives. That said, the details matter: grid reliability, public transit, and energy transition all interact in ways people underestimate. It’s also worth noting that the costs and benefits are unevenly distributed across communities. It’s also worth noting that the costs and benefits are unevenly distributed across communities. In practice, there’s pressure to pick a side, but better outcomes usually come from defining what success looks like and measuring it. There’s a real difference between personal responsibility and asking individuals to compensate for broken systems. To be fair, we’d make faster progress if we invested in boring infrastructure, clearer standards, and feedback that is hard to game. If we want durable progress, we have to make the boring, consistent work feel worth it.",1
ai_0254,"People don’t talk enough about how climate conversations keep circling the same points without addressing incentives. To be fair, the details matter: climate risk, building efficiency, and grid reliability all interact in ways people underestimate. Most solutions require coordination, which is difficult when everyone is optimizing for their own timeline. When the feedback loop is distorted, everyone adapts in ways that make the whole system worse. In my view, there’s pressure to pick a side, but better outcomes usually come from defining what success looks like and measuring it. There’s a real difference between personal responsibility and asking individuals to compensate for broken systems. Still, we’d make faster progress if we invested in boring infrastructure, clearer standards, and feedback that is hard to game. I’d love to see more emphasis on competence, not just confidence.",1
ai_0255,"One underrated piece of this is how politics conversations keep circling the same points without addressing incentives. In daily life, the details matter: misinformation, policy tradeoffs, and local government all interact in ways people underestimate. The most persuasive arguments usually combine data with a clear story about tradeoffs and constraints. It’s easy to treat this as an individual choice problem, but the structure pushes people into predictable decisions. At the same time, there’s pressure to pick a side, but better outcomes usually come from defining what success looks like and measuring it. One of the biggest failures is communication: too many experts speak in jargon when plain language would help. Still, we’d make faster progress if we invested in boring infrastructure, clearer standards, and feedback that is hard to game. The best version of this is possible, but it requires humility, guardrails, and real accountability.",1
ai_0256,"The longer I watch this, the more I think politics conversations keep circling the same points without addressing incentives. Zooming out, the details matter: accountability, local government, and public trust all interact in ways people underestimate. It’s also worth noting that the costs and benefits are unevenly distributed across communities. I’m optimistic, but only if we stop pretending that technology alone can solve social problems. To be fair, there’s pressure to pick a side, but better outcomes usually come from defining what success looks like and measuring it. We should separate what feels satisfying in the moment from what actually improves outcomes over time. Zooming out, we’d make faster progress if we invested in boring infrastructure, clearer standards, and feedback that is hard to game. I’d love to see more emphasis on competence, not just confidence.",1
ai_0257,"I keep thinking about how campus life conversations keep circling the same points without addressing incentives. Zooming out, the details matter: club culture, internships, and group projects all interact in ways people underestimate. I’m optimistic, but only if we stop pretending that technology alone can solve social problems. The best approaches combine prevention, education, and a safety net for when prevention fails. In daily life, there’s pressure to pick a side, but better outcomes usually come from defining what success looks like and measuring it. A lot of the heat comes from uncertainty, especially when outcomes are delayed or hard to measure. Zooming out, we’d make faster progress if we invested in boring infrastructure, clearer standards, and feedback that is hard to game. If we want durable progress, we have to make the boring, consistent work feel worth it.",1
ai_0258,"Lately I’ve noticed how relationships conversations keep circling the same points without addressing incentives. On the other hand, the details matter: social media dynamics, long distance, and emotional labor all interact in ways people underestimate. If we want trust, we need consistent rules and predictable enforcement, not surprises and exceptions. It’s easy to treat this as an individual choice problem, but the structure pushes people into predictable decisions. Still, there’s pressure to pick a side, but better outcomes usually come from defining what success looks like and measuring it. If we want trust, we need consistent rules and predictable enforcement, not surprises and exceptions. At the same time, we’d make faster progress if we invested in boring infrastructure, clearer standards, and feedback that is hard to game. The solution is probably less dramatic than people want: steady investment and patient execution.",1
ai_0259,"It’s hard to ignore how health conversations keep circling the same points without addressing incentives. That said, the details matter: nutrition, public health communication, and access to care all interact in ways people underestimate. What gets lost is the cumulative effect of small frictions that make participation exhausting. Good governance looks boring: budgets, maintenance, audits, and incremental improvements that rarely go viral. To be fair, there’s pressure to pick a side, but better outcomes usually come from defining what success looks like and measuring it. The conversation improves when we acknowledge that reasonable people can disagree about priorities. Zooming out, we’d make faster progress if we invested in boring infrastructure, clearer standards, and feedback that is hard to game. Small changes in behavior and policy add up, but only if we stick with them.",1
ai_0260,"The uncomfortable truth is that politics conversations keep circling the same points without addressing incentives. In daily life, the details matter: civic education, misinformation, and public trust all interact in ways people underestimate. The most persuasive arguments usually combine data with a clear story about tradeoffs and constraints. If we want trust, we need consistent rules and predictable enforcement, not surprises and exceptions. Zooming out, there’s pressure to pick a side, but better outcomes usually come from defining what success looks like and measuring it. A lot of the heat comes from uncertainty, especially when outcomes are delayed or hard to measure. To be fair, we’d make faster progress if we invested in boring infrastructure, clearer standards, and feedback that is hard to game. It would help if we measured outcomes honestly instead of arguing only about intentions.",1
ai_0261,"The uncomfortable truth is that sports conversations keep circling the same points without addressing incentives. That said, the details matter: team chemistry, player development, and commercialization all interact in ways people underestimate. One of the biggest failures is communication: too many experts speak in jargon when plain language would help. If we want trust, we need consistent rules and predictable enforcement, not surprises and exceptions. In practice, there’s pressure to pick a side, but better outcomes usually come from defining what success looks like and measuring it. There’s a real difference between personal responsibility and asking individuals to compensate for broken systems. Zooming out, we’d make faster progress if we invested in boring infrastructure, clearer standards, and feedback that is hard to game. The best version of this is possible, but it requires humility, guardrails, and real accountability.",1
ai_0262,"What stands out to me is how tech conversations keep circling the same points without addressing incentives. In practice, the details matter: automation, developer experience, and AI tools all interact in ways people underestimate. The best approaches combine prevention, education, and a safety net for when prevention fails. The best approaches combine prevention, education, and a safety net for when prevention fails. To be fair, there’s pressure to pick a side, but better outcomes usually come from defining what success looks like and measuring it. What gets lost is the cumulative effect of small frictions that make participation exhausting. Still, we’d make faster progress if we invested in boring infrastructure, clearer standards, and feedback that is hard to game. I’m not asking for perfection, just clearer incentives and better follow-through.",1
ai_0263,"I keep thinking about how economy conversations keep circling the same points without addressing incentives. From a systems perspective, the details matter: interest rates, small business, and student debt all interact in ways people underestimate. Short-term incentives reward attention over accuracy, which makes serious discussion feel optional. The conversation improves when we acknowledge that reasonable people can disagree about priorities. In practice, there’s pressure to pick a side, but better outcomes usually come from defining what success looks like and measuring it. People respond to what is easy, default, and rewarded, not what is merely recommended. In my view, we’d make faster progress if we invested in boring infrastructure, clearer standards, and feedback that is hard to game. Small changes in behavior and policy add up, but only if we stick with them.",1
ai_0264,"Lately I’ve noticed how health conversations keep circling the same points without addressing incentives. Still, the details matter: public health communication, exercise habits, and mental health all interact in ways people underestimate. The conversation improves when we acknowledge that reasonable people can disagree about priorities. There’s a real difference between personal responsibility and asking individuals to compensate for broken systems. In practice, there’s pressure to pick a side, but better outcomes usually come from defining what success looks like and measuring it. If we want trust, we need consistent rules and predictable enforcement, not surprises and exceptions. From a systems perspective, we’d make faster progress if we invested in boring infrastructure, clearer standards, and feedback that is hard to game. If we want durable progress, we have to make the boring, consistent work feel worth it.",1
ai_0265,"The longer I watch this, the more I think politics conversations keep circling the same points without addressing incentives. From a systems perspective, the details matter: local government, misinformation, and accountability all interact in ways people underestimate. When the feedback loop is distorted, everyone adapts in ways that make the whole system worse. A policy can be well-intentioned and still produce perverse incentives if it ignores human behavior. Zooming out, there’s pressure to pick a side, but better outcomes usually come from defining what success looks like and measuring it. Transparency matters because it lets the public distinguish honest mistakes from intentional manipulation. In my view, we’d make faster progress if we invested in boring infrastructure, clearer standards, and feedback that is hard to game. If we want durable progress, we have to make the boring, consistent work feel worth it.",1
ai_0266,"What stands out to me is how campus life conversations keep circling the same points without addressing incentives. Zooming out, the details matter: club culture, time management, and group projects all interact in ways people underestimate. Transparency matters because it lets the public distinguish honest mistakes from intentional manipulation. The gap between what’s technically possible and what’s socially acceptable is widening fast. In daily life, there’s pressure to pick a side, but better outcomes usually come from defining what success looks like and measuring it. The gap between what’s technically possible and what’s socially acceptable is widening fast. At the same time, we’d make faster progress if we invested in boring infrastructure, clearer standards, and feedback that is hard to game. I’m not asking for perfection, just clearer incentives and better follow-through.",1
ai_0267,"I keep thinking about how economy conversations keep circling the same points without addressing incentives. In my view, the details matter: student debt, inflation, and productivity all interact in ways people underestimate. One of the biggest failures is communication: too many experts speak in jargon when plain language would help. Most solutions require coordination, which is difficult when everyone is optimizing for their own timeline. On the other hand, there’s pressure to pick a side, but better outcomes usually come from defining what success looks like and measuring it. A policy can be well-intentioned and still produce perverse incentives if it ignores human behavior. In practice, we’d make faster progress if we invested in boring infrastructure, clearer standards, and feedback that is hard to game. The best version of this is possible, but it requires humility, guardrails, and real accountability.",1
ai_0268,"People don’t talk enough about how sports conversations keep circling the same points without addressing incentives. From a systems perspective, the details matter: player development, analytics, and coaching strategy all interact in ways people underestimate. Transparency matters because it lets the public distinguish honest mistakes from intentional manipulation. It’s also worth noting that the costs and benefits are unevenly distributed across communities. In daily life, there’s pressure to pick a side, but better outcomes usually come from defining what success looks like and measuring it. I’m optimistic, but only if we stop pretending that technology alone can solve social problems. From a systems perspective, we’d make faster progress if we invested in boring infrastructure, clearer standards, and feedback that is hard to game. We can debate details forever, but the direction should be: more transparency and fewer gotchas.",1
ai_0269,"It’s hard to ignore how climate conversations keep circling the same points without addressing incentives. In practice, the details matter: carbon pricing, grid reliability, and public transit all interact in ways people underestimate. When the feedback loop is distorted, everyone adapts in ways that make the whole system worse. Transparency matters because it lets the public distinguish honest mistakes from intentional manipulation. At the same time, there’s pressure to pick a side, but better outcomes usually come from defining what success looks like and measuring it. I’m optimistic, but only if we stop pretending that technology alone can solve social problems. To be fair, we’d make faster progress if we invested in boring infrastructure, clearer standards, and feedback that is hard to game. The solution is probably less dramatic than people want: steady investment and patient execution.",1
ai_0270,"One underrated piece of this is how campus life conversations keep circling the same points without addressing incentives. To be fair, the details matter: student services, campus resources, and time management all interact in ways people underestimate. Short-term incentives reward attention over accuracy, which makes serious discussion feel optional. It’s also worth noting that the costs and benefits are unevenly distributed across communities. Zooming out, there’s pressure to pick a side, but better outcomes usually come from defining what success looks like and measuring it. A lot of the heat comes from uncertainty, especially when outcomes are delayed or hard to measure. At the same time, we’d make faster progress if we invested in boring infrastructure, clearer standards, and feedback that is hard to game. It would help if we measured outcomes honestly instead of arguing only about intentions.",1
ai_0271,"One underrated piece of this is how politics conversations keep circling the same points without addressing incentives. In daily life, the details matter: accountability, public trust, and local government all interact in ways people underestimate. If we want trust, we need consistent rules and predictable enforcement, not surprises and exceptions. What gets lost is the cumulative effect of small frictions that make participation exhausting. In practice, there’s pressure to pick a side, but better outcomes usually come from defining what success looks like and measuring it. One of the biggest failures is communication: too many experts speak in jargon when plain language would help. In practice, we’d make faster progress if we invested in boring infrastructure, clearer standards, and feedback that is hard to game. I’d love to see more emphasis on competence, not just confidence.",1
ai_0272,"One underrated piece of this is how tech conversations keep circling the same points without addressing incentives. Zooming out, the details matter: cybersecurity, open source, and automation all interact in ways people underestimate. I’m optimistic, but only if we stop pretending that technology alone can solve social problems. The most persuasive arguments usually combine data with a clear story about tradeoffs and constraints. In daily life, there’s pressure to pick a side, but better outcomes usually come from defining what success looks like and measuring it. Short-term incentives reward attention over accuracy, which makes serious discussion feel optional. To be fair, we’d make faster progress if we invested in boring infrastructure, clearer standards, and feedback that is hard to game. We can debate details forever, but the direction should be: more transparency and fewer gotchas.",1
ai_0273,"It’s hard to ignore how climate conversations keep circling the same points without addressing incentives. From a systems perspective, the details matter: climate risk, public transit, and conservation all interact in ways people underestimate. There’s a real difference between personal responsibility and asking individuals to compensate for broken systems. The conversation improves when we acknowledge that reasonable people can disagree about priorities. That said, there’s pressure to pick a side, but better outcomes usually come from defining what success looks like and measuring it. There’s a real difference between personal responsibility and asking individuals to compensate for broken systems. In my view, we’d make faster progress if we invested in boring infrastructure, clearer standards, and feedback that is hard to game. Small changes in behavior and policy add up, but only if we stick with them.",1
ai_0274,"A fair critique is that sports conversations keep circling the same points without addressing incentives. On the other hand, the details matter: fan culture, coaching strategy, and injury prevention all interact in ways people underestimate. What gets lost is the cumulative effect of small frictions that make participation exhausting. The conversation improves when we acknowledge that reasonable people can disagree about priorities. At the same time, there’s pressure to pick a side, but better outcomes usually come from defining what success looks like and measuring it. A lot of the heat comes from uncertainty, especially when outcomes are delayed or hard to measure. In daily life, we’d make faster progress if we invested in boring infrastructure, clearer standards, and feedback that is hard to game. I’m not asking for perfection, just clearer incentives and better follow-through.",1
ai_0275,"The longer I watch this, the more I think relationships conversations keep circling the same points without addressing incentives. To be fair, the details matter: social media dynamics, conflict resolution, and emotional labor all interact in ways people underestimate. I’m optimistic, but only if we stop pretending that technology alone can solve social problems. I’m optimistic, but only if we stop pretending that technology alone can solve social problems. To be fair, there’s pressure to pick a side, but better outcomes usually come from defining what success looks like and measuring it. The gap between what’s technically possible and what’s socially acceptable is widening fast. At the same time, we’d make faster progress if we invested in boring infrastructure, clearer standards, and feedback that is hard to game. We can debate details forever, but the direction should be: more transparency and fewer gotchas.",1
ai_0276,"People don’t talk enough about how economy conversations keep circling the same points without addressing incentives. Zooming out, the details matter: student debt, inequality, and productivity all interact in ways people underestimate. Good governance looks boring: budgets, maintenance, audits, and incremental improvements that rarely go viral. Transparency matters because it lets the public distinguish honest mistakes from intentional manipulation. In practice, there’s pressure to pick a side, but better outcomes usually come from defining what success looks like and measuring it. People respond to what is easy, default, and rewarded, not what is merely recommended. Still, we’d make faster progress if we invested in boring infrastructure, clearer standards, and feedback that is hard to game. If we want durable progress, we have to make the boring, consistent work feel worth it.",1
ai_0277,"A fair critique is that economy conversations keep circling the same points without addressing incentives. Still, the details matter: productivity, wage growth, and labor market all interact in ways people underestimate. We should separate what feels satisfying in the moment from what actually improves outcomes over time. One of the biggest failures is communication: too many experts speak in jargon when plain language would help. In my view, there’s pressure to pick a side, but better outcomes usually come from defining what success looks like and measuring it. We should separate what feels satisfying in the moment from what actually improves outcomes over time. That said, we’d make faster progress if we invested in boring infrastructure, clearer standards, and feedback that is hard to game. Small changes in behavior and policy add up, but only if we stick with them.",1
ai_0278,"One underrated piece of this is how economy conversations keep circling the same points without addressing incentives. In daily life, the details matter: interest rates, small business, and inequality all interact in ways people underestimate. The most persuasive arguments usually combine data with a clear story about tradeoffs and constraints. It’s also worth noting that the costs and benefits are unevenly distributed across communities. In practice, there’s pressure to pick a side, but better outcomes usually come from defining what success looks like and measuring it. When the feedback loop is distorted, everyone adapts in ways that make the whole system worse. From a systems perspective, we’d make faster progress if we invested in boring infrastructure, clearer standards, and feedback that is hard to game. If we want durable progress, we have to make the boring, consistent work feel worth it.",1
ai_0279,"The longer I watch this, the more I think tech conversations keep circling the same points without addressing incentives. Zooming out, the details matter: automation, open source, and data privacy all interact in ways people underestimate. When the feedback loop is distorted, everyone adapts in ways that make the whole system worse. A lot of the heat comes from uncertainty, especially when outcomes are delayed or hard to measure. In practice, there’s pressure to pick a side, but better outcomes usually come from defining what success looks like and measuring it. A lot of the heat comes from uncertainty, especially when outcomes are delayed or hard to measure. To be fair, we’d make faster progress if we invested in boring infrastructure, clearer standards, and feedback that is hard to game. The solution is probably less dramatic than people want: steady investment and patient execution.",1
ai_0280,"What stands out to me is how climate conversations keep circling the same points without addressing incentives. In my view, the details matter: carbon pricing, building efficiency, and community resilience all interact in ways people underestimate. It’s also worth noting that the costs and benefits are unevenly distributed across communities. The conversation improves when we acknowledge that reasonable people can disagree about priorities. Still, there’s pressure to pick a side, but better outcomes usually come from defining what success looks like and measuring it. Transparency matters because it lets the public distinguish honest mistakes from intentional manipulation. That said, we’d make faster progress if we invested in boring infrastructure, clearer standards, and feedback that is hard to game. We can debate details forever, but the direction should be: more transparency and fewer gotchas.",1
ai_0281,"One underrated piece of this is how tech conversations keep circling the same points without addressing incentives. On the other hand, the details matter: AI tools, developer experience, and automation all interact in ways people underestimate. Transparency matters because it lets the public distinguish honest mistakes from intentional manipulation. It’s also worth noting that the costs and benefits are unevenly distributed across communities. Still, there’s pressure to pick a side, but better outcomes usually come from defining what success looks like and measuring it. It’s easy to treat this as an individual choice problem, but the structure pushes people into predictable decisions. In daily life, we’d make faster progress if we invested in boring infrastructure, clearer standards, and feedback that is hard to game. It would help if we measured outcomes honestly instead of arguing only about intentions.",1
ai_0282,"The longer I watch this, the more I think sports conversations keep circling the same points without addressing incentives. To be fair, the details matter: team chemistry, rule changes, and commercialization all interact in ways people underestimate. Short-term incentives reward attention over accuracy, which makes serious discussion feel optional. When the feedback loop is distorted, everyone adapts in ways that make the whole system worse. From a systems perspective, there’s pressure to pick a side, but better outcomes usually come from defining what success looks like and measuring it. Good governance looks boring: budgets, maintenance, audits, and incremental improvements that rarely go viral. To be fair, we’d make faster progress if we invested in boring infrastructure, clearer standards, and feedback that is hard to game. The solution is probably less dramatic than people want: steady investment and patient execution.",1
ai_0283,"A fair critique is that campus life conversations keep circling the same points without addressing incentives. On the other hand, the details matter: career fairs, workload balance, and campus resources all interact in ways people underestimate. We should separate what feels satisfying in the moment from what actually improves outcomes over time. We should separate what feels satisfying in the moment from what actually improves outcomes over time. At the same time, there’s pressure to pick a side, but better outcomes usually come from defining what success looks like and measuring it. One of the biggest failures is communication: too many experts speak in jargon when plain language would help. At the same time, we’d make faster progress if we invested in boring infrastructure, clearer standards, and feedback that is hard to game. Small changes in behavior and policy add up, but only if we stick with them.",1
ai_0284,"A fair critique is that campus life conversations keep circling the same points without addressing incentives. In daily life, the details matter: research opportunities, internships, and group projects all interact in ways people underestimate. It’s easy to treat this as an individual choice problem, but the structure pushes people into predictable decisions. When the feedback loop is distorted, everyone adapts in ways that make the whole system worse. In practice, there’s pressure to pick a side, but better outcomes usually come from defining what success looks like and measuring it. People respond to what is easy, default, and rewarded, not what is merely recommended. Still, we’d make faster progress if we invested in boring infrastructure, clearer standards, and feedback that is hard to game. Small changes in behavior and policy add up, but only if we stick with them.",1
ai_0285,"The longer I watch this, the more I think tech conversations keep circling the same points without addressing incentives. Still, the details matter: automation, model transparency, and product design all interact in ways people underestimate. One of the biggest failures is communication: too many experts speak in jargon when plain language would help. The gap between what’s technically possible and what’s socially acceptable is widening fast. In my view, there’s pressure to pick a side, but better outcomes usually come from defining what success looks like and measuring it. Transparency matters because it lets the public distinguish honest mistakes from intentional manipulation. From a systems perspective, we’d make faster progress if we invested in boring infrastructure, clearer standards, and feedback that is hard to game. The best version of this is possible, but it requires humility, guardrails, and real accountability.",1
ai_0286,"What stands out to me is how campus life conversations keep circling the same points without addressing incentives. On the other hand, the details matter: workload balance, student services, and time management all interact in ways people underestimate. A policy can be well-intentioned and still produce perverse incentives if it ignores human behavior. Transparency matters because it lets the public distinguish honest mistakes from intentional manipulation. At the same time, there’s pressure to pick a side, but better outcomes usually come from defining what success looks like and measuring it. The most persuasive arguments usually combine data with a clear story about tradeoffs and constraints. In daily life, we’d make faster progress if we invested in boring infrastructure, clearer standards, and feedback that is hard to game. We can debate details forever, but the direction should be: more transparency and fewer gotchas.",1
ai_0287,"A fair critique is that relationships conversations keep circling the same points without addressing incentives. In daily life, the details matter: communication, trust, and conflict resolution all interact in ways people underestimate. When the feedback loop is distorted, everyone adapts in ways that make the whole system worse. The most persuasive arguments usually combine data with a clear story about tradeoffs and constraints. At the same time, there’s pressure to pick a side, but better outcomes usually come from defining what success looks like and measuring it. Short-term incentives reward attention over accuracy, which makes serious discussion feel optional. In daily life, we’d make faster progress if we invested in boring infrastructure, clearer standards, and feedback that is hard to game. I’m not asking for perfection, just clearer incentives and better follow-through.",1
ai_0288,"The longer I watch this, the more I think relationships conversations keep circling the same points without addressing incentives. That said, the details matter: boundaries, trust, and social media dynamics all interact in ways people underestimate. It’s also worth noting that the costs and benefits are unevenly distributed across communities. A lot of the heat comes from uncertainty, especially when outcomes are delayed or hard to measure. Zooming out, there’s pressure to pick a side, but better outcomes usually come from defining what success looks like and measuring it. The gap between what’s technically possible and what’s socially acceptable is widening fast. In practice, we’d make faster progress if we invested in boring infrastructure, clearer standards, and feedback that is hard to game. I’m not asking for perfection, just clearer incentives and better follow-through.",1
ai_0289,"A fair critique is that climate conversations keep circling the same points without addressing incentives. In practice, the details matter: public transit, building efficiency, and energy transition all interact in ways people underestimate. A lot of the heat comes from uncertainty, especially when outcomes are delayed or hard to measure. If we want trust, we need consistent rules and predictable enforcement, not surprises and exceptions. In daily life, there’s pressure to pick a side, but better outcomes usually come from defining what success looks like and measuring it. The most persuasive arguments usually combine data with a clear story about tradeoffs and constraints. In daily life, we’d make faster progress if we invested in boring infrastructure, clearer standards, and feedback that is hard to game. If we want durable progress, we have to make the boring, consistent work feel worth it.",1
ai_0290,"A lot of the frustration comes from how tech conversations keep circling the same points without addressing incentives. On the other hand, the details matter: cybersecurity, data privacy, and model transparency all interact in ways people underestimate. There’s a real difference between personal responsibility and asking individuals to compensate for broken systems. A policy can be well-intentioned and still produce perverse incentives if it ignores human behavior. In daily life, there’s pressure to pick a side, but better outcomes usually come from defining what success looks like and measuring it. The gap between what’s technically possible and what’s socially acceptable is widening fast. On the other hand, we’d make faster progress if we invested in boring infrastructure, clearer standards, and feedback that is hard to game. We can debate details forever, but the direction should be: more transparency and fewer gotchas.",1
ai_0291,"I keep thinking about how sports conversations keep circling the same points without addressing incentives. Zooming out, the details matter: rule changes, fan culture, and injury prevention all interact in ways people underestimate. It’s also worth noting that the costs and benefits are unevenly distributed across communities. The conversation improves when we acknowledge that reasonable people can disagree about priorities. From a systems perspective, there’s pressure to pick a side, but better outcomes usually come from defining what success looks like and measuring it. We should separate what feels satisfying in the moment from what actually improves outcomes over time. On the other hand, we’d make faster progress if we invested in boring infrastructure, clearer standards, and feedback that is hard to game. I’m not asking for perfection, just clearer incentives and better follow-through.",1
ai_0292,"The uncomfortable truth is that economy conversations keep circling the same points without addressing incentives. From a systems perspective, the details matter: inflation, housing affordability, and inequality all interact in ways people underestimate. A policy can be well-intentioned and still produce perverse incentives if it ignores human behavior. It’s easy to treat this as an individual choice problem, but the structure pushes people into predictable decisions. Still, there’s pressure to pick a side, but better outcomes usually come from defining what success looks like and measuring it. The most persuasive arguments usually combine data with a clear story about tradeoffs and constraints. That said, we’d make faster progress if we invested in boring infrastructure, clearer standards, and feedback that is hard to game. Small changes in behavior and policy add up, but only if we stick with them.",1
ai_0293,"One underrated piece of this is how climate conversations keep circling the same points without addressing incentives. From a systems perspective, the details matter: local adaptation, community resilience, and public transit all interact in ways people underestimate. Transparency matters because it lets the public distinguish honest mistakes from intentional manipulation. When the feedback loop is distorted, everyone adapts in ways that make the whole system worse. At the same time, there’s pressure to pick a side, but better outcomes usually come from defining what success looks like and measuring it. People respond to what is easy, default, and rewarded, not what is merely recommended. That said, we’d make faster progress if we invested in boring infrastructure, clearer standards, and feedback that is hard to game. We can debate details forever, but the direction should be: more transparency and fewer gotchas.",1
ai_0294,"It’s hard to ignore how economy conversations keep circling the same points without addressing incentives. At the same time, the details matter: small business, interest rates, and housing affordability all interact in ways people underestimate. Transparency matters because it lets the public distinguish honest mistakes from intentional manipulation. The conversation improves when we acknowledge that reasonable people can disagree about priorities. At the same time, there’s pressure to pick a side, but better outcomes usually come from defining what success looks like and measuring it. One of the biggest failures is communication: too many experts speak in jargon when plain language would help. Still, we’d make faster progress if we invested in boring infrastructure, clearer standards, and feedback that is hard to game. I’d love to see more emphasis on competence, not just confidence.",1
ai_0295,"People don’t talk enough about how relationships conversations keep circling the same points without addressing incentives. In my view, the details matter: work-life balance, conflict resolution, and boundaries all interact in ways people underestimate. What gets lost is the cumulative effect of small frictions that make participation exhausting. What gets lost is the cumulative effect of small frictions that make participation exhausting. Still, there’s pressure to pick a side, but better outcomes usually come from defining what success looks like and measuring it. Most solutions require coordination, which is difficult when everyone is optimizing for their own timeline. That said, we’d make faster progress if we invested in boring infrastructure, clearer standards, and feedback that is hard to game. Small changes in behavior and policy add up, but only if we stick with them.",1
ai_0296,"What stands out to me is how sports conversations keep circling the same points without addressing incentives. That said, the details matter: rule changes, fairness, and team chemistry all interact in ways people underestimate. Transparency matters because it lets the public distinguish honest mistakes from intentional manipulation. The most persuasive arguments usually combine data with a clear story about tradeoffs and constraints. Still, there’s pressure to pick a side, but better outcomes usually come from defining what success looks like and measuring it. If we want trust, we need consistent rules and predictable enforcement, not surprises and exceptions. At the same time, we’d make faster progress if we invested in boring infrastructure, clearer standards, and feedback that is hard to game. I’d love to see more emphasis on competence, not just confidence.",1
ai_0297,"The uncomfortable truth is that health conversations keep circling the same points without addressing incentives. To be fair, the details matter: burnout, exercise habits, and nutrition all interact in ways people underestimate. Short-term incentives reward attention over accuracy, which makes serious discussion feel optional. A lot of the heat comes from uncertainty, especially when outcomes are delayed or hard to measure. In my view, there’s pressure to pick a side, but better outcomes usually come from defining what success looks like and measuring it. It’s also worth noting that the costs and benefits are unevenly distributed across communities. In daily life, we’d make faster progress if we invested in boring infrastructure, clearer standards, and feedback that is hard to game. I’d love to see more emphasis on competence, not just confidence.",1
ai_0298,"I keep thinking about how relationships conversations keep circling the same points without addressing incentives. That said, the details matter: boundaries, trust, and social media dynamics all interact in ways people underestimate. Short-term incentives reward attention over accuracy, which makes serious discussion feel optional. A policy can be well-intentioned and still produce perverse incentives if it ignores human behavior. In practice, there’s pressure to pick a side, but better outcomes usually come from defining what success looks like and measuring it. I’m optimistic, but only if we stop pretending that technology alone can solve social problems. In my view, we’d make faster progress if we invested in boring infrastructure, clearer standards, and feedback that is hard to game. The solution is probably less dramatic than people want: steady investment and patient execution.",1
ai_0299,"The longer I watch this, the more I think tech conversations keep circling the same points without addressing incentives. On the other hand, the details matter: product design, model transparency, and data privacy all interact in ways people underestimate. What gets lost is the cumulative effect of small frictions that make participation exhausting. A lot of the heat comes from uncertainty, especially when outcomes are delayed or hard to measure. From a systems perspective, there’s pressure to pick a side, but better outcomes usually come from defining what success looks like and measuring it. Good governance looks boring: budgets, maintenance, audits, and incremental improvements that rarely go viral. In my view, we’d make faster progress if we invested in boring infrastructure, clearer standards, and feedback that is hard to game. I’m not asking for perfection, just clearer incentives and better follow-through.",1
ai_0300,"A lot of the frustration comes from how campus life conversations keep circling the same points without addressing incentives. Still, the details matter: workload balance, research opportunities, and imposter syndrome all interact in ways people underestimate. The conversation improves when we acknowledge that reasonable people can disagree about priorities. We should separate what feels satisfying in the moment from what actually improves outcomes over time. That said, there’s pressure to pick a side, but better outcomes usually come from defining what success looks like and measuring it. The conversation improves when we acknowledge that reasonable people can disagree about priorities. From a systems perspective, we’d make faster progress if we invested in boring infrastructure, clearer standards, and feedback that is hard to game. Small changes in behavior and policy add up, but only if we stick with them.",1
ai_0301,"A fair critique is that relationships conversations keep circling the same points without addressing incentives. To be fair, the details matter: communication, emotional labor, and friendship drift all interact in ways people underestimate. It’s easy to treat this as an individual choice problem, but the structure pushes people into predictable decisions. Most solutions require coordination, which is difficult when everyone is optimizing for their own timeline. To be fair, there’s pressure to pick a side, but better outcomes usually come from defining what success looks like and measuring it. Most solutions require coordination, which is difficult when everyone is optimizing for their own timeline. On the other hand, we’d make faster progress if we invested in boring infrastructure, clearer standards, and feedback that is hard to game. I’d love to see more emphasis on competence, not just confidence.",1
ai_0302,"People don’t talk enough about how sports conversations keep circling the same points without addressing incentives. That said, the details matter: player development, fairness, and commercialization all interact in ways people underestimate. The most persuasive arguments usually combine data with a clear story about tradeoffs and constraints. What gets lost is the cumulative effect of small frictions that make participation exhausting. From a systems perspective, there’s pressure to pick a side, but better outcomes usually come from defining what success looks like and measuring it. If we want trust, we need consistent rules and predictable enforcement, not surprises and exceptions. At the same time, we’d make faster progress if we invested in boring infrastructure, clearer standards, and feedback that is hard to game. I’m not asking for perfection, just clearer incentives and better follow-through.",1
ai_0303,"It’s hard to ignore how economy conversations keep circling the same points without addressing incentives. In daily life, the details matter: inequality, consumer confidence, and inflation all interact in ways people underestimate. A policy can be well-intentioned and still produce perverse incentives if it ignores human behavior. Good governance looks boring: budgets, maintenance, audits, and incremental improvements that rarely go viral. In daily life, there’s pressure to pick a side, but better outcomes usually come from defining what success looks like and measuring it. The gap between what’s technically possible and what’s socially acceptable is widening fast. In practice, we’d make faster progress if we invested in boring infrastructure, clearer standards, and feedback that is hard to game. I’d love to see more emphasis on competence, not just confidence.",1
ai_0304,"Lately I’ve noticed how climate conversations keep circling the same points without addressing incentives. From a systems perspective, the details matter: carbon pricing, conservation, and extreme weather all interact in ways people underestimate. The best approaches combine prevention, education, and a safety net for when prevention fails. The best approaches combine prevention, education, and a safety net for when prevention fails. In my view, there’s pressure to pick a side, but better outcomes usually come from defining what success looks like and measuring it. It’s also worth noting that the costs and benefits are unevenly distributed across communities. Zooming out, we’d make faster progress if we invested in boring infrastructure, clearer standards, and feedback that is hard to game. We can debate details forever, but the direction should be: more transparency and fewer gotchas.",1
ai_0305,"Lately I’ve noticed how economy conversations keep circling the same points without addressing incentives. At the same time, the details matter: productivity, housing affordability, and inequality all interact in ways people underestimate. People respond to what is easy, default, and rewarded, not what is merely recommended. Good governance looks boring: budgets, maintenance, audits, and incremental improvements that rarely go viral. In my view, there’s pressure to pick a side, but better outcomes usually come from defining what success looks like and measuring it. A policy can be well-intentioned and still produce perverse incentives if it ignores human behavior. In my view, we’d make faster progress if we invested in boring infrastructure, clearer standards, and feedback that is hard to game. We can debate details forever, but the direction should be: more transparency and fewer gotchas.",1
ai_0306,"A lot of the frustration comes from how sports conversations keep circling the same points without addressing incentives. Still, the details matter: player development, analytics, and injury prevention all interact in ways people underestimate. There’s a real difference between personal responsibility and asking individuals to compensate for broken systems. The best approaches combine prevention, education, and a safety net for when prevention fails. To be fair, there’s pressure to pick a side, but better outcomes usually come from defining what success looks like and measuring it. The gap between what’s technically possible and what’s socially acceptable is widening fast. That said, we’d make faster progress if we invested in boring infrastructure, clearer standards, and feedback that is hard to game. The solution is probably less dramatic than people want: steady investment and patient execution.",1
ai_0307,"A lot of the frustration comes from how economy conversations keep circling the same points without addressing incentives. On the other hand, the details matter: housing affordability, interest rates, and student debt all interact in ways people underestimate. If we want trust, we need consistent rules and predictable enforcement, not surprises and exceptions. When the feedback loop is distorted, everyone adapts in ways that make the whole system worse. In my view, there’s pressure to pick a side, but better outcomes usually come from defining what success looks like and measuring it. I’m optimistic, but only if we stop pretending that technology alone can solve social problems. That said, we’d make faster progress if we invested in boring infrastructure, clearer standards, and feedback that is hard to game. If we want durable progress, we have to make the boring, consistent work feel worth it.",1
ai_0308,"A lot of the frustration comes from how health conversations keep circling the same points without addressing incentives. At the same time, the details matter: exercise habits, burnout, and nutrition all interact in ways people underestimate. Good governance looks boring: budgets, maintenance, audits, and incremental improvements that rarely go viral. If we want trust, we need consistent rules and predictable enforcement, not surprises and exceptions. Zooming out, there’s pressure to pick a side, but better outcomes usually come from defining what success looks like and measuring it. I’m optimistic, but only if we stop pretending that technology alone can solve social problems. At the same time, we’d make faster progress if we invested in boring infrastructure, clearer standards, and feedback that is hard to game. I’d love to see more emphasis on competence, not just confidence.",1
ai_0309,"What stands out to me is how politics conversations keep circling the same points without addressing incentives. That said, the details matter: civic education, voter turnout, and accountability all interact in ways people underestimate. The best approaches combine prevention, education, and a safety net for when prevention fails. The conversation improves when we acknowledge that reasonable people can disagree about priorities. To be fair, there’s pressure to pick a side, but better outcomes usually come from defining what success looks like and measuring it. A policy can be well-intentioned and still produce perverse incentives if it ignores human behavior. In daily life, we’d make faster progress if we invested in boring infrastructure, clearer standards, and feedback that is hard to game. The best version of this is possible, but it requires humility, guardrails, and real accountability.",1
ai_0310,"The longer I watch this, the more I think campus life conversations keep circling the same points without addressing incentives. In my view, the details matter: group projects, student services, and club culture all interact in ways people underestimate. A lot of the heat comes from uncertainty, especially when outcomes are delayed or hard to measure. A lot of the heat comes from uncertainty, especially when outcomes are delayed or hard to measure. In practice, there’s pressure to pick a side, but better outcomes usually come from defining what success looks like and measuring it. If we want trust, we need consistent rules and predictable enforcement, not surprises and exceptions. From a systems perspective, we’d make faster progress if we invested in boring infrastructure, clearer standards, and feedback that is hard to game. Small changes in behavior and policy add up, but only if we stick with them.",1
ai_0311,"Lately I’ve noticed how tech conversations keep circling the same points without addressing incentives. On the other hand, the details matter: model transparency, product design, and open source all interact in ways people underestimate. One of the biggest failures is communication: too many experts speak in jargon when plain language would help. A lot of the heat comes from uncertainty, especially when outcomes are delayed or hard to measure. In daily life, there’s pressure to pick a side, but better outcomes usually come from defining what success looks like and measuring it. Transparency matters because it lets the public distinguish honest mistakes from intentional manipulation. In practice, we’d make faster progress if we invested in boring infrastructure, clearer standards, and feedback that is hard to game. We can debate details forever, but the direction should be: more transparency and fewer gotchas.",1
ai_0312,"The uncomfortable truth is that relationships conversations keep circling the same points without addressing incentives. In daily life, the details matter: boundaries, shared goals, and social media dynamics all interact in ways people underestimate. People respond to what is easy, default, and rewarded, not what is merely recommended. If we want trust, we need consistent rules and predictable enforcement, not surprises and exceptions. To be fair, there’s pressure to pick a side, but better outcomes usually come from defining what success looks like and measuring it. Short-term incentives reward attention over accuracy, which makes serious discussion feel optional. Zooming out, we’d make faster progress if we invested in boring infrastructure, clearer standards, and feedback that is hard to game. If we want durable progress, we have to make the boring, consistent work feel worth it.",1
ai_0313,"I keep thinking about how economy conversations keep circling the same points without addressing incentives. At the same time, the details matter: inflation, interest rates, and wage growth all interact in ways people underestimate. Transparency matters because it lets the public distinguish honest mistakes from intentional manipulation. People respond to what is easy, default, and rewarded, not what is merely recommended. On the other hand, there’s pressure to pick a side, but better outcomes usually come from defining what success looks like and measuring it. There’s a real difference between personal responsibility and asking individuals to compensate for broken systems. In practice, we’d make faster progress if we invested in boring infrastructure, clearer standards, and feedback that is hard to game. It would help if we measured outcomes honestly instead of arguing only about intentions.",1
ai_0314,"A fair critique is that campus life conversations keep circling the same points without addressing incentives. At the same time, the details matter: workload balance, club culture, and student services all interact in ways people underestimate. The most persuasive arguments usually combine data with a clear story about tradeoffs and constraints. The best approaches combine prevention, education, and a safety net for when prevention fails. In my view, there’s pressure to pick a side, but better outcomes usually come from defining what success looks like and measuring it. Good governance looks boring: budgets, maintenance, audits, and incremental improvements that rarely go viral. From a systems perspective, we’d make faster progress if we invested in boring infrastructure, clearer standards, and feedback that is hard to game. The solution is probably less dramatic than people want: steady investment and patient execution.",1
ai_0315,"A fair critique is that tech conversations keep circling the same points without addressing incentives. In practice, the details matter: model transparency, cloud costs, and open source all interact in ways people underestimate. What gets lost is the cumulative effect of small frictions that make participation exhausting. If we want trust, we need consistent rules and predictable enforcement, not surprises and exceptions. At the same time, there’s pressure to pick a side, but better outcomes usually come from defining what success looks like and measuring it. The conversation improves when we acknowledge that reasonable people can disagree about priorities. To be fair, we’d make faster progress if we invested in boring infrastructure, clearer standards, and feedback that is hard to game. I’m not asking for perfection, just clearer incentives and better follow-through.",1
ai_0316,"The uncomfortable truth is that climate conversations keep circling the same points without addressing incentives. From a systems perspective, the details matter: extreme weather, public transit, and local adaptation all interact in ways people underestimate. I’m optimistic, but only if we stop pretending that technology alone can solve social problems. Good governance looks boring: budgets, maintenance, audits, and incremental improvements that rarely go viral. On the other hand, there’s pressure to pick a side, but better outcomes usually come from defining what success looks like and measuring it. The best approaches combine prevention, education, and a safety net for when prevention fails. In my view, we’d make faster progress if we invested in boring infrastructure, clearer standards, and feedback that is hard to game. The solution is probably less dramatic than people want: steady investment and patient execution.",1
ai_0317,"What stands out to me is how politics conversations keep circling the same points without addressing incentives. That said, the details matter: local government, policy tradeoffs, and misinformation all interact in ways people underestimate. A policy can be well-intentioned and still produce perverse incentives if it ignores human behavior. The most persuasive arguments usually combine data with a clear story about tradeoffs and constraints. Still, there’s pressure to pick a side, but better outcomes usually come from defining what success looks like and measuring it. What gets lost is the cumulative effect of small frictions that make participation exhausting. Still, we’d make faster progress if we invested in boring infrastructure, clearer standards, and feedback that is hard to game. I’m not asking for perfection, just clearer incentives and better follow-through.",1
ai_0318,"What stands out to me is how health conversations keep circling the same points without addressing incentives. Still, the details matter: insurance friction, public health communication, and screen time all interact in ways people underestimate. Short-term incentives reward attention over accuracy, which makes serious discussion feel optional. The conversation improves when we acknowledge that reasonable people can disagree about priorities. In daily life, there’s pressure to pick a side, but better outcomes usually come from defining what success looks like and measuring it. Most solutions require coordination, which is difficult when everyone is optimizing for their own timeline. In practice, we’d make faster progress if we invested in boring infrastructure, clearer standards, and feedback that is hard to game. It would help if we measured outcomes honestly instead of arguing only about intentions.",1
ai_0319,"The uncomfortable truth is that sports conversations keep circling the same points without addressing incentives. At the same time, the details matter: analytics, injury prevention, and youth pipelines all interact in ways people underestimate. It’s also worth noting that the costs and benefits are unevenly distributed across communities. I’m optimistic, but only if we stop pretending that technology alone can solve social problems. In daily life, there’s pressure to pick a side, but better outcomes usually come from defining what success looks like and measuring it. Good governance looks boring: budgets, maintenance, audits, and incremental improvements that rarely go viral. In practice, we’d make faster progress if we invested in boring infrastructure, clearer standards, and feedback that is hard to game. We can debate details forever, but the direction should be: more transparency and fewer gotchas.",1
ai_0320,"What stands out to me is how tech conversations keep circling the same points without addressing incentives. Zooming out, the details matter: data privacy, product design, and open source all interact in ways people underestimate. Transparency matters because it lets the public distinguish honest mistakes from intentional manipulation. If we want trust, we need consistent rules and predictable enforcement, not surprises and exceptions. That said, there’s pressure to pick a side, but better outcomes usually come from defining what success looks like and measuring it. Good governance looks boring: budgets, maintenance, audits, and incremental improvements that rarely go viral. Zooming out, we’d make faster progress if we invested in boring infrastructure, clearer standards, and feedback that is hard to game. The best version of this is possible, but it requires humility, guardrails, and real accountability.",1
ai_0321,"Lately I’ve noticed how politics conversations keep circling the same points without addressing incentives. In my view, the details matter: campaign messaging, bipartisanship, and local government all interact in ways people underestimate. People respond to what is easy, default, and rewarded, not what is merely recommended. The gap between what’s technically possible and what’s socially acceptable is widening fast. In my view, there’s pressure to pick a side, but better outcomes usually come from defining what success looks like and measuring it. The best approaches combine prevention, education, and a safety net for when prevention fails. In my view, we’d make faster progress if we invested in boring infrastructure, clearer standards, and feedback that is hard to game. I’d love to see more emphasis on competence, not just confidence.",1
ai_0322,"People don’t talk enough about how economy conversations keep circling the same points without addressing incentives. From a systems perspective, the details matter: inequality, inflation, and housing affordability all interact in ways people underestimate. The best approaches combine prevention, education, and a safety net for when prevention fails. We should separate what feels satisfying in the moment from what actually improves outcomes over time. On the other hand, there’s pressure to pick a side, but better outcomes usually come from defining what success looks like and measuring it. When the feedback loop is distorted, everyone adapts in ways that make the whole system worse. In daily life, we’d make faster progress if we invested in boring infrastructure, clearer standards, and feedback that is hard to game. We can debate details forever, but the direction should be: more transparency and fewer gotchas.",1
ai_0323,"One underrated piece of this is how climate conversations keep circling the same points without addressing incentives. Zooming out, the details matter: building efficiency, energy transition, and conservation all interact in ways people underestimate. A policy can be well-intentioned and still produce perverse incentives if it ignores human behavior. One of the biggest failures is communication: too many experts speak in jargon when plain language would help. In practice, there’s pressure to pick a side, but better outcomes usually come from defining what success looks like and measuring it. A policy can be well-intentioned and still produce perverse incentives if it ignores human behavior. At the same time, we’d make faster progress if we invested in boring infrastructure, clearer standards, and feedback that is hard to game. I’d love to see more emphasis on competence, not just confidence.",1
ai_0324,"Lately I’ve noticed how economy conversations keep circling the same points without addressing incentives. In my view, the details matter: productivity, inflation, and labor market all interact in ways people underestimate. The most persuasive arguments usually combine data with a clear story about tradeoffs and constraints. Transparency matters because it lets the public distinguish honest mistakes from intentional manipulation. Zooming out, there’s pressure to pick a side, but better outcomes usually come from defining what success looks like and measuring it. Good governance looks boring: budgets, maintenance, audits, and incremental improvements that rarely go viral. That said, we’d make faster progress if we invested in boring infrastructure, clearer standards, and feedback that is hard to game. I’m not asking for perfection, just clearer incentives and better follow-through.",1
ai_0325,"The longer I watch this, the more I think politics conversations keep circling the same points without addressing incentives. That said, the details matter: campaign messaging, local government, and civic education all interact in ways people underestimate. If we want trust, we need consistent rules and predictable enforcement, not surprises and exceptions. It’s easy to treat this as an individual choice problem, but the structure pushes people into predictable decisions. On the other hand, there’s pressure to pick a side, but better outcomes usually come from defining what success looks like and measuring it. A lot of the heat comes from uncertainty, especially when outcomes are delayed or hard to measure. Zooming out, we’d make faster progress if we invested in boring infrastructure, clearer standards, and feedback that is hard to game. I’m not asking for perfection, just clearer incentives and better follow-through.",1
ai_0326,"It’s hard to ignore how politics conversations keep circling the same points without addressing incentives. That said, the details matter: misinformation, bipartisanship, and public trust all interact in ways people underestimate. There’s a real difference between personal responsibility and asking individuals to compensate for broken systems. Good governance looks boring: budgets, maintenance, audits, and incremental improvements that rarely go viral. At the same time, there’s pressure to pick a side, but better outcomes usually come from defining what success looks like and measuring it. It’s easy to treat this as an individual choice problem, but the structure pushes people into predictable decisions. Still, we’d make faster progress if we invested in boring infrastructure, clearer standards, and feedback that is hard to game. The solution is probably less dramatic than people want: steady investment and patient execution.",1
ai_0327,"A lot of the frustration comes from how economy conversations keep circling the same points without addressing incentives. To be fair, the details matter: labor market, interest rates, and inequality all interact in ways people underestimate. Short-term incentives reward attention over accuracy, which makes serious discussion feel optional. What gets lost is the cumulative effect of small frictions that make participation exhausting. To be fair, there’s pressure to pick a side, but better outcomes usually come from defining what success looks like and measuring it. The most persuasive arguments usually combine data with a clear story about tradeoffs and constraints. In my view, we’d make faster progress if we invested in boring infrastructure, clearer standards, and feedback that is hard to game. I’m not asking for perfection, just clearer incentives and better follow-through.",1
ai_0328,"It’s hard to ignore how tech conversations keep circling the same points without addressing incentives. In my view, the details matter: developer experience, data privacy, and AI tools all interact in ways people underestimate. People respond to what is easy, default, and rewarded, not what is merely recommended. People respond to what is easy, default, and rewarded, not what is merely recommended. Zooming out, there’s pressure to pick a side, but better outcomes usually come from defining what success looks like and measuring it. The best approaches combine prevention, education, and a safety net for when prevention fails. That said, we’d make faster progress if we invested in boring infrastructure, clearer standards, and feedback that is hard to game. If we want durable progress, we have to make the boring, consistent work feel worth it.",1
ai_0329,"The longer I watch this, the more I think tech conversations keep circling the same points without addressing incentives. At the same time, the details matter: cybersecurity, automation, and cloud costs all interact in ways people underestimate. Good governance looks boring: budgets, maintenance, audits, and incremental improvements that rarely go viral. We should separate what feels satisfying in the moment from what actually improves outcomes over time. From a systems perspective, there’s pressure to pick a side, but better outcomes usually come from defining what success looks like and measuring it. A lot of the heat comes from uncertainty, especially when outcomes are delayed or hard to measure. Still, we’d make faster progress if we invested in boring infrastructure, clearer standards, and feedback that is hard to game. The best version of this is possible, but it requires humility, guardrails, and real accountability.",1
ai_0330,"One underrated piece of this is how campus life conversations keep circling the same points without addressing incentives. In my view, the details matter: time management, club culture, and research opportunities all interact in ways people underestimate. Good governance looks boring: budgets, maintenance, audits, and incremental improvements that rarely go viral. A lot of the heat comes from uncertainty, especially when outcomes are delayed or hard to measure. At the same time, there’s pressure to pick a side, but better outcomes usually come from defining what success looks like and measuring it. The most persuasive arguments usually combine data with a clear story about tradeoffs and constraints. Zooming out, we’d make faster progress if we invested in boring infrastructure, clearer standards, and feedback that is hard to game. I’m not asking for perfection, just clearer incentives and better follow-through.",1
ai_0331,"One underrated piece of this is how campus life conversations keep circling the same points without addressing incentives. On the other hand, the details matter: workload balance, group projects, and internships all interact in ways people underestimate. If we want trust, we need consistent rules and predictable enforcement, not surprises and exceptions. A policy can be well-intentioned and still produce perverse incentives if it ignores human behavior. In my view, there’s pressure to pick a side, but better outcomes usually come from defining what success looks like and measuring it. A lot of the heat comes from uncertainty, especially when outcomes are delayed or hard to measure. On the other hand, we’d make faster progress if we invested in boring infrastructure, clearer standards, and feedback that is hard to game. It would help if we measured outcomes honestly instead of arguing only about intentions.",1
ai_0332,"Lately I’ve noticed how economy conversations keep circling the same points without addressing incentives. That said, the details matter: wage growth, student debt, and labor market all interact in ways people underestimate. When the feedback loop is distorted, everyone adapts in ways that make the whole system worse. Good governance looks boring: budgets, maintenance, audits, and incremental improvements that rarely go viral. Still, there’s pressure to pick a side, but better outcomes usually come from defining what success looks like and measuring it. Most solutions require coordination, which is difficult when everyone is optimizing for their own timeline. In daily life, we’d make faster progress if we invested in boring infrastructure, clearer standards, and feedback that is hard to game. If we want durable progress, we have to make the boring, consistent work feel worth it.",1
ai_0333,"It’s hard to ignore how tech conversations keep circling the same points without addressing incentives. On the other hand, the details matter: cybersecurity, data privacy, and developer experience all interact in ways people underestimate. The conversation improves when we acknowledge that reasonable people can disagree about priorities. One of the biggest failures is communication: too many experts speak in jargon when plain language would help. In daily life, there’s pressure to pick a side, but better outcomes usually come from defining what success looks like and measuring it. A lot of the heat comes from uncertainty, especially when outcomes are delayed or hard to measure. From a systems perspective, we’d make faster progress if we invested in boring infrastructure, clearer standards, and feedback that is hard to game. The solution is probably less dramatic than people want: steady investment and patient execution.",1
ai_0334,"Lately I’ve noticed how climate conversations keep circling the same points without addressing incentives. In my view, the details matter: energy transition, public transit, and conservation all interact in ways people underestimate. The conversation improves when we acknowledge that reasonable people can disagree about priorities. The best approaches combine prevention, education, and a safety net for when prevention fails. From a systems perspective, there’s pressure to pick a side, but better outcomes usually come from defining what success looks like and measuring it. People respond to what is easy, default, and rewarded, not what is merely recommended. From a systems perspective, we’d make faster progress if we invested in boring infrastructure, clearer standards, and feedback that is hard to game. It would help if we measured outcomes honestly instead of arguing only about intentions.",1
ai_0335,"The longer I watch this, the more I think sports conversations keep circling the same points without addressing incentives. Still, the details matter: team chemistry, youth pipelines, and commercialization all interact in ways people underestimate. We should separate what feels satisfying in the moment from what actually improves outcomes over time. We should separate what feels satisfying in the moment from what actually improves outcomes over time. At the same time, there’s pressure to pick a side, but better outcomes usually come from defining what success looks like and measuring it. If we want trust, we need consistent rules and predictable enforcement, not surprises and exceptions. In my view, we’d make faster progress if we invested in boring infrastructure, clearer standards, and feedback that is hard to game. Small changes in behavior and policy add up, but only if we stick with them.",1
ai_0336,"A lot of the frustration comes from how tech conversations keep circling the same points without addressing incentives. From a systems perspective, the details matter: product design, platform incentives, and developer experience all interact in ways people underestimate. People respond to what is easy, default, and rewarded, not what is merely recommended. It’s also worth noting that the costs and benefits are unevenly distributed across communities. From a systems perspective, there’s pressure to pick a side, but better outcomes usually come from defining what success looks like and measuring it. Good governance looks boring: budgets, maintenance, audits, and incremental improvements that rarely go viral. In my view, we’d make faster progress if we invested in boring infrastructure, clearer standards, and feedback that is hard to game. If we want durable progress, we have to make the boring, consistent work feel worth it.",1
ai_0337,"What stands out to me is how relationships conversations keep circling the same points without addressing incentives. Zooming out, the details matter: long distance, boundaries, and conflict resolution all interact in ways people underestimate. It’s easy to treat this as an individual choice problem, but the structure pushes people into predictable decisions. It’s easy to treat this as an individual choice problem, but the structure pushes people into predictable decisions. On the other hand, there’s pressure to pick a side, but better outcomes usually come from defining what success looks like and measuring it. Short-term incentives reward attention over accuracy, which makes serious discussion feel optional. In practice, we’d make faster progress if we invested in boring infrastructure, clearer standards, and feedback that is hard to game. I’m not asking for perfection, just clearer incentives and better follow-through.",1
ai_0338,"I keep thinking about how sports conversations keep circling the same points without addressing incentives. Zooming out, the details matter: team chemistry, rule changes, and coaching strategy all interact in ways people underestimate. Good governance looks boring: budgets, maintenance, audits, and incremental improvements that rarely go viral. It’s also worth noting that the costs and benefits are unevenly distributed across communities. In practice, there’s pressure to pick a side, but better outcomes usually come from defining what success looks like and measuring it. A lot of the heat comes from uncertainty, especially when outcomes are delayed or hard to measure. Zooming out, we’d make faster progress if we invested in boring infrastructure, clearer standards, and feedback that is hard to game. We can debate details forever, but the direction should be: more transparency and fewer gotchas.",1
ai_0339,"What stands out to me is how health conversations keep circling the same points without addressing incentives. From a systems perspective, the details matter: insurance friction, sleep, and public health communication all interact in ways people underestimate. It’s easy to treat this as an individual choice problem, but the structure pushes people into predictable decisions. What gets lost is the cumulative effect of small frictions that make participation exhausting. Zooming out, there’s pressure to pick a side, but better outcomes usually come from defining what success looks like and measuring it. One of the biggest failures is communication: too many experts speak in jargon when plain language would help. Zooming out, we’d make faster progress if we invested in boring infrastructure, clearer standards, and feedback that is hard to game. I’m not asking for perfection, just clearer incentives and better follow-through.",1
ai_0340,"A lot of the frustration comes from how tech conversations keep circling the same points without addressing incentives. Still, the details matter: open source, platform incentives, and model transparency all interact in ways people underestimate. I’m optimistic, but only if we stop pretending that technology alone can solve social problems. A lot of the heat comes from uncertainty, especially when outcomes are delayed or hard to measure. Still, there’s pressure to pick a side, but better outcomes usually come from defining what success looks like and measuring it. It’s also worth noting that the costs and benefits are unevenly distributed across communities. In daily life, we’d make faster progress if we invested in boring infrastructure, clearer standards, and feedback that is hard to game. We can debate details forever, but the direction should be: more transparency and fewer gotchas.",1
ai_0341,"Lately I’ve noticed how tech conversations keep circling the same points without addressing incentives. That said, the details matter: AI tools, open source, and automation all interact in ways people underestimate. We should separate what feels satisfying in the moment from what actually improves outcomes over time. When the feedback loop is distorted, everyone adapts in ways that make the whole system worse. In practice, there’s pressure to pick a side, but better outcomes usually come from defining what success looks like and measuring it. The gap between what’s technically possible and what’s socially acceptable is widening fast. In my view, we’d make faster progress if we invested in boring infrastructure, clearer standards, and feedback that is hard to game. We can debate details forever, but the direction should be: more transparency and fewer gotchas.",1
ai_0342,"I keep thinking about how health conversations keep circling the same points without addressing incentives. At the same time, the details matter: insurance friction, exercise habits, and screen time all interact in ways people underestimate. A policy can be well-intentioned and still produce perverse incentives if it ignores human behavior. There’s a real difference between personal responsibility and asking individuals to compensate for broken systems. In my view, there’s pressure to pick a side, but better outcomes usually come from defining what success looks like and measuring it. There’s a real difference between personal responsibility and asking individuals to compensate for broken systems. That said, we’d make faster progress if we invested in boring infrastructure, clearer standards, and feedback that is hard to game. It would help if we measured outcomes honestly instead of arguing only about intentions.",1
ai_0343,"The uncomfortable truth is that politics conversations keep circling the same points without addressing incentives. That said, the details matter: institutional legitimacy, accountability, and bipartisanship all interact in ways people underestimate. What gets lost is the cumulative effect of small frictions that make participation exhausting. We should separate what feels satisfying in the moment from what actually improves outcomes over time. Zooming out, there’s pressure to pick a side, but better outcomes usually come from defining what success looks like and measuring it. A policy can be well-intentioned and still produce perverse incentives if it ignores human behavior. In practice, we’d make faster progress if we invested in boring infrastructure, clearer standards, and feedback that is hard to game. The best version of this is possible, but it requires humility, guardrails, and real accountability.",1
ai_0344,"A lot of the frustration comes from how campus life conversations keep circling the same points without addressing incentives. In daily life, the details matter: career fairs, campus resources, and imposter syndrome all interact in ways people underestimate. A lot of the heat comes from uncertainty, especially when outcomes are delayed or hard to measure. Most solutions require coordination, which is difficult when everyone is optimizing for their own timeline. At the same time, there’s pressure to pick a side, but better outcomes usually come from defining what success looks like and measuring it. Transparency matters because it lets the public distinguish honest mistakes from intentional manipulation. Zooming out, we’d make faster progress if we invested in boring infrastructure, clearer standards, and feedback that is hard to game. The solution is probably less dramatic than people want: steady investment and patient execution.",1
ai_0345,"Lately I’ve noticed how economy conversations keep circling the same points without addressing incentives. Still, the details matter: housing affordability, inequality, and labor market all interact in ways people underestimate. One of the biggest failures is communication: too many experts speak in jargon when plain language would help. The best approaches combine prevention, education, and a safety net for when prevention fails. Still, there’s pressure to pick a side, but better outcomes usually come from defining what success looks like and measuring it. The most persuasive arguments usually combine data with a clear story about tradeoffs and constraints. Still, we’d make faster progress if we invested in boring infrastructure, clearer standards, and feedback that is hard to game. The solution is probably less dramatic than people want: steady investment and patient execution.",1
ai_0346,"A lot of the frustration comes from how sports conversations keep circling the same points without addressing incentives. From a systems perspective, the details matter: rule changes, youth pipelines, and player development all interact in ways people underestimate. I’m optimistic, but only if we stop pretending that technology alone can solve social problems. Transparency matters because it lets the public distinguish honest mistakes from intentional manipulation. From a systems perspective, there’s pressure to pick a side, but better outcomes usually come from defining what success looks like and measuring it. If we want trust, we need consistent rules and predictable enforcement, not surprises and exceptions. On the other hand, we’d make faster progress if we invested in boring infrastructure, clearer standards, and feedback that is hard to game. I’m not asking for perfection, just clearer incentives and better follow-through.",1
ai_0347,"The uncomfortable truth is that tech conversations keep circling the same points without addressing incentives. In daily life, the details matter: open source, AI tools, and platform incentives all interact in ways people underestimate. A policy can be well-intentioned and still produce perverse incentives if it ignores human behavior. When the feedback loop is distorted, everyone adapts in ways that make the whole system worse. Still, there’s pressure to pick a side, but better outcomes usually come from defining what success looks like and measuring it. I’m optimistic, but only if we stop pretending that technology alone can solve social problems. Still, we’d make faster progress if we invested in boring infrastructure, clearer standards, and feedback that is hard to game. It would help if we measured outcomes honestly instead of arguing only about intentions.",1
ai_0348,"What stands out to me is how economy conversations keep circling the same points without addressing incentives. Zooming out, the details matter: inflation, wage growth, and labor market all interact in ways people underestimate. I’m optimistic, but only if we stop pretending that technology alone can solve social problems. Short-term incentives reward attention over accuracy, which makes serious discussion feel optional. To be fair, there’s pressure to pick a side, but better outcomes usually come from defining what success looks like and measuring it. People respond to what is easy, default, and rewarded, not what is merely recommended. In daily life, we’d make faster progress if we invested in boring infrastructure, clearer standards, and feedback that is hard to game. If we want durable progress, we have to make the boring, consistent work feel worth it.",1
ai_0349,"A lot of the frustration comes from how campus life conversations keep circling the same points without addressing incentives. Still, the details matter: student services, imposter syndrome, and time management all interact in ways people underestimate. The best approaches combine prevention, education, and a safety net for when prevention fails. A lot of the heat comes from uncertainty, especially when outcomes are delayed or hard to measure. On the other hand, there’s pressure to pick a side, but better outcomes usually come from defining what success looks like and measuring it. I’m optimistic, but only if we stop pretending that technology alone can solve social problems. To be fair, we’d make faster progress if we invested in boring infrastructure, clearer standards, and feedback that is hard to game. It would help if we measured outcomes honestly instead of arguing only about intentions.",1
ai_0350,"What stands out to me is how tech conversations keep circling the same points without addressing incentives. In my view, the details matter: developer experience, model transparency, and cybersecurity all interact in ways people underestimate. I’m optimistic, but only if we stop pretending that technology alone can solve social problems. It’s easy to treat this as an individual choice problem, but the structure pushes people into predictable decisions. From a systems perspective, there’s pressure to pick a side, but better outcomes usually come from defining what success looks like and measuring it. We should separate what feels satisfying in the moment from what actually improves outcomes over time. In daily life, we’d make faster progress if we invested in boring infrastructure, clearer standards, and feedback that is hard to game. The best version of this is possible, but it requires humility, guardrails, and real accountability.",1
ai_0351,"I keep thinking about how relationships conversations keep circling the same points without addressing incentives. On the other hand, the details matter: trust, long distance, and boundaries all interact in ways people underestimate. If we want trust, we need consistent rules and predictable enforcement, not surprises and exceptions. A lot of the heat comes from uncertainty, especially when outcomes are delayed or hard to measure. Zooming out, there’s pressure to pick a side, but better outcomes usually come from defining what success looks like and measuring it. The best approaches combine prevention, education, and a safety net for when prevention fails. Zooming out, we’d make faster progress if we invested in boring infrastructure, clearer standards, and feedback that is hard to game. If we want durable progress, we have to make the boring, consistent work feel worth it.",1
ai_0352,"A fair critique is that relationships conversations keep circling the same points without addressing incentives. Zooming out, the details matter: long distance, social media dynamics, and communication all interact in ways people underestimate. It’s also worth noting that the costs and benefits are unevenly distributed across communities. A lot of the heat comes from uncertainty, especially when outcomes are delayed or hard to measure. That said, there’s pressure to pick a side, but better outcomes usually come from defining what success looks like and measuring it. The best approaches combine prevention, education, and a safety net for when prevention fails. That said, we’d make faster progress if we invested in boring infrastructure, clearer standards, and feedback that is hard to game. I’m not asking for perfection, just clearer incentives and better follow-through.",1
ai_0353,"People don’t talk enough about how relationships conversations keep circling the same points without addressing incentives. At the same time, the details matter: trust, emotional labor, and work-life balance all interact in ways people underestimate. We should separate what feels satisfying in the moment from what actually improves outcomes over time. It’s also worth noting that the costs and benefits are unevenly distributed across communities. Zooming out, there’s pressure to pick a side, but better outcomes usually come from defining what success looks like and measuring it. What gets lost is the cumulative effect of small frictions that make participation exhausting. To be fair, we’d make faster progress if we invested in boring infrastructure, clearer standards, and feedback that is hard to game. We can debate details forever, but the direction should be: more transparency and fewer gotchas.",1
ai_0354,"What stands out to me is how climate conversations keep circling the same points without addressing incentives. In practice, the details matter: conservation, energy transition, and building efficiency all interact in ways people underestimate. It’s easy to treat this as an individual choice problem, but the structure pushes people into predictable decisions. People respond to what is easy, default, and rewarded, not what is merely recommended. From a systems perspective, there’s pressure to pick a side, but better outcomes usually come from defining what success looks like and measuring it. The best approaches combine prevention, education, and a safety net for when prevention fails. On the other hand, we’d make faster progress if we invested in boring infrastructure, clearer standards, and feedback that is hard to game. The best version of this is possible, but it requires humility, guardrails, and real accountability.",1
ai_0355,"I keep thinking about how tech conversations keep circling the same points without addressing incentives. In daily life, the details matter: cybersecurity, open source, and AI tools all interact in ways people underestimate. A policy can be well-intentioned and still produce perverse incentives if it ignores human behavior. Short-term incentives reward attention over accuracy, which makes serious discussion feel optional. Zooming out, there’s pressure to pick a side, but better outcomes usually come from defining what success looks like and measuring it. What gets lost is the cumulative effect of small frictions that make participation exhausting. That said, we’d make faster progress if we invested in boring infrastructure, clearer standards, and feedback that is hard to game. The solution is probably less dramatic than people want: steady investment and patient execution.",1
ai_0356,"It’s hard to ignore how health conversations keep circling the same points without addressing incentives. Still, the details matter: access to care, insurance friction, and burnout all interact in ways people underestimate. There’s a real difference between personal responsibility and asking individuals to compensate for broken systems. There’s a real difference between personal responsibility and asking individuals to compensate for broken systems. To be fair, there’s pressure to pick a side, but better outcomes usually come from defining what success looks like and measuring it. Good governance looks boring: budgets, maintenance, audits, and incremental improvements that rarely go viral. In daily life, we’d make faster progress if we invested in boring infrastructure, clearer standards, and feedback that is hard to game. The best version of this is possible, but it requires humility, guardrails, and real accountability.",1
ai_0357,"The longer I watch this, the more I think sports conversations keep circling the same points without addressing incentives. On the other hand, the details matter: team chemistry, youth pipelines, and fan culture all interact in ways people underestimate. Good governance looks boring: budgets, maintenance, audits, and incremental improvements that rarely go viral. It’s also worth noting that the costs and benefits are unevenly distributed across communities. To be fair, there’s pressure to pick a side, but better outcomes usually come from defining what success looks like and measuring it. Transparency matters because it lets the public distinguish honest mistakes from intentional manipulation. Zooming out, we’d make faster progress if we invested in boring infrastructure, clearer standards, and feedback that is hard to game. We can debate details forever, but the direction should be: more transparency and fewer gotchas.",1
ai_0358,"One underrated piece of this is how campus life conversations keep circling the same points without addressing incentives. In practice, the details matter: time management, campus resources, and imposter syndrome all interact in ways people underestimate. What gets lost is the cumulative effect of small frictions that make participation exhausting. A lot of the heat comes from uncertainty, especially when outcomes are delayed or hard to measure. In daily life, there’s pressure to pick a side, but better outcomes usually come from defining what success looks like and measuring it. The most persuasive arguments usually combine data with a clear story about tradeoffs and constraints. In my view, we’d make faster progress if we invested in boring infrastructure, clearer standards, and feedback that is hard to game. The solution is probably less dramatic than people want: steady investment and patient execution.",1
ai_0359,"Lately I’ve noticed how campus life conversations keep circling the same points without addressing incentives. Zooming out, the details matter: imposter syndrome, research opportunities, and internships all interact in ways people underestimate. Good governance looks boring: budgets, maintenance, audits, and incremental improvements that rarely go viral. The best approaches combine prevention, education, and a safety net for when prevention fails. To be fair, there’s pressure to pick a side, but better outcomes usually come from defining what success looks like and measuring it. When the feedback loop is distorted, everyone adapts in ways that make the whole system worse. In my view, we’d make faster progress if we invested in boring infrastructure, clearer standards, and feedback that is hard to game. It would help if we measured outcomes honestly instead of arguing only about intentions.",1
ai_0360,"What stands out to me is how tech conversations keep circling the same points without addressing incentives. From a systems perspective, the details matter: cloud costs, AI tools, and data privacy all interact in ways people underestimate. It’s easy to treat this as an individual choice problem, but the structure pushes people into predictable decisions. It’s easy to treat this as an individual choice problem, but the structure pushes people into predictable decisions. In daily life, there’s pressure to pick a side, but better outcomes usually come from defining what success looks like and measuring it. There’s a real difference between personal responsibility and asking individuals to compensate for broken systems. To be fair, we’d make faster progress if we invested in boring infrastructure, clearer standards, and feedback that is hard to game. The solution is probably less dramatic than people want: steady investment and patient execution.",1
ai_0361,"The longer I watch this, the more I think relationships conversations keep circling the same points without addressing incentives. To be fair, the details matter: shared goals, boundaries, and communication all interact in ways people underestimate. People respond to what is easy, default, and rewarded, not what is merely recommended. The best approaches combine prevention, education, and a safety net for when prevention fails. In daily life, there’s pressure to pick a side, but better outcomes usually come from defining what success looks like and measuring it. When the feedback loop is distorted, everyone adapts in ways that make the whole system worse. Zooming out, we’d make faster progress if we invested in boring infrastructure, clearer standards, and feedback that is hard to game. It would help if we measured outcomes honestly instead of arguing only about intentions.",1
ai_0362,"Lately I’ve noticed how campus life conversations keep circling the same points without addressing incentives. Zooming out, the details matter: imposter syndrome, campus resources, and workload balance all interact in ways people underestimate. When the feedback loop is distorted, everyone adapts in ways that make the whole system worse. The best approaches combine prevention, education, and a safety net for when prevention fails. In practice, there’s pressure to pick a side, but better outcomes usually come from defining what success looks like and measuring it. A policy can be well-intentioned and still produce perverse incentives if it ignores human behavior. On the other hand, we’d make faster progress if we invested in boring infrastructure, clearer standards, and feedback that is hard to game. The solution is probably less dramatic than people want: steady investment and patient execution.",1
ai_0363,"People don’t talk enough about how economy conversations keep circling the same points without addressing incentives. On the other hand, the details matter: consumer confidence, wage growth, and inflation all interact in ways people underestimate. It’s easy to treat this as an individual choice problem, but the structure pushes people into predictable decisions. There’s a real difference between personal responsibility and asking individuals to compensate for broken systems. At the same time, there’s pressure to pick a side, but better outcomes usually come from defining what success looks like and measuring it. What gets lost is the cumulative effect of small frictions that make participation exhausting. Still, we’d make faster progress if we invested in boring infrastructure, clearer standards, and feedback that is hard to game. We can debate details forever, but the direction should be: more transparency and fewer gotchas.",1
ai_0364,"A fair critique is that economy conversations keep circling the same points without addressing incentives. At the same time, the details matter: interest rates, consumer confidence, and student debt all interact in ways people underestimate. Good governance looks boring: budgets, maintenance, audits, and incremental improvements that rarely go viral. People respond to what is easy, default, and rewarded, not what is merely recommended. That said, there’s pressure to pick a side, but better outcomes usually come from defining what success looks like and measuring it. Good governance looks boring: budgets, maintenance, audits, and incremental improvements that rarely go viral. That said, we’d make faster progress if we invested in boring infrastructure, clearer standards, and feedback that is hard to game. We can debate details forever, but the direction should be: more transparency and fewer gotchas.",1
ai_0365,"The uncomfortable truth is that sports conversations keep circling the same points without addressing incentives. On the other hand, the details matter: youth pipelines, fan culture, and coaching strategy all interact in ways people underestimate. I’m optimistic, but only if we stop pretending that technology alone can solve social problems. Short-term incentives reward attention over accuracy, which makes serious discussion feel optional. From a systems perspective, there’s pressure to pick a side, but better outcomes usually come from defining what success looks like and measuring it. There’s a real difference between personal responsibility and asking individuals to compensate for broken systems. To be fair, we’d make faster progress if we invested in boring infrastructure, clearer standards, and feedback that is hard to game. It would help if we measured outcomes honestly instead of arguing only about intentions.",1
ai_0366,"A fair critique is that health conversations keep circling the same points without addressing incentives. That said, the details matter: insurance friction, screen time, and mental health all interact in ways people underestimate. The conversation improves when we acknowledge that reasonable people can disagree about priorities. The most persuasive arguments usually combine data with a clear story about tradeoffs and constraints. Zooming out, there’s pressure to pick a side, but better outcomes usually come from defining what success looks like and measuring it. A policy can be well-intentioned and still produce perverse incentives if it ignores human behavior. In practice, we’d make faster progress if we invested in boring infrastructure, clearer standards, and feedback that is hard to game. Small changes in behavior and policy add up, but only if we stick with them.",1
ai_0367,"The longer I watch this, the more I think economy conversations keep circling the same points without addressing incentives. In daily life, the details matter: inequality, labor market, and productivity all interact in ways people underestimate. The conversation improves when we acknowledge that reasonable people can disagree about priorities. Most solutions require coordination, which is difficult when everyone is optimizing for their own timeline. From a systems perspective, there’s pressure to pick a side, but better outcomes usually come from defining what success looks like and measuring it. Most solutions require coordination, which is difficult when everyone is optimizing for their own timeline. On the other hand, we’d make faster progress if we invested in boring infrastructure, clearer standards, and feedback that is hard to game. I’m not asking for perfection, just clearer incentives and better follow-through.",1
ai_0368,"It’s hard to ignore how campus life conversations keep circling the same points without addressing incentives. To be fair, the details matter: imposter syndrome, internships, and club culture all interact in ways people underestimate. The conversation improves when we acknowledge that reasonable people can disagree about priorities. If we want trust, we need consistent rules and predictable enforcement, not surprises and exceptions. On the other hand, there’s pressure to pick a side, but better outcomes usually come from defining what success looks like and measuring it. One of the biggest failures is communication: too many experts speak in jargon when plain language would help. On the other hand, we’d make faster progress if we invested in boring infrastructure, clearer standards, and feedback that is hard to game. I’m not asking for perfection, just clearer incentives and better follow-through.",1
ai_0369,"It’s hard to ignore how tech conversations keep circling the same points without addressing incentives. To be fair, the details matter: cybersecurity, open source, and developer experience all interact in ways people underestimate. Good governance looks boring: budgets, maintenance, audits, and incremental improvements that rarely go viral. Transparency matters because it lets the public distinguish honest mistakes from intentional manipulation. In my view, there’s pressure to pick a side, but better outcomes usually come from defining what success looks like and measuring it. It’s also worth noting that the costs and benefits are unevenly distributed across communities. That said, we’d make faster progress if we invested in boring infrastructure, clearer standards, and feedback that is hard to game. We can debate details forever, but the direction should be: more transparency and fewer gotchas.",1
ai_0370,"What stands out to me is how relationships conversations keep circling the same points without addressing incentives. On the other hand, the details matter: shared goals, friendship drift, and conflict resolution all interact in ways people underestimate. We should separate what feels satisfying in the moment from what actually improves outcomes over time. We should separate what feels satisfying in the moment from what actually improves outcomes over time. From a systems perspective, there’s pressure to pick a side, but better outcomes usually come from defining what success looks like and measuring it. There’s a real difference between personal responsibility and asking individuals to compensate for broken systems. On the other hand, we’d make faster progress if we invested in boring infrastructure, clearer standards, and feedback that is hard to game. The solution is probably less dramatic than people want: steady investment and patient execution.",1
ai_0371,"The uncomfortable truth is that campus life conversations keep circling the same points without addressing incentives. In my view, the details matter: student services, campus resources, and time management all interact in ways people underestimate. The most persuasive arguments usually combine data with a clear story about tradeoffs and constraints. It’s easy to treat this as an individual choice problem, but the structure pushes people into predictable decisions. Still, there’s pressure to pick a side, but better outcomes usually come from defining what success looks like and measuring it. It’s also worth noting that the costs and benefits are unevenly distributed across communities. That said, we’d make faster progress if we invested in boring infrastructure, clearer standards, and feedback that is hard to game. I’m not asking for perfection, just clearer incentives and better follow-through.",1
ai_0372,"People don’t talk enough about how campus life conversations keep circling the same points without addressing incentives. In daily life, the details matter: time management, workload balance, and imposter syndrome all interact in ways people underestimate. I’m optimistic, but only if we stop pretending that technology alone can solve social problems. There’s a real difference between personal responsibility and asking individuals to compensate for broken systems. In my view, there’s pressure to pick a side, but better outcomes usually come from defining what success looks like and measuring it. It’s also worth noting that the costs and benefits are unevenly distributed across communities. From a systems perspective, we’d make faster progress if we invested in boring infrastructure, clearer standards, and feedback that is hard to game. It would help if we measured outcomes honestly instead of arguing only about intentions.",1
ai_0373,"Lately I’ve noticed how economy conversations keep circling the same points without addressing incentives. In daily life, the details matter: inequality, labor market, and interest rates all interact in ways people underestimate. A policy can be well-intentioned and still produce perverse incentives if it ignores human behavior. If we want trust, we need consistent rules and predictable enforcement, not surprises and exceptions. Still, there’s pressure to pick a side, but better outcomes usually come from defining what success looks like and measuring it. It’s also worth noting that the costs and benefits are unevenly distributed across communities. At the same time, we’d make faster progress if we invested in boring infrastructure, clearer standards, and feedback that is hard to game. I’m not asking for perfection, just clearer incentives and better follow-through.",1
ai_0374,"What stands out to me is how campus life conversations keep circling the same points without addressing incentives. From a systems perspective, the details matter: time management, career fairs, and group projects all interact in ways people underestimate. Most solutions require coordination, which is difficult when everyone is optimizing for their own timeline. The conversation improves when we acknowledge that reasonable people can disagree about priorities. That said, there’s pressure to pick a side, but better outcomes usually come from defining what success looks like and measuring it. Short-term incentives reward attention over accuracy, which makes serious discussion feel optional. Zooming out, we’d make faster progress if we invested in boring infrastructure, clearer standards, and feedback that is hard to game. I’m not asking for perfection, just clearer incentives and better follow-through.",1
ai_0375,"People don’t talk enough about how climate conversations keep circling the same points without addressing incentives. In my view, the details matter: local adaptation, building efficiency, and energy transition all interact in ways people underestimate. Transparency matters because it lets the public distinguish honest mistakes from intentional manipulation. Good governance looks boring: budgets, maintenance, audits, and incremental improvements that rarely go viral. In daily life, there’s pressure to pick a side, but better outcomes usually come from defining what success looks like and measuring it. There’s a real difference between personal responsibility and asking individuals to compensate for broken systems. In practice, we’d make faster progress if we invested in boring infrastructure, clearer standards, and feedback that is hard to game. The solution is probably less dramatic than people want: steady investment and patient execution.",1
ai_0376,"People don’t talk enough about how economy conversations keep circling the same points without addressing incentives. Still, the details matter: labor market, productivity, and small business all interact in ways people underestimate. The gap between what’s technically possible and what’s socially acceptable is widening fast. If we want trust, we need consistent rules and predictable enforcement, not surprises and exceptions. From a systems perspective, there’s pressure to pick a side, but better outcomes usually come from defining what success looks like and measuring it. One of the biggest failures is communication: too many experts speak in jargon when plain language would help. To be fair, we’d make faster progress if we invested in boring infrastructure, clearer standards, and feedback that is hard to game. We can debate details forever, but the direction should be: more transparency and fewer gotchas.",1
ai_0377,"What stands out to me is how health conversations keep circling the same points without addressing incentives. In daily life, the details matter: insurance friction, public health communication, and exercise habits all interact in ways people underestimate. We should separate what feels satisfying in the moment from what actually improves outcomes over time. The most persuasive arguments usually combine data with a clear story about tradeoffs and constraints. Still, there’s pressure to pick a side, but better outcomes usually come from defining what success looks like and measuring it. There’s a real difference between personal responsibility and asking individuals to compensate for broken systems. In daily life, we’d make faster progress if we invested in boring infrastructure, clearer standards, and feedback that is hard to game. The solution is probably less dramatic than people want: steady investment and patient execution.",1
ai_0378,"Lately I’ve noticed how climate conversations keep circling the same points without addressing incentives. Still, the details matter: climate risk, building efficiency, and conservation all interact in ways people underestimate. Short-term incentives reward attention over accuracy, which makes serious discussion feel optional. Transparency matters because it lets the public distinguish honest mistakes from intentional manipulation. Still, there’s pressure to pick a side, but better outcomes usually come from defining what success looks like and measuring it. If we want trust, we need consistent rules and predictable enforcement, not surprises and exceptions. From a systems perspective, we’d make faster progress if we invested in boring infrastructure, clearer standards, and feedback that is hard to game. I’d love to see more emphasis on competence, not just confidence.",1
ai_0379,"A lot of the frustration comes from how relationships conversations keep circling the same points without addressing incentives. In practice, the details matter: long distance, emotional labor, and shared goals all interact in ways people underestimate. I’m optimistic, but only if we stop pretending that technology alone can solve social problems. When the feedback loop is distorted, everyone adapts in ways that make the whole system worse. In practice, there’s pressure to pick a side, but better outcomes usually come from defining what success looks like and measuring it. What gets lost is the cumulative effect of small frictions that make participation exhausting. Zooming out, we’d make faster progress if we invested in boring infrastructure, clearer standards, and feedback that is hard to game. If we want durable progress, we have to make the boring, consistent work feel worth it.",1
ai_0380,"One underrated piece of this is how relationships conversations keep circling the same points without addressing incentives. From a systems perspective, the details matter: long distance, communication, and friendship drift all interact in ways people underestimate. The conversation improves when we acknowledge that reasonable people can disagree about priorities. There’s a real difference between personal responsibility and asking individuals to compensate for broken systems. That said, there’s pressure to pick a side, but better outcomes usually come from defining what success looks like and measuring it. One of the biggest failures is communication: too many experts speak in jargon when plain language would help. From a systems perspective, we’d make faster progress if we invested in boring infrastructure, clearer standards, and feedback that is hard to game. We can debate details forever, but the direction should be: more transparency and fewer gotchas.",1
ai_0381,"People don’t talk enough about how politics conversations keep circling the same points without addressing incentives. At the same time, the details matter: civic education, accountability, and policy tradeoffs all interact in ways people underestimate. One of the biggest failures is communication: too many experts speak in jargon when plain language would help. The best approaches combine prevention, education, and a safety net for when prevention fails. To be fair, there’s pressure to pick a side, but better outcomes usually come from defining what success looks like and measuring it. The gap between what’s technically possible and what’s socially acceptable is widening fast. That said, we’d make faster progress if we invested in boring infrastructure, clearer standards, and feedback that is hard to game. It would help if we measured outcomes honestly instead of arguing only about intentions.",1
ai_0382,"A fair critique is that climate conversations keep circling the same points without addressing incentives. From a systems perspective, the details matter: public transit, carbon pricing, and climate risk all interact in ways people underestimate. What gets lost is the cumulative effect of small frictions that make participation exhausting. The best approaches combine prevention, education, and a safety net for when prevention fails. From a systems perspective, there’s pressure to pick a side, but better outcomes usually come from defining what success looks like and measuring it. People respond to what is easy, default, and rewarded, not what is merely recommended. That said, we’d make faster progress if we invested in boring infrastructure, clearer standards, and feedback that is hard to game. I’d love to see more emphasis on competence, not just confidence.",1
ai_0383,"The longer I watch this, the more I think sports conversations keep circling the same points without addressing incentives. In daily life, the details matter: injury prevention, team chemistry, and youth pipelines all interact in ways people underestimate. It’s easy to treat this as an individual choice problem, but the structure pushes people into predictable decisions. It’s easy to treat this as an individual choice problem, but the structure pushes people into predictable decisions. In daily life, there’s pressure to pick a side, but better outcomes usually come from defining what success looks like and measuring it. Transparency matters because it lets the public distinguish honest mistakes from intentional manipulation. To be fair, we’d make faster progress if we invested in boring infrastructure, clearer standards, and feedback that is hard to game. We can debate details forever, but the direction should be: more transparency and fewer gotchas.",1
ai_0384,"One underrated piece of this is how sports conversations keep circling the same points without addressing incentives. In practice, the details matter: coaching strategy, youth pipelines, and commercialization all interact in ways people underestimate. There’s a real difference between personal responsibility and asking individuals to compensate for broken systems. Most solutions require coordination, which is difficult when everyone is optimizing for their own timeline. In daily life, there’s pressure to pick a side, but better outcomes usually come from defining what success looks like and measuring it. One of the biggest failures is communication: too many experts speak in jargon when plain language would help. To be fair, we’d make faster progress if we invested in boring infrastructure, clearer standards, and feedback that is hard to game. I’d love to see more emphasis on competence, not just confidence.",1
ai_0385,"I keep thinking about how campus life conversations keep circling the same points without addressing incentives. Still, the details matter: group projects, research opportunities, and time management all interact in ways people underestimate. It’s easy to treat this as an individual choice problem, but the structure pushes people into predictable decisions. The gap between what’s technically possible and what’s socially acceptable is widening fast. On the other hand, there’s pressure to pick a side, but better outcomes usually come from defining what success looks like and measuring it. Transparency matters because it lets the public distinguish honest mistakes from intentional manipulation. In practice, we’d make faster progress if we invested in boring infrastructure, clearer standards, and feedback that is hard to game. The best version of this is possible, but it requires humility, guardrails, and real accountability.",1
ai_0386,"A lot of the frustration comes from how politics conversations keep circling the same points without addressing incentives. Zooming out, the details matter: campaign messaging, accountability, and civic education all interact in ways people underestimate. What gets lost is the cumulative effect of small frictions that make participation exhausting. A policy can be well-intentioned and still produce perverse incentives if it ignores human behavior. At the same time, there’s pressure to pick a side, but better outcomes usually come from defining what success looks like and measuring it. It’s easy to treat this as an individual choice problem, but the structure pushes people into predictable decisions. At the same time, we’d make faster progress if we invested in boring infrastructure, clearer standards, and feedback that is hard to game. If we want durable progress, we have to make the boring, consistent work feel worth it.",1
ai_0387,"The longer I watch this, the more I think politics conversations keep circling the same points without addressing incentives. In practice, the details matter: policy tradeoffs, voter turnout, and campaign messaging all interact in ways people underestimate. People respond to what is easy, default, and rewarded, not what is merely recommended. Most solutions require coordination, which is difficult when everyone is optimizing for their own timeline. On the other hand, there’s pressure to pick a side, but better outcomes usually come from defining what success looks like and measuring it. A lot of the heat comes from uncertainty, especially when outcomes are delayed or hard to measure. On the other hand, we’d make faster progress if we invested in boring infrastructure, clearer standards, and feedback that is hard to game. It would help if we measured outcomes honestly instead of arguing only about intentions.",1
ai_0388,"I keep thinking about how relationships conversations keep circling the same points without addressing incentives. In my view, the details matter: emotional labor, long distance, and communication all interact in ways people underestimate. Most solutions require coordination, which is difficult when everyone is optimizing for their own timeline. Good governance looks boring: budgets, maintenance, audits, and incremental improvements that rarely go viral. In my view, there’s pressure to pick a side, but better outcomes usually come from defining what success looks like and measuring it. There’s a real difference between personal responsibility and asking individuals to compensate for broken systems. From a systems perspective, we’d make faster progress if we invested in boring infrastructure, clearer standards, and feedback that is hard to game. I’d love to see more emphasis on competence, not just confidence.",1
ai_0389,"The uncomfortable truth is that sports conversations keep circling the same points without addressing incentives. In daily life, the details matter: injury prevention, commercialization, and team chemistry all interact in ways people underestimate. If we want trust, we need consistent rules and predictable enforcement, not surprises and exceptions. A policy can be well-intentioned and still produce perverse incentives if it ignores human behavior. From a systems perspective, there’s pressure to pick a side, but better outcomes usually come from defining what success looks like and measuring it. Good governance looks boring: budgets, maintenance, audits, and incremental improvements that rarely go viral. In daily life, we’d make faster progress if we invested in boring infrastructure, clearer standards, and feedback that is hard to game. Small changes in behavior and policy add up, but only if we stick with them.",1
ai_0390,"It’s hard to ignore how climate conversations keep circling the same points without addressing incentives. From a systems perspective, the details matter: carbon pricing, community resilience, and local adaptation all interact in ways people underestimate. If we want trust, we need consistent rules and predictable enforcement, not surprises and exceptions. There’s a real difference between personal responsibility and asking individuals to compensate for broken systems. In practice, there’s pressure to pick a side, but better outcomes usually come from defining what success looks like and measuring it. A lot of the heat comes from uncertainty, especially when outcomes are delayed or hard to measure. In my view, we’d make faster progress if we invested in boring infrastructure, clearer standards, and feedback that is hard to game. Small changes in behavior and policy add up, but only if we stick with them.",1
ai_0391,"People don’t talk enough about how economy conversations keep circling the same points without addressing incentives. In practice, the details matter: inflation, consumer confidence, and wage growth all interact in ways people underestimate. Short-term incentives reward attention over accuracy, which makes serious discussion feel optional. It’s also worth noting that the costs and benefits are unevenly distributed across communities. From a systems perspective, there’s pressure to pick a side, but better outcomes usually come from defining what success looks like and measuring it. It’s also worth noting that the costs and benefits are unevenly distributed across communities. Zooming out, we’d make faster progress if we invested in boring infrastructure, clearer standards, and feedback that is hard to game. Small changes in behavior and policy add up, but only if we stick with them.",1
ai_0392,"The uncomfortable truth is that politics conversations keep circling the same points without addressing incentives. On the other hand, the details matter: public trust, institutional legitimacy, and policy tradeoffs all interact in ways people underestimate. One of the biggest failures is communication: too many experts speak in jargon when plain language would help. The gap between what’s technically possible and what’s socially acceptable is widening fast. At the same time, there’s pressure to pick a side, but better outcomes usually come from defining what success looks like and measuring it. If we want trust, we need consistent rules and predictable enforcement, not surprises and exceptions. Zooming out, we’d make faster progress if we invested in boring infrastructure, clearer standards, and feedback that is hard to game. The best version of this is possible, but it requires humility, guardrails, and real accountability.",1
ai_0393,"The longer I watch this, the more I think relationships conversations keep circling the same points without addressing incentives. To be fair, the details matter: trust, friendship drift, and long distance all interact in ways people underestimate. It’s easy to treat this as an individual choice problem, but the structure pushes people into predictable decisions. If we want trust, we need consistent rules and predictable enforcement, not surprises and exceptions. On the other hand, there’s pressure to pick a side, but better outcomes usually come from defining what success looks like and measuring it. We should separate what feels satisfying in the moment from what actually improves outcomes over time. In practice, we’d make faster progress if we invested in boring infrastructure, clearer standards, and feedback that is hard to game. Small changes in behavior and policy add up, but only if we stick with them.",1
ai_0394,"The longer I watch this, the more I think tech conversations keep circling the same points without addressing incentives. On the other hand, the details matter: cybersecurity, model transparency, and developer experience all interact in ways people underestimate. A lot of the heat comes from uncertainty, especially when outcomes are delayed or hard to measure. People respond to what is easy, default, and rewarded, not what is merely recommended. That said, there’s pressure to pick a side, but better outcomes usually come from defining what success looks like and measuring it. The most persuasive arguments usually combine data with a clear story about tradeoffs and constraints. Still, we’d make faster progress if we invested in boring infrastructure, clearer standards, and feedback that is hard to game. I’d love to see more emphasis on competence, not just confidence.",1
ai_0395,"The uncomfortable truth is that sports conversations keep circling the same points without addressing incentives. From a systems perspective, the details matter: team chemistry, fairness, and fan culture all interact in ways people underestimate. Short-term incentives reward attention over accuracy, which makes serious discussion feel optional. A lot of the heat comes from uncertainty, especially when outcomes are delayed or hard to measure. On the other hand, there’s pressure to pick a side, but better outcomes usually come from defining what success looks like and measuring it. When the feedback loop is distorted, everyone adapts in ways that make the whole system worse. In my view, we’d make faster progress if we invested in boring infrastructure, clearer standards, and feedback that is hard to game. I’m not asking for perfection, just clearer incentives and better follow-through.",1
ai_0396,"One underrated piece of this is how politics conversations keep circling the same points without addressing incentives. Still, the details matter: voter turnout, campaign messaging, and policy tradeoffs all interact in ways people underestimate. We should separate what feels satisfying in the moment from what actually improves outcomes over time. It’s easy to treat this as an individual choice problem, but the structure pushes people into predictable decisions. From a systems perspective, there’s pressure to pick a side, but better outcomes usually come from defining what success looks like and measuring it. A lot of the heat comes from uncertainty, especially when outcomes are delayed or hard to measure. At the same time, we’d make faster progress if we invested in boring infrastructure, clearer standards, and feedback that is hard to game. I’m not asking for perfection, just clearer incentives and better follow-through.",1
ai_0397,"The longer I watch this, the more I think campus life conversations keep circling the same points without addressing incentives. In practice, the details matter: imposter syndrome, student services, and career fairs all interact in ways people underestimate. Most solutions require coordination, which is difficult when everyone is optimizing for their own timeline. When the feedback loop is distorted, everyone adapts in ways that make the whole system worse. From a systems perspective, there’s pressure to pick a side, but better outcomes usually come from defining what success looks like and measuring it. The conversation improves when we acknowledge that reasonable people can disagree about priorities. In my view, we’d make faster progress if we invested in boring infrastructure, clearer standards, and feedback that is hard to game. If we want durable progress, we have to make the boring, consistent work feel worth it.",1
ai_0398,"The longer I watch this, the more I think politics conversations keep circling the same points without addressing incentives. That said, the details matter: voter turnout, public trust, and policy tradeoffs all interact in ways people underestimate. Transparency matters because it lets the public distinguish honest mistakes from intentional manipulation. The gap between what’s technically possible and what’s socially acceptable is widening fast. Zooming out, there’s pressure to pick a side, but better outcomes usually come from defining what success looks like and measuring it. There’s a real difference between personal responsibility and asking individuals to compensate for broken systems. From a systems perspective, we’d make faster progress if we invested in boring infrastructure, clearer standards, and feedback that is hard to game. The best version of this is possible, but it requires humility, guardrails, and real accountability.",1
ai_0399,"The longer I watch this, the more I think health conversations keep circling the same points without addressing incentives. From a systems perspective, the details matter: preventive care, mental health, and sleep all interact in ways people underestimate. The gap between what’s technically possible and what’s socially acceptable is widening fast. Most solutions require coordination, which is difficult when everyone is optimizing for their own timeline. On the other hand, there’s pressure to pick a side, but better outcomes usually come from defining what success looks like and measuring it. The most persuasive arguments usually combine data with a clear story about tradeoffs and constraints. At the same time, we’d make faster progress if we invested in boring infrastructure, clearer standards, and feedback that is hard to game. The solution is probably less dramatic than people want: steady investment and patient execution.",1
ai_0400,"People don’t talk enough about how politics conversations keep circling the same points without addressing incentives. Still, the details matter: misinformation, institutional legitimacy, and policy tradeoffs all interact in ways people underestimate. A policy can be well-intentioned and still produce perverse incentives if it ignores human behavior. The most persuasive arguments usually combine data with a clear story about tradeoffs and constraints. At the same time, there’s pressure to pick a side, but better outcomes usually come from defining what success looks like and measuring it. There’s a real difference between personal responsibility and asking individuals to compensate for broken systems. Zooming out, we’d make faster progress if we invested in boring infrastructure, clearer standards, and feedback that is hard to game. I’d love to see more emphasis on competence, not just confidence.",1
ai_0401,"I keep thinking about how sports conversations keep circling the same points without addressing incentives. On the other hand, the details matter: fan culture, coaching strategy, and youth pipelines all interact in ways people underestimate. If we want trust, we need consistent rules and predictable enforcement, not surprises and exceptions. The conversation improves when we acknowledge that reasonable people can disagree about priorities. That said, there’s pressure to pick a side, but better outcomes usually come from defining what success looks like and measuring it. Short-term incentives reward attention over accuracy, which makes serious discussion feel optional. On the other hand, we’d make faster progress if we invested in boring infrastructure, clearer standards, and feedback that is hard to game. It would help if we measured outcomes honestly instead of arguing only about intentions.",1
ai_0402,"Lately I’ve noticed how tech conversations keep circling the same points without addressing incentives. At the same time, the details matter: cybersecurity, data privacy, and cloud costs all interact in ways people underestimate. It’s also worth noting that the costs and benefits are unevenly distributed across communities. The best approaches combine prevention, education, and a safety net for when prevention fails. At the same time, there’s pressure to pick a side, but better outcomes usually come from defining what success looks like and measuring it. A lot of the heat comes from uncertainty, especially when outcomes are delayed or hard to measure. In daily life, we’d make faster progress if we invested in boring infrastructure, clearer standards, and feedback that is hard to game. We can debate details forever, but the direction should be: more transparency and fewer gotchas.",1
ai_0403,"A lot of the frustration comes from how sports conversations keep circling the same points without addressing incentives. That said, the details matter: player development, coaching strategy, and injury prevention all interact in ways people underestimate. When the feedback loop is distorted, everyone adapts in ways that make the whole system worse. When the feedback loop is distorted, everyone adapts in ways that make the whole system worse. In daily life, there’s pressure to pick a side, but better outcomes usually come from defining what success looks like and measuring it. One of the biggest failures is communication: too many experts speak in jargon when plain language would help. In my view, we’d make faster progress if we invested in boring infrastructure, clearer standards, and feedback that is hard to game. It would help if we measured outcomes honestly instead of arguing only about intentions.",1
ai_0404,"A lot of the frustration comes from how health conversations keep circling the same points without addressing incentives. On the other hand, the details matter: screen time, mental health, and nutrition all interact in ways people underestimate. One of the biggest failures is communication: too many experts speak in jargon when plain language would help. Most solutions require coordination, which is difficult when everyone is optimizing for their own timeline. In my view, there’s pressure to pick a side, but better outcomes usually come from defining what success looks like and measuring it. The gap between what’s technically possible and what’s socially acceptable is widening fast. Zooming out, we’d make faster progress if we invested in boring infrastructure, clearer standards, and feedback that is hard to game. I’m not asking for perfection, just clearer incentives and better follow-through.",1
ai_0405,"One underrated piece of this is how sports conversations keep circling the same points without addressing incentives. At the same time, the details matter: rule changes, youth pipelines, and injury prevention all interact in ways people underestimate. Good governance looks boring: budgets, maintenance, audits, and incremental improvements that rarely go viral. People respond to what is easy, default, and rewarded, not what is merely recommended. From a systems perspective, there’s pressure to pick a side, but better outcomes usually come from defining what success looks like and measuring it. Good governance looks boring: budgets, maintenance, audits, and incremental improvements that rarely go viral. From a systems perspective, we’d make faster progress if we invested in boring infrastructure, clearer standards, and feedback that is hard to game. I’d love to see more emphasis on competence, not just confidence.",1
ai_0406,"People don’t talk enough about how economy conversations keep circling the same points without addressing incentives. From a systems perspective, the details matter: student debt, wage growth, and small business all interact in ways people underestimate. Good governance looks boring: budgets, maintenance, audits, and incremental improvements that rarely go viral. Transparency matters because it lets the public distinguish honest mistakes from intentional manipulation. In practice, there’s pressure to pick a side, but better outcomes usually come from defining what success looks like and measuring it. It’s easy to treat this as an individual choice problem, but the structure pushes people into predictable decisions. In daily life, we’d make faster progress if we invested in boring infrastructure, clearer standards, and feedback that is hard to game. It would help if we measured outcomes honestly instead of arguing only about intentions.",1
ai_0407,"A fair critique is that relationships conversations keep circling the same points without addressing incentives. In my view, the details matter: social media dynamics, conflict resolution, and emotional labor all interact in ways people underestimate. A policy can be well-intentioned and still produce perverse incentives if it ignores human behavior. What gets lost is the cumulative effect of small frictions that make participation exhausting. From a systems perspective, there’s pressure to pick a side, but better outcomes usually come from defining what success looks like and measuring it. Transparency matters because it lets the public distinguish honest mistakes from intentional manipulation. At the same time, we’d make faster progress if we invested in boring infrastructure, clearer standards, and feedback that is hard to game. I’m not asking for perfection, just clearer incentives and better follow-through.",1
ai_0408,"People don’t talk enough about how politics conversations keep circling the same points without addressing incentives. That said, the details matter: accountability, bipartisanship, and local government all interact in ways people underestimate. The gap between what’s technically possible and what’s socially acceptable is widening fast. A policy can be well-intentioned and still produce perverse incentives if it ignores human behavior. Zooming out, there’s pressure to pick a side, but better outcomes usually come from defining what success looks like and measuring it. It’s also worth noting that the costs and benefits are unevenly distributed across communities. To be fair, we’d make faster progress if we invested in boring infrastructure, clearer standards, and feedback that is hard to game. It would help if we measured outcomes honestly instead of arguing only about intentions.",1
ai_0409,"The longer I watch this, the more I think economy conversations keep circling the same points without addressing incentives. In my view, the details matter: consumer confidence, labor market, and small business all interact in ways people underestimate. A policy can be well-intentioned and still produce perverse incentives if it ignores human behavior. It’s easy to treat this as an individual choice problem, but the structure pushes people into predictable decisions. That said, there’s pressure to pick a side, but better outcomes usually come from defining what success looks like and measuring it. When the feedback loop is distorted, everyone adapts in ways that make the whole system worse. That said, we’d make faster progress if we invested in boring infrastructure, clearer standards, and feedback that is hard to game. It would help if we measured outcomes honestly instead of arguing only about intentions.",1
ai_0410,"It’s hard to ignore how politics conversations keep circling the same points without addressing incentives. From a systems perspective, the details matter: voter turnout, public trust, and local government all interact in ways people underestimate. When the feedback loop is distorted, everyone adapts in ways that make the whole system worse. I’m optimistic, but only if we stop pretending that technology alone can solve social problems. On the other hand, there’s pressure to pick a side, but better outcomes usually come from defining what success looks like and measuring it. What gets lost is the cumulative effect of small frictions that make participation exhausting. That said, we’d make faster progress if we invested in boring infrastructure, clearer standards, and feedback that is hard to game. I’d love to see more emphasis on competence, not just confidence.",1
ai_0411,"People don’t talk enough about how relationships conversations keep circling the same points without addressing incentives. On the other hand, the details matter: emotional labor, conflict resolution, and communication all interact in ways people underestimate. Short-term incentives reward attention over accuracy, which makes serious discussion feel optional. The gap between what’s technically possible and what’s socially acceptable is widening fast. In daily life, there’s pressure to pick a side, but better outcomes usually come from defining what success looks like and measuring it. It’s also worth noting that the costs and benefits are unevenly distributed across communities. That said, we’d make faster progress if we invested in boring infrastructure, clearer standards, and feedback that is hard to game. If we want durable progress, we have to make the boring, consistent work feel worth it.",1
ai_0412,"A fair critique is that sports conversations keep circling the same points without addressing incentives. To be fair, the details matter: fairness, analytics, and youth pipelines all interact in ways people underestimate. The best approaches combine prevention, education, and a safety net for when prevention fails. There’s a real difference between personal responsibility and asking individuals to compensate for broken systems. In my view, there’s pressure to pick a side, but better outcomes usually come from defining what success looks like and measuring it. A policy can be well-intentioned and still produce perverse incentives if it ignores human behavior. At the same time, we’d make faster progress if we invested in boring infrastructure, clearer standards, and feedback that is hard to game. I’m not asking for perfection, just clearer incentives and better follow-through.",1
ai_0413,"Lately I’ve noticed how politics conversations keep circling the same points without addressing incentives. Zooming out, the details matter: campaign messaging, policy tradeoffs, and accountability all interact in ways people underestimate. We should separate what feels satisfying in the moment from what actually improves outcomes over time. Good governance looks boring: budgets, maintenance, audits, and incremental improvements that rarely go viral. That said, there’s pressure to pick a side, but better outcomes usually come from defining what success looks like and measuring it. What gets lost is the cumulative effect of small frictions that make participation exhausting. That said, we’d make faster progress if we invested in boring infrastructure, clearer standards, and feedback that is hard to game. The solution is probably less dramatic than people want: steady investment and patient execution.",1
ai_0414,"The uncomfortable truth is that sports conversations keep circling the same points without addressing incentives. Still, the details matter: coaching strategy, commercialization, and team chemistry all interact in ways people underestimate. If we want trust, we need consistent rules and predictable enforcement, not surprises and exceptions. The most persuasive arguments usually combine data with a clear story about tradeoffs and constraints. Zooming out, there’s pressure to pick a side, but better outcomes usually come from defining what success looks like and measuring it. I’m optimistic, but only if we stop pretending that technology alone can solve social problems. Zooming out, we’d make faster progress if we invested in boring infrastructure, clearer standards, and feedback that is hard to game. We can debate details forever, but the direction should be: more transparency and fewer gotchas.",1
ai_0415,"What stands out to me is how health conversations keep circling the same points without addressing incentives. Still, the details matter: exercise habits, insurance friction, and mental health all interact in ways people underestimate. A policy can be well-intentioned and still produce perverse incentives if it ignores human behavior. The conversation improves when we acknowledge that reasonable people can disagree about priorities. Zooming out, there’s pressure to pick a side, but better outcomes usually come from defining what success looks like and measuring it. Transparency matters because it lets the public distinguish honest mistakes from intentional manipulation. To be fair, we’d make faster progress if we invested in boring infrastructure, clearer standards, and feedback that is hard to game. I’d love to see more emphasis on competence, not just confidence.",1
ai_0416,"People don’t talk enough about how politics conversations keep circling the same points without addressing incentives. To be fair, the details matter: bipartisanship, accountability, and civic education all interact in ways people underestimate. The best approaches combine prevention, education, and a safety net for when prevention fails. We should separate what feels satisfying in the moment from what actually improves outcomes over time. To be fair, there’s pressure to pick a side, but better outcomes usually come from defining what success looks like and measuring it. I’m optimistic, but only if we stop pretending that technology alone can solve social problems. In my view, we’d make faster progress if we invested in boring infrastructure, clearer standards, and feedback that is hard to game. The solution is probably less dramatic than people want: steady investment and patient execution.",1
ai_0417,"People don’t talk enough about how relationships conversations keep circling the same points without addressing incentives. From a systems perspective, the details matter: trust, emotional labor, and conflict resolution all interact in ways people underestimate. Short-term incentives reward attention over accuracy, which makes serious discussion feel optional. When the feedback loop is distorted, everyone adapts in ways that make the whole system worse. From a systems perspective, there’s pressure to pick a side, but better outcomes usually come from defining what success looks like and measuring it. People respond to what is easy, default, and rewarded, not what is merely recommended. To be fair, we’d make faster progress if we invested in boring infrastructure, clearer standards, and feedback that is hard to game. I’m not asking for perfection, just clearer incentives and better follow-through.",1
ai_0418,"I keep thinking about how health conversations keep circling the same points without addressing incentives. In practice, the details matter: screen time, nutrition, and public health communication all interact in ways people underestimate. The conversation improves when we acknowledge that reasonable people can disagree about priorities. Short-term incentives reward attention over accuracy, which makes serious discussion feel optional. On the other hand, there’s pressure to pick a side, but better outcomes usually come from defining what success looks like and measuring it. There’s a real difference between personal responsibility and asking individuals to compensate for broken systems. On the other hand, we’d make faster progress if we invested in boring infrastructure, clearer standards, and feedback that is hard to game. It would help if we measured outcomes honestly instead of arguing only about intentions.",1
ai_0419,"People don’t talk enough about how sports conversations keep circling the same points without addressing incentives. Still, the details matter: player development, analytics, and fairness all interact in ways people underestimate. One of the biggest failures is communication: too many experts speak in jargon when plain language would help. I’m optimistic, but only if we stop pretending that technology alone can solve social problems. Still, there’s pressure to pick a side, but better outcomes usually come from defining what success looks like and measuring it. We should separate what feels satisfying in the moment from what actually improves outcomes over time. In practice, we’d make faster progress if we invested in boring infrastructure, clearer standards, and feedback that is hard to game. The solution is probably less dramatic than people want: steady investment and patient execution.",1
ai_0420,"The uncomfortable truth is that climate conversations keep circling the same points without addressing incentives. To be fair, the details matter: public transit, conservation, and energy transition all interact in ways people underestimate. It’s easy to treat this as an individual choice problem, but the structure pushes people into predictable decisions. The conversation improves when we acknowledge that reasonable people can disagree about priorities. In daily life, there’s pressure to pick a side, but better outcomes usually come from defining what success looks like and measuring it. It’s also worth noting that the costs and benefits are unevenly distributed across communities. On the other hand, we’d make faster progress if we invested in boring infrastructure, clearer standards, and feedback that is hard to game. It would help if we measured outcomes honestly instead of arguing only about intentions.",1
ai_0421,"I keep thinking about how tech conversations keep circling the same points without addressing incentives. In daily life, the details matter: automation, data privacy, and cybersecurity all interact in ways people underestimate. When the feedback loop is distorted, everyone adapts in ways that make the whole system worse. The conversation improves when we acknowledge that reasonable people can disagree about priorities. To be fair, there’s pressure to pick a side, but better outcomes usually come from defining what success looks like and measuring it. One of the biggest failures is communication: too many experts speak in jargon when plain language would help. That said, we’d make faster progress if we invested in boring infrastructure, clearer standards, and feedback that is hard to game. The best version of this is possible, but it requires humility, guardrails, and real accountability.",1
ai_0422,"The uncomfortable truth is that relationships conversations keep circling the same points without addressing incentives. At the same time, the details matter: trust, boundaries, and friendship drift all interact in ways people underestimate. People respond to what is easy, default, and rewarded, not what is merely recommended. A policy can be well-intentioned and still produce perverse incentives if it ignores human behavior. To be fair, there’s pressure to pick a side, but better outcomes usually come from defining what success looks like and measuring it. When the feedback loop is distorted, everyone adapts in ways that make the whole system worse. At the same time, we’d make faster progress if we invested in boring infrastructure, clearer standards, and feedback that is hard to game. We can debate details forever, but the direction should be: more transparency and fewer gotchas.",1
ai_0423,"A fair critique is that tech conversations keep circling the same points without addressing incentives. On the other hand, the details matter: model transparency, platform incentives, and product design all interact in ways people underestimate. What gets lost is the cumulative effect of small frictions that make participation exhausting. Most solutions require coordination, which is difficult when everyone is optimizing for their own timeline. Still, there’s pressure to pick a side, but better outcomes usually come from defining what success looks like and measuring it. The best approaches combine prevention, education, and a safety net for when prevention fails. At the same time, we’d make faster progress if we invested in boring infrastructure, clearer standards, and feedback that is hard to game. If we want durable progress, we have to make the boring, consistent work feel worth it.",1
ai_0424,"The longer I watch this, the more I think politics conversations keep circling the same points without addressing incentives. Still, the details matter: local government, institutional legitimacy, and policy tradeoffs all interact in ways people underestimate. It’s easy to treat this as an individual choice problem, but the structure pushes people into predictable decisions. It’s also worth noting that the costs and benefits are unevenly distributed across communities. Still, there’s pressure to pick a side, but better outcomes usually come from defining what success looks like and measuring it. I’m optimistic, but only if we stop pretending that technology alone can solve social problems. In my view, we’d make faster progress if we invested in boring infrastructure, clearer standards, and feedback that is hard to game. I’m not asking for perfection, just clearer incentives and better follow-through.",1
ai_0425,"It’s hard to ignore how campus life conversations keep circling the same points without addressing incentives. To be fair, the details matter: time management, group projects, and club culture all interact in ways people underestimate. A lot of the heat comes from uncertainty, especially when outcomes are delayed or hard to measure. A lot of the heat comes from uncertainty, especially when outcomes are delayed or hard to measure. Zooming out, there’s pressure to pick a side, but better outcomes usually come from defining what success looks like and measuring it. It’s also worth noting that the costs and benefits are unevenly distributed across communities. To be fair, we’d make faster progress if we invested in boring infrastructure, clearer standards, and feedback that is hard to game. The solution is probably less dramatic than people want: steady investment and patient execution.",1
ai_0426,"A fair critique is that politics conversations keep circling the same points without addressing incentives. In daily life, the details matter: misinformation, institutional legitimacy, and local government all interact in ways people underestimate. We should separate what feels satisfying in the moment from what actually improves outcomes over time. It’s easy to treat this as an individual choice problem, but the structure pushes people into predictable decisions. Zooming out, there’s pressure to pick a side, but better outcomes usually come from defining what success looks like and measuring it. There’s a real difference between personal responsibility and asking individuals to compensate for broken systems. On the other hand, we’d make faster progress if we invested in boring infrastructure, clearer standards, and feedback that is hard to game. The best version of this is possible, but it requires humility, guardrails, and real accountability.",1
ai_0427,"The longer I watch this, the more I think relationships conversations keep circling the same points without addressing incentives. To be fair, the details matter: shared goals, boundaries, and emotional labor all interact in ways people underestimate. The gap between what’s technically possible and what’s socially acceptable is widening fast. The conversation improves when we acknowledge that reasonable people can disagree about priorities. In my view, there’s pressure to pick a side, but better outcomes usually come from defining what success looks like and measuring it. One of the biggest failures is communication: too many experts speak in jargon when plain language would help. In my view, we’d make faster progress if we invested in boring infrastructure, clearer standards, and feedback that is hard to game. I’m not asking for perfection, just clearer incentives and better follow-through.",1
ai_0428,"The uncomfortable truth is that tech conversations keep circling the same points without addressing incentives. From a systems perspective, the details matter: cybersecurity, platform incentives, and product design all interact in ways people underestimate. Most solutions require coordination, which is difficult when everyone is optimizing for their own timeline. When the feedback loop is distorted, everyone adapts in ways that make the whole system worse. In daily life, there’s pressure to pick a side, but better outcomes usually come from defining what success looks like and measuring it. We should separate what feels satisfying in the moment from what actually improves outcomes over time. Still, we’d make faster progress if we invested in boring infrastructure, clearer standards, and feedback that is hard to game. The solution is probably less dramatic than people want: steady investment and patient execution.",1
ai_0429,"It’s hard to ignore how relationships conversations keep circling the same points without addressing incentives. At the same time, the details matter: shared goals, long distance, and boundaries all interact in ways people underestimate. A lot of the heat comes from uncertainty, especially when outcomes are delayed or hard to measure. People respond to what is easy, default, and rewarded, not what is merely recommended. On the other hand, there’s pressure to pick a side, but better outcomes usually come from defining what success looks like and measuring it. Short-term incentives reward attention over accuracy, which makes serious discussion feel optional. In daily life, we’d make faster progress if we invested in boring infrastructure, clearer standards, and feedback that is hard to game. We can debate details forever, but the direction should be: more transparency and fewer gotchas.",1
ai_0430,"A lot of the frustration comes from how politics conversations keep circling the same points without addressing incentives. At the same time, the details matter: campaign messaging, policy tradeoffs, and misinformation all interact in ways people underestimate. Good governance looks boring: budgets, maintenance, audits, and incremental improvements that rarely go viral. The gap between what’s technically possible and what’s socially acceptable is widening fast. In my view, there’s pressure to pick a side, but better outcomes usually come from defining what success looks like and measuring it. The gap between what’s technically possible and what’s socially acceptable is widening fast. On the other hand, we’d make faster progress if we invested in boring infrastructure, clearer standards, and feedback that is hard to game. Small changes in behavior and policy add up, but only if we stick with them.",1
ai_0431,"I keep thinking about how economy conversations keep circling the same points without addressing incentives. To be fair, the details matter: inequality, productivity, and wage growth all interact in ways people underestimate. When the feedback loop is distorted, everyone adapts in ways that make the whole system worse. There’s a real difference between personal responsibility and asking individuals to compensate for broken systems. In daily life, there’s pressure to pick a side, but better outcomes usually come from defining what success looks like and measuring it. Transparency matters because it lets the public distinguish honest mistakes from intentional manipulation. Zooming out, we’d make faster progress if we invested in boring infrastructure, clearer standards, and feedback that is hard to game. I’m not asking for perfection, just clearer incentives and better follow-through.",1
ai_0432,"I keep thinking about how campus life conversations keep circling the same points without addressing incentives. From a systems perspective, the details matter: club culture, student services, and campus resources all interact in ways people underestimate. What gets lost is the cumulative effect of small frictions that make participation exhausting. There’s a real difference between personal responsibility and asking individuals to compensate for broken systems. At the same time, there’s pressure to pick a side, but better outcomes usually come from defining what success looks like and measuring it. One of the biggest failures is communication: too many experts speak in jargon when plain language would help. That said, we’d make faster progress if we invested in boring infrastructure, clearer standards, and feedback that is hard to game. If we want durable progress, we have to make the boring, consistent work feel worth it.",1
ai_0433,"Lately I’ve noticed how politics conversations keep circling the same points without addressing incentives. To be fair, the details matter: public trust, policy tradeoffs, and institutional legitimacy all interact in ways people underestimate. The conversation improves when we acknowledge that reasonable people can disagree about priorities. It’s also worth noting that the costs and benefits are unevenly distributed across communities. Zooming out, there’s pressure to pick a side, but better outcomes usually come from defining what success looks like and measuring it. The best approaches combine prevention, education, and a safety net for when prevention fails. That said, we’d make faster progress if we invested in boring infrastructure, clearer standards, and feedback that is hard to game. If we want durable progress, we have to make the boring, consistent work feel worth it.",1
ai_0434,"A fair critique is that sports conversations keep circling the same points without addressing incentives. At the same time, the details matter: injury prevention, coaching strategy, and fairness all interact in ways people underestimate. A policy can be well-intentioned and still produce perverse incentives if it ignores human behavior. People respond to what is easy, default, and rewarded, not what is merely recommended. At the same time, there’s pressure to pick a side, but better outcomes usually come from defining what success looks like and measuring it. The conversation improves when we acknowledge that reasonable people can disagree about priorities. On the other hand, we’d make faster progress if we invested in boring infrastructure, clearer standards, and feedback that is hard to game. I’d love to see more emphasis on competence, not just confidence.",1
ai_0435,"People don’t talk enough about how relationships conversations keep circling the same points without addressing incentives. In my view, the details matter: trust, long distance, and communication all interact in ways people underestimate. We should separate what feels satisfying in the moment from what actually improves outcomes over time. A policy can be well-intentioned and still produce perverse incentives if it ignores human behavior. In my view, there’s pressure to pick a side, but better outcomes usually come from defining what success looks like and measuring it. There’s a real difference between personal responsibility and asking individuals to compensate for broken systems. In practice, we’d make faster progress if we invested in boring infrastructure, clearer standards, and feedback that is hard to game. I’m not asking for perfection, just clearer incentives and better follow-through.",1
ai_0436,"A fair critique is that sports conversations keep circling the same points without addressing incentives. In practice, the details matter: fan culture, rule changes, and analytics all interact in ways people underestimate. The conversation improves when we acknowledge that reasonable people can disagree about priorities. What gets lost is the cumulative effect of small frictions that make participation exhausting. On the other hand, there’s pressure to pick a side, but better outcomes usually come from defining what success looks like and measuring it. A lot of the heat comes from uncertainty, especially when outcomes are delayed or hard to measure. Still, we’d make faster progress if we invested in boring infrastructure, clearer standards, and feedback that is hard to game. If we want durable progress, we have to make the boring, consistent work feel worth it.",1
ai_0437,"The longer I watch this, the more I think sports conversations keep circling the same points without addressing incentives. On the other hand, the details matter: rule changes, commercialization, and coaching strategy all interact in ways people underestimate. If we want trust, we need consistent rules and predictable enforcement, not surprises and exceptions. People respond to what is easy, default, and rewarded, not what is merely recommended. In daily life, there’s pressure to pick a side, but better outcomes usually come from defining what success looks like and measuring it. The best approaches combine prevention, education, and a safety net for when prevention fails. Still, we’d make faster progress if we invested in boring infrastructure, clearer standards, and feedback that is hard to game. We can debate details forever, but the direction should be: more transparency and fewer gotchas.",1
ai_0438,"Lately I’ve noticed how tech conversations keep circling the same points without addressing incentives. Still, the details matter: automation, model transparency, and platform incentives all interact in ways people underestimate. The gap between what’s technically possible and what’s socially acceptable is widening fast. A lot of the heat comes from uncertainty, especially when outcomes are delayed or hard to measure. In daily life, there’s pressure to pick a side, but better outcomes usually come from defining what success looks like and measuring it. People respond to what is easy, default, and rewarded, not what is merely recommended. Zooming out, we’d make faster progress if we invested in boring infrastructure, clearer standards, and feedback that is hard to game. It would help if we measured outcomes honestly instead of arguing only about intentions.",1
ai_0439,"People don’t talk enough about how economy conversations keep circling the same points without addressing incentives. That said, the details matter: interest rates, wage growth, and inequality all interact in ways people underestimate. The most persuasive arguments usually combine data with a clear story about tradeoffs and constraints. Transparency matters because it lets the public distinguish honest mistakes from intentional manipulation. Zooming out, there’s pressure to pick a side, but better outcomes usually come from defining what success looks like and measuring it. The conversation improves when we acknowledge that reasonable people can disagree about priorities. Zooming out, we’d make faster progress if we invested in boring infrastructure, clearer standards, and feedback that is hard to game. It would help if we measured outcomes honestly instead of arguing only about intentions.",1
ai_0440,"The longer I watch this, the more I think relationships conversations keep circling the same points without addressing incentives. In practice, the details matter: communication, shared goals, and trust all interact in ways people underestimate. A lot of the heat comes from uncertainty, especially when outcomes are delayed or hard to measure. The gap between what’s technically possible and what’s socially acceptable is widening fast. From a systems perspective, there’s pressure to pick a side, but better outcomes usually come from defining what success looks like and measuring it. The most persuasive arguments usually combine data with a clear story about tradeoffs and constraints. In practice, we’d make faster progress if we invested in boring infrastructure, clearer standards, and feedback that is hard to game. It would help if we measured outcomes honestly instead of arguing only about intentions.",1
ai_0441,"The uncomfortable truth is that health conversations keep circling the same points without addressing incentives. In daily life, the details matter: nutrition, preventive care, and public health communication all interact in ways people underestimate. The best approaches combine prevention, education, and a safety net for when prevention fails. We should separate what feels satisfying in the moment from what actually improves outcomes over time. In daily life, there’s pressure to pick a side, but better outcomes usually come from defining what success looks like and measuring it. We should separate what feels satisfying in the moment from what actually improves outcomes over time. On the other hand, we’d make faster progress if we invested in boring infrastructure, clearer standards, and feedback that is hard to game. I’m not asking for perfection, just clearer incentives and better follow-through.",1
ai_0442,"What stands out to me is how sports conversations keep circling the same points without addressing incentives. Zooming out, the details matter: youth pipelines, player development, and fairness all interact in ways people underestimate. One of the biggest failures is communication: too many experts speak in jargon when plain language would help. Transparency matters because it lets the public distinguish honest mistakes from intentional manipulation. In daily life, there’s pressure to pick a side, but better outcomes usually come from defining what success looks like and measuring it. What gets lost is the cumulative effect of small frictions that make participation exhausting. From a systems perspective, we’d make faster progress if we invested in boring infrastructure, clearer standards, and feedback that is hard to game. I’d love to see more emphasis on competence, not just confidence.",1
ai_0443,"Lately I’ve noticed how tech conversations keep circling the same points without addressing incentives. On the other hand, the details matter: automation, platform incentives, and model transparency all interact in ways people underestimate. Short-term incentives reward attention over accuracy, which makes serious discussion feel optional. There’s a real difference between personal responsibility and asking individuals to compensate for broken systems. At the same time, there’s pressure to pick a side, but better outcomes usually come from defining what success looks like and measuring it. If we want trust, we need consistent rules and predictable enforcement, not surprises and exceptions. To be fair, we’d make faster progress if we invested in boring infrastructure, clearer standards, and feedback that is hard to game. The solution is probably less dramatic than people want: steady investment and patient execution.",1
ai_0444,"What stands out to me is how economy conversations keep circling the same points without addressing incentives. From a systems perspective, the details matter: student debt, consumer confidence, and housing affordability all interact in ways people underestimate. The conversation improves when we acknowledge that reasonable people can disagree about priorities. Most solutions require coordination, which is difficult when everyone is optimizing for their own timeline. In daily life, there’s pressure to pick a side, but better outcomes usually come from defining what success looks like and measuring it. We should separate what feels satisfying in the moment from what actually improves outcomes over time. From a systems perspective, we’d make faster progress if we invested in boring infrastructure, clearer standards, and feedback that is hard to game. The best version of this is possible, but it requires humility, guardrails, and real accountability.",1
ai_0445,"People don’t talk enough about how relationships conversations keep circling the same points without addressing incentives. To be fair, the details matter: trust, communication, and work-life balance all interact in ways people underestimate. The best approaches combine prevention, education, and a safety net for when prevention fails. Good governance looks boring: budgets, maintenance, audits, and incremental improvements that rarely go viral. In daily life, there’s pressure to pick a side, but better outcomes usually come from defining what success looks like and measuring it. A policy can be well-intentioned and still produce perverse incentives if it ignores human behavior. In daily life, we’d make faster progress if we invested in boring infrastructure, clearer standards, and feedback that is hard to game. I’m not asking for perfection, just clearer incentives and better follow-through.",1
ai_0446,"A lot of the frustration comes from how economy conversations keep circling the same points without addressing incentives. At the same time, the details matter: inequality, housing affordability, and productivity all interact in ways people underestimate. Good governance looks boring: budgets, maintenance, audits, and incremental improvements that rarely go viral. What gets lost is the cumulative effect of small frictions that make participation exhausting. On the other hand, there’s pressure to pick a side, but better outcomes usually come from defining what success looks like and measuring it. When the feedback loop is distorted, everyone adapts in ways that make the whole system worse. Zooming out, we’d make faster progress if we invested in boring infrastructure, clearer standards, and feedback that is hard to game. The best version of this is possible, but it requires humility, guardrails, and real accountability.",1
ai_0447,"One underrated piece of this is how climate conversations keep circling the same points without addressing incentives. From a systems perspective, the details matter: climate risk, extreme weather, and local adaptation all interact in ways people underestimate. People respond to what is easy, default, and rewarded, not what is merely recommended. Most solutions require coordination, which is difficult when everyone is optimizing for their own timeline. To be fair, there’s pressure to pick a side, but better outcomes usually come from defining what success looks like and measuring it. Transparency matters because it lets the public distinguish honest mistakes from intentional manipulation. In practice, we’d make faster progress if we invested in boring infrastructure, clearer standards, and feedback that is hard to game. The best version of this is possible, but it requires humility, guardrails, and real accountability.",1
ai_0448,"A lot of the frustration comes from how politics conversations keep circling the same points without addressing incentives. From a systems perspective, the details matter: policy tradeoffs, public trust, and voter turnout all interact in ways people underestimate. The most persuasive arguments usually combine data with a clear story about tradeoffs and constraints. Transparency matters because it lets the public distinguish honest mistakes from intentional manipulation. That said, there’s pressure to pick a side, but better outcomes usually come from defining what success looks like and measuring it. I’m optimistic, but only if we stop pretending that technology alone can solve social problems. Zooming out, we’d make faster progress if we invested in boring infrastructure, clearer standards, and feedback that is hard to game. It would help if we measured outcomes honestly instead of arguing only about intentions.",1
ai_0449,"A lot of the frustration comes from how health conversations keep circling the same points without addressing incentives. At the same time, the details matter: insurance friction, burnout, and access to care all interact in ways people underestimate. I’m optimistic, but only if we stop pretending that technology alone can solve social problems. The gap between what’s technically possible and what’s socially acceptable is widening fast. Still, there’s pressure to pick a side, but better outcomes usually come from defining what success looks like and measuring it. Most solutions require coordination, which is difficult when everyone is optimizing for their own timeline. From a systems perspective, we’d make faster progress if we invested in boring infrastructure, clearer standards, and feedback that is hard to game. If we want durable progress, we have to make the boring, consistent work feel worth it.",1
ai_0450,"It’s hard to ignore how tech conversations keep circling the same points without addressing incentives. That said, the details matter: cybersecurity, product design, and platform incentives all interact in ways people underestimate. One of the biggest failures is communication: too many experts speak in jargon when plain language would help. It’s easy to treat this as an individual choice problem, but the structure pushes people into predictable decisions. That said, there’s pressure to pick a side, but better outcomes usually come from defining what success looks like and measuring it. A policy can be well-intentioned and still produce perverse incentives if it ignores human behavior. From a systems perspective, we’d make faster progress if we invested in boring infrastructure, clearer standards, and feedback that is hard to game. The best version of this is possible, but it requires humility, guardrails, and real accountability.",1
ai_0451,"A fair critique is that relationships conversations keep circling the same points without addressing incentives. To be fair, the details matter: emotional labor, long distance, and trust all interact in ways people underestimate. The conversation improves when we acknowledge that reasonable people can disagree about priorities. I’m optimistic, but only if we stop pretending that technology alone can solve social problems. At the same time, there’s pressure to pick a side, but better outcomes usually come from defining what success looks like and measuring it. A lot of the heat comes from uncertainty, especially when outcomes are delayed or hard to measure. Still, we’d make faster progress if we invested in boring infrastructure, clearer standards, and feedback that is hard to game. It would help if we measured outcomes honestly instead of arguing only about intentions.",1
ai_0452,"The longer I watch this, the more I think tech conversations keep circling the same points without addressing incentives. In practice, the details matter: platform incentives, developer experience, and AI tools all interact in ways people underestimate. People respond to what is easy, default, and rewarded, not what is merely recommended. Transparency matters because it lets the public distinguish honest mistakes from intentional manipulation. In practice, there’s pressure to pick a side, but better outcomes usually come from defining what success looks like and measuring it. The most persuasive arguments usually combine data with a clear story about tradeoffs and constraints. From a systems perspective, we’d make faster progress if we invested in boring infrastructure, clearer standards, and feedback that is hard to game. It would help if we measured outcomes honestly instead of arguing only about intentions.",1
ai_0453,"I keep thinking about how relationships conversations keep circling the same points without addressing incentives. From a systems perspective, the details matter: friendship drift, communication, and conflict resolution all interact in ways people underestimate. Good governance looks boring: budgets, maintenance, audits, and incremental improvements that rarely go viral. Short-term incentives reward attention over accuracy, which makes serious discussion feel optional. From a systems perspective, there’s pressure to pick a side, but better outcomes usually come from defining what success looks like and measuring it. The best approaches combine prevention, education, and a safety net for when prevention fails. From a systems perspective, we’d make faster progress if we invested in boring infrastructure, clearer standards, and feedback that is hard to game. I’d love to see more emphasis on competence, not just confidence.",1
ai_0454,"A lot of the frustration comes from how politics conversations keep circling the same points without addressing incentives. To be fair, the details matter: local government, accountability, and misinformation all interact in ways people underestimate. The best approaches combine prevention, education, and a safety net for when prevention fails. The best approaches combine prevention, education, and a safety net for when prevention fails. From a systems perspective, there’s pressure to pick a side, but better outcomes usually come from defining what success looks like and measuring it. Short-term incentives reward attention over accuracy, which makes serious discussion feel optional. That said, we’d make faster progress if we invested in boring infrastructure, clearer standards, and feedback that is hard to game. The solution is probably less dramatic than people want: steady investment and patient execution.",1
ai_0455,"I keep thinking about how politics conversations keep circling the same points without addressing incentives. Still, the details matter: civic education, policy tradeoffs, and local government all interact in ways people underestimate. One of the biggest failures is communication: too many experts speak in jargon when plain language would help. When the feedback loop is distorted, everyone adapts in ways that make the whole system worse. Still, there’s pressure to pick a side, but better outcomes usually come from defining what success looks like and measuring it. A lot of the heat comes from uncertainty, especially when outcomes are delayed or hard to measure. At the same time, we’d make faster progress if we invested in boring infrastructure, clearer standards, and feedback that is hard to game. I’m not asking for perfection, just clearer incentives and better follow-through.",1
ai_0456,"It’s hard to ignore how sports conversations keep circling the same points without addressing incentives. At the same time, the details matter: team chemistry, fan culture, and youth pipelines all interact in ways people underestimate. Transparency matters because it lets the public distinguish honest mistakes from intentional manipulation. Transparency matters because it lets the public distinguish honest mistakes from intentional manipulation. That said, there’s pressure to pick a side, but better outcomes usually come from defining what success looks like and measuring it. People respond to what is easy, default, and rewarded, not what is merely recommended. To be fair, we’d make faster progress if we invested in boring infrastructure, clearer standards, and feedback that is hard to game. It would help if we measured outcomes honestly instead of arguing only about intentions.",1
ai_0457,"It’s hard to ignore how health conversations keep circling the same points without addressing incentives. In practice, the details matter: exercise habits, access to care, and preventive care all interact in ways people underestimate. What gets lost is the cumulative effect of small frictions that make participation exhausting. It’s easy to treat this as an individual choice problem, but the structure pushes people into predictable decisions. In my view, there’s pressure to pick a side, but better outcomes usually come from defining what success looks like and measuring it. If we want trust, we need consistent rules and predictable enforcement, not surprises and exceptions. In my view, we’d make faster progress if we invested in boring infrastructure, clearer standards, and feedback that is hard to game. If we want durable progress, we have to make the boring, consistent work feel worth it.",1
ai_0458,"It’s hard to ignore how health conversations keep circling the same points without addressing incentives. In practice, the details matter: public health communication, exercise habits, and nutrition all interact in ways people underestimate. If we want trust, we need consistent rules and predictable enforcement, not surprises and exceptions. A policy can be well-intentioned and still produce perverse incentives if it ignores human behavior. In my view, there’s pressure to pick a side, but better outcomes usually come from defining what success looks like and measuring it. The gap between what’s technically possible and what’s socially acceptable is widening fast. Zooming out, we’d make faster progress if we invested in boring infrastructure, clearer standards, and feedback that is hard to game. The solution is probably less dramatic than people want: steady investment and patient execution.",1
ai_0459,"The uncomfortable truth is that campus life conversations keep circling the same points without addressing incentives. Zooming out, the details matter: campus resources, workload balance, and internships all interact in ways people underestimate. The best approaches combine prevention, education, and a safety net for when prevention fails. People respond to what is easy, default, and rewarded, not what is merely recommended. That said, there’s pressure to pick a side, but better outcomes usually come from defining what success looks like and measuring it. If we want trust, we need consistent rules and predictable enforcement, not surprises and exceptions. From a systems perspective, we’d make faster progress if we invested in boring infrastructure, clearer standards, and feedback that is hard to game. We can debate details forever, but the direction should be: more transparency and fewer gotchas.",1
ai_0460,"What stands out to me is how tech conversations keep circling the same points without addressing incentives. In daily life, the details matter: cybersecurity, model transparency, and product design all interact in ways people underestimate. A policy can be well-intentioned and still produce perverse incentives if it ignores human behavior. It’s also worth noting that the costs and benefits are unevenly distributed across communities. In daily life, there’s pressure to pick a side, but better outcomes usually come from defining what success looks like and measuring it. It’s also worth noting that the costs and benefits are unevenly distributed across communities. From a systems perspective, we’d make faster progress if we invested in boring infrastructure, clearer standards, and feedback that is hard to game. It would help if we measured outcomes honestly instead of arguing only about intentions.",1
ai_0461,"Lately I’ve noticed how climate conversations keep circling the same points without addressing incentives. At the same time, the details matter: conservation, local adaptation, and public transit all interact in ways people underestimate. Most solutions require coordination, which is difficult when everyone is optimizing for their own timeline. The most persuasive arguments usually combine data with a clear story about tradeoffs and constraints. That said, there’s pressure to pick a side, but better outcomes usually come from defining what success looks like and measuring it. The gap between what’s technically possible and what’s socially acceptable is widening fast. At the same time, we’d make faster progress if we invested in boring infrastructure, clearer standards, and feedback that is hard to game. The best version of this is possible, but it requires humility, guardrails, and real accountability.",1
ai_0462,"People don’t talk enough about how campus life conversations keep circling the same points without addressing incentives. Zooming out, the details matter: group projects, workload balance, and career fairs all interact in ways people underestimate. The gap between what’s technically possible and what’s socially acceptable is widening fast. People respond to what is easy, default, and rewarded, not what is merely recommended. On the other hand, there’s pressure to pick a side, but better outcomes usually come from defining what success looks like and measuring it. There’s a real difference between personal responsibility and asking individuals to compensate for broken systems. At the same time, we’d make faster progress if we invested in boring infrastructure, clearer standards, and feedback that is hard to game. If we want durable progress, we have to make the boring, consistent work feel worth it.",1
ai_0463,"I keep thinking about how campus life conversations keep circling the same points without addressing incentives. That said, the details matter: club culture, campus resources, and career fairs all interact in ways people underestimate. What gets lost is the cumulative effect of small frictions that make participation exhausting. I’m optimistic, but only if we stop pretending that technology alone can solve social problems. In my view, there’s pressure to pick a side, but better outcomes usually come from defining what success looks like and measuring it. The best approaches combine prevention, education, and a safety net for when prevention fails. In my view, we’d make faster progress if we invested in boring infrastructure, clearer standards, and feedback that is hard to game. I’m not asking for perfection, just clearer incentives and better follow-through.",1
ai_0464,"People don’t talk enough about how tech conversations keep circling the same points without addressing incentives. From a systems perspective, the details matter: platform incentives, open source, and product design all interact in ways people underestimate. A lot of the heat comes from uncertainty, especially when outcomes are delayed or hard to measure. It’s also worth noting that the costs and benefits are unevenly distributed across communities. From a systems perspective, there’s pressure to pick a side, but better outcomes usually come from defining what success looks like and measuring it. A lot of the heat comes from uncertainty, especially when outcomes are delayed or hard to measure. At the same time, we’d make faster progress if we invested in boring infrastructure, clearer standards, and feedback that is hard to game. I’d love to see more emphasis on competence, not just confidence.",1
ai_0465,"The longer I watch this, the more I think relationships conversations keep circling the same points without addressing incentives. At the same time, the details matter: emotional labor, shared goals, and social media dynamics all interact in ways people underestimate. I’m optimistic, but only if we stop pretending that technology alone can solve social problems. The conversation improves when we acknowledge that reasonable people can disagree about priorities. Zooming out, there’s pressure to pick a side, but better outcomes usually come from defining what success looks like and measuring it. Good governance looks boring: budgets, maintenance, audits, and incremental improvements that rarely go viral. In practice, we’d make faster progress if we invested in boring infrastructure, clearer standards, and feedback that is hard to game. I’m not asking for perfection, just clearer incentives and better follow-through.",1
ai_0466,"It’s hard to ignore how economy conversations keep circling the same points without addressing incentives. Still, the details matter: student debt, small business, and inequality all interact in ways people underestimate. The conversation improves when we acknowledge that reasonable people can disagree about priorities. What gets lost is the cumulative effect of small frictions that make participation exhausting. In practice, there’s pressure to pick a side, but better outcomes usually come from defining what success looks like and measuring it. Good governance looks boring: budgets, maintenance, audits, and incremental improvements that rarely go viral. At the same time, we’d make faster progress if we invested in boring infrastructure, clearer standards, and feedback that is hard to game. It would help if we measured outcomes honestly instead of arguing only about intentions.",1
ai_0467,"The uncomfortable truth is that climate conversations keep circling the same points without addressing incentives. That said, the details matter: conservation, building efficiency, and grid reliability all interact in ways people underestimate. When the feedback loop is distorted, everyone adapts in ways that make the whole system worse. There’s a real difference between personal responsibility and asking individuals to compensate for broken systems. In practice, there’s pressure to pick a side, but better outcomes usually come from defining what success looks like and measuring it. If we want trust, we need consistent rules and predictable enforcement, not surprises and exceptions. In my view, we’d make faster progress if we invested in boring infrastructure, clearer standards, and feedback that is hard to game. If we want durable progress, we have to make the boring, consistent work feel worth it.",1
ai_0468,"A lot of the frustration comes from how sports conversations keep circling the same points without addressing incentives. In practice, the details matter: fairness, coaching strategy, and youth pipelines all interact in ways people underestimate. People respond to what is easy, default, and rewarded, not what is merely recommended. Transparency matters because it lets the public distinguish honest mistakes from intentional manipulation. On the other hand, there’s pressure to pick a side, but better outcomes usually come from defining what success looks like and measuring it. The most persuasive arguments usually combine data with a clear story about tradeoffs and constraints. Zooming out, we’d make faster progress if we invested in boring infrastructure, clearer standards, and feedback that is hard to game. We can debate details forever, but the direction should be: more transparency and fewer gotchas.",1
ai_0469,"A lot of the frustration comes from how climate conversations keep circling the same points without addressing incentives. Zooming out, the details matter: extreme weather, local adaptation, and energy transition all interact in ways people underestimate. A policy can be well-intentioned and still produce perverse incentives if it ignores human behavior. A lot of the heat comes from uncertainty, especially when outcomes are delayed or hard to measure. At the same time, there’s pressure to pick a side, but better outcomes usually come from defining what success looks like and measuring it. The gap between what’s technically possible and what’s socially acceptable is widening fast. From a systems perspective, we’d make faster progress if we invested in boring infrastructure, clearer standards, and feedback that is hard to game. We can debate details forever, but the direction should be: more transparency and fewer gotchas.",1
ai_0470,"People don’t talk enough about how campus life conversations keep circling the same points without addressing incentives. Still, the details matter: imposter syndrome, time management, and club culture all interact in ways people underestimate. A lot of the heat comes from uncertainty, especially when outcomes are delayed or hard to measure. The gap between what’s technically possible and what’s socially acceptable is widening fast. That said, there’s pressure to pick a side, but better outcomes usually come from defining what success looks like and measuring it. When the feedback loop is distorted, everyone adapts in ways that make the whole system worse. Zooming out, we’d make faster progress if we invested in boring infrastructure, clearer standards, and feedback that is hard to game. I’d love to see more emphasis on competence, not just confidence.",1
ai_0471,"I keep thinking about how sports conversations keep circling the same points without addressing incentives. In practice, the details matter: rule changes, commercialization, and player development all interact in ways people underestimate. It’s easy to treat this as an individual choice problem, but the structure pushes people into predictable decisions. The conversation improves when we acknowledge that reasonable people can disagree about priorities. At the same time, there’s pressure to pick a side, but better outcomes usually come from defining what success looks like and measuring it. Most solutions require coordination, which is difficult when everyone is optimizing for their own timeline. In daily life, we’d make faster progress if we invested in boring infrastructure, clearer standards, and feedback that is hard to game. I’m not asking for perfection, just clearer incentives and better follow-through.",1
ai_0472,"I keep thinking about how politics conversations keep circling the same points without addressing incentives. In daily life, the details matter: campaign messaging, civic education, and policy tradeoffs all interact in ways people underestimate. The conversation improves when we acknowledge that reasonable people can disagree about priorities. The gap between what’s technically possible and what’s socially acceptable is widening fast. In practice, there’s pressure to pick a side, but better outcomes usually come from defining what success looks like and measuring it. The gap between what’s technically possible and what’s socially acceptable is widening fast. On the other hand, we’d make faster progress if we invested in boring infrastructure, clearer standards, and feedback that is hard to game. Small changes in behavior and policy add up, but only if we stick with them.",1
ai_0473,"A lot of the frustration comes from how health conversations keep circling the same points without addressing incentives. That said, the details matter: public health communication, screen time, and access to care all interact in ways people underestimate. Transparency matters because it lets the public distinguish honest mistakes from intentional manipulation. There’s a real difference between personal responsibility and asking individuals to compensate for broken systems. In practice, there’s pressure to pick a side, but better outcomes usually come from defining what success looks like and measuring it. The most persuasive arguments usually combine data with a clear story about tradeoffs and constraints. Still, we’d make faster progress if we invested in boring infrastructure, clearer standards, and feedback that is hard to game. I’m not asking for perfection, just clearer incentives and better follow-through.",1
ai_0474,"Lately I’ve noticed how sports conversations keep circling the same points without addressing incentives. Zooming out, the details matter: team chemistry, commercialization, and player development all interact in ways people underestimate. The conversation improves when we acknowledge that reasonable people can disagree about priorities. There’s a real difference between personal responsibility and asking individuals to compensate for broken systems. In my view, there’s pressure to pick a side, but better outcomes usually come from defining what success looks like and measuring it. A lot of the heat comes from uncertainty, especially when outcomes are delayed or hard to measure. Zooming out, we’d make faster progress if we invested in boring infrastructure, clearer standards, and feedback that is hard to game. Small changes in behavior and policy add up, but only if we stick with them.",1
ai_0475,"It’s hard to ignore how politics conversations keep circling the same points without addressing incentives. In practice, the details matter: accountability, local government, and voter turnout all interact in ways people underestimate. Good governance looks boring: budgets, maintenance, audits, and incremental improvements that rarely go viral. Most solutions require coordination, which is difficult when everyone is optimizing for their own timeline. In daily life, there’s pressure to pick a side, but better outcomes usually come from defining what success looks like and measuring it. When the feedback loop is distorted, everyone adapts in ways that make the whole system worse. In my view, we’d make faster progress if we invested in boring infrastructure, clearer standards, and feedback that is hard to game. It would help if we measured outcomes honestly instead of arguing only about intentions.",1
ai_0476,"It’s hard to ignore how campus life conversations keep circling the same points without addressing incentives. To be fair, the details matter: workload balance, imposter syndrome, and campus resources all interact in ways people underestimate. If we want trust, we need consistent rules and predictable enforcement, not surprises and exceptions. What gets lost is the cumulative effect of small frictions that make participation exhausting. At the same time, there’s pressure to pick a side, but better outcomes usually come from defining what success looks like and measuring it. Transparency matters because it lets the public distinguish honest mistakes from intentional manipulation. That said, we’d make faster progress if we invested in boring infrastructure, clearer standards, and feedback that is hard to game. I’d love to see more emphasis on competence, not just confidence.",1
ai_0477,"People don’t talk enough about how tech conversations keep circling the same points without addressing incentives. On the other hand, the details matter: developer experience, product design, and cybersecurity all interact in ways people underestimate. Most solutions require coordination, which is difficult when everyone is optimizing for their own timeline. I’m optimistic, but only if we stop pretending that technology alone can solve social problems. Zooming out, there’s pressure to pick a side, but better outcomes usually come from defining what success looks like and measuring it. A lot of the heat comes from uncertainty, especially when outcomes are delayed or hard to measure. That said, we’d make faster progress if we invested in boring infrastructure, clearer standards, and feedback that is hard to game. If we want durable progress, we have to make the boring, consistent work feel worth it.",1
ai_0478,"One underrated piece of this is how health conversations keep circling the same points without addressing incentives. From a systems perspective, the details matter: exercise habits, mental health, and burnout all interact in ways people underestimate. We should separate what feels satisfying in the moment from what actually improves outcomes over time. A lot of the heat comes from uncertainty, especially when outcomes are delayed or hard to measure. From a systems perspective, there’s pressure to pick a side, but better outcomes usually come from defining what success looks like and measuring it. The best approaches combine prevention, education, and a safety net for when prevention fails. On the other hand, we’d make faster progress if we invested in boring infrastructure, clearer standards, and feedback that is hard to game. Small changes in behavior and policy add up, but only if we stick with them.",1
ai_0479,"People don’t talk enough about how health conversations keep circling the same points without addressing incentives. In my view, the details matter: access to care, insurance friction, and nutrition all interact in ways people underestimate. Short-term incentives reward attention over accuracy, which makes serious discussion feel optional. It’s easy to treat this as an individual choice problem, but the structure pushes people into predictable decisions. From a systems perspective, there’s pressure to pick a side, but better outcomes usually come from defining what success looks like and measuring it. It’s also worth noting that the costs and benefits are unevenly distributed across communities. From a systems perspective, we’d make faster progress if we invested in boring infrastructure, clearer standards, and feedback that is hard to game. If we want durable progress, we have to make the boring, consistent work feel worth it.",1
ai_0480,"What stands out to me is how economy conversations keep circling the same points without addressing incentives. In practice, the details matter: small business, productivity, and inequality all interact in ways people underestimate. I’m optimistic, but only if we stop pretending that technology alone can solve social problems. A lot of the heat comes from uncertainty, especially when outcomes are delayed or hard to measure. In my view, there’s pressure to pick a side, but better outcomes usually come from defining what success looks like and measuring it. A policy can be well-intentioned and still produce perverse incentives if it ignores human behavior. In daily life, we’d make faster progress if we invested in boring infrastructure, clearer standards, and feedback that is hard to game. If we want durable progress, we have to make the boring, consistent work feel worth it.",1
ai_0481,"A fair critique is that tech conversations keep circling the same points without addressing incentives. That said, the details matter: cloud costs, data privacy, and product design all interact in ways people underestimate. Most solutions require coordination, which is difficult when everyone is optimizing for their own timeline. What gets lost is the cumulative effect of small frictions that make participation exhausting. In practice, there’s pressure to pick a side, but better outcomes usually come from defining what success looks like and measuring it. I’m optimistic, but only if we stop pretending that technology alone can solve social problems. Zooming out, we’d make faster progress if we invested in boring infrastructure, clearer standards, and feedback that is hard to game. The best version of this is possible, but it requires humility, guardrails, and real accountability.",1
ai_0482,"A lot of the frustration comes from how sports conversations keep circling the same points without addressing incentives. To be fair, the details matter: coaching strategy, team chemistry, and injury prevention all interact in ways people underestimate. The gap between what’s technically possible and what’s socially acceptable is widening fast. I’m optimistic, but only if we stop pretending that technology alone can solve social problems. That said, there’s pressure to pick a side, but better outcomes usually come from defining what success looks like and measuring it. If we want trust, we need consistent rules and predictable enforcement, not surprises and exceptions. In my view, we’d make faster progress if we invested in boring infrastructure, clearer standards, and feedback that is hard to game. The best version of this is possible, but it requires humility, guardrails, and real accountability.",1
ai_0483,"What stands out to me is how tech conversations keep circling the same points without addressing incentives. That said, the details matter: developer experience, product design, and open source all interact in ways people underestimate. The most persuasive arguments usually combine data with a clear story about tradeoffs and constraints. I’m optimistic, but only if we stop pretending that technology alone can solve social problems. In daily life, there’s pressure to pick a side, but better outcomes usually come from defining what success looks like and measuring it. The best approaches combine prevention, education, and a safety net for when prevention fails. From a systems perspective, we’d make faster progress if we invested in boring infrastructure, clearer standards, and feedback that is hard to game. I’d love to see more emphasis on competence, not just confidence.",1
ai_0484,"A lot of the frustration comes from how tech conversations keep circling the same points without addressing incentives. Still, the details matter: product design, model transparency, and data privacy all interact in ways people underestimate. It’s easy to treat this as an individual choice problem, but the structure pushes people into predictable decisions. The best approaches combine prevention, education, and a safety net for when prevention fails. In practice, there’s pressure to pick a side, but better outcomes usually come from defining what success looks like and measuring it. The most persuasive arguments usually combine data with a clear story about tradeoffs and constraints. To be fair, we’d make faster progress if we invested in boring infrastructure, clearer standards, and feedback that is hard to game. The best version of this is possible, but it requires humility, guardrails, and real accountability.",1
ai_0485,"It’s hard to ignore how climate conversations keep circling the same points without addressing incentives. On the other hand, the details matter: carbon pricing, community resilience, and extreme weather all interact in ways people underestimate. Short-term incentives reward attention over accuracy, which makes serious discussion feel optional. A lot of the heat comes from uncertainty, especially when outcomes are delayed or hard to measure. Still, there’s pressure to pick a side, but better outcomes usually come from defining what success looks like and measuring it. A lot of the heat comes from uncertainty, especially when outcomes are delayed or hard to measure. In daily life, we’d make faster progress if we invested in boring infrastructure, clearer standards, and feedback that is hard to game. I’d love to see more emphasis on competence, not just confidence.",1
ai_0486,"The uncomfortable truth is that campus life conversations keep circling the same points without addressing incentives. In daily life, the details matter: time management, club culture, and group projects all interact in ways people underestimate. The gap between what’s technically possible and what’s socially acceptable is widening fast. The conversation improves when we acknowledge that reasonable people can disagree about priorities. From a systems perspective, there’s pressure to pick a side, but better outcomes usually come from defining what success looks like and measuring it. People respond to what is easy, default, and rewarded, not what is merely recommended. On the other hand, we’d make faster progress if we invested in boring infrastructure, clearer standards, and feedback that is hard to game. Small changes in behavior and policy add up, but only if we stick with them.",1
ai_0487,"The uncomfortable truth is that politics conversations keep circling the same points without addressing incentives. At the same time, the details matter: institutional legitimacy, bipartisanship, and campaign messaging all interact in ways people underestimate. What gets lost is the cumulative effect of small frictions that make participation exhausting. A lot of the heat comes from uncertainty, especially when outcomes are delayed or hard to measure. In daily life, there’s pressure to pick a side, but better outcomes usually come from defining what success looks like and measuring it. People respond to what is easy, default, and rewarded, not what is merely recommended. Zooming out, we’d make faster progress if we invested in boring infrastructure, clearer standards, and feedback that is hard to game. I’m not asking for perfection, just clearer incentives and better follow-through.",1
ai_0488,"I keep thinking about how economy conversations keep circling the same points without addressing incentives. Zooming out, the details matter: small business, inequality, and inflation all interact in ways people underestimate. People respond to what is easy, default, and rewarded, not what is merely recommended. Short-term incentives reward attention over accuracy, which makes serious discussion feel optional. In my view, there’s pressure to pick a side, but better outcomes usually come from defining what success looks like and measuring it. We should separate what feels satisfying in the moment from what actually improves outcomes over time. That said, we’d make faster progress if we invested in boring infrastructure, clearer standards, and feedback that is hard to game. The best version of this is possible, but it requires humility, guardrails, and real accountability.",1
ai_0489,"The longer I watch this, the more I think economy conversations keep circling the same points without addressing incentives. To be fair, the details matter: consumer confidence, interest rates, and small business all interact in ways people underestimate. Good governance looks boring: budgets, maintenance, audits, and incremental improvements that rarely go viral. The gap between what’s technically possible and what’s socially acceptable is widening fast. To be fair, there’s pressure to pick a side, but better outcomes usually come from defining what success looks like and measuring it. Transparency matters because it lets the public distinguish honest mistakes from intentional manipulation. To be fair, we’d make faster progress if we invested in boring infrastructure, clearer standards, and feedback that is hard to game. I’d love to see more emphasis on competence, not just confidence.",1
ai_0490,"People don’t talk enough about how relationships conversations keep circling the same points without addressing incentives. To be fair, the details matter: long distance, friendship drift, and trust all interact in ways people underestimate. A lot of the heat comes from uncertainty, especially when outcomes are delayed or hard to measure. A lot of the heat comes from uncertainty, especially when outcomes are delayed or hard to measure. Still, there’s pressure to pick a side, but better outcomes usually come from defining what success looks like and measuring it. Short-term incentives reward attention over accuracy, which makes serious discussion feel optional. In practice, we’d make faster progress if we invested in boring infrastructure, clearer standards, and feedback that is hard to game. If we want durable progress, we have to make the boring, consistent work feel worth it.",1
ai_0491,"The longer I watch this, the more I think relationships conversations keep circling the same points without addressing incentives. Still, the details matter: communication, long distance, and social media dynamics all interact in ways people underestimate. If we want trust, we need consistent rules and predictable enforcement, not surprises and exceptions. Most solutions require coordination, which is difficult when everyone is optimizing for their own timeline. That said, there’s pressure to pick a side, but better outcomes usually come from defining what success looks like and measuring it. The best approaches combine prevention, education, and a safety net for when prevention fails. Still, we’d make faster progress if we invested in boring infrastructure, clearer standards, and feedback that is hard to game. The best version of this is possible, but it requires humility, guardrails, and real accountability.",1
ai_0492,"A fair critique is that campus life conversations keep circling the same points without addressing incentives. To be fair, the details matter: campus resources, research opportunities, and imposter syndrome all interact in ways people underestimate. What gets lost is the cumulative effect of small frictions that make participation exhausting. One of the biggest failures is communication: too many experts speak in jargon when plain language would help. Zooming out, there’s pressure to pick a side, but better outcomes usually come from defining what success looks like and measuring it. We should separate what feels satisfying in the moment from what actually improves outcomes over time. From a systems perspective, we’d make faster progress if we invested in boring infrastructure, clearer standards, and feedback that is hard to game. It would help if we measured outcomes honestly instead of arguing only about intentions.",1
ai_0493,"Lately I’ve noticed how economy conversations keep circling the same points without addressing incentives. Zooming out, the details matter: interest rates, inflation, and productivity all interact in ways people underestimate. Good governance looks boring: budgets, maintenance, audits, and incremental improvements that rarely go viral. I’m optimistic, but only if we stop pretending that technology alone can solve social problems. In practice, there’s pressure to pick a side, but better outcomes usually come from defining what success looks like and measuring it. One of the biggest failures is communication: too many experts speak in jargon when plain language would help. To be fair, we’d make faster progress if we invested in boring infrastructure, clearer standards, and feedback that is hard to game. I’m not asking for perfection, just clearer incentives and better follow-through.",1
ai_0494,"It’s hard to ignore how politics conversations keep circling the same points without addressing incentives. In daily life, the details matter: public trust, misinformation, and bipartisanship all interact in ways people underestimate. A lot of the heat comes from uncertainty, especially when outcomes are delayed or hard to measure. A policy can be well-intentioned and still produce perverse incentives if it ignores human behavior. From a systems perspective, there’s pressure to pick a side, but better outcomes usually come from defining what success looks like and measuring it. There’s a real difference between personal responsibility and asking individuals to compensate for broken systems. That said, we’d make faster progress if we invested in boring infrastructure, clearer standards, and feedback that is hard to game. I’d love to see more emphasis on competence, not just confidence.",1
ai_0495,"Lately I’ve noticed how sports conversations keep circling the same points without addressing incentives. From a systems perspective, the details matter: commercialization, player development, and team chemistry all interact in ways people underestimate. I’m optimistic, but only if we stop pretending that technology alone can solve social problems. People respond to what is easy, default, and rewarded, not what is merely recommended. That said, there’s pressure to pick a side, but better outcomes usually come from defining what success looks like and measuring it. The best approaches combine prevention, education, and a safety net for when prevention fails. Zooming out, we’d make faster progress if we invested in boring infrastructure, clearer standards, and feedback that is hard to game. I’m not asking for perfection, just clearer incentives and better follow-through.",1
ai_0496,"A lot of the frustration comes from how economy conversations keep circling the same points without addressing incentives. From a systems perspective, the details matter: small business, inequality, and inflation all interact in ways people underestimate. I’m optimistic, but only if we stop pretending that technology alone can solve social problems. The conversation improves when we acknowledge that reasonable people can disagree about priorities. Zooming out, there’s pressure to pick a side, but better outcomes usually come from defining what success looks like and measuring it. If we want trust, we need consistent rules and predictable enforcement, not surprises and exceptions. From a systems perspective, we’d make faster progress if we invested in boring infrastructure, clearer standards, and feedback that is hard to game. We can debate details forever, but the direction should be: more transparency and fewer gotchas.",1
ai_0497,"I keep thinking about how sports conversations keep circling the same points without addressing incentives. In daily life, the details matter: fan culture, team chemistry, and injury prevention all interact in ways people underestimate. There’s a real difference between personal responsibility and asking individuals to compensate for broken systems. When the feedback loop is distorted, everyone adapts in ways that make the whole system worse. In practice, there’s pressure to pick a side, but better outcomes usually come from defining what success looks like and measuring it. It’s also worth noting that the costs and benefits are unevenly distributed across communities. In daily life, we’d make faster progress if we invested in boring infrastructure, clearer standards, and feedback that is hard to game. It would help if we measured outcomes honestly instead of arguing only about intentions.",1
ai_0498,"The uncomfortable truth is that relationships conversations keep circling the same points without addressing incentives. At the same time, the details matter: work-life balance, communication, and conflict resolution all interact in ways people underestimate. It’s easy to treat this as an individual choice problem, but the structure pushes people into predictable decisions. A lot of the heat comes from uncertainty, especially when outcomes are delayed or hard to measure. In practice, there’s pressure to pick a side, but better outcomes usually come from defining what success looks like and measuring it. A policy can be well-intentioned and still produce perverse incentives if it ignores human behavior. From a systems perspective, we’d make faster progress if we invested in boring infrastructure, clearer standards, and feedback that is hard to game. If we want durable progress, we have to make the boring, consistent work feel worth it.",1
ai_0499,"The uncomfortable truth is that sports conversations keep circling the same points without addressing incentives. In practice, the details matter: fan culture, team chemistry, and injury prevention all interact in ways people underestimate. Short-term incentives reward attention over accuracy, which makes serious discussion feel optional. The most persuasive arguments usually combine data with a clear story about tradeoffs and constraints. In practice, there’s pressure to pick a side, but better outcomes usually come from defining what success looks like and measuring it. The best approaches combine prevention, education, and a safety net for when prevention fails. In practice, we’d make faster progress if we invested in boring infrastructure, clearer standards, and feedback that is hard to game. It would help if we measured outcomes honestly instead of arguing only about intentions.",1
ai_0500,"People don’t talk enough about how health conversations keep circling the same points without addressing incentives. Still, the details matter: burnout, nutrition, and exercise habits all interact in ways people underestimate. It’s also worth noting that the costs and benefits are unevenly distributed across communities. Transparency matters because it lets the public distinguish honest mistakes from intentional manipulation. In practice, there’s pressure to pick a side, but better outcomes usually come from defining what success looks like and measuring it. A policy can be well-intentioned and still produce perverse incentives if it ignores human behavior. On the other hand, we’d make faster progress if we invested in boring infrastructure, clearer standards, and feedback that is hard to game. I’m not asking for perfection, just clearer incentives and better follow-through.",1
ai_0501,"The uncomfortable truth is that relationships conversations keep circling the same points without addressing incentives. Still, the details matter: shared goals, boundaries, and long distance all interact in ways people underestimate. What gets lost is the cumulative effect of small frictions that make participation exhausting. We should separate what feels satisfying in the moment from what actually improves outcomes over time. From a systems perspective, there’s pressure to pick a side, but better outcomes usually come from defining what success looks like and measuring it. Most solutions require coordination, which is difficult when everyone is optimizing for their own timeline. To be fair, we’d make faster progress if we invested in boring infrastructure, clearer standards, and feedback that is hard to game. It would help if we measured outcomes honestly instead of arguing only about intentions.",1
ai_0502,"One underrated piece of this is how sports conversations keep circling the same points without addressing incentives. That said, the details matter: coaching strategy, youth pipelines, and analytics all interact in ways people underestimate. Most solutions require coordination, which is difficult when everyone is optimizing for their own timeline. What gets lost is the cumulative effect of small frictions that make participation exhausting. At the same time, there’s pressure to pick a side, but better outcomes usually come from defining what success looks like and measuring it. It’s also worth noting that the costs and benefits are unevenly distributed across communities. Still, we’d make faster progress if we invested in boring infrastructure, clearer standards, and feedback that is hard to game. Small changes in behavior and policy add up, but only if we stick with them.",1
ai_0503,"The longer I watch this, the more I think economy conversations keep circling the same points without addressing incentives. To be fair, the details matter: productivity, inequality, and student debt all interact in ways people underestimate. A lot of the heat comes from uncertainty, especially when outcomes are delayed or hard to measure. A policy can be well-intentioned and still produce perverse incentives if it ignores human behavior. From a systems perspective, there’s pressure to pick a side, but better outcomes usually come from defining what success looks like and measuring it. If we want trust, we need consistent rules and predictable enforcement, not surprises and exceptions. In practice, we’d make faster progress if we invested in boring infrastructure, clearer standards, and feedback that is hard to game. I’m not asking for perfection, just clearer incentives and better follow-through.",1
ai_0504,"People don’t talk enough about how health conversations keep circling the same points without addressing incentives. Zooming out, the details matter: public health communication, exercise habits, and insurance friction all interact in ways people underestimate. Good governance looks boring: budgets, maintenance, audits, and incremental improvements that rarely go viral. One of the biggest failures is communication: too many experts speak in jargon when plain language would help. At the same time, there’s pressure to pick a side, but better outcomes usually come from defining what success looks like and measuring it. If we want trust, we need consistent rules and predictable enforcement, not surprises and exceptions. That said, we’d make faster progress if we invested in boring infrastructure, clearer standards, and feedback that is hard to game. Small changes in behavior and policy add up, but only if we stick with them.",1
ai_0505,"It’s hard to ignore how tech conversations keep circling the same points without addressing incentives. In practice, the details matter: product design, cybersecurity, and model transparency all interact in ways people underestimate. Most solutions require coordination, which is difficult when everyone is optimizing for their own timeline. We should separate what feels satisfying in the moment from what actually improves outcomes over time. In daily life, there’s pressure to pick a side, but better outcomes usually come from defining what success looks like and measuring it. I’m optimistic, but only if we stop pretending that technology alone can solve social problems. To be fair, we’d make faster progress if we invested in boring infrastructure, clearer standards, and feedback that is hard to game. The solution is probably less dramatic than people want: steady investment and patient execution.",1
ai_0506,"People don’t talk enough about how economy conversations keep circling the same points without addressing incentives. Zooming out, the details matter: inequality, small business, and wage growth all interact in ways people underestimate. It’s easy to treat this as an individual choice problem, but the structure pushes people into predictable decisions. Short-term incentives reward attention over accuracy, which makes serious discussion feel optional. At the same time, there’s pressure to pick a side, but better outcomes usually come from defining what success looks like and measuring it. If we want trust, we need consistent rules and predictable enforcement, not surprises and exceptions. At the same time, we’d make faster progress if we invested in boring infrastructure, clearer standards, and feedback that is hard to game. If we want durable progress, we have to make the boring, consistent work feel worth it.",1
ai_0507,"People don’t talk enough about how economy conversations keep circling the same points without addressing incentives. On the other hand, the details matter: inequality, housing affordability, and productivity all interact in ways people underestimate. The gap between what’s technically possible and what’s socially acceptable is widening fast. When the feedback loop is distorted, everyone adapts in ways that make the whole system worse. In practice, there’s pressure to pick a side, but better outcomes usually come from defining what success looks like and measuring it. Short-term incentives reward attention over accuracy, which makes serious discussion feel optional. In practice, we’d make faster progress if we invested in boring infrastructure, clearer standards, and feedback that is hard to game. If we want durable progress, we have to make the boring, consistent work feel worth it.",1
ai_0508,"It’s hard to ignore how economy conversations keep circling the same points without addressing incentives. That said, the details matter: inflation, student debt, and housing affordability all interact in ways people underestimate. What gets lost is the cumulative effect of small frictions that make participation exhausting. I’m optimistic, but only if we stop pretending that technology alone can solve social problems. In daily life, there’s pressure to pick a side, but better outcomes usually come from defining what success looks like and measuring it. Transparency matters because it lets the public distinguish honest mistakes from intentional manipulation. Still, we’d make faster progress if we invested in boring infrastructure, clearer standards, and feedback that is hard to game. If we want durable progress, we have to make the boring, consistent work feel worth it.",1
ai_0509,"A lot of the frustration comes from how campus life conversations keep circling the same points without addressing incentives. That said, the details matter: research opportunities, club culture, and time management all interact in ways people underestimate. If we want trust, we need consistent rules and predictable enforcement, not surprises and exceptions. The conversation improves when we acknowledge that reasonable people can disagree about priorities. From a systems perspective, there’s pressure to pick a side, but better outcomes usually come from defining what success looks like and measuring it. There’s a real difference between personal responsibility and asking individuals to compensate for broken systems. In practice, we’d make faster progress if we invested in boring infrastructure, clearer standards, and feedback that is hard to game. It would help if we measured outcomes honestly instead of arguing only about intentions.",1
ai_0510,"The longer I watch this, the more I think relationships conversations keep circling the same points without addressing incentives. To be fair, the details matter: boundaries, conflict resolution, and communication all interact in ways people underestimate. There’s a real difference between personal responsibility and asking individuals to compensate for broken systems. There’s a real difference between personal responsibility and asking individuals to compensate for broken systems. In my view, there’s pressure to pick a side, but better outcomes usually come from defining what success looks like and measuring it. Transparency matters because it lets the public distinguish honest mistakes from intentional manipulation. At the same time, we’d make faster progress if we invested in boring infrastructure, clearer standards, and feedback that is hard to game. I’d love to see more emphasis on competence, not just confidence.",1
ai_0511,"The uncomfortable truth is that relationships conversations keep circling the same points without addressing incentives. To be fair, the details matter: boundaries, social media dynamics, and friendship drift all interact in ways people underestimate. The most persuasive arguments usually combine data with a clear story about tradeoffs and constraints. A lot of the heat comes from uncertainty, especially when outcomes are delayed or hard to measure. Still, there’s pressure to pick a side, but better outcomes usually come from defining what success looks like and measuring it. Good governance looks boring: budgets, maintenance, audits, and incremental improvements that rarely go viral. From a systems perspective, we’d make faster progress if we invested in boring infrastructure, clearer standards, and feedback that is hard to game. The best version of this is possible, but it requires humility, guardrails, and real accountability.",1
ai_0512,"One underrated piece of this is how politics conversations keep circling the same points without addressing incentives. That said, the details matter: local government, campaign messaging, and misinformation all interact in ways people underestimate. It’s easy to treat this as an individual choice problem, but the structure pushes people into predictable decisions. I’m optimistic, but only if we stop pretending that technology alone can solve social problems. At the same time, there’s pressure to pick a side, but better outcomes usually come from defining what success looks like and measuring it. There’s a real difference between personal responsibility and asking individuals to compensate for broken systems. That said, we’d make faster progress if we invested in boring infrastructure, clearer standards, and feedback that is hard to game. I’d love to see more emphasis on competence, not just confidence.",1
ai_0513,"I keep thinking about how campus life conversations keep circling the same points without addressing incentives. At the same time, the details matter: workload balance, imposter syndrome, and research opportunities all interact in ways people underestimate. A lot of the heat comes from uncertainty, especially when outcomes are delayed or hard to measure. The conversation improves when we acknowledge that reasonable people can disagree about priorities. To be fair, there’s pressure to pick a side, but better outcomes usually come from defining what success looks like and measuring it. What gets lost is the cumulative effect of small frictions that make participation exhausting. In practice, we’d make faster progress if we invested in boring infrastructure, clearer standards, and feedback that is hard to game. I’m not asking for perfection, just clearer incentives and better follow-through.",1
ai_0514,"The longer I watch this, the more I think relationships conversations keep circling the same points without addressing incentives. To be fair, the details matter: emotional labor, social media dynamics, and work-life balance all interact in ways people underestimate. We should separate what feels satisfying in the moment from what actually improves outcomes over time. Short-term incentives reward attention over accuracy, which makes serious discussion feel optional. That said, there’s pressure to pick a side, but better outcomes usually come from defining what success looks like and measuring it. What gets lost is the cumulative effect of small frictions that make participation exhausting. Zooming out, we’d make faster progress if we invested in boring infrastructure, clearer standards, and feedback that is hard to game. I’d love to see more emphasis on competence, not just confidence.",1
ai_0515,"People don’t talk enough about how economy conversations keep circling the same points without addressing incentives. In practice, the details matter: housing affordability, inequality, and small business all interact in ways people underestimate. It’s easy to treat this as an individual choice problem, but the structure pushes people into predictable decisions. One of the biggest failures is communication: too many experts speak in jargon when plain language would help. To be fair, there’s pressure to pick a side, but better outcomes usually come from defining what success looks like and measuring it. Good governance looks boring: budgets, maintenance, audits, and incremental improvements that rarely go viral. At the same time, we’d make faster progress if we invested in boring infrastructure, clearer standards, and feedback that is hard to game. We can debate details forever, but the direction should be: more transparency and fewer gotchas.",1
ai_0516,"Lately I’ve noticed how sports conversations keep circling the same points without addressing incentives. Still, the details matter: player development, fairness, and fan culture all interact in ways people underestimate. What gets lost is the cumulative effect of small frictions that make participation exhausting. The gap between what’s technically possible and what’s socially acceptable is widening fast. Zooming out, there’s pressure to pick a side, but better outcomes usually come from defining what success looks like and measuring it. People respond to what is easy, default, and rewarded, not what is merely recommended. At the same time, we’d make faster progress if we invested in boring infrastructure, clearer standards, and feedback that is hard to game. The best version of this is possible, but it requires humility, guardrails, and real accountability.",1
ai_0517,"It’s hard to ignore how tech conversations keep circling the same points without addressing incentives. From a systems perspective, the details matter: data privacy, product design, and automation all interact in ways people underestimate. When the feedback loop is distorted, everyone adapts in ways that make the whole system worse. The gap between what’s technically possible and what’s socially acceptable is widening fast. On the other hand, there’s pressure to pick a side, but better outcomes usually come from defining what success looks like and measuring it. Short-term incentives reward attention over accuracy, which makes serious discussion feel optional. Still, we’d make faster progress if we invested in boring infrastructure, clearer standards, and feedback that is hard to game. The solution is probably less dramatic than people want: steady investment and patient execution.",1
ai_0518,"A fair critique is that relationships conversations keep circling the same points without addressing incentives. In practice, the details matter: social media dynamics, trust, and boundaries all interact in ways people underestimate. Most solutions require coordination, which is difficult when everyone is optimizing for their own timeline. Short-term incentives reward attention over accuracy, which makes serious discussion feel optional. From a systems perspective, there’s pressure to pick a side, but better outcomes usually come from defining what success looks like and measuring it. When the feedback loop is distorted, everyone adapts in ways that make the whole system worse. Zooming out, we’d make faster progress if we invested in boring infrastructure, clearer standards, and feedback that is hard to game. We can debate details forever, but the direction should be: more transparency and fewer gotchas.",1
ai_0519,"The longer I watch this, the more I think relationships conversations keep circling the same points without addressing incentives. That said, the details matter: communication, shared goals, and work-life balance all interact in ways people underestimate. Most solutions require coordination, which is difficult when everyone is optimizing for their own timeline. Good governance looks boring: budgets, maintenance, audits, and incremental improvements that rarely go viral. On the other hand, there’s pressure to pick a side, but better outcomes usually come from defining what success looks like and measuring it. A lot of the heat comes from uncertainty, especially when outcomes are delayed or hard to measure. Zooming out, we’d make faster progress if we invested in boring infrastructure, clearer standards, and feedback that is hard to game. The solution is probably less dramatic than people want: steady investment and patient execution.",1
ai_0520,"A lot of the frustration comes from how campus life conversations keep circling the same points without addressing incentives. At the same time, the details matter: internships, workload balance, and research opportunities all interact in ways people underestimate. When the feedback loop is distorted, everyone adapts in ways that make the whole system worse. We should separate what feels satisfying in the moment from what actually improves outcomes over time. From a systems perspective, there’s pressure to pick a side, but better outcomes usually come from defining what success looks like and measuring it. A lot of the heat comes from uncertainty, especially when outcomes are delayed or hard to measure. In daily life, we’d make faster progress if we invested in boring infrastructure, clearer standards, and feedback that is hard to game. I’m not asking for perfection, just clearer incentives and better follow-through.",1
ai_0521,"It’s hard to ignore how politics conversations keep circling the same points without addressing incentives. From a systems perspective, the details matter: voter turnout, public trust, and policy tradeoffs all interact in ways people underestimate. I’m optimistic, but only if we stop pretending that technology alone can solve social problems. It’s easy to treat this as an individual choice problem, but the structure pushes people into predictable decisions. In daily life, there’s pressure to pick a side, but better outcomes usually come from defining what success looks like and measuring it. The most persuasive arguments usually combine data with a clear story about tradeoffs and constraints. Still, we’d make faster progress if we invested in boring infrastructure, clearer standards, and feedback that is hard to game. If we want durable progress, we have to make the boring, consistent work feel worth it.",1
ai_0522,"Lately I’ve noticed how economy conversations keep circling the same points without addressing incentives. To be fair, the details matter: productivity, student debt, and housing affordability all interact in ways people underestimate. The conversation improves when we acknowledge that reasonable people can disagree about priorities. The most persuasive arguments usually combine data with a clear story about tradeoffs and constraints. In my view, there’s pressure to pick a side, but better outcomes usually come from defining what success looks like and measuring it. I’m optimistic, but only if we stop pretending that technology alone can solve social problems. To be fair, we’d make faster progress if we invested in boring infrastructure, clearer standards, and feedback that is hard to game. It would help if we measured outcomes honestly instead of arguing only about intentions.",1
ai_0523,"The uncomfortable truth is that health conversations keep circling the same points without addressing incentives. Still, the details matter: access to care, sleep, and preventive care all interact in ways people underestimate. The most persuasive arguments usually combine data with a clear story about tradeoffs and constraints. There’s a real difference between personal responsibility and asking individuals to compensate for broken systems. In my view, there’s pressure to pick a side, but better outcomes usually come from defining what success looks like and measuring it. A lot of the heat comes from uncertainty, especially when outcomes are delayed or hard to measure. That said, we’d make faster progress if we invested in boring infrastructure, clearer standards, and feedback that is hard to game. The best version of this is possible, but it requires humility, guardrails, and real accountability.",1
ai_0524,"A lot of the frustration comes from how climate conversations keep circling the same points without addressing incentives. On the other hand, the details matter: grid reliability, carbon pricing, and conservation all interact in ways people underestimate. A lot of the heat comes from uncertainty, especially when outcomes are delayed or hard to measure. The most persuasive arguments usually combine data with a clear story about tradeoffs and constraints. In daily life, there’s pressure to pick a side, but better outcomes usually come from defining what success looks like and measuring it. The best approaches combine prevention, education, and a safety net for when prevention fails. At the same time, we’d make faster progress if we invested in boring infrastructure, clearer standards, and feedback that is hard to game. The best version of this is possible, but it requires humility, guardrails, and real accountability.",1
ai_0525,"It’s hard to ignore how economy conversations keep circling the same points without addressing incentives. At the same time, the details matter: wage growth, inflation, and productivity all interact in ways people underestimate. It’s easy to treat this as an individual choice problem, but the structure pushes people into predictable decisions. I’m optimistic, but only if we stop pretending that technology alone can solve social problems. At the same time, there’s pressure to pick a side, but better outcomes usually come from defining what success looks like and measuring it. People respond to what is easy, default, and rewarded, not what is merely recommended. Still, we’d make faster progress if we invested in boring infrastructure, clearer standards, and feedback that is hard to game. The best version of this is possible, but it requires humility, guardrails, and real accountability.",1
ai_0526,"What stands out to me is how relationships conversations keep circling the same points without addressing incentives. In practice, the details matter: social media dynamics, long distance, and friendship drift all interact in ways people underestimate. If we want trust, we need consistent rules and predictable enforcement, not surprises and exceptions. We should separate what feels satisfying in the moment from what actually improves outcomes over time. Zooming out, there’s pressure to pick a side, but better outcomes usually come from defining what success looks like and measuring it. Transparency matters because it lets the public distinguish honest mistakes from intentional manipulation. From a systems perspective, we’d make faster progress if we invested in boring infrastructure, clearer standards, and feedback that is hard to game. I’m not asking for perfection, just clearer incentives and better follow-through.",1
ai_0527,"The uncomfortable truth is that climate conversations keep circling the same points without addressing incentives. That said, the details matter: conservation, grid reliability, and community resilience all interact in ways people underestimate. If we want trust, we need consistent rules and predictable enforcement, not surprises and exceptions. Short-term incentives reward attention over accuracy, which makes serious discussion feel optional. In practice, there’s pressure to pick a side, but better outcomes usually come from defining what success looks like and measuring it. Good governance looks boring: budgets, maintenance, audits, and incremental improvements that rarely go viral. In my view, we’d make faster progress if we invested in boring infrastructure, clearer standards, and feedback that is hard to game. The solution is probably less dramatic than people want: steady investment and patient execution.",1
ai_0528,"The uncomfortable truth is that campus life conversations keep circling the same points without addressing incentives. In my view, the details matter: student services, internships, and time management all interact in ways people underestimate. We should separate what feels satisfying in the moment from what actually improves outcomes over time. Most solutions require coordination, which is difficult when everyone is optimizing for their own timeline. Zooming out, there’s pressure to pick a side, but better outcomes usually come from defining what success looks like and measuring it. The gap between what’s technically possible and what’s socially acceptable is widening fast. Zooming out, we’d make faster progress if we invested in boring infrastructure, clearer standards, and feedback that is hard to game. Small changes in behavior and policy add up, but only if we stick with them.",1
ai_0529,"What stands out to me is how climate conversations keep circling the same points without addressing incentives. From a systems perspective, the details matter: extreme weather, local adaptation, and energy transition all interact in ways people underestimate. Transparency matters because it lets the public distinguish honest mistakes from intentional manipulation. When the feedback loop is distorted, everyone adapts in ways that make the whole system worse. From a systems perspective, there’s pressure to pick a side, but better outcomes usually come from defining what success looks like and measuring it. When the feedback loop is distorted, everyone adapts in ways that make the whole system worse. Still, we’d make faster progress if we invested in boring infrastructure, clearer standards, and feedback that is hard to game. We can debate details forever, but the direction should be: more transparency and fewer gotchas.",1
ai_0530,"One underrated piece of this is how politics conversations keep circling the same points without addressing incentives. In my view, the details matter: policy tradeoffs, local government, and institutional legitimacy all interact in ways people underestimate. When the feedback loop is distorted, everyone adapts in ways that make the whole system worse. The most persuasive arguments usually combine data with a clear story about tradeoffs and constraints. In daily life, there’s pressure to pick a side, but better outcomes usually come from defining what success looks like and measuring it. When the feedback loop is distorted, everyone adapts in ways that make the whole system worse. From a systems perspective, we’d make faster progress if we invested in boring infrastructure, clearer standards, and feedback that is hard to game. It would help if we measured outcomes honestly instead of arguing only about intentions.",1
ai_0531,"A fair critique is that climate conversations keep circling the same points without addressing incentives. That said, the details matter: grid reliability, extreme weather, and community resilience all interact in ways people underestimate. Most solutions require coordination, which is difficult when everyone is optimizing for their own timeline. I’m optimistic, but only if we stop pretending that technology alone can solve social problems. That said, there’s pressure to pick a side, but better outcomes usually come from defining what success looks like and measuring it. I’m optimistic, but only if we stop pretending that technology alone can solve social problems. On the other hand, we’d make faster progress if we invested in boring infrastructure, clearer standards, and feedback that is hard to game. We can debate details forever, but the direction should be: more transparency and fewer gotchas.",1
ai_0532,"Lately I’ve noticed how tech conversations keep circling the same points without addressing incentives. That said, the details matter: cloud costs, open source, and product design all interact in ways people underestimate. The most persuasive arguments usually combine data with a clear story about tradeoffs and constraints. We should separate what feels satisfying in the moment from what actually improves outcomes over time. In my view, there’s pressure to pick a side, but better outcomes usually come from defining what success looks like and measuring it. If we want trust, we need consistent rules and predictable enforcement, not surprises and exceptions. On the other hand, we’d make faster progress if we invested in boring infrastructure, clearer standards, and feedback that is hard to game. The solution is probably less dramatic than people want: steady investment and patient execution.",1
ai_0533,"A lot of the frustration comes from how tech conversations keep circling the same points without addressing incentives. In daily life, the details matter: cloud costs, open source, and data privacy all interact in ways people underestimate. If we want trust, we need consistent rules and predictable enforcement, not surprises and exceptions. A lot of the heat comes from uncertainty, especially when outcomes are delayed or hard to measure. From a systems perspective, there’s pressure to pick a side, but better outcomes usually come from defining what success looks like and measuring it. The gap between what’s technically possible and what’s socially acceptable is widening fast. At the same time, we’d make faster progress if we invested in boring infrastructure, clearer standards, and feedback that is hard to game. I’d love to see more emphasis on competence, not just confidence.",1
ai_0534,"What stands out to me is how economy conversations keep circling the same points without addressing incentives. From a systems perspective, the details matter: wage growth, interest rates, and small business all interact in ways people underestimate. There’s a real difference between personal responsibility and asking individuals to compensate for broken systems. The gap between what’s technically possible and what’s socially acceptable is widening fast. On the other hand, there’s pressure to pick a side, but better outcomes usually come from defining what success looks like and measuring it. The conversation improves when we acknowledge that reasonable people can disagree about priorities. In my view, we’d make faster progress if we invested in boring infrastructure, clearer standards, and feedback that is hard to game. It would help if we measured outcomes honestly instead of arguing only about intentions.",1
ai_0535,"What stands out to me is how tech conversations keep circling the same points without addressing incentives. That said, the details matter: AI tools, developer experience, and cybersecurity all interact in ways people underestimate. If we want trust, we need consistent rules and predictable enforcement, not surprises and exceptions. Transparency matters because it lets the public distinguish honest mistakes from intentional manipulation. From a systems perspective, there’s pressure to pick a side, but better outcomes usually come from defining what success looks like and measuring it. The conversation improves when we acknowledge that reasonable people can disagree about priorities. From a systems perspective, we’d make faster progress if we invested in boring infrastructure, clearer standards, and feedback that is hard to game. The solution is probably less dramatic than people want: steady investment and patient execution.",1
ai_0536,"The uncomfortable truth is that relationships conversations keep circling the same points without addressing incentives. Zooming out, the details matter: conflict resolution, long distance, and emotional labor all interact in ways people underestimate. If we want trust, we need consistent rules and predictable enforcement, not surprises and exceptions. A policy can be well-intentioned and still produce perverse incentives if it ignores human behavior. On the other hand, there’s pressure to pick a side, but better outcomes usually come from defining what success looks like and measuring it. It’s also worth noting that the costs and benefits are unevenly distributed across communities. That said, we’d make faster progress if we invested in boring infrastructure, clearer standards, and feedback that is hard to game. The solution is probably less dramatic than people want: steady investment and patient execution.",1
ai_0537,"One underrated piece of this is how sports conversations keep circling the same points without addressing incentives. At the same time, the details matter: team chemistry, fairness, and commercialization all interact in ways people underestimate. We should separate what feels satisfying in the moment from what actually improves outcomes over time. The conversation improves when we acknowledge that reasonable people can disagree about priorities. To be fair, there’s pressure to pick a side, but better outcomes usually come from defining what success looks like and measuring it. If we want trust, we need consistent rules and predictable enforcement, not surprises and exceptions. On the other hand, we’d make faster progress if we invested in boring infrastructure, clearer standards, and feedback that is hard to game. The solution is probably less dramatic than people want: steady investment and patient execution.",1
ai_0538,"The longer I watch this, the more I think campus life conversations keep circling the same points without addressing incentives. At the same time, the details matter: campus resources, research opportunities, and workload balance all interact in ways people underestimate. A policy can be well-intentioned and still produce perverse incentives if it ignores human behavior. When the feedback loop is distorted, everyone adapts in ways that make the whole system worse. At the same time, there’s pressure to pick a side, but better outcomes usually come from defining what success looks like and measuring it. If we want trust, we need consistent rules and predictable enforcement, not surprises and exceptions. From a systems perspective, we’d make faster progress if we invested in boring infrastructure, clearer standards, and feedback that is hard to game. The best version of this is possible, but it requires humility, guardrails, and real accountability.",1
ai_0539,"A lot of the frustration comes from how sports conversations keep circling the same points without addressing incentives. On the other hand, the details matter: fairness, player development, and team chemistry all interact in ways people underestimate. Short-term incentives reward attention over accuracy, which makes serious discussion feel optional. If we want trust, we need consistent rules and predictable enforcement, not surprises and exceptions. That said, there’s pressure to pick a side, but better outcomes usually come from defining what success looks like and measuring it. The gap between what’s technically possible and what’s socially acceptable is widening fast. Zooming out, we’d make faster progress if we invested in boring infrastructure, clearer standards, and feedback that is hard to game. It would help if we measured outcomes honestly instead of arguing only about intentions.",1
ai_0540,"It’s hard to ignore how tech conversations keep circling the same points without addressing incentives. At the same time, the details matter: product design, cybersecurity, and open source all interact in ways people underestimate. Transparency matters because it lets the public distinguish honest mistakes from intentional manipulation. Most solutions require coordination, which is difficult when everyone is optimizing for their own timeline. From a systems perspective, there’s pressure to pick a side, but better outcomes usually come from defining what success looks like and measuring it. I’m optimistic, but only if we stop pretending that technology alone can solve social problems. In practice, we’d make faster progress if we invested in boring infrastructure, clearer standards, and feedback that is hard to game. I’m not asking for perfection, just clearer incentives and better follow-through.",1
ai_0541,"The longer I watch this, the more I think sports conversations keep circling the same points without addressing incentives. Still, the details matter: fairness, team chemistry, and injury prevention all interact in ways people underestimate. Short-term incentives reward attention over accuracy, which makes serious discussion feel optional. It’s easy to treat this as an individual choice problem, but the structure pushes people into predictable decisions. In my view, there’s pressure to pick a side, but better outcomes usually come from defining what success looks like and measuring it. What gets lost is the cumulative effect of small frictions that make participation exhausting. From a systems perspective, we’d make faster progress if we invested in boring infrastructure, clearer standards, and feedback that is hard to game. We can debate details forever, but the direction should be: more transparency and fewer gotchas.",1
ai_0542,"The longer I watch this, the more I think health conversations keep circling the same points without addressing incentives. In practice, the details matter: screen time, preventive care, and public health communication all interact in ways people underestimate. I’m optimistic, but only if we stop pretending that technology alone can solve social problems. The gap between what’s technically possible and what’s socially acceptable is widening fast. In daily life, there’s pressure to pick a side, but better outcomes usually come from defining what success looks like and measuring it. It’s easy to treat this as an individual choice problem, but the structure pushes people into predictable decisions. Zooming out, we’d make faster progress if we invested in boring infrastructure, clearer standards, and feedback that is hard to game. We can debate details forever, but the direction should be: more transparency and fewer gotchas.",1
ai_0543,"I keep thinking about how health conversations keep circling the same points without addressing incentives. That said, the details matter: preventive care, screen time, and access to care all interact in ways people underestimate. Most solutions require coordination, which is difficult when everyone is optimizing for their own timeline. The best approaches combine prevention, education, and a safety net for when prevention fails. To be fair, there’s pressure to pick a side, but better outcomes usually come from defining what success looks like and measuring it. When the feedback loop is distorted, everyone adapts in ways that make the whole system worse. In my view, we’d make faster progress if we invested in boring infrastructure, clearer standards, and feedback that is hard to game. We can debate details forever, but the direction should be: more transparency and fewer gotchas.",1
ai_0544,"A fair critique is that politics conversations keep circling the same points without addressing incentives. On the other hand, the details matter: bipartisanship, voter turnout, and campaign messaging all interact in ways people underestimate. We should separate what feels satisfying in the moment from what actually improves outcomes over time. Good governance looks boring: budgets, maintenance, audits, and incremental improvements that rarely go viral. Still, there’s pressure to pick a side, but better outcomes usually come from defining what success looks like and measuring it. The most persuasive arguments usually combine data with a clear story about tradeoffs and constraints. In my view, we’d make faster progress if we invested in boring infrastructure, clearer standards, and feedback that is hard to game. I’d love to see more emphasis on competence, not just confidence.",1
ai_0545,"People don’t talk enough about how relationships conversations keep circling the same points without addressing incentives. In my view, the details matter: work-life balance, friendship drift, and emotional labor all interact in ways people underestimate. If we want trust, we need consistent rules and predictable enforcement, not surprises and exceptions. There’s a real difference between personal responsibility and asking individuals to compensate for broken systems. In practice, there’s pressure to pick a side, but better outcomes usually come from defining what success looks like and measuring it. When the feedback loop is distorted, everyone adapts in ways that make the whole system worse. Zooming out, we’d make faster progress if we invested in boring infrastructure, clearer standards, and feedback that is hard to game. If we want durable progress, we have to make the boring, consistent work feel worth it.",1
ai_0546,"A lot of the frustration comes from how economy conversations keep circling the same points without addressing incentives. Zooming out, the details matter: small business, consumer confidence, and productivity all interact in ways people underestimate. It’s also worth noting that the costs and benefits are unevenly distributed across communities. Good governance looks boring: budgets, maintenance, audits, and incremental improvements that rarely go viral. Zooming out, there’s pressure to pick a side, but better outcomes usually come from defining what success looks like and measuring it. Good governance looks boring: budgets, maintenance, audits, and incremental improvements that rarely go viral. That said, we’d make faster progress if we invested in boring infrastructure, clearer standards, and feedback that is hard to game. Small changes in behavior and policy add up, but only if we stick with them.",1
ai_0547,"Lately I’ve noticed how economy conversations keep circling the same points without addressing incentives. From a systems perspective, the details matter: productivity, small business, and housing affordability all interact in ways people underestimate. What gets lost is the cumulative effect of small frictions that make participation exhausting. Transparency matters because it lets the public distinguish honest mistakes from intentional manipulation. That said, there’s pressure to pick a side, but better outcomes usually come from defining what success looks like and measuring it. People respond to what is easy, default, and rewarded, not what is merely recommended. That said, we’d make faster progress if we invested in boring infrastructure, clearer standards, and feedback that is hard to game. If we want durable progress, we have to make the boring, consistent work feel worth it.",1
ai_0548,"It’s hard to ignore how politics conversations keep circling the same points without addressing incentives. Still, the details matter: campaign messaging, voter turnout, and policy tradeoffs all interact in ways people underestimate. The gap between what’s technically possible and what’s socially acceptable is widening fast. A policy can be well-intentioned and still produce perverse incentives if it ignores human behavior. From a systems perspective, there’s pressure to pick a side, but better outcomes usually come from defining what success looks like and measuring it. Short-term incentives reward attention over accuracy, which makes serious discussion feel optional. Still, we’d make faster progress if we invested in boring infrastructure, clearer standards, and feedback that is hard to game. Small changes in behavior and policy add up, but only if we stick with them.",1
ai_0549,"A lot of the frustration comes from how economy conversations keep circling the same points without addressing incentives. In my view, the details matter: interest rates, inequality, and wage growth all interact in ways people underestimate. Short-term incentives reward attention over accuracy, which makes serious discussion feel optional. People respond to what is easy, default, and rewarded, not what is merely recommended. To be fair, there’s pressure to pick a side, but better outcomes usually come from defining what success looks like and measuring it. The gap between what’s technically possible and what’s socially acceptable is widening fast. From a systems perspective, we’d make faster progress if we invested in boring infrastructure, clearer standards, and feedback that is hard to game. If we want durable progress, we have to make the boring, consistent work feel worth it.",1
ai_0550,"The longer I watch this, the more I think politics conversations keep circling the same points without addressing incentives. In daily life, the details matter: public trust, local government, and bipartisanship all interact in ways people underestimate. It’s also worth noting that the costs and benefits are unevenly distributed across communities. I’m optimistic, but only if we stop pretending that technology alone can solve social problems. In my view, there’s pressure to pick a side, but better outcomes usually come from defining what success looks like and measuring it. A policy can be well-intentioned and still produce perverse incentives if it ignores human behavior. In my view, we’d make faster progress if we invested in boring infrastructure, clearer standards, and feedback that is hard to game. I’d love to see more emphasis on competence, not just confidence.",1
ai_0551,"One underrated piece of this is how tech conversations keep circling the same points without addressing incentives. Still, the details matter: automation, cybersecurity, and platform incentives all interact in ways people underestimate. It’s also worth noting that the costs and benefits are unevenly distributed across communities. One of the biggest failures is communication: too many experts speak in jargon when plain language would help. In practice, there’s pressure to pick a side, but better outcomes usually come from defining what success looks like and measuring it. People respond to what is easy, default, and rewarded, not what is merely recommended. On the other hand, we’d make faster progress if we invested in boring infrastructure, clearer standards, and feedback that is hard to game. I’m not asking for perfection, just clearer incentives and better follow-through.",1
ai_0552,"A lot of the frustration comes from how climate conversations keep circling the same points without addressing incentives. Still, the details matter: grid reliability, carbon pricing, and public transit all interact in ways people underestimate. Good governance looks boring: budgets, maintenance, audits, and incremental improvements that rarely go viral. People respond to what is easy, default, and rewarded, not what is merely recommended. In daily life, there’s pressure to pick a side, but better outcomes usually come from defining what success looks like and measuring it. Transparency matters because it lets the public distinguish honest mistakes from intentional manipulation. Still, we’d make faster progress if we invested in boring infrastructure, clearer standards, and feedback that is hard to game. It would help if we measured outcomes honestly instead of arguing only about intentions.",1
ai_0553,"It’s hard to ignore how economy conversations keep circling the same points without addressing incentives. At the same time, the details matter: wage growth, consumer confidence, and student debt all interact in ways people underestimate. A lot of the heat comes from uncertainty, especially when outcomes are delayed or hard to measure. Most solutions require coordination, which is difficult when everyone is optimizing for their own timeline. In my view, there’s pressure to pick a side, but better outcomes usually come from defining what success looks like and measuring it. There’s a real difference between personal responsibility and asking individuals to compensate for broken systems. In daily life, we’d make faster progress if we invested in boring infrastructure, clearer standards, and feedback that is hard to game. We can debate details forever, but the direction should be: more transparency and fewer gotchas.",1
ai_0554,"People don’t talk enough about how tech conversations keep circling the same points without addressing incentives. In my view, the details matter: platform incentives, open source, and AI tools all interact in ways people underestimate. Most solutions require coordination, which is difficult when everyone is optimizing for their own timeline. Good governance looks boring: budgets, maintenance, audits, and incremental improvements that rarely go viral. Still, there’s pressure to pick a side, but better outcomes usually come from defining what success looks like and measuring it. Transparency matters because it lets the public distinguish honest mistakes from intentional manipulation. In my view, we’d make faster progress if we invested in boring infrastructure, clearer standards, and feedback that is hard to game. Small changes in behavior and policy add up, but only if we stick with them.",1
ai_0555,"A lot of the frustration comes from how economy conversations keep circling the same points without addressing incentives. Still, the details matter: housing affordability, inflation, and interest rates all interact in ways people underestimate. A lot of the heat comes from uncertainty, especially when outcomes are delayed or hard to measure. Short-term incentives reward attention over accuracy, which makes serious discussion feel optional. From a systems perspective, there’s pressure to pick a side, but better outcomes usually come from defining what success looks like and measuring it. Good governance looks boring: budgets, maintenance, audits, and incremental improvements that rarely go viral. In my view, we’d make faster progress if we invested in boring infrastructure, clearer standards, and feedback that is hard to game. We can debate details forever, but the direction should be: more transparency and fewer gotchas.",1
ai_0556,"The uncomfortable truth is that climate conversations keep circling the same points without addressing incentives. Still, the details matter: public transit, community resilience, and conservation all interact in ways people underestimate. The conversation improves when we acknowledge that reasonable people can disagree about priorities. The most persuasive arguments usually combine data with a clear story about tradeoffs and constraints. In daily life, there’s pressure to pick a side, but better outcomes usually come from defining what success looks like and measuring it. It’s also worth noting that the costs and benefits are unevenly distributed across communities. From a systems perspective, we’d make faster progress if we invested in boring infrastructure, clearer standards, and feedback that is hard to game. I’m not asking for perfection, just clearer incentives and better follow-through.",1
ai_0557,"One underrated piece of this is how climate conversations keep circling the same points without addressing incentives. At the same time, the details matter: grid reliability, climate risk, and energy transition all interact in ways people underestimate. We should separate what feels satisfying in the moment from what actually improves outcomes over time. Most solutions require coordination, which is difficult when everyone is optimizing for their own timeline. To be fair, there’s pressure to pick a side, but better outcomes usually come from defining what success looks like and measuring it. One of the biggest failures is communication: too many experts speak in jargon when plain language would help. In daily life, we’d make faster progress if we invested in boring infrastructure, clearer standards, and feedback that is hard to game. If we want durable progress, we have to make the boring, consistent work feel worth it.",1
ai_0558,"The uncomfortable truth is that sports conversations keep circling the same points without addressing incentives. Zooming out, the details matter: youth pipelines, analytics, and coaching strategy all interact in ways people underestimate. The gap between what’s technically possible and what’s socially acceptable is widening fast. Short-term incentives reward attention over accuracy, which makes serious discussion feel optional. On the other hand, there’s pressure to pick a side, but better outcomes usually come from defining what success looks like and measuring it. It’s easy to treat this as an individual choice problem, but the structure pushes people into predictable decisions. In practice, we’d make faster progress if we invested in boring infrastructure, clearer standards, and feedback that is hard to game. I’d love to see more emphasis on competence, not just confidence.",1
ai_0559,"Lately I’ve noticed how climate conversations keep circling the same points without addressing incentives. From a systems perspective, the details matter: energy transition, climate risk, and building efficiency all interact in ways people underestimate. The best approaches combine prevention, education, and a safety net for when prevention fails. A policy can be well-intentioned and still produce perverse incentives if it ignores human behavior. In my view, there’s pressure to pick a side, but better outcomes usually come from defining what success looks like and measuring it. When the feedback loop is distorted, everyone adapts in ways that make the whole system worse. In daily life, we’d make faster progress if we invested in boring infrastructure, clearer standards, and feedback that is hard to game. We can debate details forever, but the direction should be: more transparency and fewer gotchas.",1
ai_0560,"People don’t talk enough about how sports conversations keep circling the same points without addressing incentives. To be fair, the details matter: rule changes, injury prevention, and team chemistry all interact in ways people underestimate. People respond to what is easy, default, and rewarded, not what is merely recommended. One of the biggest failures is communication: too many experts speak in jargon when plain language would help. In my view, there’s pressure to pick a side, but better outcomes usually come from defining what success looks like and measuring it. One of the biggest failures is communication: too many experts speak in jargon when plain language would help. At the same time, we’d make faster progress if we invested in boring infrastructure, clearer standards, and feedback that is hard to game. Small changes in behavior and policy add up, but only if we stick with them.",1
ai_0561,"Lately I’ve noticed how economy conversations keep circling the same points without addressing incentives. From a systems perspective, the details matter: productivity, inequality, and housing affordability all interact in ways people underestimate. People respond to what is easy, default, and rewarded, not what is merely recommended. Transparency matters because it lets the public distinguish honest mistakes from intentional manipulation. To be fair, there’s pressure to pick a side, but better outcomes usually come from defining what success looks like and measuring it. If we want trust, we need consistent rules and predictable enforcement, not surprises and exceptions. From a systems perspective, we’d make faster progress if we invested in boring infrastructure, clearer standards, and feedback that is hard to game. The best version of this is possible, but it requires humility, guardrails, and real accountability.",1
ai_0562,"Lately I’ve noticed how economy conversations keep circling the same points without addressing incentives. In practice, the details matter: wage growth, housing affordability, and consumer confidence all interact in ways people underestimate. The conversation improves when we acknowledge that reasonable people can disagree about priorities. It’s easy to treat this as an individual choice problem, but the structure pushes people into predictable decisions. From a systems perspective, there’s pressure to pick a side, but better outcomes usually come from defining what success looks like and measuring it. I’m optimistic, but only if we stop pretending that technology alone can solve social problems. Zooming out, we’d make faster progress if we invested in boring infrastructure, clearer standards, and feedback that is hard to game. The best version of this is possible, but it requires humility, guardrails, and real accountability.",1
ai_0563,"One underrated piece of this is how economy conversations keep circling the same points without addressing incentives. To be fair, the details matter: housing affordability, inflation, and interest rates all interact in ways people underestimate. Most solutions require coordination, which is difficult when everyone is optimizing for their own timeline. I’m optimistic, but only if we stop pretending that technology alone can solve social problems. Still, there’s pressure to pick a side, but better outcomes usually come from defining what success looks like and measuring it. A lot of the heat comes from uncertainty, especially when outcomes are delayed or hard to measure. Zooming out, we’d make faster progress if we invested in boring infrastructure, clearer standards, and feedback that is hard to game. The solution is probably less dramatic than people want: steady investment and patient execution.",1
ai_0564,"A fair critique is that climate conversations keep circling the same points without addressing incentives. From a systems perspective, the details matter: grid reliability, building efficiency, and public transit all interact in ways people underestimate. I’m optimistic, but only if we stop pretending that technology alone can solve social problems. People respond to what is easy, default, and rewarded, not what is merely recommended. At the same time, there’s pressure to pick a side, but better outcomes usually come from defining what success looks like and measuring it. It’s also worth noting that the costs and benefits are unevenly distributed across communities. In practice, we’d make faster progress if we invested in boring infrastructure, clearer standards, and feedback that is hard to game. I’d love to see more emphasis on competence, not just confidence.",1
ai_0565,"What stands out to me is how sports conversations keep circling the same points without addressing incentives. In practice, the details matter: coaching strategy, analytics, and commercialization all interact in ways people underestimate. The most persuasive arguments usually combine data with a clear story about tradeoffs and constraints. People respond to what is easy, default, and rewarded, not what is merely recommended. In practice, there’s pressure to pick a side, but better outcomes usually come from defining what success looks like and measuring it. If we want trust, we need consistent rules and predictable enforcement, not surprises and exceptions. From a systems perspective, we’d make faster progress if we invested in boring infrastructure, clearer standards, and feedback that is hard to game. It would help if we measured outcomes honestly instead of arguing only about intentions.",1
ai_0566,"It’s hard to ignore how tech conversations keep circling the same points without addressing incentives. In practice, the details matter: automation, open source, and AI tools all interact in ways people underestimate. The best approaches combine prevention, education, and a safety net for when prevention fails. One of the biggest failures is communication: too many experts speak in jargon when plain language would help. From a systems perspective, there’s pressure to pick a side, but better outcomes usually come from defining what success looks like and measuring it. I’m optimistic, but only if we stop pretending that technology alone can solve social problems. That said, we’d make faster progress if we invested in boring infrastructure, clearer standards, and feedback that is hard to game. I’d love to see more emphasis on competence, not just confidence.",1
ai_0567,"A lot of the frustration comes from how relationships conversations keep circling the same points without addressing incentives. That said, the details matter: work-life balance, trust, and conflict resolution all interact in ways people underestimate. I’m optimistic, but only if we stop pretending that technology alone can solve social problems. Short-term incentives reward attention over accuracy, which makes serious discussion feel optional. In my view, there’s pressure to pick a side, but better outcomes usually come from defining what success looks like and measuring it. There’s a real difference between personal responsibility and asking individuals to compensate for broken systems. Zooming out, we’d make faster progress if we invested in boring infrastructure, clearer standards, and feedback that is hard to game. It would help if we measured outcomes honestly instead of arguing only about intentions.",1
ai_0568,"People don’t talk enough about how politics conversations keep circling the same points without addressing incentives. From a systems perspective, the details matter: accountability, public trust, and voter turnout all interact in ways people underestimate. Transparency matters because it lets the public distinguish honest mistakes from intentional manipulation. When the feedback loop is distorted, everyone adapts in ways that make the whole system worse. Still, there’s pressure to pick a side, but better outcomes usually come from defining what success looks like and measuring it. There’s a real difference between personal responsibility and asking individuals to compensate for broken systems. In my view, we’d make faster progress if we invested in boring infrastructure, clearer standards, and feedback that is hard to game. We can debate details forever, but the direction should be: more transparency and fewer gotchas.",1
ai_0569,"One underrated piece of this is how relationships conversations keep circling the same points without addressing incentives. In practice, the details matter: trust, shared goals, and communication all interact in ways people underestimate. A policy can be well-intentioned and still produce perverse incentives if it ignores human behavior. The gap between what’s technically possible and what’s socially acceptable is widening fast. Zooming out, there’s pressure to pick a side, but better outcomes usually come from defining what success looks like and measuring it. Transparency matters because it lets the public distinguish honest mistakes from intentional manipulation. That said, we’d make faster progress if we invested in boring infrastructure, clearer standards, and feedback that is hard to game. If we want durable progress, we have to make the boring, consistent work feel worth it.",1
ai_0570,"People don’t talk enough about how relationships conversations keep circling the same points without addressing incentives. In practice, the details matter: work-life balance, long distance, and shared goals all interact in ways people underestimate. The most persuasive arguments usually combine data with a clear story about tradeoffs and constraints. Good governance looks boring: budgets, maintenance, audits, and incremental improvements that rarely go viral. In practice, there’s pressure to pick a side, but better outcomes usually come from defining what success looks like and measuring it. I’m optimistic, but only if we stop pretending that technology alone can solve social problems. In my view, we’d make faster progress if we invested in boring infrastructure, clearer standards, and feedback that is hard to game. We can debate details forever, but the direction should be: more transparency and fewer gotchas.",1
ai_0571,"A fair critique is that politics conversations keep circling the same points without addressing incentives. In practice, the details matter: voter turnout, public trust, and accountability all interact in ways people underestimate. If we want trust, we need consistent rules and predictable enforcement, not surprises and exceptions. The conversation improves when we acknowledge that reasonable people can disagree about priorities. In my view, there’s pressure to pick a side, but better outcomes usually come from defining what success looks like and measuring it. Transparency matters because it lets the public distinguish honest mistakes from intentional manipulation. From a systems perspective, we’d make faster progress if we invested in boring infrastructure, clearer standards, and feedback that is hard to game. If we want durable progress, we have to make the boring, consistent work feel worth it.",1
ai_0572,"Lately I’ve noticed how campus life conversations keep circling the same points without addressing incentives. Zooming out, the details matter: student services, research opportunities, and campus resources all interact in ways people underestimate. Good governance looks boring: budgets, maintenance, audits, and incremental improvements that rarely go viral. Good governance looks boring: budgets, maintenance, audits, and incremental improvements that rarely go viral. In daily life, there’s pressure to pick a side, but better outcomes usually come from defining what success looks like and measuring it. The most persuasive arguments usually combine data with a clear story about tradeoffs and constraints. Zooming out, we’d make faster progress if we invested in boring infrastructure, clearer standards, and feedback that is hard to game. The best version of this is possible, but it requires humility, guardrails, and real accountability.",1
ai_0573,"What stands out to me is how tech conversations keep circling the same points without addressing incentives. At the same time, the details matter: automation, data privacy, and model transparency all interact in ways people underestimate. People respond to what is easy, default, and rewarded, not what is merely recommended. One of the biggest failures is communication: too many experts speak in jargon when plain language would help. From a systems perspective, there’s pressure to pick a side, but better outcomes usually come from defining what success looks like and measuring it. A lot of the heat comes from uncertainty, especially when outcomes are delayed or hard to measure. In my view, we’d make faster progress if we invested in boring infrastructure, clearer standards, and feedback that is hard to game. I’d love to see more emphasis on competence, not just confidence.",1
ai_0574,"What stands out to me is how economy conversations keep circling the same points without addressing incentives. In practice, the details matter: consumer confidence, inequality, and small business all interact in ways people underestimate. We should separate what feels satisfying in the moment from what actually improves outcomes over time. A lot of the heat comes from uncertainty, especially when outcomes are delayed or hard to measure. At the same time, there’s pressure to pick a side, but better outcomes usually come from defining what success looks like and measuring it. A lot of the heat comes from uncertainty, especially when outcomes are delayed or hard to measure. That said, we’d make faster progress if we invested in boring infrastructure, clearer standards, and feedback that is hard to game. The solution is probably less dramatic than people want: steady investment and patient execution.",1
ai_0575,"What stands out to me is how climate conversations keep circling the same points without addressing incentives. That said, the details matter: public transit, grid reliability, and local adaptation all interact in ways people underestimate. It’s easy to treat this as an individual choice problem, but the structure pushes people into predictable decisions. Short-term incentives reward attention over accuracy, which makes serious discussion feel optional. To be fair, there’s pressure to pick a side, but better outcomes usually come from defining what success looks like and measuring it. It’s also worth noting that the costs and benefits are unevenly distributed across communities. That said, we’d make faster progress if we invested in boring infrastructure, clearer standards, and feedback that is hard to game. The best version of this is possible, but it requires humility, guardrails, and real accountability.",1
ai_0576,"I keep thinking about how campus life conversations keep circling the same points without addressing incentives. Zooming out, the details matter: workload balance, student services, and internships all interact in ways people underestimate. It’s also worth noting that the costs and benefits are unevenly distributed across communities. The most persuasive arguments usually combine data with a clear story about tradeoffs and constraints. In daily life, there’s pressure to pick a side, but better outcomes usually come from defining what success looks like and measuring it. There’s a real difference between personal responsibility and asking individuals to compensate for broken systems. At the same time, we’d make faster progress if we invested in boring infrastructure, clearer standards, and feedback that is hard to game. I’m not asking for perfection, just clearer incentives and better follow-through.",1
ai_0577,"It’s hard to ignore how climate conversations keep circling the same points without addressing incentives. That said, the details matter: energy transition, public transit, and extreme weather all interact in ways people underestimate. I’m optimistic, but only if we stop pretending that technology alone can solve social problems. The gap between what’s technically possible and what’s socially acceptable is widening fast. In daily life, there’s pressure to pick a side, but better outcomes usually come from defining what success looks like and measuring it. Transparency matters because it lets the public distinguish honest mistakes from intentional manipulation. On the other hand, we’d make faster progress if we invested in boring infrastructure, clearer standards, and feedback that is hard to game. We can debate details forever, but the direction should be: more transparency and fewer gotchas.",1
ai_0578,"One underrated piece of this is how tech conversations keep circling the same points without addressing incentives. In daily life, the details matter: AI tools, data privacy, and platform incentives all interact in ways people underestimate. Transparency matters because it lets the public distinguish honest mistakes from intentional manipulation. A policy can be well-intentioned and still produce perverse incentives if it ignores human behavior. In my view, there’s pressure to pick a side, but better outcomes usually come from defining what success looks like and measuring it. The best approaches combine prevention, education, and a safety net for when prevention fails. In my view, we’d make faster progress if we invested in boring infrastructure, clearer standards, and feedback that is hard to game. The solution is probably less dramatic than people want: steady investment and patient execution.",1
ai_0579,"The uncomfortable truth is that health conversations keep circling the same points without addressing incentives. At the same time, the details matter: screen time, mental health, and burnout all interact in ways people underestimate. The gap between what’s technically possible and what’s socially acceptable is widening fast. People respond to what is easy, default, and rewarded, not what is merely recommended. Zooming out, there’s pressure to pick a side, but better outcomes usually come from defining what success looks like and measuring it. Transparency matters because it lets the public distinguish honest mistakes from intentional manipulation. On the other hand, we’d make faster progress if we invested in boring infrastructure, clearer standards, and feedback that is hard to game. I’m not asking for perfection, just clearer incentives and better follow-through.",1
ai_0580,"People don’t talk enough about how health conversations keep circling the same points without addressing incentives. In daily life, the details matter: mental health, sleep, and exercise habits all interact in ways people underestimate. The most persuasive arguments usually combine data with a clear story about tradeoffs and constraints. Transparency matters because it lets the public distinguish honest mistakes from intentional manipulation. Still, there’s pressure to pick a side, but better outcomes usually come from defining what success looks like and measuring it. One of the biggest failures is communication: too many experts speak in jargon when plain language would help. From a systems perspective, we’d make faster progress if we invested in boring infrastructure, clearer standards, and feedback that is hard to game. The best version of this is possible, but it requires humility, guardrails, and real accountability.",1
ai_0581,"The longer I watch this, the more I think economy conversations keep circling the same points without addressing incentives. That said, the details matter: interest rates, student debt, and inequality all interact in ways people underestimate. Most solutions require coordination, which is difficult when everyone is optimizing for their own timeline. The most persuasive arguments usually combine data with a clear story about tradeoffs and constraints. In my view, there’s pressure to pick a side, but better outcomes usually come from defining what success looks like and measuring it. A policy can be well-intentioned and still produce perverse incentives if it ignores human behavior. That said, we’d make faster progress if we invested in boring infrastructure, clearer standards, and feedback that is hard to game. It would help if we measured outcomes honestly instead of arguing only about intentions.",1
ai_0582,"A fair critique is that politics conversations keep circling the same points without addressing incentives. At the same time, the details matter: misinformation, bipartisanship, and policy tradeoffs all interact in ways people underestimate. It’s also worth noting that the costs and benefits are unevenly distributed across communities. The most persuasive arguments usually combine data with a clear story about tradeoffs and constraints. That said, there’s pressure to pick a side, but better outcomes usually come from defining what success looks like and measuring it. What gets lost is the cumulative effect of small frictions that make participation exhausting. In my view, we’d make faster progress if we invested in boring infrastructure, clearer standards, and feedback that is hard to game. Small changes in behavior and policy add up, but only if we stick with them.",1
ai_0583,"Lately I’ve noticed how campus life conversations keep circling the same points without addressing incentives. Zooming out, the details matter: imposter syndrome, club culture, and campus resources all interact in ways people underestimate. If we want trust, we need consistent rules and predictable enforcement, not surprises and exceptions. The gap between what’s technically possible and what’s socially acceptable is widening fast. To be fair, there’s pressure to pick a side, but better outcomes usually come from defining what success looks like and measuring it. It’s easy to treat this as an individual choice problem, but the structure pushes people into predictable decisions. In practice, we’d make faster progress if we invested in boring infrastructure, clearer standards, and feedback that is hard to game. I’d love to see more emphasis on competence, not just confidence.",1
ai_0584,"A lot of the frustration comes from how climate conversations keep circling the same points without addressing incentives. That said, the details matter: carbon pricing, grid reliability, and extreme weather all interact in ways people underestimate. A policy can be well-intentioned and still produce perverse incentives if it ignores human behavior. It’s easy to treat this as an individual choice problem, but the structure pushes people into predictable decisions. To be fair, there’s pressure to pick a side, but better outcomes usually come from defining what success looks like and measuring it. The most persuasive arguments usually combine data with a clear story about tradeoffs and constraints. From a systems perspective, we’d make faster progress if we invested in boring infrastructure, clearer standards, and feedback that is hard to game. It would help if we measured outcomes honestly instead of arguing only about intentions.",1
ai_0585,"What stands out to me is how economy conversations keep circling the same points without addressing incentives. That said, the details matter: interest rates, consumer confidence, and housing affordability all interact in ways people underestimate. The conversation improves when we acknowledge that reasonable people can disagree about priorities. The gap between what’s technically possible and what’s socially acceptable is widening fast. In my view, there’s pressure to pick a side, but better outcomes usually come from defining what success looks like and measuring it. The best approaches combine prevention, education, and a safety net for when prevention fails. On the other hand, we’d make faster progress if we invested in boring infrastructure, clearer standards, and feedback that is hard to game. The best version of this is possible, but it requires humility, guardrails, and real accountability.",1
ai_0586,"A lot of the frustration comes from how relationships conversations keep circling the same points without addressing incentives. In practice, the details matter: boundaries, friendship drift, and trust all interact in ways people underestimate. There’s a real difference between personal responsibility and asking individuals to compensate for broken systems. What gets lost is the cumulative effect of small frictions that make participation exhausting. In daily life, there’s pressure to pick a side, but better outcomes usually come from defining what success looks like and measuring it. One of the biggest failures is communication: too many experts speak in jargon when plain language would help. In daily life, we’d make faster progress if we invested in boring infrastructure, clearer standards, and feedback that is hard to game. I’d love to see more emphasis on competence, not just confidence.",1
ai_0587,"A fair critique is that health conversations keep circling the same points without addressing incentives. In practice, the details matter: burnout, insurance friction, and exercise habits all interact in ways people underestimate. The most persuasive arguments usually combine data with a clear story about tradeoffs and constraints. The most persuasive arguments usually combine data with a clear story about tradeoffs and constraints. Still, there’s pressure to pick a side, but better outcomes usually come from defining what success looks like and measuring it. There’s a real difference between personal responsibility and asking individuals to compensate for broken systems. From a systems perspective, we’d make faster progress if we invested in boring infrastructure, clearer standards, and feedback that is hard to game. I’d love to see more emphasis on competence, not just confidence.",1
ai_0588,"I keep thinking about how sports conversations keep circling the same points without addressing incentives. That said, the details matter: fairness, coaching strategy, and injury prevention all interact in ways people underestimate. It’s also worth noting that the costs and benefits are unevenly distributed across communities. Short-term incentives reward attention over accuracy, which makes serious discussion feel optional. At the same time, there’s pressure to pick a side, but better outcomes usually come from defining what success looks like and measuring it. Transparency matters because it lets the public distinguish honest mistakes from intentional manipulation. That said, we’d make faster progress if we invested in boring infrastructure, clearer standards, and feedback that is hard to game. The best version of this is possible, but it requires humility, guardrails, and real accountability.",1
ai_0589,"One underrated piece of this is how health conversations keep circling the same points without addressing incentives. In daily life, the details matter: burnout, access to care, and nutrition all interact in ways people underestimate. It’s easy to treat this as an individual choice problem, but the structure pushes people into predictable decisions. A policy can be well-intentioned and still produce perverse incentives if it ignores human behavior. In daily life, there’s pressure to pick a side, but better outcomes usually come from defining what success looks like and measuring it. It’s also worth noting that the costs and benefits are unevenly distributed across communities. That said, we’d make faster progress if we invested in boring infrastructure, clearer standards, and feedback that is hard to game. I’d love to see more emphasis on competence, not just confidence.",1
ai_0590,"A lot of the frustration comes from how tech conversations keep circling the same points without addressing incentives. Zooming out, the details matter: open source, cybersecurity, and automation all interact in ways people underestimate. The conversation improves when we acknowledge that reasonable people can disagree about priorities. Good governance looks boring: budgets, maintenance, audits, and incremental improvements that rarely go viral. In practice, there’s pressure to pick a side, but better outcomes usually come from defining what success looks like and measuring it. Good governance looks boring: budgets, maintenance, audits, and incremental improvements that rarely go viral. Zooming out, we’d make faster progress if we invested in boring infrastructure, clearer standards, and feedback that is hard to game. I’m not asking for perfection, just clearer incentives and better follow-through.",1
ai_0591,"The longer I watch this, the more I think climate conversations keep circling the same points without addressing incentives. From a systems perspective, the details matter: extreme weather, building efficiency, and energy transition all interact in ways people underestimate. Most solutions require coordination, which is difficult when everyone is optimizing for their own timeline. Most solutions require coordination, which is difficult when everyone is optimizing for their own timeline. In my view, there’s pressure to pick a side, but better outcomes usually come from defining what success looks like and measuring it. When the feedback loop is distorted, everyone adapts in ways that make the whole system worse. To be fair, we’d make faster progress if we invested in boring infrastructure, clearer standards, and feedback that is hard to game. I’m not asking for perfection, just clearer incentives and better follow-through.",1
ai_0592,"What stands out to me is how climate conversations keep circling the same points without addressing incentives. From a systems perspective, the details matter: grid reliability, climate risk, and public transit all interact in ways people underestimate. People respond to what is easy, default, and rewarded, not what is merely recommended. What gets lost is the cumulative effect of small frictions that make participation exhausting. To be fair, there’s pressure to pick a side, but better outcomes usually come from defining what success looks like and measuring it. It’s also worth noting that the costs and benefits are unevenly distributed across communities. Still, we’d make faster progress if we invested in boring infrastructure, clearer standards, and feedback that is hard to game. If we want durable progress, we have to make the boring, consistent work feel worth it.",1
ai_0593,"A lot of the frustration comes from how politics conversations keep circling the same points without addressing incentives. Zooming out, the details matter: accountability, misinformation, and civic education all interact in ways people underestimate. When the feedback loop is distorted, everyone adapts in ways that make the whole system worse. What gets lost is the cumulative effect of small frictions that make participation exhausting. Still, there’s pressure to pick a side, but better outcomes usually come from defining what success looks like and measuring it. There’s a real difference between personal responsibility and asking individuals to compensate for broken systems. Zooming out, we’d make faster progress if we invested in boring infrastructure, clearer standards, and feedback that is hard to game. I’d love to see more emphasis on competence, not just confidence.",1
ai_0594,"One underrated piece of this is how economy conversations keep circling the same points without addressing incentives. In my view, the details matter: consumer confidence, interest rates, and small business all interact in ways people underestimate. I’m optimistic, but only if we stop pretending that technology alone can solve social problems. When the feedback loop is distorted, everyone adapts in ways that make the whole system worse. At the same time, there’s pressure to pick a side, but better outcomes usually come from defining what success looks like and measuring it. A lot of the heat comes from uncertainty, especially when outcomes are delayed or hard to measure. At the same time, we’d make faster progress if we invested in boring infrastructure, clearer standards, and feedback that is hard to game. We can debate details forever, but the direction should be: more transparency and fewer gotchas.",1
ai_0595,"The longer I watch this, the more I think campus life conversations keep circling the same points without addressing incentives. That said, the details matter: career fairs, workload balance, and campus resources all interact in ways people underestimate. One of the biggest failures is communication: too many experts speak in jargon when plain language would help. If we want trust, we need consistent rules and predictable enforcement, not surprises and exceptions. To be fair, there’s pressure to pick a side, but better outcomes usually come from defining what success looks like and measuring it. One of the biggest failures is communication: too many experts speak in jargon when plain language would help. In my view, we’d make faster progress if we invested in boring infrastructure, clearer standards, and feedback that is hard to game. I’m not asking for perfection, just clearer incentives and better follow-through.",1
ai_0596,"One underrated piece of this is how campus life conversations keep circling the same points without addressing incentives. In daily life, the details matter: student services, campus resources, and time management all interact in ways people underestimate. People respond to what is easy, default, and rewarded, not what is merely recommended. The most persuasive arguments usually combine data with a clear story about tradeoffs and constraints. That said, there’s pressure to pick a side, but better outcomes usually come from defining what success looks like and measuring it. The conversation improves when we acknowledge that reasonable people can disagree about priorities. That said, we’d make faster progress if we invested in boring infrastructure, clearer standards, and feedback that is hard to game. It would help if we measured outcomes honestly instead of arguing only about intentions.",1
ai_0597,"I keep thinking about how campus life conversations keep circling the same points without addressing incentives. From a systems perspective, the details matter: workload balance, time management, and career fairs all interact in ways people underestimate. A policy can be well-intentioned and still produce perverse incentives if it ignores human behavior. If we want trust, we need consistent rules and predictable enforcement, not surprises and exceptions. To be fair, there’s pressure to pick a side, but better outcomes usually come from defining what success looks like and measuring it. There’s a real difference between personal responsibility and asking individuals to compensate for broken systems. In daily life, we’d make faster progress if we invested in boring infrastructure, clearer standards, and feedback that is hard to game. I’m not asking for perfection, just clearer incentives and better follow-through.",1
ai_0598,"The longer I watch this, the more I think sports conversations keep circling the same points without addressing incentives. In daily life, the details matter: fairness, analytics, and youth pipelines all interact in ways people underestimate. I’m optimistic, but only if we stop pretending that technology alone can solve social problems. The most persuasive arguments usually combine data with a clear story about tradeoffs and constraints. To be fair, there’s pressure to pick a side, but better outcomes usually come from defining what success looks like and measuring it. It’s also worth noting that the costs and benefits are unevenly distributed across communities. In my view, we’d make faster progress if we invested in boring infrastructure, clearer standards, and feedback that is hard to game. If we want durable progress, we have to make the boring, consistent work feel worth it.",1
ai_0599,"A fair critique is that campus life conversations keep circling the same points without addressing incentives. In my view, the details matter: student services, career fairs, and imposter syndrome all interact in ways people underestimate. People respond to what is easy, default, and rewarded, not what is merely recommended. One of the biggest failures is communication: too many experts speak in jargon when plain language would help. Still, there’s pressure to pick a side, but better outcomes usually come from defining what success looks like and measuring it. If we want trust, we need consistent rules and predictable enforcement, not surprises and exceptions. In daily life, we’d make faster progress if we invested in boring infrastructure, clearer standards, and feedback that is hard to game. The solution is probably less dramatic than people want: steady investment and patient execution.",1
ai_0600,"One underrated piece of this is how politics conversations keep circling the same points without addressing incentives. In practice, the details matter: misinformation, campaign messaging, and local government all interact in ways people underestimate. I’m optimistic, but only if we stop pretending that technology alone can solve social problems. What gets lost is the cumulative effect of small frictions that make participation exhausting. At the same time, there’s pressure to pick a side, but better outcomes usually come from defining what success looks like and measuring it. We should separate what feels satisfying in the moment from what actually improves outcomes over time. In practice, we’d make faster progress if we invested in boring infrastructure, clearer standards, and feedback that is hard to game. If we want durable progress, we have to make the boring, consistent work feel worth it.",1
ai_0601,"One underrated piece of this is how tech conversations keep circling the same points without addressing incentives. That said, the details matter: developer experience, data privacy, and product design all interact in ways people underestimate. It’s also worth noting that the costs and benefits are unevenly distributed across communities. If we want trust, we need consistent rules and predictable enforcement, not surprises and exceptions. In daily life, there’s pressure to pick a side, but better outcomes usually come from defining what success looks like and measuring it. The gap between what’s technically possible and what’s socially acceptable is widening fast. Zooming out, we’d make faster progress if we invested in boring infrastructure, clearer standards, and feedback that is hard to game. We can debate details forever, but the direction should be: more transparency and fewer gotchas.",1
ai_0602,"The longer I watch this, the more I think tech conversations keep circling the same points without addressing incentives. Zooming out, the details matter: data privacy, cybersecurity, and model transparency all interact in ways people underestimate. If we want trust, we need consistent rules and predictable enforcement, not surprises and exceptions. What gets lost is the cumulative effect of small frictions that make participation exhausting. In my view, there’s pressure to pick a side, but better outcomes usually come from defining what success looks like and measuring it. There’s a real difference between personal responsibility and asking individuals to compensate for broken systems. On the other hand, we’d make faster progress if we invested in boring infrastructure, clearer standards, and feedback that is hard to game. I’d love to see more emphasis on competence, not just confidence.",1
ai_0603,"A fair critique is that health conversations keep circling the same points without addressing incentives. Still, the details matter: screen time, nutrition, and preventive care all interact in ways people underestimate. The gap between what’s technically possible and what’s socially acceptable is widening fast. Most solutions require coordination, which is difficult when everyone is optimizing for their own timeline. In daily life, there’s pressure to pick a side, but better outcomes usually come from defining what success looks like and measuring it. There’s a real difference between personal responsibility and asking individuals to compensate for broken systems. From a systems perspective, we’d make faster progress if we invested in boring infrastructure, clearer standards, and feedback that is hard to game. The best version of this is possible, but it requires humility, guardrails, and real accountability.",1
ai_0604,"People don’t talk enough about how relationships conversations keep circling the same points without addressing incentives. From a systems perspective, the details matter: work-life balance, communication, and friendship drift all interact in ways people underestimate. A lot of the heat comes from uncertainty, especially when outcomes are delayed or hard to measure. People respond to what is easy, default, and rewarded, not what is merely recommended. Still, there’s pressure to pick a side, but better outcomes usually come from defining what success looks like and measuring it. If we want trust, we need consistent rules and predictable enforcement, not surprises and exceptions. On the other hand, we’d make faster progress if we invested in boring infrastructure, clearer standards, and feedback that is hard to game. The best version of this is possible, but it requires humility, guardrails, and real accountability.",1
ai_0605,"The longer I watch this, the more I think economy conversations keep circling the same points without addressing incentives. In practice, the details matter: small business, housing affordability, and student debt all interact in ways people underestimate. There’s a real difference between personal responsibility and asking individuals to compensate for broken systems. The best approaches combine prevention, education, and a safety net for when prevention fails. In practice, there’s pressure to pick a side, but better outcomes usually come from defining what success looks like and measuring it. We should separate what feels satisfying in the moment from what actually improves outcomes over time. Still, we’d make faster progress if we invested in boring infrastructure, clearer standards, and feedback that is hard to game. The best version of this is possible, but it requires humility, guardrails, and real accountability.",1
ai_0606,"Lately I’ve noticed how sports conversations keep circling the same points without addressing incentives. At the same time, the details matter: coaching strategy, player development, and injury prevention all interact in ways people underestimate. Most solutions require coordination, which is difficult when everyone is optimizing for their own timeline. It’s also worth noting that the costs and benefits are unevenly distributed across communities. On the other hand, there’s pressure to pick a side, but better outcomes usually come from defining what success looks like and measuring it. Good governance looks boring: budgets, maintenance, audits, and incremental improvements that rarely go viral. In practice, we’d make faster progress if we invested in boring infrastructure, clearer standards, and feedback that is hard to game. The best version of this is possible, but it requires humility, guardrails, and real accountability.",1
ai_0607,"What stands out to me is how campus life conversations keep circling the same points without addressing incentives. In practice, the details matter: group projects, workload balance, and student services all interact in ways people underestimate. There’s a real difference between personal responsibility and asking individuals to compensate for broken systems. There’s a real difference between personal responsibility and asking individuals to compensate for broken systems. Still, there’s pressure to pick a side, but better outcomes usually come from defining what success looks like and measuring it. Good governance looks boring: budgets, maintenance, audits, and incremental improvements that rarely go viral. At the same time, we’d make faster progress if we invested in boring infrastructure, clearer standards, and feedback that is hard to game. It would help if we measured outcomes honestly instead of arguing only about intentions.",1
ai_0608,"I keep thinking about how sports conversations keep circling the same points without addressing incentives. That said, the details matter: analytics, fairness, and team chemistry all interact in ways people underestimate. People respond to what is easy, default, and rewarded, not what is merely recommended. It’s easy to treat this as an individual choice problem, but the structure pushes people into predictable decisions. In my view, there’s pressure to pick a side, but better outcomes usually come from defining what success looks like and measuring it. If we want trust, we need consistent rules and predictable enforcement, not surprises and exceptions. In daily life, we’d make faster progress if we invested in boring infrastructure, clearer standards, and feedback that is hard to game. We can debate details forever, but the direction should be: more transparency and fewer gotchas.",1
ai_0609,"Lately I’ve noticed how economy conversations keep circling the same points without addressing incentives. That said, the details matter: housing affordability, interest rates, and wage growth all interact in ways people underestimate. The most persuasive arguments usually combine data with a clear story about tradeoffs and constraints. A policy can be well-intentioned and still produce perverse incentives if it ignores human behavior. In daily life, there’s pressure to pick a side, but better outcomes usually come from defining what success looks like and measuring it. I’m optimistic, but only if we stop pretending that technology alone can solve social problems. Zooming out, we’d make faster progress if we invested in boring infrastructure, clearer standards, and feedback that is hard to game. Small changes in behavior and policy add up, but only if we stick with them.",1
ai_0610,"The uncomfortable truth is that economy conversations keep circling the same points without addressing incentives. That said, the details matter: productivity, housing affordability, and student debt all interact in ways people underestimate. I’m optimistic, but only if we stop pretending that technology alone can solve social problems. What gets lost is the cumulative effect of small frictions that make participation exhausting. In my view, there’s pressure to pick a side, but better outcomes usually come from defining what success looks like and measuring it. We should separate what feels satisfying in the moment from what actually improves outcomes over time. In my view, we’d make faster progress if we invested in boring infrastructure, clearer standards, and feedback that is hard to game. The best version of this is possible, but it requires humility, guardrails, and real accountability.",1
ai_0611,"What stands out to me is how tech conversations keep circling the same points without addressing incentives. On the other hand, the details matter: open source, platform incentives, and data privacy all interact in ways people underestimate. If we want trust, we need consistent rules and predictable enforcement, not surprises and exceptions. There’s a real difference between personal responsibility and asking individuals to compensate for broken systems. In practice, there’s pressure to pick a side, but better outcomes usually come from defining what success looks like and measuring it. I’m optimistic, but only if we stop pretending that technology alone can solve social problems. From a systems perspective, we’d make faster progress if we invested in boring infrastructure, clearer standards, and feedback that is hard to game. I’m not asking for perfection, just clearer incentives and better follow-through.",1
ai_0612,"It’s hard to ignore how tech conversations keep circling the same points without addressing incentives. In my view, the details matter: automation, model transparency, and product design all interact in ways people underestimate. It’s also worth noting that the costs and benefits are unevenly distributed across communities. We should separate what feels satisfying in the moment from what actually improves outcomes over time. Zooming out, there’s pressure to pick a side, but better outcomes usually come from defining what success looks like and measuring it. There’s a real difference between personal responsibility and asking individuals to compensate for broken systems. To be fair, we’d make faster progress if we invested in boring infrastructure, clearer standards, and feedback that is hard to game. It would help if we measured outcomes honestly instead of arguing only about intentions.",1
ai_0613,"One underrated piece of this is how sports conversations keep circling the same points without addressing incentives. At the same time, the details matter: youth pipelines, fairness, and team chemistry all interact in ways people underestimate. When the feedback loop is distorted, everyone adapts in ways that make the whole system worse. We should separate what feels satisfying in the moment from what actually improves outcomes over time. In daily life, there’s pressure to pick a side, but better outcomes usually come from defining what success looks like and measuring it. There’s a real difference between personal responsibility and asking individuals to compensate for broken systems. At the same time, we’d make faster progress if we invested in boring infrastructure, clearer standards, and feedback that is hard to game. The best version of this is possible, but it requires humility, guardrails, and real accountability.",1
ai_0614,"A fair critique is that campus life conversations keep circling the same points without addressing incentives. On the other hand, the details matter: club culture, career fairs, and internships all interact in ways people underestimate. Short-term incentives reward attention over accuracy, which makes serious discussion feel optional. What gets lost is the cumulative effect of small frictions that make participation exhausting. From a systems perspective, there’s pressure to pick a side, but better outcomes usually come from defining what success looks like and measuring it. There’s a real difference between personal responsibility and asking individuals to compensate for broken systems. To be fair, we’d make faster progress if we invested in boring infrastructure, clearer standards, and feedback that is hard to game. Small changes in behavior and policy add up, but only if we stick with them.",1
ai_0615,"Lately I’ve noticed how relationships conversations keep circling the same points without addressing incentives. Still, the details matter: boundaries, friendship drift, and conflict resolution all interact in ways people underestimate. If we want trust, we need consistent rules and predictable enforcement, not surprises and exceptions. When the feedback loop is distorted, everyone adapts in ways that make the whole system worse. From a systems perspective, there’s pressure to pick a side, but better outcomes usually come from defining what success looks like and measuring it. There’s a real difference between personal responsibility and asking individuals to compensate for broken systems. In my view, we’d make faster progress if we invested in boring infrastructure, clearer standards, and feedback that is hard to game. If we want durable progress, we have to make the boring, consistent work feel worth it.",1
ai_0616,"People don’t talk enough about how health conversations keep circling the same points without addressing incentives. To be fair, the details matter: exercise habits, burnout, and insurance friction all interact in ways people underestimate. There’s a real difference between personal responsibility and asking individuals to compensate for broken systems. A policy can be well-intentioned and still produce perverse incentives if it ignores human behavior. That said, there’s pressure to pick a side, but better outcomes usually come from defining what success looks like and measuring it. It’s easy to treat this as an individual choice problem, but the structure pushes people into predictable decisions. Still, we’d make faster progress if we invested in boring infrastructure, clearer standards, and feedback that is hard to game. We can debate details forever, but the direction should be: more transparency and fewer gotchas.",1
ai_0617,"A lot of the frustration comes from how climate conversations keep circling the same points without addressing incentives. At the same time, the details matter: building efficiency, climate risk, and carbon pricing all interact in ways people underestimate. Most solutions require coordination, which is difficult when everyone is optimizing for their own timeline. A lot of the heat comes from uncertainty, especially when outcomes are delayed or hard to measure. At the same time, there’s pressure to pick a side, but better outcomes usually come from defining what success looks like and measuring it. Short-term incentives reward attention over accuracy, which makes serious discussion feel optional. Still, we’d make faster progress if we invested in boring infrastructure, clearer standards, and feedback that is hard to game. The best version of this is possible, but it requires humility, guardrails, and real accountability.",1
ai_0618,"The uncomfortable truth is that politics conversations keep circling the same points without addressing incentives. That said, the details matter: local government, policy tradeoffs, and bipartisanship all interact in ways people underestimate. We should separate what feels satisfying in the moment from what actually improves outcomes over time. A policy can be well-intentioned and still produce perverse incentives if it ignores human behavior. That said, there’s pressure to pick a side, but better outcomes usually come from defining what success looks like and measuring it. A lot of the heat comes from uncertainty, especially when outcomes are delayed or hard to measure. Still, we’d make faster progress if we invested in boring infrastructure, clearer standards, and feedback that is hard to game. The best version of this is possible, but it requires humility, guardrails, and real accountability.",1
ai_0619,"What stands out to me is how sports conversations keep circling the same points without addressing incentives. In practice, the details matter: youth pipelines, fairness, and commercialization all interact in ways people underestimate. The conversation improves when we acknowledge that reasonable people can disagree about priorities. People respond to what is easy, default, and rewarded, not what is merely recommended. Still, there’s pressure to pick a side, but better outcomes usually come from defining what success looks like and measuring it. The gap between what’s technically possible and what’s socially acceptable is widening fast. In daily life, we’d make faster progress if we invested in boring infrastructure, clearer standards, and feedback that is hard to game. If we want durable progress, we have to make the boring, consistent work feel worth it.",1
ai_0620,"The longer I watch this, the more I think politics conversations keep circling the same points without addressing incentives. To be fair, the details matter: institutional legitimacy, bipartisanship, and voter turnout all interact in ways people underestimate. Short-term incentives reward attention over accuracy, which makes serious discussion feel optional. Short-term incentives reward attention over accuracy, which makes serious discussion feel optional. In daily life, there’s pressure to pick a side, but better outcomes usually come from defining what success looks like and measuring it. Good governance looks boring: budgets, maintenance, audits, and incremental improvements that rarely go viral. On the other hand, we’d make faster progress if we invested in boring infrastructure, clearer standards, and feedback that is hard to game. The solution is probably less dramatic than people want: steady investment and patient execution.",1
ai_0621,"One underrated piece of this is how politics conversations keep circling the same points without addressing incentives. Still, the details matter: campaign messaging, misinformation, and local government all interact in ways people underestimate. The best approaches combine prevention, education, and a safety net for when prevention fails. If we want trust, we need consistent rules and predictable enforcement, not surprises and exceptions. At the same time, there’s pressure to pick a side, but better outcomes usually come from defining what success looks like and measuring it. The best approaches combine prevention, education, and a safety net for when prevention fails. To be fair, we’d make faster progress if we invested in boring infrastructure, clearer standards, and feedback that is hard to game. Small changes in behavior and policy add up, but only if we stick with them.",1
ai_0622,"What stands out to me is how politics conversations keep circling the same points without addressing incentives. In daily life, the details matter: voter turnout, campaign messaging, and bipartisanship all interact in ways people underestimate. A policy can be well-intentioned and still produce perverse incentives if it ignores human behavior. If we want trust, we need consistent rules and predictable enforcement, not surprises and exceptions. That said, there’s pressure to pick a side, but better outcomes usually come from defining what success looks like and measuring it. Most solutions require coordination, which is difficult when everyone is optimizing for their own timeline. At the same time, we’d make faster progress if we invested in boring infrastructure, clearer standards, and feedback that is hard to game. I’d love to see more emphasis on competence, not just confidence.",1
ai_0623,"Lately I’ve noticed how climate conversations keep circling the same points without addressing incentives. In practice, the details matter: energy transition, local adaptation, and climate risk all interact in ways people underestimate. What gets lost is the cumulative effect of small frictions that make participation exhausting. A lot of the heat comes from uncertainty, especially when outcomes are delayed or hard to measure. In practice, there’s pressure to pick a side, but better outcomes usually come from defining what success looks like and measuring it. If we want trust, we need consistent rules and predictable enforcement, not surprises and exceptions. From a systems perspective, we’d make faster progress if we invested in boring infrastructure, clearer standards, and feedback that is hard to game. The solution is probably less dramatic than people want: steady investment and patient execution.",1
ai_0624,"Lately I’ve noticed how relationships conversations keep circling the same points without addressing incentives. To be fair, the details matter: work-life balance, friendship drift, and conflict resolution all interact in ways people underestimate. A lot of the heat comes from uncertainty, especially when outcomes are delayed or hard to measure. Short-term incentives reward attention over accuracy, which makes serious discussion feel optional. Still, there’s pressure to pick a side, but better outcomes usually come from defining what success looks like and measuring it. People respond to what is easy, default, and rewarded, not what is merely recommended. To be fair, we’d make faster progress if we invested in boring infrastructure, clearer standards, and feedback that is hard to game. Small changes in behavior and policy add up, but only if we stick with them.",1
ai_0625,"People don’t talk enough about how health conversations keep circling the same points without addressing incentives. In daily life, the details matter: sleep, exercise habits, and burnout all interact in ways people underestimate. Short-term incentives reward attention over accuracy, which makes serious discussion feel optional. It’s also worth noting that the costs and benefits are unevenly distributed across communities. From a systems perspective, there’s pressure to pick a side, but better outcomes usually come from defining what success looks like and measuring it. A lot of the heat comes from uncertainty, especially when outcomes are delayed or hard to measure. That said, we’d make faster progress if we invested in boring infrastructure, clearer standards, and feedback that is hard to game. We can debate details forever, but the direction should be: more transparency and fewer gotchas.",1
ai_0626,"The longer I watch this, the more I think climate conversations keep circling the same points without addressing incentives. In daily life, the details matter: building efficiency, local adaptation, and conservation all interact in ways people underestimate. The most persuasive arguments usually combine data with a clear story about tradeoffs and constraints. Good governance looks boring: budgets, maintenance, audits, and incremental improvements that rarely go viral. In practice, there’s pressure to pick a side, but better outcomes usually come from defining what success looks like and measuring it. When the feedback loop is distorted, everyone adapts in ways that make the whole system worse. That said, we’d make faster progress if we invested in boring infrastructure, clearer standards, and feedback that is hard to game. I’m not asking for perfection, just clearer incentives and better follow-through.",1
ai_0627,"People don’t talk enough about how politics conversations keep circling the same points without addressing incentives. In daily life, the details matter: bipartisanship, local government, and misinformation all interact in ways people underestimate. Short-term incentives reward attention over accuracy, which makes serious discussion feel optional. There’s a real difference between personal responsibility and asking individuals to compensate for broken systems. In daily life, there’s pressure to pick a side, but better outcomes usually come from defining what success looks like and measuring it. A policy can be well-intentioned and still produce perverse incentives if it ignores human behavior. At the same time, we’d make faster progress if we invested in boring infrastructure, clearer standards, and feedback that is hard to game. The best version of this is possible, but it requires humility, guardrails, and real accountability.",1
ai_0628,"What stands out to me is how sports conversations keep circling the same points without addressing incentives. Zooming out, the details matter: fan culture, rule changes, and youth pipelines all interact in ways people underestimate. Transparency matters because it lets the public distinguish honest mistakes from intentional manipulation. There’s a real difference between personal responsibility and asking individuals to compensate for broken systems. At the same time, there’s pressure to pick a side, but better outcomes usually come from defining what success looks like and measuring it. Transparency matters because it lets the public distinguish honest mistakes from intentional manipulation. In daily life, we’d make faster progress if we invested in boring infrastructure, clearer standards, and feedback that is hard to game. I’d love to see more emphasis on competence, not just confidence.",1
ai_0629,"It’s hard to ignore how tech conversations keep circling the same points without addressing incentives. In my view, the details matter: product design, automation, and platform incentives all interact in ways people underestimate. A lot of the heat comes from uncertainty, especially when outcomes are delayed or hard to measure. There’s a real difference between personal responsibility and asking individuals to compensate for broken systems. Zooming out, there’s pressure to pick a side, but better outcomes usually come from defining what success looks like and measuring it. The most persuasive arguments usually combine data with a clear story about tradeoffs and constraints. To be fair, we’d make faster progress if we invested in boring infrastructure, clearer standards, and feedback that is hard to game. We can debate details forever, but the direction should be: more transparency and fewer gotchas.",1
ai_0630,"One underrated piece of this is how campus life conversations keep circling the same points without addressing incentives. In my view, the details matter: workload balance, research opportunities, and imposter syndrome all interact in ways people underestimate. There’s a real difference between personal responsibility and asking individuals to compensate for broken systems. The best approaches combine prevention, education, and a safety net for when prevention fails. To be fair, there’s pressure to pick a side, but better outcomes usually come from defining what success looks like and measuring it. There’s a real difference between personal responsibility and asking individuals to compensate for broken systems. In practice, we’d make faster progress if we invested in boring infrastructure, clearer standards, and feedback that is hard to game. We can debate details forever, but the direction should be: more transparency and fewer gotchas.",1
ai_0631,"A lot of the frustration comes from how campus life conversations keep circling the same points without addressing incentives. Still, the details matter: group projects, research opportunities, and career fairs all interact in ways people underestimate. When the feedback loop is distorted, everyone adapts in ways that make the whole system worse. The gap between what’s technically possible and what’s socially acceptable is widening fast. Zooming out, there’s pressure to pick a side, but better outcomes usually come from defining what success looks like and measuring it. A lot of the heat comes from uncertainty, especially when outcomes are delayed or hard to measure. From a systems perspective, we’d make faster progress if we invested in boring infrastructure, clearer standards, and feedback that is hard to game. I’m not asking for perfection, just clearer incentives and better follow-through.",1
ai_0632,"A lot of the frustration comes from how health conversations keep circling the same points without addressing incentives. In practice, the details matter: sleep, nutrition, and preventive care all interact in ways people underestimate. If we want trust, we need consistent rules and predictable enforcement, not surprises and exceptions. The most persuasive arguments usually combine data with a clear story about tradeoffs and constraints. Still, there’s pressure to pick a side, but better outcomes usually come from defining what success looks like and measuring it. It’s also worth noting that the costs and benefits are unevenly distributed across communities. From a systems perspective, we’d make faster progress if we invested in boring infrastructure, clearer standards, and feedback that is hard to game. I’m not asking for perfection, just clearer incentives and better follow-through.",1
ai_0633,"A lot of the frustration comes from how politics conversations keep circling the same points without addressing incentives. From a systems perspective, the details matter: misinformation, bipartisanship, and accountability all interact in ways people underestimate. The most persuasive arguments usually combine data with a clear story about tradeoffs and constraints. One of the biggest failures is communication: too many experts speak in jargon when plain language would help. That said, there’s pressure to pick a side, but better outcomes usually come from defining what success looks like and measuring it. It’s easy to treat this as an individual choice problem, but the structure pushes people into predictable decisions. Still, we’d make faster progress if we invested in boring infrastructure, clearer standards, and feedback that is hard to game. The solution is probably less dramatic than people want: steady investment and patient execution.",1
ai_0634,"A fair critique is that economy conversations keep circling the same points without addressing incentives. In practice, the details matter: labor market, wage growth, and inequality all interact in ways people underestimate. The gap between what’s technically possible and what’s socially acceptable is widening fast. I’m optimistic, but only if we stop pretending that technology alone can solve social problems. In daily life, there’s pressure to pick a side, but better outcomes usually come from defining what success looks like and measuring it. Short-term incentives reward attention over accuracy, which makes serious discussion feel optional. In daily life, we’d make faster progress if we invested in boring infrastructure, clearer standards, and feedback that is hard to game. It would help if we measured outcomes honestly instead of arguing only about intentions.",1
ai_0635,"A lot of the frustration comes from how climate conversations keep circling the same points without addressing incentives. That said, the details matter: building efficiency, energy transition, and local adaptation all interact in ways people underestimate. People respond to what is easy, default, and rewarded, not what is merely recommended. The most persuasive arguments usually combine data with a clear story about tradeoffs and constraints. In my view, there’s pressure to pick a side, but better outcomes usually come from defining what success looks like and measuring it. What gets lost is the cumulative effect of small frictions that make participation exhausting. At the same time, we’d make faster progress if we invested in boring infrastructure, clearer standards, and feedback that is hard to game. We can debate details forever, but the direction should be: more transparency and fewer gotchas.",1
ai_0636,"What stands out to me is how relationships conversations keep circling the same points without addressing incentives. At the same time, the details matter: work-life balance, boundaries, and shared goals all interact in ways people underestimate. It’s also worth noting that the costs and benefits are unevenly distributed across communities. Most solutions require coordination, which is difficult when everyone is optimizing for their own timeline. That said, there’s pressure to pick a side, but better outcomes usually come from defining what success looks like and measuring it. There’s a real difference between personal responsibility and asking individuals to compensate for broken systems. From a systems perspective, we’d make faster progress if we invested in boring infrastructure, clearer standards, and feedback that is hard to game. I’m not asking for perfection, just clearer incentives and better follow-through.",1
ai_0637,"People don’t talk enough about how health conversations keep circling the same points without addressing incentives. In daily life, the details matter: access to care, preventive care, and exercise habits all interact in ways people underestimate. When the feedback loop is distorted, everyone adapts in ways that make the whole system worse. People respond to what is easy, default, and rewarded, not what is merely recommended. Still, there’s pressure to pick a side, but better outcomes usually come from defining what success looks like and measuring it. The conversation improves when we acknowledge that reasonable people can disagree about priorities. On the other hand, we’d make faster progress if we invested in boring infrastructure, clearer standards, and feedback that is hard to game. I’m not asking for perfection, just clearer incentives and better follow-through.",1
ai_0638,"It’s hard to ignore how politics conversations keep circling the same points without addressing incentives. To be fair, the details matter: campaign messaging, civic education, and institutional legitimacy all interact in ways people underestimate. We should separate what feels satisfying in the moment from what actually improves outcomes over time. What gets lost is the cumulative effect of small frictions that make participation exhausting. In practice, there’s pressure to pick a side, but better outcomes usually come from defining what success looks like and measuring it. It’s easy to treat this as an individual choice problem, but the structure pushes people into predictable decisions. Still, we’d make faster progress if we invested in boring infrastructure, clearer standards, and feedback that is hard to game. I’m not asking for perfection, just clearer incentives and better follow-through.",1
ai_0639,"The longer I watch this, the more I think relationships conversations keep circling the same points without addressing incentives. In practice, the details matter: friendship drift, long distance, and trust all interact in ways people underestimate. People respond to what is easy, default, and rewarded, not what is merely recommended. It’s also worth noting that the costs and benefits are unevenly distributed across communities. Still, there’s pressure to pick a side, but better outcomes usually come from defining what success looks like and measuring it. If we want trust, we need consistent rules and predictable enforcement, not surprises and exceptions. That said, we’d make faster progress if we invested in boring infrastructure, clearer standards, and feedback that is hard to game. Small changes in behavior and policy add up, but only if we stick with them.",1
ai_0640,"It’s hard to ignore how politics conversations keep circling the same points without addressing incentives. In my view, the details matter: accountability, voter turnout, and bipartisanship all interact in ways people underestimate. It’s also worth noting that the costs and benefits are unevenly distributed across communities. Most solutions require coordination, which is difficult when everyone is optimizing for their own timeline. Zooming out, there’s pressure to pick a side, but better outcomes usually come from defining what success looks like and measuring it. What gets lost is the cumulative effect of small frictions that make participation exhausting. On the other hand, we’d make faster progress if we invested in boring infrastructure, clearer standards, and feedback that is hard to game. I’d love to see more emphasis on competence, not just confidence.",1
ai_0641,"The longer I watch this, the more I think health conversations keep circling the same points without addressing incentives. In my view, the details matter: public health communication, insurance friction, and mental health all interact in ways people underestimate. If we want trust, we need consistent rules and predictable enforcement, not surprises and exceptions. If we want trust, we need consistent rules and predictable enforcement, not surprises and exceptions. In daily life, there’s pressure to pick a side, but better outcomes usually come from defining what success looks like and measuring it. It’s easy to treat this as an individual choice problem, but the structure pushes people into predictable decisions. Still, we’d make faster progress if we invested in boring infrastructure, clearer standards, and feedback that is hard to game. I’m not asking for perfection, just clearer incentives and better follow-through.",1
ai_0642,"Lately I’ve noticed how tech conversations keep circling the same points without addressing incentives. Still, the details matter: model transparency, product design, and automation all interact in ways people underestimate. A policy can be well-intentioned and still produce perverse incentives if it ignores human behavior. It’s easy to treat this as an individual choice problem, but the structure pushes people into predictable decisions. From a systems perspective, there’s pressure to pick a side, but better outcomes usually come from defining what success looks like and measuring it. People respond to what is easy, default, and rewarded, not what is merely recommended. Zooming out, we’d make faster progress if we invested in boring infrastructure, clearer standards, and feedback that is hard to game. I’d love to see more emphasis on competence, not just confidence.",1
ai_0643,"One underrated piece of this is how sports conversations keep circling the same points without addressing incentives. Still, the details matter: rule changes, player development, and fairness all interact in ways people underestimate. We should separate what feels satisfying in the moment from what actually improves outcomes over time. A policy can be well-intentioned and still produce perverse incentives if it ignores human behavior. Still, there’s pressure to pick a side, but better outcomes usually come from defining what success looks like and measuring it. If we want trust, we need consistent rules and predictable enforcement, not surprises and exceptions. In practice, we’d make faster progress if we invested in boring infrastructure, clearer standards, and feedback that is hard to game. Small changes in behavior and policy add up, but only if we stick with them.",1
ai_0644,"I keep thinking about how sports conversations keep circling the same points without addressing incentives. Zooming out, the details matter: team chemistry, analytics, and player development all interact in ways people underestimate. If we want trust, we need consistent rules and predictable enforcement, not surprises and exceptions. If we want trust, we need consistent rules and predictable enforcement, not surprises and exceptions. That said, there’s pressure to pick a side, but better outcomes usually come from defining what success looks like and measuring it. The most persuasive arguments usually combine data with a clear story about tradeoffs and constraints. Zooming out, we’d make faster progress if we invested in boring infrastructure, clearer standards, and feedback that is hard to game. I’d love to see more emphasis on competence, not just confidence.",1
ai_0645,"One underrated piece of this is how tech conversations keep circling the same points without addressing incentives. In daily life, the details matter: developer experience, cybersecurity, and product design all interact in ways people underestimate. Short-term incentives reward attention over accuracy, which makes serious discussion feel optional. The most persuasive arguments usually combine data with a clear story about tradeoffs and constraints. That said, there’s pressure to pick a side, but better outcomes usually come from defining what success looks like and measuring it. Most solutions require coordination, which is difficult when everyone is optimizing for their own timeline. Zooming out, we’d make faster progress if we invested in boring infrastructure, clearer standards, and feedback that is hard to game. It would help if we measured outcomes honestly instead of arguing only about intentions.",1
ai_0646,"It’s hard to ignore how climate conversations keep circling the same points without addressing incentives. To be fair, the details matter: grid reliability, building efficiency, and extreme weather all interact in ways people underestimate. I’m optimistic, but only if we stop pretending that technology alone can solve social problems. Most solutions require coordination, which is difficult when everyone is optimizing for their own timeline. In practice, there’s pressure to pick a side, but better outcomes usually come from defining what success looks like and measuring it. Most solutions require coordination, which is difficult when everyone is optimizing for their own timeline. In my view, we’d make faster progress if we invested in boring infrastructure, clearer standards, and feedback that is hard to game. Small changes in behavior and policy add up, but only if we stick with them.",1
ai_0647,"What stands out to me is how campus life conversations keep circling the same points without addressing incentives. That said, the details matter: career fairs, research opportunities, and student services all interact in ways people underestimate. The most persuasive arguments usually combine data with a clear story about tradeoffs and constraints. If we want trust, we need consistent rules and predictable enforcement, not surprises and exceptions. In daily life, there’s pressure to pick a side, but better outcomes usually come from defining what success looks like and measuring it. Good governance looks boring: budgets, maintenance, audits, and incremental improvements that rarely go viral. In practice, we’d make faster progress if we invested in boring infrastructure, clearer standards, and feedback that is hard to game. I’m not asking for perfection, just clearer incentives and better follow-through.",1
ai_0648,"I keep thinking about how relationships conversations keep circling the same points without addressing incentives. Still, the details matter: communication, trust, and boundaries all interact in ways people underestimate. What gets lost is the cumulative effect of small frictions that make participation exhausting. The best approaches combine prevention, education, and a safety net for when prevention fails. From a systems perspective, there’s pressure to pick a side, but better outcomes usually come from defining what success looks like and measuring it. It’s also worth noting that the costs and benefits are unevenly distributed across communities. From a systems perspective, we’d make faster progress if we invested in boring infrastructure, clearer standards, and feedback that is hard to game. Small changes in behavior and policy add up, but only if we stick with them.",1
ai_0649,"One underrated piece of this is how economy conversations keep circling the same points without addressing incentives. That said, the details matter: consumer confidence, small business, and interest rates all interact in ways people underestimate. Short-term incentives reward attention over accuracy, which makes serious discussion feel optional. The gap between what’s technically possible and what’s socially acceptable is widening fast. Still, there’s pressure to pick a side, but better outcomes usually come from defining what success looks like and measuring it. The most persuasive arguments usually combine data with a clear story about tradeoffs and constraints. Still, we’d make faster progress if we invested in boring infrastructure, clearer standards, and feedback that is hard to game. I’m not asking for perfection, just clearer incentives and better follow-through.",1
ai_0650,"A lot of the frustration comes from how campus life conversations keep circling the same points without addressing incentives. Still, the details matter: student services, workload balance, and campus resources all interact in ways people underestimate. Good governance looks boring: budgets, maintenance, audits, and incremental improvements that rarely go viral. The gap between what’s technically possible and what’s socially acceptable is widening fast. On the other hand, there’s pressure to pick a side, but better outcomes usually come from defining what success looks like and measuring it. It’s easy to treat this as an individual choice problem, but the structure pushes people into predictable decisions. To be fair, we’d make faster progress if we invested in boring infrastructure, clearer standards, and feedback that is hard to game. Small changes in behavior and policy add up, but only if we stick with them.",1
ai_0651,"The longer I watch this, the more I think health conversations keep circling the same points without addressing incentives. At the same time, the details matter: exercise habits, nutrition, and burnout all interact in ways people underestimate. A lot of the heat comes from uncertainty, especially when outcomes are delayed or hard to measure. Most solutions require coordination, which is difficult when everyone is optimizing for their own timeline. That said, there’s pressure to pick a side, but better outcomes usually come from defining what success looks like and measuring it. It’s also worth noting that the costs and benefits are unevenly distributed across communities. Still, we’d make faster progress if we invested in boring infrastructure, clearer standards, and feedback that is hard to game. I’d love to see more emphasis on competence, not just confidence.",1
ai_0652,"Lately I’ve noticed how tech conversations keep circling the same points without addressing incentives. In practice, the details matter: AI tools, automation, and open source all interact in ways people underestimate. When the feedback loop is distorted, everyone adapts in ways that make the whole system worse. The conversation improves when we acknowledge that reasonable people can disagree about priorities. In daily life, there’s pressure to pick a side, but better outcomes usually come from defining what success looks like and measuring it. Short-term incentives reward attention over accuracy, which makes serious discussion feel optional. To be fair, we’d make faster progress if we invested in boring infrastructure, clearer standards, and feedback that is hard to game. If we want durable progress, we have to make the boring, consistent work feel worth it.",1
ai_0653,"The uncomfortable truth is that tech conversations keep circling the same points without addressing incentives. In daily life, the details matter: cloud costs, developer experience, and automation all interact in ways people underestimate. When the feedback loop is distorted, everyone adapts in ways that make the whole system worse. It’s also worth noting that the costs and benefits are unevenly distributed across communities. Zooming out, there’s pressure to pick a side, but better outcomes usually come from defining what success looks like and measuring it. What gets lost is the cumulative effect of small frictions that make participation exhausting. In practice, we’d make faster progress if we invested in boring infrastructure, clearer standards, and feedback that is hard to game. I’d love to see more emphasis on competence, not just confidence.",1
ai_0654,"I keep thinking about how economy conversations keep circling the same points without addressing incentives. Zooming out, the details matter: inequality, productivity, and student debt all interact in ways people underestimate. I’m optimistic, but only if we stop pretending that technology alone can solve social problems. The conversation improves when we acknowledge that reasonable people can disagree about priorities. At the same time, there’s pressure to pick a side, but better outcomes usually come from defining what success looks like and measuring it. Good governance looks boring: budgets, maintenance, audits, and incremental improvements that rarely go viral. To be fair, we’d make faster progress if we invested in boring infrastructure, clearer standards, and feedback that is hard to game. If we want durable progress, we have to make the boring, consistent work feel worth it.",1
ai_0655,"It’s hard to ignore how tech conversations keep circling the same points without addressing incentives. From a systems perspective, the details matter: cybersecurity, cloud costs, and automation all interact in ways people underestimate. Most solutions require coordination, which is difficult when everyone is optimizing for their own timeline. If we want trust, we need consistent rules and predictable enforcement, not surprises and exceptions. In daily life, there’s pressure to pick a side, but better outcomes usually come from defining what success looks like and measuring it. Short-term incentives reward attention over accuracy, which makes serious discussion feel optional. In my view, we’d make faster progress if we invested in boring infrastructure, clearer standards, and feedback that is hard to game. It would help if we measured outcomes honestly instead of arguing only about intentions.",1
ai_0656,"People don’t talk enough about how economy conversations keep circling the same points without addressing incentives. From a systems perspective, the details matter: labor market, student debt, and productivity all interact in ways people underestimate. We should separate what feels satisfying in the moment from what actually improves outcomes over time. I’m optimistic, but only if we stop pretending that technology alone can solve social problems. On the other hand, there’s pressure to pick a side, but better outcomes usually come from defining what success looks like and measuring it. The conversation improves when we acknowledge that reasonable people can disagree about priorities. Zooming out, we’d make faster progress if we invested in boring infrastructure, clearer standards, and feedback that is hard to game. I’d love to see more emphasis on competence, not just confidence.",1
ai_0657,"The longer I watch this, the more I think relationships conversations keep circling the same points without addressing incentives. In my view, the details matter: long distance, conflict resolution, and trust all interact in ways people underestimate. The best approaches combine prevention, education, and a safety net for when prevention fails. The gap between what’s technically possible and what’s socially acceptable is widening fast. From a systems perspective, there’s pressure to pick a side, but better outcomes usually come from defining what success looks like and measuring it. People respond to what is easy, default, and rewarded, not what is merely recommended. Still, we’d make faster progress if we invested in boring infrastructure, clearer standards, and feedback that is hard to game. If we want durable progress, we have to make the boring, consistent work feel worth it.",1
ai_0658,"Lately I’ve noticed how health conversations keep circling the same points without addressing incentives. Still, the details matter: exercise habits, nutrition, and screen time all interact in ways people underestimate. The most persuasive arguments usually combine data with a clear story about tradeoffs and constraints. If we want trust, we need consistent rules and predictable enforcement, not surprises and exceptions. In daily life, there’s pressure to pick a side, but better outcomes usually come from defining what success looks like and measuring it. It’s also worth noting that the costs and benefits are unevenly distributed across communities. From a systems perspective, we’d make faster progress if we invested in boring infrastructure, clearer standards, and feedback that is hard to game. Small changes in behavior and policy add up, but only if we stick with them.",1
ai_0659,"I keep thinking about how campus life conversations keep circling the same points without addressing incentives. In my view, the details matter: student services, campus resources, and workload balance all interact in ways people underestimate. Transparency matters because it lets the public distinguish honest mistakes from intentional manipulation. Transparency matters because it lets the public distinguish honest mistakes from intentional manipulation. In practice, there’s pressure to pick a side, but better outcomes usually come from defining what success looks like and measuring it. A policy can be well-intentioned and still produce perverse incentives if it ignores human behavior. In my view, we’d make faster progress if we invested in boring infrastructure, clearer standards, and feedback that is hard to game. I’m not asking for perfection, just clearer incentives and better follow-through.",1
ai_0660,"It’s hard to ignore how politics conversations keep circling the same points without addressing incentives. In daily life, the details matter: campaign messaging, bipartisanship, and institutional legitimacy all interact in ways people underestimate. Good governance looks boring: budgets, maintenance, audits, and incremental improvements that rarely go viral. We should separate what feels satisfying in the moment from what actually improves outcomes over time. On the other hand, there’s pressure to pick a side, but better outcomes usually come from defining what success looks like and measuring it. It’s also worth noting that the costs and benefits are unevenly distributed across communities. That said, we’d make faster progress if we invested in boring infrastructure, clearer standards, and feedback that is hard to game. Small changes in behavior and policy add up, but only if we stick with them.",1
ai_0661,"A fair critique is that climate conversations keep circling the same points without addressing incentives. In practice, the details matter: carbon pricing, conservation, and extreme weather all interact in ways people underestimate. The best approaches combine prevention, education, and a safety net for when prevention fails. The most persuasive arguments usually combine data with a clear story about tradeoffs and constraints. Still, there’s pressure to pick a side, but better outcomes usually come from defining what success looks like and measuring it. When the feedback loop is distorted, everyone adapts in ways that make the whole system worse. Zooming out, we’d make faster progress if we invested in boring infrastructure, clearer standards, and feedback that is hard to game. I’d love to see more emphasis on competence, not just confidence.",1
ai_0662,"The uncomfortable truth is that climate conversations keep circling the same points without addressing incentives. In daily life, the details matter: community resilience, energy transition, and climate risk all interact in ways people underestimate. When the feedback loop is distorted, everyone adapts in ways that make the whole system worse. A policy can be well-intentioned and still produce perverse incentives if it ignores human behavior. That said, there’s pressure to pick a side, but better outcomes usually come from defining what success looks like and measuring it. The most persuasive arguments usually combine data with a clear story about tradeoffs and constraints. Zooming out, we’d make faster progress if we invested in boring infrastructure, clearer standards, and feedback that is hard to game. It would help if we measured outcomes honestly instead of arguing only about intentions.",1
ai_0663,"What stands out to me is how health conversations keep circling the same points without addressing incentives. In practice, the details matter: mental health, sleep, and access to care all interact in ways people underestimate. It’s also worth noting that the costs and benefits are unevenly distributed across communities. The most persuasive arguments usually combine data with a clear story about tradeoffs and constraints. From a systems perspective, there’s pressure to pick a side, but better outcomes usually come from defining what success looks like and measuring it. A lot of the heat comes from uncertainty, especially when outcomes are delayed or hard to measure. Zooming out, we’d make faster progress if we invested in boring infrastructure, clearer standards, and feedback that is hard to game. We can debate details forever, but the direction should be: more transparency and fewer gotchas.",1
ai_0664,"Lately I’ve noticed how economy conversations keep circling the same points without addressing incentives. From a systems perspective, the details matter: small business, wage growth, and housing affordability all interact in ways people underestimate. We should separate what feels satisfying in the moment from what actually improves outcomes over time. It’s also worth noting that the costs and benefits are unevenly distributed across communities. To be fair, there’s pressure to pick a side, but better outcomes usually come from defining what success looks like and measuring it. The conversation improves when we acknowledge that reasonable people can disagree about priorities. At the same time, we’d make faster progress if we invested in boring infrastructure, clearer standards, and feedback that is hard to game. Small changes in behavior and policy add up, but only if we stick with them.",1
ai_0665,"One underrated piece of this is how sports conversations keep circling the same points without addressing incentives. In my view, the details matter: commercialization, injury prevention, and player development all interact in ways people underestimate. We should separate what feels satisfying in the moment from what actually improves outcomes over time. A lot of the heat comes from uncertainty, especially when outcomes are delayed or hard to measure. To be fair, there’s pressure to pick a side, but better outcomes usually come from defining what success looks like and measuring it. A policy can be well-intentioned and still produce perverse incentives if it ignores human behavior. In my view, we’d make faster progress if we invested in boring infrastructure, clearer standards, and feedback that is hard to game. The best version of this is possible, but it requires humility, guardrails, and real accountability.",1
ai_0666,"The longer I watch this, the more I think relationships conversations keep circling the same points without addressing incentives. To be fair, the details matter: friendship drift, long distance, and trust all interact in ways people underestimate. One of the biggest failures is communication: too many experts speak in jargon when plain language would help. Short-term incentives reward attention over accuracy, which makes serious discussion feel optional. From a systems perspective, there’s pressure to pick a side, but better outcomes usually come from defining what success looks like and measuring it. Most solutions require coordination, which is difficult when everyone is optimizing for their own timeline. Zooming out, we’d make faster progress if we invested in boring infrastructure, clearer standards, and feedback that is hard to game. It would help if we measured outcomes honestly instead of arguing only about intentions.",1
ai_0667,"It’s hard to ignore how health conversations keep circling the same points without addressing incentives. In my view, the details matter: preventive care, screen time, and mental health all interact in ways people underestimate. Transparency matters because it lets the public distinguish honest mistakes from intentional manipulation. If we want trust, we need consistent rules and predictable enforcement, not surprises and exceptions. In my view, there’s pressure to pick a side, but better outcomes usually come from defining what success looks like and measuring it. When the feedback loop is distorted, everyone adapts in ways that make the whole system worse. To be fair, we’d make faster progress if we invested in boring infrastructure, clearer standards, and feedback that is hard to game. The best version of this is possible, but it requires humility, guardrails, and real accountability.",1
ai_0668,"A fair critique is that health conversations keep circling the same points without addressing incentives. In practice, the details matter: preventive care, nutrition, and burnout all interact in ways people underestimate. Good governance looks boring: budgets, maintenance, audits, and incremental improvements that rarely go viral. People respond to what is easy, default, and rewarded, not what is merely recommended. To be fair, there’s pressure to pick a side, but better outcomes usually come from defining what success looks like and measuring it. The conversation improves when we acknowledge that reasonable people can disagree about priorities. To be fair, we’d make faster progress if we invested in boring infrastructure, clearer standards, and feedback that is hard to game. We can debate details forever, but the direction should be: more transparency and fewer gotchas.",1
ai_0669,"The longer I watch this, the more I think economy conversations keep circling the same points without addressing incentives. From a systems perspective, the details matter: inflation, labor market, and wage growth all interact in ways people underestimate. The best approaches combine prevention, education, and a safety net for when prevention fails. The best approaches combine prevention, education, and a safety net for when prevention fails. On the other hand, there’s pressure to pick a side, but better outcomes usually come from defining what success looks like and measuring it. Most solutions require coordination, which is difficult when everyone is optimizing for their own timeline. Zooming out, we’d make faster progress if we invested in boring infrastructure, clearer standards, and feedback that is hard to game. We can debate details forever, but the direction should be: more transparency and fewer gotchas.",1
ai_0670,"It’s hard to ignore how relationships conversations keep circling the same points without addressing incentives. At the same time, the details matter: trust, friendship drift, and conflict resolution all interact in ways people underestimate. What gets lost is the cumulative effect of small frictions that make participation exhausting. A lot of the heat comes from uncertainty, especially when outcomes are delayed or hard to measure. Zooming out, there’s pressure to pick a side, but better outcomes usually come from defining what success looks like and measuring it. A policy can be well-intentioned and still produce perverse incentives if it ignores human behavior. In my view, we’d make faster progress if we invested in boring infrastructure, clearer standards, and feedback that is hard to game. Small changes in behavior and policy add up, but only if we stick with them.",1
ai_0671,"A fair critique is that tech conversations keep circling the same points without addressing incentives. In my view, the details matter: open source, data privacy, and cybersecurity all interact in ways people underestimate. Short-term incentives reward attention over accuracy, which makes serious discussion feel optional. Good governance looks boring: budgets, maintenance, audits, and incremental improvements that rarely go viral. Still, there’s pressure to pick a side, but better outcomes usually come from defining what success looks like and measuring it. I’m optimistic, but only if we stop pretending that technology alone can solve social problems. At the same time, we’d make faster progress if we invested in boring infrastructure, clearer standards, and feedback that is hard to game. Small changes in behavior and policy add up, but only if we stick with them.",1
ai_0672,"A fair critique is that sports conversations keep circling the same points without addressing incentives. That said, the details matter: coaching strategy, fan culture, and rule changes all interact in ways people underestimate. There’s a real difference between personal responsibility and asking individuals to compensate for broken systems. A policy can be well-intentioned and still produce perverse incentives if it ignores human behavior. At the same time, there’s pressure to pick a side, but better outcomes usually come from defining what success looks like and measuring it. One of the biggest failures is communication: too many experts speak in jargon when plain language would help. In my view, we’d make faster progress if we invested in boring infrastructure, clearer standards, and feedback that is hard to game. If we want durable progress, we have to make the boring, consistent work feel worth it.",1
ai_0673,"One underrated piece of this is how sports conversations keep circling the same points without addressing incentives. In daily life, the details matter: analytics, player development, and fairness all interact in ways people underestimate. The conversation improves when we acknowledge that reasonable people can disagree about priorities. We should separate what feels satisfying in the moment from what actually improves outcomes over time. At the same time, there’s pressure to pick a side, but better outcomes usually come from defining what success looks like and measuring it. I’m optimistic, but only if we stop pretending that technology alone can solve social problems. From a systems perspective, we’d make faster progress if we invested in boring infrastructure, clearer standards, and feedback that is hard to game. The solution is probably less dramatic than people want: steady investment and patient execution.",1
ai_0674,"The uncomfortable truth is that climate conversations keep circling the same points without addressing incentives. Still, the details matter: carbon pricing, public transit, and climate risk all interact in ways people underestimate. We should separate what feels satisfying in the moment from what actually improves outcomes over time. The most persuasive arguments usually combine data with a clear story about tradeoffs and constraints. To be fair, there’s pressure to pick a side, but better outcomes usually come from defining what success looks like and measuring it. The conversation improves when we acknowledge that reasonable people can disagree about priorities. Zooming out, we’d make faster progress if we invested in boring infrastructure, clearer standards, and feedback that is hard to game. The solution is probably less dramatic than people want: steady investment and patient execution.",1
ai_0675,"What stands out to me is how sports conversations keep circling the same points without addressing incentives. To be fair, the details matter: youth pipelines, fairness, and player development all interact in ways people underestimate. It’s easy to treat this as an individual choice problem, but the structure pushes people into predictable decisions. When the feedback loop is distorted, everyone adapts in ways that make the whole system worse. To be fair, there’s pressure to pick a side, but better outcomes usually come from defining what success looks like and measuring it. If we want trust, we need consistent rules and predictable enforcement, not surprises and exceptions. That said, we’d make faster progress if we invested in boring infrastructure, clearer standards, and feedback that is hard to game. It would help if we measured outcomes honestly instead of arguing only about intentions.",1
ai_0676,"It’s hard to ignore how climate conversations keep circling the same points without addressing incentives. In my view, the details matter: community resilience, local adaptation, and conservation all interact in ways people underestimate. I’m optimistic, but only if we stop pretending that technology alone can solve social problems. Good governance looks boring: budgets, maintenance, audits, and incremental improvements that rarely go viral. Zooming out, there’s pressure to pick a side, but better outcomes usually come from defining what success looks like and measuring it. A policy can be well-intentioned and still produce perverse incentives if it ignores human behavior. To be fair, we’d make faster progress if we invested in boring infrastructure, clearer standards, and feedback that is hard to game. The best version of this is possible, but it requires humility, guardrails, and real accountability.",1
ai_0677,"A lot of the frustration comes from how climate conversations keep circling the same points without addressing incentives. From a systems perspective, the details matter: public transit, community resilience, and building efficiency all interact in ways people underestimate. A lot of the heat comes from uncertainty, especially when outcomes are delayed or hard to measure. A policy can be well-intentioned and still produce perverse incentives if it ignores human behavior. To be fair, there’s pressure to pick a side, but better outcomes usually come from defining what success looks like and measuring it. A lot of the heat comes from uncertainty, especially when outcomes are delayed or hard to measure. Still, we’d make faster progress if we invested in boring infrastructure, clearer standards, and feedback that is hard to game. I’d love to see more emphasis on competence, not just confidence.",1
ai_0678,"Lately I’ve noticed how relationships conversations keep circling the same points without addressing incentives. From a systems perspective, the details matter: social media dynamics, long distance, and boundaries all interact in ways people underestimate. Transparency matters because it lets the public distinguish honest mistakes from intentional manipulation. Good governance looks boring: budgets, maintenance, audits, and incremental improvements that rarely go viral. From a systems perspective, there’s pressure to pick a side, but better outcomes usually come from defining what success looks like and measuring it. One of the biggest failures is communication: too many experts speak in jargon when plain language would help. At the same time, we’d make faster progress if we invested in boring infrastructure, clearer standards, and feedback that is hard to game. If we want durable progress, we have to make the boring, consistent work feel worth it.",1
ai_0679,"It’s hard to ignore how politics conversations keep circling the same points without addressing incentives. In my view, the details matter: accountability, institutional legitimacy, and campaign messaging all interact in ways people underestimate. When the feedback loop is distorted, everyone adapts in ways that make the whole system worse. A policy can be well-intentioned and still produce perverse incentives if it ignores human behavior. In daily life, there’s pressure to pick a side, but better outcomes usually come from defining what success looks like and measuring it. A lot of the heat comes from uncertainty, especially when outcomes are delayed or hard to measure. In practice, we’d make faster progress if we invested in boring infrastructure, clearer standards, and feedback that is hard to game. If we want durable progress, we have to make the boring, consistent work feel worth it.",1
ai_0680,"One underrated piece of this is how climate conversations keep circling the same points without addressing incentives. In practice, the details matter: carbon pricing, public transit, and conservation all interact in ways people underestimate. A lot of the heat comes from uncertainty, especially when outcomes are delayed or hard to measure. A lot of the heat comes from uncertainty, especially when outcomes are delayed or hard to measure. From a systems perspective, there’s pressure to pick a side, but better outcomes usually come from defining what success looks like and measuring it. I’m optimistic, but only if we stop pretending that technology alone can solve social problems. At the same time, we’d make faster progress if we invested in boring infrastructure, clearer standards, and feedback that is hard to game. The best version of this is possible, but it requires humility, guardrails, and real accountability.",1
ai_0681,"Lately I’ve noticed how sports conversations keep circling the same points without addressing incentives. Still, the details matter: analytics, fan culture, and commercialization all interact in ways people underestimate. The most persuasive arguments usually combine data with a clear story about tradeoffs and constraints. Good governance looks boring: budgets, maintenance, audits, and incremental improvements that rarely go viral. From a systems perspective, there’s pressure to pick a side, but better outcomes usually come from defining what success looks like and measuring it. One of the biggest failures is communication: too many experts speak in jargon when plain language would help. At the same time, we’d make faster progress if we invested in boring infrastructure, clearer standards, and feedback that is hard to game. If we want durable progress, we have to make the boring, consistent work feel worth it.",1
ai_0682,"The uncomfortable truth is that climate conversations keep circling the same points without addressing incentives. In practice, the details matter: extreme weather, building efficiency, and community resilience all interact in ways people underestimate. The conversation improves when we acknowledge that reasonable people can disagree about priorities. What gets lost is the cumulative effect of small frictions that make participation exhausting. In daily life, there’s pressure to pick a side, but better outcomes usually come from defining what success looks like and measuring it. It’s also worth noting that the costs and benefits are unevenly distributed across communities. From a systems perspective, we’d make faster progress if we invested in boring infrastructure, clearer standards, and feedback that is hard to game. It would help if we measured outcomes honestly instead of arguing only about intentions.",1
ai_0683,"A lot of the frustration comes from how relationships conversations keep circling the same points without addressing incentives. From a systems perspective, the details matter: long distance, emotional labor, and social media dynamics all interact in ways people underestimate. It’s easy to treat this as an individual choice problem, but the structure pushes people into predictable decisions. The best approaches combine prevention, education, and a safety net for when prevention fails. Still, there’s pressure to pick a side, but better outcomes usually come from defining what success looks like and measuring it. The best approaches combine prevention, education, and a safety net for when prevention fails. In my view, we’d make faster progress if we invested in boring infrastructure, clearer standards, and feedback that is hard to game. The best version of this is possible, but it requires humility, guardrails, and real accountability.",1
ai_0684,"People don’t talk enough about how campus life conversations keep circling the same points without addressing incentives. Zooming out, the details matter: group projects, student services, and campus resources all interact in ways people underestimate. There’s a real difference between personal responsibility and asking individuals to compensate for broken systems. It’s easy to treat this as an individual choice problem, but the structure pushes people into predictable decisions. At the same time, there’s pressure to pick a side, but better outcomes usually come from defining what success looks like and measuring it. Transparency matters because it lets the public distinguish honest mistakes from intentional manipulation. From a systems perspective, we’d make faster progress if we invested in boring infrastructure, clearer standards, and feedback that is hard to game. I’m not asking for perfection, just clearer incentives and better follow-through.",1
ai_0685,"A fair critique is that campus life conversations keep circling the same points without addressing incentives. That said, the details matter: campus resources, club culture, and internships all interact in ways people underestimate. Good governance looks boring: budgets, maintenance, audits, and incremental improvements that rarely go viral. I’m optimistic, but only if we stop pretending that technology alone can solve social problems. On the other hand, there’s pressure to pick a side, but better outcomes usually come from defining what success looks like and measuring it. When the feedback loop is distorted, everyone adapts in ways that make the whole system worse. In daily life, we’d make faster progress if we invested in boring infrastructure, clearer standards, and feedback that is hard to game. The solution is probably less dramatic than people want: steady investment and patient execution.",1
ai_0686,"It’s hard to ignore how tech conversations keep circling the same points without addressing incentives. Zooming out, the details matter: automation, model transparency, and AI tools all interact in ways people underestimate. There’s a real difference between personal responsibility and asking individuals to compensate for broken systems. The gap between what’s technically possible and what’s socially acceptable is widening fast. Still, there’s pressure to pick a side, but better outcomes usually come from defining what success looks like and measuring it. We should separate what feels satisfying in the moment from what actually improves outcomes over time. At the same time, we’d make faster progress if we invested in boring infrastructure, clearer standards, and feedback that is hard to game. I’d love to see more emphasis on competence, not just confidence.",1
ai_0687,"The longer I watch this, the more I think sports conversations keep circling the same points without addressing incentives. In daily life, the details matter: player development, commercialization, and youth pipelines all interact in ways people underestimate. Short-term incentives reward attention over accuracy, which makes serious discussion feel optional. The conversation improves when we acknowledge that reasonable people can disagree about priorities. At the same time, there’s pressure to pick a side, but better outcomes usually come from defining what success looks like and measuring it. If we want trust, we need consistent rules and predictable enforcement, not surprises and exceptions. From a systems perspective, we’d make faster progress if we invested in boring infrastructure, clearer standards, and feedback that is hard to game. It would help if we measured outcomes honestly instead of arguing only about intentions.",1
ai_0688,"The longer I watch this, the more I think campus life conversations keep circling the same points without addressing incentives. In practice, the details matter: group projects, workload balance, and career fairs all interact in ways people underestimate. The most persuasive arguments usually combine data with a clear story about tradeoffs and constraints. Good governance looks boring: budgets, maintenance, audits, and incremental improvements that rarely go viral. That said, there’s pressure to pick a side, but better outcomes usually come from defining what success looks like and measuring it. Transparency matters because it lets the public distinguish honest mistakes from intentional manipulation. That said, we’d make faster progress if we invested in boring infrastructure, clearer standards, and feedback that is hard to game. Small changes in behavior and policy add up, but only if we stick with them.",1
ai_0689,"It’s hard to ignore how relationships conversations keep circling the same points without addressing incentives. Still, the details matter: long distance, work-life balance, and conflict resolution all interact in ways people underestimate. Transparency matters because it lets the public distinguish honest mistakes from intentional manipulation. When the feedback loop is distorted, everyone adapts in ways that make the whole system worse. In practice, there’s pressure to pick a side, but better outcomes usually come from defining what success looks like and measuring it. The best approaches combine prevention, education, and a safety net for when prevention fails. To be fair, we’d make faster progress if we invested in boring infrastructure, clearer standards, and feedback that is hard to game. We can debate details forever, but the direction should be: more transparency and fewer gotchas.",1
ai_0690,"One underrated piece of this is how sports conversations keep circling the same points without addressing incentives. To be fair, the details matter: injury prevention, analytics, and commercialization all interact in ways people underestimate. A lot of the heat comes from uncertainty, especially when outcomes are delayed or hard to measure. If we want trust, we need consistent rules and predictable enforcement, not surprises and exceptions. That said, there’s pressure to pick a side, but better outcomes usually come from defining what success looks like and measuring it. The conversation improves when we acknowledge that reasonable people can disagree about priorities. In my view, we’d make faster progress if we invested in boring infrastructure, clearer standards, and feedback that is hard to game. Small changes in behavior and policy add up, but only if we stick with them.",1
ai_0691,"Lately I’ve noticed how economy conversations keep circling the same points without addressing incentives. On the other hand, the details matter: interest rates, housing affordability, and inflation all interact in ways people underestimate. We should separate what feels satisfying in the moment from what actually improves outcomes over time. It’s also worth noting that the costs and benefits are unevenly distributed across communities. In daily life, there’s pressure to pick a side, but better outcomes usually come from defining what success looks like and measuring it. A policy can be well-intentioned and still produce perverse incentives if it ignores human behavior. In daily life, we’d make faster progress if we invested in boring infrastructure, clearer standards, and feedback that is hard to game. The best version of this is possible, but it requires humility, guardrails, and real accountability.",1
ai_0692,"People don’t talk enough about how campus life conversations keep circling the same points without addressing incentives. From a systems perspective, the details matter: internships, club culture, and workload balance all interact in ways people underestimate. It’s easy to treat this as an individual choice problem, but the structure pushes people into predictable decisions. It’s also worth noting that the costs and benefits are unevenly distributed across communities. Zooming out, there’s pressure to pick a side, but better outcomes usually come from defining what success looks like and measuring it. Short-term incentives reward attention over accuracy, which makes serious discussion feel optional. To be fair, we’d make faster progress if we invested in boring infrastructure, clearer standards, and feedback that is hard to game. The best version of this is possible, but it requires humility, guardrails, and real accountability.",1
ai_0693,"A fair critique is that economy conversations keep circling the same points without addressing incentives. In daily life, the details matter: student debt, inflation, and labor market all interact in ways people underestimate. Good governance looks boring: budgets, maintenance, audits, and incremental improvements that rarely go viral. A lot of the heat comes from uncertainty, especially when outcomes are delayed or hard to measure. That said, there’s pressure to pick a side, but better outcomes usually come from defining what success looks like and measuring it. People respond to what is easy, default, and rewarded, not what is merely recommended. On the other hand, we’d make faster progress if we invested in boring infrastructure, clearer standards, and feedback that is hard to game. The best version of this is possible, but it requires humility, guardrails, and real accountability.",1
ai_0694,"What stands out to me is how climate conversations keep circling the same points without addressing incentives. In my view, the details matter: community resilience, energy transition, and local adaptation all interact in ways people underestimate. We should separate what feels satisfying in the moment from what actually improves outcomes over time. Good governance looks boring: budgets, maintenance, audits, and incremental improvements that rarely go viral. Zooming out, there’s pressure to pick a side, but better outcomes usually come from defining what success looks like and measuring it. If we want trust, we need consistent rules and predictable enforcement, not surprises and exceptions. Still, we’d make faster progress if we invested in boring infrastructure, clearer standards, and feedback that is hard to game. I’d love to see more emphasis on competence, not just confidence.",1
ai_0695,"The uncomfortable truth is that climate conversations keep circling the same points without addressing incentives. In practice, the details matter: extreme weather, conservation, and community resilience all interact in ways people underestimate. When the feedback loop is distorted, everyone adapts in ways that make the whole system worse. It’s also worth noting that the costs and benefits are unevenly distributed across communities. Still, there’s pressure to pick a side, but better outcomes usually come from defining what success looks like and measuring it. There’s a real difference between personal responsibility and asking individuals to compensate for broken systems. At the same time, we’d make faster progress if we invested in boring infrastructure, clearer standards, and feedback that is hard to game. Small changes in behavior and policy add up, but only if we stick with them.",1
ai_0696,"The uncomfortable truth is that tech conversations keep circling the same points without addressing incentives. Zooming out, the details matter: cloud costs, product design, and open source all interact in ways people underestimate. Transparency matters because it lets the public distinguish honest mistakes from intentional manipulation. Good governance looks boring: budgets, maintenance, audits, and incremental improvements that rarely go viral. In practice, there’s pressure to pick a side, but better outcomes usually come from defining what success looks like and measuring it. I’m optimistic, but only if we stop pretending that technology alone can solve social problems. At the same time, we’d make faster progress if we invested in boring infrastructure, clearer standards, and feedback that is hard to game. If we want durable progress, we have to make the boring, consistent work feel worth it.",1
ai_0697,"It’s hard to ignore how relationships conversations keep circling the same points without addressing incentives. Still, the details matter: conflict resolution, boundaries, and trust all interact in ways people underestimate. If we want trust, we need consistent rules and predictable enforcement, not surprises and exceptions. The gap between what’s technically possible and what’s socially acceptable is widening fast. Zooming out, there’s pressure to pick a side, but better outcomes usually come from defining what success looks like and measuring it. The best approaches combine prevention, education, and a safety net for when prevention fails. In practice, we’d make faster progress if we invested in boring infrastructure, clearer standards, and feedback that is hard to game. We can debate details forever, but the direction should be: more transparency and fewer gotchas.",1
ai_0698,"One underrated piece of this is how campus life conversations keep circling the same points without addressing incentives. On the other hand, the details matter: career fairs, club culture, and imposter syndrome all interact in ways people underestimate. The gap between what’s technically possible and what’s socially acceptable is widening fast. Most solutions require coordination, which is difficult when everyone is optimizing for their own timeline. In my view, there’s pressure to pick a side, but better outcomes usually come from defining what success looks like and measuring it. The best approaches combine prevention, education, and a safety net for when prevention fails. In my view, we’d make faster progress if we invested in boring infrastructure, clearer standards, and feedback that is hard to game. We can debate details forever, but the direction should be: more transparency and fewer gotchas.",1
ai_0699,"The uncomfortable truth is that economy conversations keep circling the same points without addressing incentives. From a systems perspective, the details matter: inflation, wage growth, and consumer confidence all interact in ways people underestimate. Transparency matters because it lets the public distinguish honest mistakes from intentional manipulation. If we want trust, we need consistent rules and predictable enforcement, not surprises and exceptions. At the same time, there’s pressure to pick a side, but better outcomes usually come from defining what success looks like and measuring it. Good governance looks boring: budgets, maintenance, audits, and incremental improvements that rarely go viral. At the same time, we’d make faster progress if we invested in boring infrastructure, clearer standards, and feedback that is hard to game. I’d love to see more emphasis on competence, not just confidence.",1
ai_0700,"It’s hard to ignore how sports conversations keep circling the same points without addressing incentives. Zooming out, the details matter: rule changes, commercialization, and player development all interact in ways people underestimate. The most persuasive arguments usually combine data with a clear story about tradeoffs and constraints. One of the biggest failures is communication: too many experts speak in jargon when plain language would help. At the same time, there’s pressure to pick a side, but better outcomes usually come from defining what success looks like and measuring it. What gets lost is the cumulative effect of small frictions that make participation exhausting. From a systems perspective, we’d make faster progress if we invested in boring infrastructure, clearer standards, and feedback that is hard to game. We can debate details forever, but the direction should be: more transparency and fewer gotchas.",1
ai_0701,"It’s hard to ignore how health conversations keep circling the same points without addressing incentives. From a systems perspective, the details matter: insurance friction, nutrition, and preventive care all interact in ways people underestimate. Most solutions require coordination, which is difficult when everyone is optimizing for their own timeline. Short-term incentives reward attention over accuracy, which makes serious discussion feel optional. In my view, there’s pressure to pick a side, but better outcomes usually come from defining what success looks like and measuring it. We should separate what feels satisfying in the moment from what actually improves outcomes over time. On the other hand, we’d make faster progress if we invested in boring infrastructure, clearer standards, and feedback that is hard to game. I’m not asking for perfection, just clearer incentives and better follow-through.",1
ai_0702,"It’s hard to ignore how tech conversations keep circling the same points without addressing incentives. In daily life, the details matter: cybersecurity, product design, and open source all interact in ways people underestimate. We should separate what feels satisfying in the moment from what actually improves outcomes over time. It’s also worth noting that the costs and benefits are unevenly distributed across communities. In practice, there’s pressure to pick a side, but better outcomes usually come from defining what success looks like and measuring it. One of the biggest failures is communication: too many experts speak in jargon when plain language would help. On the other hand, we’d make faster progress if we invested in boring infrastructure, clearer standards, and feedback that is hard to game. I’m not asking for perfection, just clearer incentives and better follow-through.",1
ai_0703,"I keep thinking about how health conversations keep circling the same points without addressing incentives. On the other hand, the details matter: public health communication, exercise habits, and sleep all interact in ways people underestimate. There’s a real difference between personal responsibility and asking individuals to compensate for broken systems. I’m optimistic, but only if we stop pretending that technology alone can solve social problems. To be fair, there’s pressure to pick a side, but better outcomes usually come from defining what success looks like and measuring it. A policy can be well-intentioned and still produce perverse incentives if it ignores human behavior. That said, we’d make faster progress if we invested in boring infrastructure, clearer standards, and feedback that is hard to game. I’d love to see more emphasis on competence, not just confidence.",1
ai_0704,"The uncomfortable truth is that health conversations keep circling the same points without addressing incentives. In daily life, the details matter: nutrition, screen time, and sleep all interact in ways people underestimate. It’s easy to treat this as an individual choice problem, but the structure pushes people into predictable decisions. I’m optimistic, but only if we stop pretending that technology alone can solve social problems. In daily life, there’s pressure to pick a side, but better outcomes usually come from defining what success looks like and measuring it. A lot of the heat comes from uncertainty, especially when outcomes are delayed or hard to measure. Still, we’d make faster progress if we invested in boring infrastructure, clearer standards, and feedback that is hard to game. If we want durable progress, we have to make the boring, consistent work feel worth it.",1
ai_0705,"A fair critique is that politics conversations keep circling the same points without addressing incentives. In practice, the details matter: voter turnout, policy tradeoffs, and local government all interact in ways people underestimate. Good governance looks boring: budgets, maintenance, audits, and incremental improvements that rarely go viral. The best approaches combine prevention, education, and a safety net for when prevention fails. On the other hand, there’s pressure to pick a side, but better outcomes usually come from defining what success looks like and measuring it. There’s a real difference between personal responsibility and asking individuals to compensate for broken systems. At the same time, we’d make faster progress if we invested in boring infrastructure, clearer standards, and feedback that is hard to game. I’d love to see more emphasis on competence, not just confidence.",1
ai_0706,"People don’t talk enough about how health conversations keep circling the same points without addressing incentives. To be fair, the details matter: preventive care, insurance friction, and burnout all interact in ways people underestimate. The most persuasive arguments usually combine data with a clear story about tradeoffs and constraints. A policy can be well-intentioned and still produce perverse incentives if it ignores human behavior. To be fair, there’s pressure to pick a side, but better outcomes usually come from defining what success looks like and measuring it. Most solutions require coordination, which is difficult when everyone is optimizing for their own timeline. In practice, we’d make faster progress if we invested in boring infrastructure, clearer standards, and feedback that is hard to game. I’d love to see more emphasis on competence, not just confidence.",1
ai_0707,"Lately I’ve noticed how politics conversations keep circling the same points without addressing incentives. At the same time, the details matter: bipartisanship, civic education, and public trust all interact in ways people underestimate. Good governance looks boring: budgets, maintenance, audits, and incremental improvements that rarely go viral. Most solutions require coordination, which is difficult when everyone is optimizing for their own timeline. In practice, there’s pressure to pick a side, but better outcomes usually come from defining what success looks like and measuring it. The conversation improves when we acknowledge that reasonable people can disagree about priorities. To be fair, we’d make faster progress if we invested in boring infrastructure, clearer standards, and feedback that is hard to game. I’m not asking for perfection, just clearer incentives and better follow-through.",1
ai_0708,"It’s hard to ignore how climate conversations keep circling the same points without addressing incentives. In daily life, the details matter: building efficiency, local adaptation, and carbon pricing all interact in ways people underestimate. If we want trust, we need consistent rules and predictable enforcement, not surprises and exceptions. It’s easy to treat this as an individual choice problem, but the structure pushes people into predictable decisions. At the same time, there’s pressure to pick a side, but better outcomes usually come from defining what success looks like and measuring it. We should separate what feels satisfying in the moment from what actually improves outcomes over time. On the other hand, we’d make faster progress if we invested in boring infrastructure, clearer standards, and feedback that is hard to game. The solution is probably less dramatic than people want: steady investment and patient execution.",1
ai_0709,"It’s hard to ignore how politics conversations keep circling the same points without addressing incentives. That said, the details matter: voter turnout, bipartisanship, and policy tradeoffs all interact in ways people underestimate. If we want trust, we need consistent rules and predictable enforcement, not surprises and exceptions. Short-term incentives reward attention over accuracy, which makes serious discussion feel optional. At the same time, there’s pressure to pick a side, but better outcomes usually come from defining what success looks like and measuring it. I’m optimistic, but only if we stop pretending that technology alone can solve social problems. From a systems perspective, we’d make faster progress if we invested in boring infrastructure, clearer standards, and feedback that is hard to game. We can debate details forever, but the direction should be: more transparency and fewer gotchas.",1
ai_0710,"A lot of the frustration comes from how economy conversations keep circling the same points without addressing incentives. On the other hand, the details matter: labor market, student debt, and housing affordability all interact in ways people underestimate. The conversation improves when we acknowledge that reasonable people can disagree about priorities. A policy can be well-intentioned and still produce perverse incentives if it ignores human behavior. In my view, there’s pressure to pick a side, but better outcomes usually come from defining what success looks like and measuring it. We should separate what feels satisfying in the moment from what actually improves outcomes over time. At the same time, we’d make faster progress if we invested in boring infrastructure, clearer standards, and feedback that is hard to game. If we want durable progress, we have to make the boring, consistent work feel worth it.",1
ai_0711,"A lot of the frustration comes from how campus life conversations keep circling the same points without addressing incentives. In daily life, the details matter: campus resources, imposter syndrome, and internships all interact in ways people underestimate. When the feedback loop is distorted, everyone adapts in ways that make the whole system worse. When the feedback loop is distorted, everyone adapts in ways that make the whole system worse. That said, there’s pressure to pick a side, but better outcomes usually come from defining what success looks like and measuring it. What gets lost is the cumulative effect of small frictions that make participation exhausting. That said, we’d make faster progress if we invested in boring infrastructure, clearer standards, and feedback that is hard to game. We can debate details forever, but the direction should be: more transparency and fewer gotchas.",1
ai_0712,"A lot of the frustration comes from how politics conversations keep circling the same points without addressing incentives. At the same time, the details matter: campaign messaging, voter turnout, and public trust all interact in ways people underestimate. If we want trust, we need consistent rules and predictable enforcement, not surprises and exceptions. It’s easy to treat this as an individual choice problem, but the structure pushes people into predictable decisions. In practice, there’s pressure to pick a side, but better outcomes usually come from defining what success looks like and measuring it. The most persuasive arguments usually combine data with a clear story about tradeoffs and constraints. In daily life, we’d make faster progress if we invested in boring infrastructure, clearer standards, and feedback that is hard to game. I’m not asking for perfection, just clearer incentives and better follow-through.",1
ai_0713,"The longer I watch this, the more I think relationships conversations keep circling the same points without addressing incentives. To be fair, the details matter: emotional labor, communication, and conflict resolution all interact in ways people underestimate. If we want trust, we need consistent rules and predictable enforcement, not surprises and exceptions. We should separate what feels satisfying in the moment from what actually improves outcomes over time. That said, there’s pressure to pick a side, but better outcomes usually come from defining what success looks like and measuring it. The best approaches combine prevention, education, and a safety net for when prevention fails. In daily life, we’d make faster progress if we invested in boring infrastructure, clearer standards, and feedback that is hard to game. I’m not asking for perfection, just clearer incentives and better follow-through.",1
ai_0714,"The longer I watch this, the more I think tech conversations keep circling the same points without addressing incentives. In daily life, the details matter: automation, cloud costs, and developer experience all interact in ways people underestimate. The conversation improves when we acknowledge that reasonable people can disagree about priorities. Short-term incentives reward attention over accuracy, which makes serious discussion feel optional. In daily life, there’s pressure to pick a side, but better outcomes usually come from defining what success looks like and measuring it. Most solutions require coordination, which is difficult when everyone is optimizing for their own timeline. That said, we’d make faster progress if we invested in boring infrastructure, clearer standards, and feedback that is hard to game. We can debate details forever, but the direction should be: more transparency and fewer gotchas.",1
ai_0715,"It’s hard to ignore how sports conversations keep circling the same points without addressing incentives. At the same time, the details matter: team chemistry, coaching strategy, and player development all interact in ways people underestimate. I’m optimistic, but only if we stop pretending that technology alone can solve social problems. The gap between what’s technically possible and what’s socially acceptable is widening fast. In daily life, there’s pressure to pick a side, but better outcomes usually come from defining what success looks like and measuring it. I’m optimistic, but only if we stop pretending that technology alone can solve social problems. That said, we’d make faster progress if we invested in boring infrastructure, clearer standards, and feedback that is hard to game. It would help if we measured outcomes honestly instead of arguing only about intentions.",1
ai_0716,"The longer I watch this, the more I think relationships conversations keep circling the same points without addressing incentives. From a systems perspective, the details matter: emotional labor, conflict resolution, and shared goals all interact in ways people underestimate. Transparency matters because it lets the public distinguish honest mistakes from intentional manipulation. We should separate what feels satisfying in the moment from what actually improves outcomes over time. In daily life, there’s pressure to pick a side, but better outcomes usually come from defining what success looks like and measuring it. A lot of the heat comes from uncertainty, especially when outcomes are delayed or hard to measure. From a systems perspective, we’d make faster progress if we invested in boring infrastructure, clearer standards, and feedback that is hard to game. I’m not asking for perfection, just clearer incentives and better follow-through.",1
ai_0717,"The uncomfortable truth is that climate conversations keep circling the same points without addressing incentives. To be fair, the details matter: extreme weather, grid reliability, and public transit all interact in ways people underestimate. People respond to what is easy, default, and rewarded, not what is merely recommended. I’m optimistic, but only if we stop pretending that technology alone can solve social problems. Zooming out, there’s pressure to pick a side, but better outcomes usually come from defining what success looks like and measuring it. Good governance looks boring: budgets, maintenance, audits, and incremental improvements that rarely go viral. In my view, we’d make faster progress if we invested in boring infrastructure, clearer standards, and feedback that is hard to game. It would help if we measured outcomes honestly instead of arguing only about intentions.",1
ai_0718,"The uncomfortable truth is that climate conversations keep circling the same points without addressing incentives. In my view, the details matter: grid reliability, community resilience, and public transit all interact in ways people underestimate. Short-term incentives reward attention over accuracy, which makes serious discussion feel optional. A policy can be well-intentioned and still produce perverse incentives if it ignores human behavior. In practice, there’s pressure to pick a side, but better outcomes usually come from defining what success looks like and measuring it. I’m optimistic, but only if we stop pretending that technology alone can solve social problems. In my view, we’d make faster progress if we invested in boring infrastructure, clearer standards, and feedback that is hard to game. It would help if we measured outcomes honestly instead of arguing only about intentions.",1
ai_0719,"The longer I watch this, the more I think sports conversations keep circling the same points without addressing incentives. In my view, the details matter: analytics, coaching strategy, and team chemistry all interact in ways people underestimate. The gap between what’s technically possible and what’s socially acceptable is widening fast. It’s easy to treat this as an individual choice problem, but the structure pushes people into predictable decisions. On the other hand, there’s pressure to pick a side, but better outcomes usually come from defining what success looks like and measuring it. The conversation improves when we acknowledge that reasonable people can disagree about priorities. On the other hand, we’d make faster progress if we invested in boring infrastructure, clearer standards, and feedback that is hard to game. The solution is probably less dramatic than people want: steady investment and patient execution.",1
ai_0720,"The uncomfortable truth is that campus life conversations keep circling the same points without addressing incentives. In daily life, the details matter: imposter syndrome, campus resources, and career fairs all interact in ways people underestimate. People respond to what is easy, default, and rewarded, not what is merely recommended. If we want trust, we need consistent rules and predictable enforcement, not surprises and exceptions. In my view, there’s pressure to pick a side, but better outcomes usually come from defining what success looks like and measuring it. The conversation improves when we acknowledge that reasonable people can disagree about priorities. In daily life, we’d make faster progress if we invested in boring infrastructure, clearer standards, and feedback that is hard to game. It would help if we measured outcomes honestly instead of arguing only about intentions.",1
ai_0721,"A lot of the frustration comes from how politics conversations keep circling the same points without addressing incentives. On the other hand, the details matter: campaign messaging, misinformation, and public trust all interact in ways people underestimate. We should separate what feels satisfying in the moment from what actually improves outcomes over time. Most solutions require coordination, which is difficult when everyone is optimizing for their own timeline. At the same time, there’s pressure to pick a side, but better outcomes usually come from defining what success looks like and measuring it. The best approaches combine prevention, education, and a safety net for when prevention fails. On the other hand, we’d make faster progress if we invested in boring infrastructure, clearer standards, and feedback that is hard to game. The solution is probably less dramatic than people want: steady investment and patient execution.",1
ai_0722,"The longer I watch this, the more I think health conversations keep circling the same points without addressing incentives. On the other hand, the details matter: sleep, exercise habits, and access to care all interact in ways people underestimate. Short-term incentives reward attention over accuracy, which makes serious discussion feel optional. One of the biggest failures is communication: too many experts speak in jargon when plain language would help. To be fair, there’s pressure to pick a side, but better outcomes usually come from defining what success looks like and measuring it. Short-term incentives reward attention over accuracy, which makes serious discussion feel optional. Still, we’d make faster progress if we invested in boring infrastructure, clearer standards, and feedback that is hard to game. If we want durable progress, we have to make the boring, consistent work feel worth it.",1
ai_0723,"What stands out to me is how politics conversations keep circling the same points without addressing incentives. In practice, the details matter: bipartisanship, public trust, and campaign messaging all interact in ways people underestimate. I’m optimistic, but only if we stop pretending that technology alone can solve social problems. One of the biggest failures is communication: too many experts speak in jargon when plain language would help. From a systems perspective, there’s pressure to pick a side, but better outcomes usually come from defining what success looks like and measuring it. When the feedback loop is distorted, everyone adapts in ways that make the whole system worse. On the other hand, we’d make faster progress if we invested in boring infrastructure, clearer standards, and feedback that is hard to game. I’m not asking for perfection, just clearer incentives and better follow-through.",1
ai_0724,"What stands out to me is how climate conversations keep circling the same points without addressing incentives. On the other hand, the details matter: local adaptation, conservation, and public transit all interact in ways people underestimate. The conversation improves when we acknowledge that reasonable people can disagree about priorities. Good governance looks boring: budgets, maintenance, audits, and incremental improvements that rarely go viral. In practice, there’s pressure to pick a side, but better outcomes usually come from defining what success looks like and measuring it. We should separate what feels satisfying in the moment from what actually improves outcomes over time. Still, we’d make faster progress if we invested in boring infrastructure, clearer standards, and feedback that is hard to game. It would help if we measured outcomes honestly instead of arguing only about intentions.",1
ai_0725,"One underrated piece of this is how health conversations keep circling the same points without addressing incentives. That said, the details matter: sleep, preventive care, and nutrition all interact in ways people underestimate. What gets lost is the cumulative effect of small frictions that make participation exhausting. The most persuasive arguments usually combine data with a clear story about tradeoffs and constraints. At the same time, there’s pressure to pick a side, but better outcomes usually come from defining what success looks like and measuring it. The conversation improves when we acknowledge that reasonable people can disagree about priorities. Still, we’d make faster progress if we invested in boring infrastructure, clearer standards, and feedback that is hard to game. The solution is probably less dramatic than people want: steady investment and patient execution.",1
ai_0726,"People don’t talk enough about how economy conversations keep circling the same points without addressing incentives. In my view, the details matter: labor market, productivity, and student debt all interact in ways people underestimate. The best approaches combine prevention, education, and a safety net for when prevention fails. If we want trust, we need consistent rules and predictable enforcement, not surprises and exceptions. Still, there’s pressure to pick a side, but better outcomes usually come from defining what success looks like and measuring it. It’s easy to treat this as an individual choice problem, but the structure pushes people into predictable decisions. Zooming out, we’d make faster progress if we invested in boring infrastructure, clearer standards, and feedback that is hard to game. If we want durable progress, we have to make the boring, consistent work feel worth it.",1
ai_0727,"Lately I’ve noticed how campus life conversations keep circling the same points without addressing incentives. Zooming out, the details matter: research opportunities, campus resources, and student services all interact in ways people underestimate. The conversation improves when we acknowledge that reasonable people can disagree about priorities. The best approaches combine prevention, education, and a safety net for when prevention fails. To be fair, there’s pressure to pick a side, but better outcomes usually come from defining what success looks like and measuring it. If we want trust, we need consistent rules and predictable enforcement, not surprises and exceptions. In my view, we’d make faster progress if we invested in boring infrastructure, clearer standards, and feedback that is hard to game. The solution is probably less dramatic than people want: steady investment and patient execution.",1
ai_0728,"What stands out to me is how economy conversations keep circling the same points without addressing incentives. In my view, the details matter: inflation, student debt, and labor market all interact in ways people underestimate. There’s a real difference between personal responsibility and asking individuals to compensate for broken systems. A lot of the heat comes from uncertainty, especially when outcomes are delayed or hard to measure. On the other hand, there’s pressure to pick a side, but better outcomes usually come from defining what success looks like and measuring it. A policy can be well-intentioned and still produce perverse incentives if it ignores human behavior. At the same time, we’d make faster progress if we invested in boring infrastructure, clearer standards, and feedback that is hard to game. I’d love to see more emphasis on competence, not just confidence.",1
ai_0729,"The uncomfortable truth is that politics conversations keep circling the same points without addressing incentives. That said, the details matter: local government, campaign messaging, and misinformation all interact in ways people underestimate. What gets lost is the cumulative effect of small frictions that make participation exhausting. A policy can be well-intentioned and still produce perverse incentives if it ignores human behavior. Still, there’s pressure to pick a side, but better outcomes usually come from defining what success looks like and measuring it. One of the biggest failures is communication: too many experts speak in jargon when plain language would help. Zooming out, we’d make faster progress if we invested in boring infrastructure, clearer standards, and feedback that is hard to game. I’d love to see more emphasis on competence, not just confidence.",1
ai_0730,"People don’t talk enough about how relationships conversations keep circling the same points without addressing incentives. In my view, the details matter: emotional labor, social media dynamics, and long distance all interact in ways people underestimate. It’s also worth noting that the costs and benefits are unevenly distributed across communities. It’s also worth noting that the costs and benefits are unevenly distributed across communities. Zooming out, there’s pressure to pick a side, but better outcomes usually come from defining what success looks like and measuring it. There’s a real difference between personal responsibility and asking individuals to compensate for broken systems. From a systems perspective, we’d make faster progress if we invested in boring infrastructure, clearer standards, and feedback that is hard to game. The best version of this is possible, but it requires humility, guardrails, and real accountability.",1
ai_0731,"Lately I’ve noticed how relationships conversations keep circling the same points without addressing incentives. On the other hand, the details matter: work-life balance, communication, and friendship drift all interact in ways people underestimate. What gets lost is the cumulative effect of small frictions that make participation exhausting. The gap between what’s technically possible and what’s socially acceptable is widening fast. From a systems perspective, there’s pressure to pick a side, but better outcomes usually come from defining what success looks like and measuring it. People respond to what is easy, default, and rewarded, not what is merely recommended. On the other hand, we’d make faster progress if we invested in boring infrastructure, clearer standards, and feedback that is hard to game. The best version of this is possible, but it requires humility, guardrails, and real accountability.",1
ai_0732,"One underrated piece of this is how campus life conversations keep circling the same points without addressing incentives. Zooming out, the details matter: group projects, research opportunities, and career fairs all interact in ways people underestimate. It’s easy to treat this as an individual choice problem, but the structure pushes people into predictable decisions. People respond to what is easy, default, and rewarded, not what is merely recommended. That said, there’s pressure to pick a side, but better outcomes usually come from defining what success looks like and measuring it. Most solutions require coordination, which is difficult when everyone is optimizing for their own timeline. Still, we’d make faster progress if we invested in boring infrastructure, clearer standards, and feedback that is hard to game. We can debate details forever, but the direction should be: more transparency and fewer gotchas.",1
ai_0733,"A fair critique is that sports conversations keep circling the same points without addressing incentives. In daily life, the details matter: coaching strategy, analytics, and fairness all interact in ways people underestimate. Most solutions require coordination, which is difficult when everyone is optimizing for their own timeline. Most solutions require coordination, which is difficult when everyone is optimizing for their own timeline. In my view, there’s pressure to pick a side, but better outcomes usually come from defining what success looks like and measuring it. If we want trust, we need consistent rules and predictable enforcement, not surprises and exceptions. To be fair, we’d make faster progress if we invested in boring infrastructure, clearer standards, and feedback that is hard to game. The best version of this is possible, but it requires humility, guardrails, and real accountability.",1
ai_0734,"One underrated piece of this is how relationships conversations keep circling the same points without addressing incentives. To be fair, the details matter: shared goals, social media dynamics, and work-life balance all interact in ways people underestimate. Most solutions require coordination, which is difficult when everyone is optimizing for their own timeline. We should separate what feels satisfying in the moment from what actually improves outcomes over time. At the same time, there’s pressure to pick a side, but better outcomes usually come from defining what success looks like and measuring it. There’s a real difference between personal responsibility and asking individuals to compensate for broken systems. Still, we’d make faster progress if we invested in boring infrastructure, clearer standards, and feedback that is hard to game. If we want durable progress, we have to make the boring, consistent work feel worth it.",1
ai_0735,"A fair critique is that health conversations keep circling the same points without addressing incentives. Zooming out, the details matter: access to care, mental health, and public health communication all interact in ways people underestimate. There’s a real difference between personal responsibility and asking individuals to compensate for broken systems. We should separate what feels satisfying in the moment from what actually improves outcomes over time. Zooming out, there’s pressure to pick a side, but better outcomes usually come from defining what success looks like and measuring it. The most persuasive arguments usually combine data with a clear story about tradeoffs and constraints. That said, we’d make faster progress if we invested in boring infrastructure, clearer standards, and feedback that is hard to game. If we want durable progress, we have to make the boring, consistent work feel worth it.",1
ai_0736,"A fair critique is that climate conversations keep circling the same points without addressing incentives. On the other hand, the details matter: energy transition, carbon pricing, and extreme weather all interact in ways people underestimate. The conversation improves when we acknowledge that reasonable people can disagree about priorities. There’s a real difference between personal responsibility and asking individuals to compensate for broken systems. In my view, there’s pressure to pick a side, but better outcomes usually come from defining what success looks like and measuring it. People respond to what is easy, default, and rewarded, not what is merely recommended. On the other hand, we’d make faster progress if we invested in boring infrastructure, clearer standards, and feedback that is hard to game. Small changes in behavior and policy add up, but only if we stick with them.",1
ai_0737,"I keep thinking about how health conversations keep circling the same points without addressing incentives. In practice, the details matter: sleep, nutrition, and public health communication all interact in ways people underestimate. What gets lost is the cumulative effect of small frictions that make participation exhausting. What gets lost is the cumulative effect of small frictions that make participation exhausting. In practice, there’s pressure to pick a side, but better outcomes usually come from defining what success looks like and measuring it. I’m optimistic, but only if we stop pretending that technology alone can solve social problems. In my view, we’d make faster progress if we invested in boring infrastructure, clearer standards, and feedback that is hard to game. I’m not asking for perfection, just clearer incentives and better follow-through.",1
ai_0738,"The longer I watch this, the more I think sports conversations keep circling the same points without addressing incentives. On the other hand, the details matter: fairness, commercialization, and injury prevention all interact in ways people underestimate. It’s also worth noting that the costs and benefits are unevenly distributed across communities. We should separate what feels satisfying in the moment from what actually improves outcomes over time. On the other hand, there’s pressure to pick a side, but better outcomes usually come from defining what success looks like and measuring it. A policy can be well-intentioned and still produce perverse incentives if it ignores human behavior. On the other hand, we’d make faster progress if we invested in boring infrastructure, clearer standards, and feedback that is hard to game. I’d love to see more emphasis on competence, not just confidence.",1
ai_0739,"People don’t talk enough about how campus life conversations keep circling the same points without addressing incentives. On the other hand, the details matter: imposter syndrome, career fairs, and internships all interact in ways people underestimate. The gap between what’s technically possible and what’s socially acceptable is widening fast. Most solutions require coordination, which is difficult when everyone is optimizing for their own timeline. To be fair, there’s pressure to pick a side, but better outcomes usually come from defining what success looks like and measuring it. Most solutions require coordination, which is difficult when everyone is optimizing for their own timeline. To be fair, we’d make faster progress if we invested in boring infrastructure, clearer standards, and feedback that is hard to game. I’m not asking for perfection, just clearer incentives and better follow-through.",1
ai_0740,"One underrated piece of this is how climate conversations keep circling the same points without addressing incentives. At the same time, the details matter: carbon pricing, grid reliability, and climate risk all interact in ways people underestimate. The conversation improves when we acknowledge that reasonable people can disagree about priorities. We should separate what feels satisfying in the moment from what actually improves outcomes over time. From a systems perspective, there’s pressure to pick a side, but better outcomes usually come from defining what success looks like and measuring it. If we want trust, we need consistent rules and predictable enforcement, not surprises and exceptions. In my view, we’d make faster progress if we invested in boring infrastructure, clearer standards, and feedback that is hard to game. The best version of this is possible, but it requires humility, guardrails, and real accountability.",1
ai_0741,"People don’t talk enough about how sports conversations keep circling the same points without addressing incentives. In daily life, the details matter: rule changes, commercialization, and fan culture all interact in ways people underestimate. When the feedback loop is distorted, everyone adapts in ways that make the whole system worse. A lot of the heat comes from uncertainty, especially when outcomes are delayed or hard to measure. At the same time, there’s pressure to pick a side, but better outcomes usually come from defining what success looks like and measuring it. A lot of the heat comes from uncertainty, especially when outcomes are delayed or hard to measure. In daily life, we’d make faster progress if we invested in boring infrastructure, clearer standards, and feedback that is hard to game. We can debate details forever, but the direction should be: more transparency and fewer gotchas.",1
ai_0742,"Lately I’ve noticed how campus life conversations keep circling the same points without addressing incentives. To be fair, the details matter: campus resources, group projects, and time management all interact in ways people underestimate. What gets lost is the cumulative effect of small frictions that make participation exhausting. The gap between what’s technically possible and what’s socially acceptable is widening fast. That said, there’s pressure to pick a side, but better outcomes usually come from defining what success looks like and measuring it. It’s also worth noting that the costs and benefits are unevenly distributed across communities. Zooming out, we’d make faster progress if we invested in boring infrastructure, clearer standards, and feedback that is hard to game. If we want durable progress, we have to make the boring, consistent work feel worth it.",1
ai_0743,"It’s hard to ignore how tech conversations keep circling the same points without addressing incentives. Still, the details matter: product design, automation, and cybersecurity all interact in ways people underestimate. Transparency matters because it lets the public distinguish honest mistakes from intentional manipulation. When the feedback loop is distorted, everyone adapts in ways that make the whole system worse. That said, there’s pressure to pick a side, but better outcomes usually come from defining what success looks like and measuring it. The best approaches combine prevention, education, and a safety net for when prevention fails. Zooming out, we’d make faster progress if we invested in boring infrastructure, clearer standards, and feedback that is hard to game. I’d love to see more emphasis on competence, not just confidence.",1
ai_0744,"It’s hard to ignore how politics conversations keep circling the same points without addressing incentives. To be fair, the details matter: public trust, voter turnout, and local government all interact in ways people underestimate. We should separate what feels satisfying in the moment from what actually improves outcomes over time. People respond to what is easy, default, and rewarded, not what is merely recommended. In practice, there’s pressure to pick a side, but better outcomes usually come from defining what success looks like and measuring it. A policy can be well-intentioned and still produce perverse incentives if it ignores human behavior. On the other hand, we’d make faster progress if we invested in boring infrastructure, clearer standards, and feedback that is hard to game. If we want durable progress, we have to make the boring, consistent work feel worth it.",1
ai_0745,"A fair critique is that relationships conversations keep circling the same points without addressing incentives. At the same time, the details matter: social media dynamics, communication, and shared goals all interact in ways people underestimate. If we want trust, we need consistent rules and predictable enforcement, not surprises and exceptions. What gets lost is the cumulative effect of small frictions that make participation exhausting. Still, there’s pressure to pick a side, but better outcomes usually come from defining what success looks like and measuring it. Transparency matters because it lets the public distinguish honest mistakes from intentional manipulation. In my view, we’d make faster progress if we invested in boring infrastructure, clearer standards, and feedback that is hard to game. If we want durable progress, we have to make the boring, consistent work feel worth it.",1
ai_0746,"A lot of the frustration comes from how sports conversations keep circling the same points without addressing incentives. That said, the details matter: injury prevention, commercialization, and rule changes all interact in ways people underestimate. A lot of the heat comes from uncertainty, especially when outcomes are delayed or hard to measure. The gap between what’s technically possible and what’s socially acceptable is widening fast. To be fair, there’s pressure to pick a side, but better outcomes usually come from defining what success looks like and measuring it. People respond to what is easy, default, and rewarded, not what is merely recommended. On the other hand, we’d make faster progress if we invested in boring infrastructure, clearer standards, and feedback that is hard to game. The best version of this is possible, but it requires humility, guardrails, and real accountability.",1
ai_0747,"The uncomfortable truth is that relationships conversations keep circling the same points without addressing incentives. On the other hand, the details matter: social media dynamics, long distance, and conflict resolution all interact in ways people underestimate. There’s a real difference between personal responsibility and asking individuals to compensate for broken systems. The gap between what’s technically possible and what’s socially acceptable is widening fast. Zooming out, there’s pressure to pick a side, but better outcomes usually come from defining what success looks like and measuring it. Short-term incentives reward attention over accuracy, which makes serious discussion feel optional. From a systems perspective, we’d make faster progress if we invested in boring infrastructure, clearer standards, and feedback that is hard to game. It would help if we measured outcomes honestly instead of arguing only about intentions.",1
ai_0748,"The uncomfortable truth is that economy conversations keep circling the same points without addressing incentives. On the other hand, the details matter: productivity, housing affordability, and interest rates all interact in ways people underestimate. I’m optimistic, but only if we stop pretending that technology alone can solve social problems. It’s also worth noting that the costs and benefits are unevenly distributed across communities. Zooming out, there’s pressure to pick a side, but better outcomes usually come from defining what success looks like and measuring it. Most solutions require coordination, which is difficult when everyone is optimizing for their own timeline. In my view, we’d make faster progress if we invested in boring infrastructure, clearer standards, and feedback that is hard to game. I’d love to see more emphasis on competence, not just confidence.",1
ai_0749,"One underrated piece of this is how relationships conversations keep circling the same points without addressing incentives. From a systems perspective, the details matter: work-life balance, communication, and boundaries all interact in ways people underestimate. What gets lost is the cumulative effect of small frictions that make participation exhausting. The best approaches combine prevention, education, and a safety net for when prevention fails. In my view, there’s pressure to pick a side, but better outcomes usually come from defining what success looks like and measuring it. Transparency matters because it lets the public distinguish honest mistakes from intentional manipulation. In practice, we’d make faster progress if we invested in boring infrastructure, clearer standards, and feedback that is hard to game. The best version of this is possible, but it requires humility, guardrails, and real accountability.",1
ai_0750,"A lot of the frustration comes from how health conversations keep circling the same points without addressing incentives. To be fair, the details matter: sleep, nutrition, and insurance friction all interact in ways people underestimate. The most persuasive arguments usually combine data with a clear story about tradeoffs and constraints. What gets lost is the cumulative effect of small frictions that make participation exhausting. Still, there’s pressure to pick a side, but better outcomes usually come from defining what success looks like and measuring it. When the feedback loop is distorted, everyone adapts in ways that make the whole system worse. In daily life, we’d make faster progress if we invested in boring infrastructure, clearer standards, and feedback that is hard to game. The solution is probably less dramatic than people want: steady investment and patient execution.",1
ai_0751,"It’s hard to ignore how climate conversations keep circling the same points without addressing incentives. On the other hand, the details matter: grid reliability, public transit, and climate risk all interact in ways people underestimate. Good governance looks boring: budgets, maintenance, audits, and incremental improvements that rarely go viral. The most persuasive arguments usually combine data with a clear story about tradeoffs and constraints. From a systems perspective, there’s pressure to pick a side, but better outcomes usually come from defining what success looks like and measuring it. One of the biggest failures is communication: too many experts speak in jargon when plain language would help. To be fair, we’d make faster progress if we invested in boring infrastructure, clearer standards, and feedback that is hard to game. If we want durable progress, we have to make the boring, consistent work feel worth it.",1
ai_0752,"The longer I watch this, the more I think health conversations keep circling the same points without addressing incentives. From a systems perspective, the details matter: mental health, screen time, and access to care all interact in ways people underestimate. The gap between what’s technically possible and what’s socially acceptable is widening fast. A policy can be well-intentioned and still produce perverse incentives if it ignores human behavior. Still, there’s pressure to pick a side, but better outcomes usually come from defining what success looks like and measuring it. When the feedback loop is distorted, everyone adapts in ways that make the whole system worse. In practice, we’d make faster progress if we invested in boring infrastructure, clearer standards, and feedback that is hard to game. I’d love to see more emphasis on competence, not just confidence.",1
ai_0753,"The longer I watch this, the more I think health conversations keep circling the same points without addressing incentives. In my view, the details matter: preventive care, mental health, and exercise habits all interact in ways people underestimate. What gets lost is the cumulative effect of small frictions that make participation exhausting. When the feedback loop is distorted, everyone adapts in ways that make the whole system worse. To be fair, there’s pressure to pick a side, but better outcomes usually come from defining what success looks like and measuring it. Short-term incentives reward attention over accuracy, which makes serious discussion feel optional. On the other hand, we’d make faster progress if we invested in boring infrastructure, clearer standards, and feedback that is hard to game. Small changes in behavior and policy add up, but only if we stick with them.",1
ai_0754,"A lot of the frustration comes from how politics conversations keep circling the same points without addressing incentives. From a systems perspective, the details matter: campaign messaging, voter turnout, and bipartisanship all interact in ways people underestimate. It’s easy to treat this as an individual choice problem, but the structure pushes people into predictable decisions. Good governance looks boring: budgets, maintenance, audits, and incremental improvements that rarely go viral. From a systems perspective, there’s pressure to pick a side, but better outcomes usually come from defining what success looks like and measuring it. We should separate what feels satisfying in the moment from what actually improves outcomes over time. That said, we’d make faster progress if we invested in boring infrastructure, clearer standards, and feedback that is hard to game. I’d love to see more emphasis on competence, not just confidence.",1
ai_0755,"What stands out to me is how health conversations keep circling the same points without addressing incentives. Still, the details matter: nutrition, exercise habits, and public health communication all interact in ways people underestimate. The most persuasive arguments usually combine data with a clear story about tradeoffs and constraints. Transparency matters because it lets the public distinguish honest mistakes from intentional manipulation. At the same time, there’s pressure to pick a side, but better outcomes usually come from defining what success looks like and measuring it. People respond to what is easy, default, and rewarded, not what is merely recommended. In daily life, we’d make faster progress if we invested in boring infrastructure, clearer standards, and feedback that is hard to game. If we want durable progress, we have to make the boring, consistent work feel worth it.",1
ai_0756,"It’s hard to ignore how tech conversations keep circling the same points without addressing incentives. At the same time, the details matter: model transparency, cloud costs, and platform incentives all interact in ways people underestimate. Most solutions require coordination, which is difficult when everyone is optimizing for their own timeline. One of the biggest failures is communication: too many experts speak in jargon when plain language would help. In practice, there’s pressure to pick a side, but better outcomes usually come from defining what success looks like and measuring it. Transparency matters because it lets the public distinguish honest mistakes from intentional manipulation. Still, we’d make faster progress if we invested in boring infrastructure, clearer standards, and feedback that is hard to game. The solution is probably less dramatic than people want: steady investment and patient execution.",1
ai_0757,"A lot of the frustration comes from how climate conversations keep circling the same points without addressing incentives. At the same time, the details matter: extreme weather, climate risk, and local adaptation all interact in ways people underestimate. What gets lost is the cumulative effect of small frictions that make participation exhausting. People respond to what is easy, default, and rewarded, not what is merely recommended. Zooming out, there’s pressure to pick a side, but better outcomes usually come from defining what success looks like and measuring it. Most solutions require coordination, which is difficult when everyone is optimizing for their own timeline. That said, we’d make faster progress if we invested in boring infrastructure, clearer standards, and feedback that is hard to game. I’m not asking for perfection, just clearer incentives and better follow-through.",1
ai_0758,"The longer I watch this, the more I think economy conversations keep circling the same points without addressing incentives. On the other hand, the details matter: consumer confidence, inflation, and inequality all interact in ways people underestimate. We should separate what feels satisfying in the moment from what actually improves outcomes over time. The gap between what’s technically possible and what’s socially acceptable is widening fast. On the other hand, there’s pressure to pick a side, but better outcomes usually come from defining what success looks like and measuring it. It’s easy to treat this as an individual choice problem, but the structure pushes people into predictable decisions. In my view, we’d make faster progress if we invested in boring infrastructure, clearer standards, and feedback that is hard to game. I’m not asking for perfection, just clearer incentives and better follow-through.",1
ai_0759,"People don’t talk enough about how relationships conversations keep circling the same points without addressing incentives. On the other hand, the details matter: trust, communication, and emotional labor all interact in ways people underestimate. The most persuasive arguments usually combine data with a clear story about tradeoffs and constraints. Transparency matters because it lets the public distinguish honest mistakes from intentional manipulation. That said, there’s pressure to pick a side, but better outcomes usually come from defining what success looks like and measuring it. Transparency matters because it lets the public distinguish honest mistakes from intentional manipulation. On the other hand, we’d make faster progress if we invested in boring infrastructure, clearer standards, and feedback that is hard to game. I’m not asking for perfection, just clearer incentives and better follow-through.",1
ai_0760,"People don’t talk enough about how tech conversations keep circling the same points without addressing incentives. In my view, the details matter: cloud costs, model transparency, and data privacy all interact in ways people underestimate. The best approaches combine prevention, education, and a safety net for when prevention fails. The gap between what’s technically possible and what’s socially acceptable is widening fast. Zooming out, there’s pressure to pick a side, but better outcomes usually come from defining what success looks like and measuring it. Good governance looks boring: budgets, maintenance, audits, and incremental improvements that rarely go viral. On the other hand, we’d make faster progress if we invested in boring infrastructure, clearer standards, and feedback that is hard to game. The best version of this is possible, but it requires humility, guardrails, and real accountability.",1
ai_0761,"Lately I’ve noticed how health conversations keep circling the same points without addressing incentives. That said, the details matter: insurance friction, mental health, and sleep all interact in ways people underestimate. Transparency matters because it lets the public distinguish honest mistakes from intentional manipulation. Short-term incentives reward attention over accuracy, which makes serious discussion feel optional. In my view, there’s pressure to pick a side, but better outcomes usually come from defining what success looks like and measuring it. What gets lost is the cumulative effect of small frictions that make participation exhausting. In my view, we’d make faster progress if we invested in boring infrastructure, clearer standards, and feedback that is hard to game. We can debate details forever, but the direction should be: more transparency and fewer gotchas.",1
ai_0762,"A lot of the frustration comes from how campus life conversations keep circling the same points without addressing incentives. On the other hand, the details matter: workload balance, group projects, and student services all interact in ways people underestimate. The best approaches combine prevention, education, and a safety net for when prevention fails. One of the biggest failures is communication: too many experts speak in jargon when plain language would help. That said, there’s pressure to pick a side, but better outcomes usually come from defining what success looks like and measuring it. When the feedback loop is distorted, everyone adapts in ways that make the whole system worse. In practice, we’d make faster progress if we invested in boring infrastructure, clearer standards, and feedback that is hard to game. If we want durable progress, we have to make the boring, consistent work feel worth it.",1
ai_0763,"The uncomfortable truth is that sports conversations keep circling the same points without addressing incentives. From a systems perspective, the details matter: coaching strategy, rule changes, and fan culture all interact in ways people underestimate. I’m optimistic, but only if we stop pretending that technology alone can solve social problems. Transparency matters because it lets the public distinguish honest mistakes from intentional manipulation. That said, there’s pressure to pick a side, but better outcomes usually come from defining what success looks like and measuring it. There’s a real difference between personal responsibility and asking individuals to compensate for broken systems. Zooming out, we’d make faster progress if we invested in boring infrastructure, clearer standards, and feedback that is hard to game. If we want durable progress, we have to make the boring, consistent work feel worth it.",1
ai_0764,"What stands out to me is how sports conversations keep circling the same points without addressing incentives. In my view, the details matter: team chemistry, youth pipelines, and rule changes all interact in ways people underestimate. It’s also worth noting that the costs and benefits are unevenly distributed across communities. It’s easy to treat this as an individual choice problem, but the structure pushes people into predictable decisions. Still, there’s pressure to pick a side, but better outcomes usually come from defining what success looks like and measuring it. The conversation improves when we acknowledge that reasonable people can disagree about priorities. In my view, we’d make faster progress if we invested in boring infrastructure, clearer standards, and feedback that is hard to game. I’m not asking for perfection, just clearer incentives and better follow-through.",1
ai_0765,"A fair critique is that politics conversations keep circling the same points without addressing incentives. On the other hand, the details matter: accountability, misinformation, and institutional legitimacy all interact in ways people underestimate. Short-term incentives reward attention over accuracy, which makes serious discussion feel optional. We should separate what feels satisfying in the moment from what actually improves outcomes over time. Zooming out, there’s pressure to pick a side, but better outcomes usually come from defining what success looks like and measuring it. Short-term incentives reward attention over accuracy, which makes serious discussion feel optional. In daily life, we’d make faster progress if we invested in boring infrastructure, clearer standards, and feedback that is hard to game. If we want durable progress, we have to make the boring, consistent work feel worth it.",1
ai_0766,"Lately I’ve noticed how tech conversations keep circling the same points without addressing incentives. In daily life, the details matter: cybersecurity, open source, and cloud costs all interact in ways people underestimate. A lot of the heat comes from uncertainty, especially when outcomes are delayed or hard to measure. One of the biggest failures is communication: too many experts speak in jargon when plain language would help. That said, there’s pressure to pick a side, but better outcomes usually come from defining what success looks like and measuring it. It’s also worth noting that the costs and benefits are unevenly distributed across communities. At the same time, we’d make faster progress if we invested in boring infrastructure, clearer standards, and feedback that is hard to game. Small changes in behavior and policy add up, but only if we stick with them.",1
ai_0767,"Lately I’ve noticed how campus life conversations keep circling the same points without addressing incentives. At the same time, the details matter: student services, research opportunities, and group projects all interact in ways people underestimate. Most solutions require coordination, which is difficult when everyone is optimizing for their own timeline. The conversation improves when we acknowledge that reasonable people can disagree about priorities. On the other hand, there’s pressure to pick a side, but better outcomes usually come from defining what success looks like and measuring it. A lot of the heat comes from uncertainty, especially when outcomes are delayed or hard to measure. In daily life, we’d make faster progress if we invested in boring infrastructure, clearer standards, and feedback that is hard to game. Small changes in behavior and policy add up, but only if we stick with them.",1
ai_0768,"One underrated piece of this is how tech conversations keep circling the same points without addressing incentives. At the same time, the details matter: product design, AI tools, and cloud costs all interact in ways people underestimate. The conversation improves when we acknowledge that reasonable people can disagree about priorities. We should separate what feels satisfying in the moment from what actually improves outcomes over time. On the other hand, there’s pressure to pick a side, but better outcomes usually come from defining what success looks like and measuring it. The gap between what’s technically possible and what’s socially acceptable is widening fast. In my view, we’d make faster progress if we invested in boring infrastructure, clearer standards, and feedback that is hard to game. I’m not asking for perfection, just clearer incentives and better follow-through.",1
ai_0769,"A fair critique is that climate conversations keep circling the same points without addressing incentives. In my view, the details matter: local adaptation, conservation, and building efficiency all interact in ways people underestimate. Short-term incentives reward attention over accuracy, which makes serious discussion feel optional. It’s easy to treat this as an individual choice problem, but the structure pushes people into predictable decisions. Still, there’s pressure to pick a side, but better outcomes usually come from defining what success looks like and measuring it. It’s also worth noting that the costs and benefits are unevenly distributed across communities. From a systems perspective, we’d make faster progress if we invested in boring infrastructure, clearer standards, and feedback that is hard to game. If we want durable progress, we have to make the boring, consistent work feel worth it.",1
ai_0770,"Lately I’ve noticed how relationships conversations keep circling the same points without addressing incentives. Still, the details matter: friendship drift, communication, and long distance all interact in ways people underestimate. I’m optimistic, but only if we stop pretending that technology alone can solve social problems. Good governance looks boring: budgets, maintenance, audits, and incremental improvements that rarely go viral. That said, there’s pressure to pick a side, but better outcomes usually come from defining what success looks like and measuring it. The gap between what’s technically possible and what’s socially acceptable is widening fast. Still, we’d make faster progress if we invested in boring infrastructure, clearer standards, and feedback that is hard to game. The solution is probably less dramatic than people want: steady investment and patient execution.",1
ai_0771,"A lot of the frustration comes from how climate conversations keep circling the same points without addressing incentives. In practice, the details matter: climate risk, energy transition, and building efficiency all interact in ways people underestimate. We should separate what feels satisfying in the moment from what actually improves outcomes over time. If we want trust, we need consistent rules and predictable enforcement, not surprises and exceptions. Still, there’s pressure to pick a side, but better outcomes usually come from defining what success looks like and measuring it. Transparency matters because it lets the public distinguish honest mistakes from intentional manipulation. On the other hand, we’d make faster progress if we invested in boring infrastructure, clearer standards, and feedback that is hard to game. The solution is probably less dramatic than people want: steady investment and patient execution.",1
ai_0772,"Lately I’ve noticed how tech conversations keep circling the same points without addressing incentives. In practice, the details matter: cybersecurity, developer experience, and automation all interact in ways people underestimate. One of the biggest failures is communication: too many experts speak in jargon when plain language would help. What gets lost is the cumulative effect of small frictions that make participation exhausting. From a systems perspective, there’s pressure to pick a side, but better outcomes usually come from defining what success looks like and measuring it. What gets lost is the cumulative effect of small frictions that make participation exhausting. That said, we’d make faster progress if we invested in boring infrastructure, clearer standards, and feedback that is hard to game. It would help if we measured outcomes honestly instead of arguing only about intentions.",1
ai_0773,"A fair critique is that campus life conversations keep circling the same points without addressing incentives. In daily life, the details matter: imposter syndrome, campus resources, and group projects all interact in ways people underestimate. It’s also worth noting that the costs and benefits are unevenly distributed across communities. Short-term incentives reward attention over accuracy, which makes serious discussion feel optional. To be fair, there’s pressure to pick a side, but better outcomes usually come from defining what success looks like and measuring it. What gets lost is the cumulative effect of small frictions that make participation exhausting. Still, we’d make faster progress if we invested in boring infrastructure, clearer standards, and feedback that is hard to game. The best version of this is possible, but it requires humility, guardrails, and real accountability.",1
ai_0774,"A fair critique is that sports conversations keep circling the same points without addressing incentives. Still, the details matter: player development, fan culture, and injury prevention all interact in ways people underestimate. Most solutions require coordination, which is difficult when everyone is optimizing for their own timeline. People respond to what is easy, default, and rewarded, not what is merely recommended. In practice, there’s pressure to pick a side, but better outcomes usually come from defining what success looks like and measuring it. Most solutions require coordination, which is difficult when everyone is optimizing for their own timeline. To be fair, we’d make faster progress if we invested in boring infrastructure, clearer standards, and feedback that is hard to game. Small changes in behavior and policy add up, but only if we stick with them.",1
ai_0775,"It’s hard to ignore how climate conversations keep circling the same points without addressing incentives. In my view, the details matter: building efficiency, climate risk, and community resilience all interact in ways people underestimate. The gap between what’s technically possible and what’s socially acceptable is widening fast. A lot of the heat comes from uncertainty, especially when outcomes are delayed or hard to measure. Still, there’s pressure to pick a side, but better outcomes usually come from defining what success looks like and measuring it. The gap between what’s technically possible and what’s socially acceptable is widening fast. From a systems perspective, we’d make faster progress if we invested in boring infrastructure, clearer standards, and feedback that is hard to game. I’m not asking for perfection, just clearer incentives and better follow-through.",1
ai_0776,"A lot of the frustration comes from how health conversations keep circling the same points without addressing incentives. To be fair, the details matter: preventive care, screen time, and access to care all interact in ways people underestimate. One of the biggest failures is communication: too many experts speak in jargon when plain language would help. What gets lost is the cumulative effect of small frictions that make participation exhausting. To be fair, there’s pressure to pick a side, but better outcomes usually come from defining what success looks like and measuring it. It’s also worth noting that the costs and benefits are unevenly distributed across communities. To be fair, we’d make faster progress if we invested in boring infrastructure, clearer standards, and feedback that is hard to game. Small changes in behavior and policy add up, but only if we stick with them.",1
ai_0777,"I keep thinking about how sports conversations keep circling the same points without addressing incentives. That said, the details matter: team chemistry, player development, and rule changes all interact in ways people underestimate. Transparency matters because it lets the public distinguish honest mistakes from intentional manipulation. The gap between what’s technically possible and what’s socially acceptable is widening fast. To be fair, there’s pressure to pick a side, but better outcomes usually come from defining what success looks like and measuring it. If we want trust, we need consistent rules and predictable enforcement, not surprises and exceptions. In daily life, we’d make faster progress if we invested in boring infrastructure, clearer standards, and feedback that is hard to game. Small changes in behavior and policy add up, but only if we stick with them.",1
ai_0778,"People don’t talk enough about how politics conversations keep circling the same points without addressing incentives. At the same time, the details matter: bipartisanship, civic education, and misinformation all interact in ways people underestimate. We should separate what feels satisfying in the moment from what actually improves outcomes over time. We should separate what feels satisfying in the moment from what actually improves outcomes over time. To be fair, there’s pressure to pick a side, but better outcomes usually come from defining what success looks like and measuring it. It’s also worth noting that the costs and benefits are unevenly distributed across communities. To be fair, we’d make faster progress if we invested in boring infrastructure, clearer standards, and feedback that is hard to game. I’m not asking for perfection, just clearer incentives and better follow-through.",1
ai_0779,"One underrated piece of this is how sports conversations keep circling the same points without addressing incentives. In daily life, the details matter: youth pipelines, analytics, and injury prevention all interact in ways people underestimate. There’s a real difference between personal responsibility and asking individuals to compensate for broken systems. We should separate what feels satisfying in the moment from what actually improves outcomes over time. From a systems perspective, there’s pressure to pick a side, but better outcomes usually come from defining what success looks like and measuring it. The best approaches combine prevention, education, and a safety net for when prevention fails. Still, we’d make faster progress if we invested in boring infrastructure, clearer standards, and feedback that is hard to game. It would help if we measured outcomes honestly instead of arguing only about intentions.",1
ai_0780,"The longer I watch this, the more I think economy conversations keep circling the same points without addressing incentives. To be fair, the details matter: inflation, housing affordability, and inequality all interact in ways people underestimate. A policy can be well-intentioned and still produce perverse incentives if it ignores human behavior. The gap between what’s technically possible and what’s socially acceptable is widening fast. In daily life, there’s pressure to pick a side, but better outcomes usually come from defining what success looks like and measuring it. If we want trust, we need consistent rules and predictable enforcement, not surprises and exceptions. That said, we’d make faster progress if we invested in boring infrastructure, clearer standards, and feedback that is hard to game. It would help if we measured outcomes honestly instead of arguing only about intentions.",1
ai_0781,"A fair critique is that sports conversations keep circling the same points without addressing incentives. Zooming out, the details matter: rule changes, fan culture, and commercialization all interact in ways people underestimate. People respond to what is easy, default, and rewarded, not what is merely recommended. If we want trust, we need consistent rules and predictable enforcement, not surprises and exceptions. To be fair, there’s pressure to pick a side, but better outcomes usually come from defining what success looks like and measuring it. It’s easy to treat this as an individual choice problem, but the structure pushes people into predictable decisions. In daily life, we’d make faster progress if we invested in boring infrastructure, clearer standards, and feedback that is hard to game. If we want durable progress, we have to make the boring, consistent work feel worth it.",1
ai_0782,"One underrated piece of this is how climate conversations keep circling the same points without addressing incentives. On the other hand, the details matter: conservation, carbon pricing, and grid reliability all interact in ways people underestimate. Short-term incentives reward attention over accuracy, which makes serious discussion feel optional. Transparency matters because it lets the public distinguish honest mistakes from intentional manipulation. To be fair, there’s pressure to pick a side, but better outcomes usually come from defining what success looks like and measuring it. It’s also worth noting that the costs and benefits are unevenly distributed across communities. In practice, we’d make faster progress if we invested in boring infrastructure, clearer standards, and feedback that is hard to game. I’m not asking for perfection, just clearer incentives and better follow-through.",1
ai_0783,"A fair critique is that politics conversations keep circling the same points without addressing incentives. To be fair, the details matter: campaign messaging, accountability, and institutional legitimacy all interact in ways people underestimate. Transparency matters because it lets the public distinguish honest mistakes from intentional manipulation. Transparency matters because it lets the public distinguish honest mistakes from intentional manipulation. In practice, there’s pressure to pick a side, but better outcomes usually come from defining what success looks like and measuring it. One of the biggest failures is communication: too many experts speak in jargon when plain language would help. To be fair, we’d make faster progress if we invested in boring infrastructure, clearer standards, and feedback that is hard to game. It would help if we measured outcomes honestly instead of arguing only about intentions.",1
ai_0784,"What stands out to me is how relationships conversations keep circling the same points without addressing incentives. Zooming out, the details matter: long distance, friendship drift, and social media dynamics all interact in ways people underestimate. I’m optimistic, but only if we stop pretending that technology alone can solve social problems. The gap between what’s technically possible and what’s socially acceptable is widening fast. That said, there’s pressure to pick a side, but better outcomes usually come from defining what success looks like and measuring it. Transparency matters because it lets the public distinguish honest mistakes from intentional manipulation. From a systems perspective, we’d make faster progress if we invested in boring infrastructure, clearer standards, and feedback that is hard to game. The solution is probably less dramatic than people want: steady investment and patient execution.",1
ai_0785,"One underrated piece of this is how politics conversations keep circling the same points without addressing incentives. To be fair, the details matter: public trust, voter turnout, and local government all interact in ways people underestimate. The most persuasive arguments usually combine data with a clear story about tradeoffs and constraints. Transparency matters because it lets the public distinguish honest mistakes from intentional manipulation. From a systems perspective, there’s pressure to pick a side, but better outcomes usually come from defining what success looks like and measuring it. It’s easy to treat this as an individual choice problem, but the structure pushes people into predictable decisions. In daily life, we’d make faster progress if we invested in boring infrastructure, clearer standards, and feedback that is hard to game. Small changes in behavior and policy add up, but only if we stick with them.",1
ai_0786,"One underrated piece of this is how climate conversations keep circling the same points without addressing incentives. That said, the details matter: energy transition, building efficiency, and conservation all interact in ways people underestimate. I’m optimistic, but only if we stop pretending that technology alone can solve social problems. We should separate what feels satisfying in the moment from what actually improves outcomes over time. In my view, there’s pressure to pick a side, but better outcomes usually come from defining what success looks like and measuring it. It’s also worth noting that the costs and benefits are unevenly distributed across communities. At the same time, we’d make faster progress if we invested in boring infrastructure, clearer standards, and feedback that is hard to game. I’d love to see more emphasis on competence, not just confidence.",1
ai_0787,"One underrated piece of this is how campus life conversations keep circling the same points without addressing incentives. At the same time, the details matter: internships, workload balance, and time management all interact in ways people underestimate. The most persuasive arguments usually combine data with a clear story about tradeoffs and constraints. The gap between what’s technically possible and what’s socially acceptable is widening fast. In daily life, there’s pressure to pick a side, but better outcomes usually come from defining what success looks like and measuring it. A policy can be well-intentioned and still produce perverse incentives if it ignores human behavior. At the same time, we’d make faster progress if we invested in boring infrastructure, clearer standards, and feedback that is hard to game. I’m not asking for perfection, just clearer incentives and better follow-through.",1
ai_0788,"A lot of the frustration comes from how campus life conversations keep circling the same points without addressing incentives. From a systems perspective, the details matter: group projects, time management, and club culture all interact in ways people underestimate. If we want trust, we need consistent rules and predictable enforcement, not surprises and exceptions. The conversation improves when we acknowledge that reasonable people can disagree about priorities. In my view, there’s pressure to pick a side, but better outcomes usually come from defining what success looks like and measuring it. One of the biggest failures is communication: too many experts speak in jargon when plain language would help. In daily life, we’d make faster progress if we invested in boring infrastructure, clearer standards, and feedback that is hard to game. We can debate details forever, but the direction should be: more transparency and fewer gotchas.",1
ai_0789,"The longer I watch this, the more I think health conversations keep circling the same points without addressing incentives. To be fair, the details matter: access to care, sleep, and burnout all interact in ways people underestimate. One of the biggest failures is communication: too many experts speak in jargon when plain language would help. The conversation improves when we acknowledge that reasonable people can disagree about priorities. In daily life, there’s pressure to pick a side, but better outcomes usually come from defining what success looks like and measuring it. The most persuasive arguments usually combine data with a clear story about tradeoffs and constraints. At the same time, we’d make faster progress if we invested in boring infrastructure, clearer standards, and feedback that is hard to game. I’m not asking for perfection, just clearer incentives and better follow-through.",1
ai_0790,"I keep thinking about how climate conversations keep circling the same points without addressing incentives. In daily life, the details matter: community resilience, building efficiency, and grid reliability all interact in ways people underestimate. There’s a real difference between personal responsibility and asking individuals to compensate for broken systems. We should separate what feels satisfying in the moment from what actually improves outcomes over time. That said, there’s pressure to pick a side, but better outcomes usually come from defining what success looks like and measuring it. One of the biggest failures is communication: too many experts speak in jargon when plain language would help. Zooming out, we’d make faster progress if we invested in boring infrastructure, clearer standards, and feedback that is hard to game. I’d love to see more emphasis on competence, not just confidence.",1
ai_0791,"Lately I’ve noticed how campus life conversations keep circling the same points without addressing incentives. At the same time, the details matter: campus resources, imposter syndrome, and group projects all interact in ways people underestimate. One of the biggest failures is communication: too many experts speak in jargon when plain language would help. When the feedback loop is distorted, everyone adapts in ways that make the whole system worse. In my view, there’s pressure to pick a side, but better outcomes usually come from defining what success looks like and measuring it. The conversation improves when we acknowledge that reasonable people can disagree about priorities. At the same time, we’d make faster progress if we invested in boring infrastructure, clearer standards, and feedback that is hard to game. I’d love to see more emphasis on competence, not just confidence.",1
ai_0792,"The uncomfortable truth is that economy conversations keep circling the same points without addressing incentives. That said, the details matter: student debt, productivity, and interest rates all interact in ways people underestimate. It’s also worth noting that the costs and benefits are unevenly distributed across communities. The most persuasive arguments usually combine data with a clear story about tradeoffs and constraints. In my view, there’s pressure to pick a side, but better outcomes usually come from defining what success looks like and measuring it. What gets lost is the cumulative effect of small frictions that make participation exhausting. To be fair, we’d make faster progress if we invested in boring infrastructure, clearer standards, and feedback that is hard to game. Small changes in behavior and policy add up, but only if we stick with them.",1
ai_0793,"A fair critique is that relationships conversations keep circling the same points without addressing incentives. In daily life, the details matter: work-life balance, friendship drift, and long distance all interact in ways people underestimate. A lot of the heat comes from uncertainty, especially when outcomes are delayed or hard to measure. It’s also worth noting that the costs and benefits are unevenly distributed across communities. Zooming out, there’s pressure to pick a side, but better outcomes usually come from defining what success looks like and measuring it. It’s easy to treat this as an individual choice problem, but the structure pushes people into predictable decisions. At the same time, we’d make faster progress if we invested in boring infrastructure, clearer standards, and feedback that is hard to game. Small changes in behavior and policy add up, but only if we stick with them.",1
ai_0794,"A lot of the frustration comes from how tech conversations keep circling the same points without addressing incentives. That said, the details matter: model transparency, automation, and platform incentives all interact in ways people underestimate. We should separate what feels satisfying in the moment from what actually improves outcomes over time. We should separate what feels satisfying in the moment from what actually improves outcomes over time. From a systems perspective, there’s pressure to pick a side, but better outcomes usually come from defining what success looks like and measuring it. The gap between what’s technically possible and what’s socially acceptable is widening fast. Zooming out, we’d make faster progress if we invested in boring infrastructure, clearer standards, and feedback that is hard to game. It would help if we measured outcomes honestly instead of arguing only about intentions.",1
ai_0795,"I keep thinking about how politics conversations keep circling the same points without addressing incentives. Still, the details matter: campaign messaging, accountability, and institutional legitimacy all interact in ways people underestimate. There’s a real difference between personal responsibility and asking individuals to compensate for broken systems. We should separate what feels satisfying in the moment from what actually improves outcomes over time. In my view, there’s pressure to pick a side, but better outcomes usually come from defining what success looks like and measuring it. There’s a real difference between personal responsibility and asking individuals to compensate for broken systems. To be fair, we’d make faster progress if we invested in boring infrastructure, clearer standards, and feedback that is hard to game. I’d love to see more emphasis on competence, not just confidence.",1
ai_0796,"It’s hard to ignore how economy conversations keep circling the same points without addressing incentives. In my view, the details matter: housing affordability, wage growth, and productivity all interact in ways people underestimate. The best approaches combine prevention, education, and a safety net for when prevention fails. It’s easy to treat this as an individual choice problem, but the structure pushes people into predictable decisions. On the other hand, there’s pressure to pick a side, but better outcomes usually come from defining what success looks like and measuring it. The conversation improves when we acknowledge that reasonable people can disagree about priorities. In daily life, we’d make faster progress if we invested in boring infrastructure, clearer standards, and feedback that is hard to game. The best version of this is possible, but it requires humility, guardrails, and real accountability.",1
ai_0797,"Lately I’ve noticed how relationships conversations keep circling the same points without addressing incentives. On the other hand, the details matter: trust, emotional labor, and work-life balance all interact in ways people underestimate. People respond to what is easy, default, and rewarded, not what is merely recommended. It’s easy to treat this as an individual choice problem, but the structure pushes people into predictable decisions. In practice, there’s pressure to pick a side, but better outcomes usually come from defining what success looks like and measuring it. The most persuasive arguments usually combine data with a clear story about tradeoffs and constraints. That said, we’d make faster progress if we invested in boring infrastructure, clearer standards, and feedback that is hard to game. If we want durable progress, we have to make the boring, consistent work feel worth it.",1
ai_0798,"The uncomfortable truth is that campus life conversations keep circling the same points without addressing incentives. In my view, the details matter: career fairs, student services, and internships all interact in ways people underestimate. What gets lost is the cumulative effect of small frictions that make participation exhausting. I’m optimistic, but only if we stop pretending that technology alone can solve social problems. Still, there’s pressure to pick a side, but better outcomes usually come from defining what success looks like and measuring it. Short-term incentives reward attention over accuracy, which makes serious discussion feel optional. In my view, we’d make faster progress if we invested in boring infrastructure, clearer standards, and feedback that is hard to game. Small changes in behavior and policy add up, but only if we stick with them.",1
ai_0799,"The longer I watch this, the more I think economy conversations keep circling the same points without addressing incentives. To be fair, the details matter: inflation, inequality, and student debt all interact in ways people underestimate. A lot of the heat comes from uncertainty, especially when outcomes are delayed or hard to measure. A policy can be well-intentioned and still produce perverse incentives if it ignores human behavior. In my view, there’s pressure to pick a side, but better outcomes usually come from defining what success looks like and measuring it. The best approaches combine prevention, education, and a safety net for when prevention fails. In my view, we’d make faster progress if we invested in boring infrastructure, clearer standards, and feedback that is hard to game. The solution is probably less dramatic than people want: steady investment and patient execution.",1
ai_0800,"A fair critique is that politics conversations keep circling the same points without addressing incentives. From a systems perspective, the details matter: campaign messaging, institutional legitimacy, and public trust all interact in ways people underestimate. People respond to what is easy, default, and rewarded, not what is merely recommended. We should separate what feels satisfying in the moment from what actually improves outcomes over time. In my view, there’s pressure to pick a side, but better outcomes usually come from defining what success looks like and measuring it. It’s also worth noting that the costs and benefits are unevenly distributed across communities. Still, we’d make faster progress if we invested in boring infrastructure, clearer standards, and feedback that is hard to game. I’d love to see more emphasis on competence, not just confidence.",1
ai_0801,"I keep thinking about how health conversations keep circling the same points without addressing incentives. In daily life, the details matter: nutrition, public health communication, and burnout all interact in ways people underestimate. A policy can be well-intentioned and still produce perverse incentives if it ignores human behavior. The most persuasive arguments usually combine data with a clear story about tradeoffs and constraints. In my view, there’s pressure to pick a side, but better outcomes usually come from defining what success looks like and measuring it. There’s a real difference between personal responsibility and asking individuals to compensate for broken systems. In practice, we’d make faster progress if we invested in boring infrastructure, clearer standards, and feedback that is hard to game. I’d love to see more emphasis on competence, not just confidence.",1
ai_0802,"The longer I watch this, the more I think politics conversations keep circling the same points without addressing incentives. At the same time, the details matter: local government, misinformation, and policy tradeoffs all interact in ways people underestimate. The gap between what’s technically possible and what’s socially acceptable is widening fast. We should separate what feels satisfying in the moment from what actually improves outcomes over time. In my view, there’s pressure to pick a side, but better outcomes usually come from defining what success looks like and measuring it. When the feedback loop is distorted, everyone adapts in ways that make the whole system worse. Still, we’d make faster progress if we invested in boring infrastructure, clearer standards, and feedback that is hard to game. It would help if we measured outcomes honestly instead of arguing only about intentions.",1
ai_0803,"What stands out to me is how sports conversations keep circling the same points without addressing incentives. At the same time, the details matter: fairness, rule changes, and fan culture all interact in ways people underestimate. The conversation improves when we acknowledge that reasonable people can disagree about priorities. If we want trust, we need consistent rules and predictable enforcement, not surprises and exceptions. Zooming out, there’s pressure to pick a side, but better outcomes usually come from defining what success looks like and measuring it. It’s also worth noting that the costs and benefits are unevenly distributed across communities. To be fair, we’d make faster progress if we invested in boring infrastructure, clearer standards, and feedback that is hard to game. We can debate details forever, but the direction should be: more transparency and fewer gotchas.",1
ai_0804,"A fair critique is that sports conversations keep circling the same points without addressing incentives. In practice, the details matter: rule changes, team chemistry, and player development all interact in ways people underestimate. Good governance looks boring: budgets, maintenance, audits, and incremental improvements that rarely go viral. What gets lost is the cumulative effect of small frictions that make participation exhausting. In practice, there’s pressure to pick a side, but better outcomes usually come from defining what success looks like and measuring it. The most persuasive arguments usually combine data with a clear story about tradeoffs and constraints. On the other hand, we’d make faster progress if we invested in boring infrastructure, clearer standards, and feedback that is hard to game. It would help if we measured outcomes honestly instead of arguing only about intentions.",1
ai_0805,"A lot of the frustration comes from how economy conversations keep circling the same points without addressing incentives. Still, the details matter: small business, inflation, and labor market all interact in ways people underestimate. Most solutions require coordination, which is difficult when everyone is optimizing for their own timeline. It’s also worth noting that the costs and benefits are unevenly distributed across communities. In daily life, there’s pressure to pick a side, but better outcomes usually come from defining what success looks like and measuring it. People respond to what is easy, default, and rewarded, not what is merely recommended. Still, we’d make faster progress if we invested in boring infrastructure, clearer standards, and feedback that is hard to game. It would help if we measured outcomes honestly instead of arguing only about intentions.",1
ai_0806,"I keep thinking about how tech conversations keep circling the same points without addressing incentives. In my view, the details matter: open source, developer experience, and model transparency all interact in ways people underestimate. A lot of the heat comes from uncertainty, especially when outcomes are delayed or hard to measure. What gets lost is the cumulative effect of small frictions that make participation exhausting. In daily life, there’s pressure to pick a side, but better outcomes usually come from defining what success looks like and measuring it. If we want trust, we need consistent rules and predictable enforcement, not surprises and exceptions. That said, we’d make faster progress if we invested in boring infrastructure, clearer standards, and feedback that is hard to game. It would help if we measured outcomes honestly instead of arguing only about intentions.",1
ai_0807,"A lot of the frustration comes from how climate conversations keep circling the same points without addressing incentives. Still, the details matter: extreme weather, energy transition, and carbon pricing all interact in ways people underestimate. A policy can be well-intentioned and still produce perverse incentives if it ignores human behavior. The conversation improves when we acknowledge that reasonable people can disagree about priorities. At the same time, there’s pressure to pick a side, but better outcomes usually come from defining what success looks like and measuring it. I’m optimistic, but only if we stop pretending that technology alone can solve social problems. That said, we’d make faster progress if we invested in boring infrastructure, clearer standards, and feedback that is hard to game. The best version of this is possible, but it requires humility, guardrails, and real accountability.",1
ai_0808,"I keep thinking about how sports conversations keep circling the same points without addressing incentives. That said, the details matter: injury prevention, rule changes, and coaching strategy all interact in ways people underestimate. It’s also worth noting that the costs and benefits are unevenly distributed across communities. People respond to what is easy, default, and rewarded, not what is merely recommended. On the other hand, there’s pressure to pick a side, but better outcomes usually come from defining what success looks like and measuring it. The best approaches combine prevention, education, and a safety net for when prevention fails. To be fair, we’d make faster progress if we invested in boring infrastructure, clearer standards, and feedback that is hard to game. It would help if we measured outcomes honestly instead of arguing only about intentions.",1
ai_0809,"The longer I watch this, the more I think campus life conversations keep circling the same points without addressing incentives. In practice, the details matter: group projects, internships, and imposter syndrome all interact in ways people underestimate. Short-term incentives reward attention over accuracy, which makes serious discussion feel optional. The most persuasive arguments usually combine data with a clear story about tradeoffs and constraints. From a systems perspective, there’s pressure to pick a side, but better outcomes usually come from defining what success looks like and measuring it. The most persuasive arguments usually combine data with a clear story about tradeoffs and constraints. In my view, we’d make faster progress if we invested in boring infrastructure, clearer standards, and feedback that is hard to game. If we want durable progress, we have to make the boring, consistent work feel worth it.",1
ai_0810,"I keep thinking about how sports conversations keep circling the same points without addressing incentives. In daily life, the details matter: player development, fairness, and coaching strategy all interact in ways people underestimate. It’s also worth noting that the costs and benefits are unevenly distributed across communities. There’s a real difference between personal responsibility and asking individuals to compensate for broken systems. In daily life, there’s pressure to pick a side, but better outcomes usually come from defining what success looks like and measuring it. The most persuasive arguments usually combine data with a clear story about tradeoffs and constraints. In daily life, we’d make faster progress if we invested in boring infrastructure, clearer standards, and feedback that is hard to game. It would help if we measured outcomes honestly instead of arguing only about intentions.",1
ai_0811,"One underrated piece of this is how politics conversations keep circling the same points without addressing incentives. In daily life, the details matter: institutional legitimacy, misinformation, and accountability all interact in ways people underestimate. The conversation improves when we acknowledge that reasonable people can disagree about priorities. It’s easy to treat this as an individual choice problem, but the structure pushes people into predictable decisions. Still, there’s pressure to pick a side, but better outcomes usually come from defining what success looks like and measuring it. Good governance looks boring: budgets, maintenance, audits, and incremental improvements that rarely go viral. That said, we’d make faster progress if we invested in boring infrastructure, clearer standards, and feedback that is hard to game. It would help if we measured outcomes honestly instead of arguing only about intentions.",1
ai_0812,"A fair critique is that sports conversations keep circling the same points without addressing incentives. Zooming out, the details matter: rule changes, analytics, and team chemistry all interact in ways people underestimate. It’s easy to treat this as an individual choice problem, but the structure pushes people into predictable decisions. A policy can be well-intentioned and still produce perverse incentives if it ignores human behavior. Zooming out, there’s pressure to pick a side, but better outcomes usually come from defining what success looks like and measuring it. I’m optimistic, but only if we stop pretending that technology alone can solve social problems. From a systems perspective, we’d make faster progress if we invested in boring infrastructure, clearer standards, and feedback that is hard to game. If we want durable progress, we have to make the boring, consistent work feel worth it.",1
ai_0813,"The uncomfortable truth is that sports conversations keep circling the same points without addressing incentives. Still, the details matter: coaching strategy, player development, and injury prevention all interact in ways people underestimate. Most solutions require coordination, which is difficult when everyone is optimizing for their own timeline. The conversation improves when we acknowledge that reasonable people can disagree about priorities. At the same time, there’s pressure to pick a side, but better outcomes usually come from defining what success looks like and measuring it. The most persuasive arguments usually combine data with a clear story about tradeoffs and constraints. Zooming out, we’d make faster progress if we invested in boring infrastructure, clearer standards, and feedback that is hard to game. I’m not asking for perfection, just clearer incentives and better follow-through.",1
ai_0814,"It’s hard to ignore how politics conversations keep circling the same points without addressing incentives. Zooming out, the details matter: voter turnout, local government, and accountability all interact in ways people underestimate. It’s easy to treat this as an individual choice problem, but the structure pushes people into predictable decisions. The most persuasive arguments usually combine data with a clear story about tradeoffs and constraints. In practice, there’s pressure to pick a side, but better outcomes usually come from defining what success looks like and measuring it. A policy can be well-intentioned and still produce perverse incentives if it ignores human behavior. At the same time, we’d make faster progress if we invested in boring infrastructure, clearer standards, and feedback that is hard to game. Small changes in behavior and policy add up, but only if we stick with them.",1
ai_0815,"The longer I watch this, the more I think politics conversations keep circling the same points without addressing incentives. At the same time, the details matter: bipartisanship, civic education, and voter turnout all interact in ways people underestimate. When the feedback loop is distorted, everyone adapts in ways that make the whole system worse. A policy can be well-intentioned and still produce perverse incentives if it ignores human behavior. On the other hand, there’s pressure to pick a side, but better outcomes usually come from defining what success looks like and measuring it. People respond to what is easy, default, and rewarded, not what is merely recommended. In practice, we’d make faster progress if we invested in boring infrastructure, clearer standards, and feedback that is hard to game. I’d love to see more emphasis on competence, not just confidence.",1
ai_0816,"A fair critique is that health conversations keep circling the same points without addressing incentives. In my view, the details matter: nutrition, exercise habits, and access to care all interact in ways people underestimate. A policy can be well-intentioned and still produce perverse incentives if it ignores human behavior. The gap between what’s technically possible and what’s socially acceptable is widening fast. In daily life, there’s pressure to pick a side, but better outcomes usually come from defining what success looks like and measuring it. The most persuasive arguments usually combine data with a clear story about tradeoffs and constraints. Zooming out, we’d make faster progress if we invested in boring infrastructure, clearer standards, and feedback that is hard to game. I’m not asking for perfection, just clearer incentives and better follow-through.",1
ai_0817,"What stands out to me is how climate conversations keep circling the same points without addressing incentives. In practice, the details matter: local adaptation, extreme weather, and conservation all interact in ways people underestimate. The best approaches combine prevention, education, and a safety net for when prevention fails. Good governance looks boring: budgets, maintenance, audits, and incremental improvements that rarely go viral. On the other hand, there’s pressure to pick a side, but better outcomes usually come from defining what success looks like and measuring it. The gap between what’s technically possible and what’s socially acceptable is widening fast. Still, we’d make faster progress if we invested in boring infrastructure, clearer standards, and feedback that is hard to game. We can debate details forever, but the direction should be: more transparency and fewer gotchas.",1
ai_0818,"It’s hard to ignore how health conversations keep circling the same points without addressing incentives. Zooming out, the details matter: public health communication, nutrition, and insurance friction all interact in ways people underestimate. What gets lost is the cumulative effect of small frictions that make participation exhausting. Transparency matters because it lets the public distinguish honest mistakes from intentional manipulation. In practice, there’s pressure to pick a side, but better outcomes usually come from defining what success looks like and measuring it. What gets lost is the cumulative effect of small frictions that make participation exhausting. In practice, we’d make faster progress if we invested in boring infrastructure, clearer standards, and feedback that is hard to game. I’d love to see more emphasis on competence, not just confidence.",1
ai_0819,"What stands out to me is how campus life conversations keep circling the same points without addressing incentives. Zooming out, the details matter: internships, club culture, and group projects all interact in ways people underestimate. There’s a real difference between personal responsibility and asking individuals to compensate for broken systems. The gap between what’s technically possible and what’s socially acceptable is widening fast. On the other hand, there’s pressure to pick a side, but better outcomes usually come from defining what success looks like and measuring it. One of the biggest failures is communication: too many experts speak in jargon when plain language would help. That said, we’d make faster progress if we invested in boring infrastructure, clearer standards, and feedback that is hard to game. It would help if we measured outcomes honestly instead of arguing only about intentions.",1
ai_0820,"The longer I watch this, the more I think sports conversations keep circling the same points without addressing incentives. To be fair, the details matter: rule changes, injury prevention, and youth pipelines all interact in ways people underestimate. We should separate what feels satisfying in the moment from what actually improves outcomes over time. It’s easy to treat this as an individual choice problem, but the structure pushes people into predictable decisions. At the same time, there’s pressure to pick a side, but better outcomes usually come from defining what success looks like and measuring it. There’s a real difference between personal responsibility and asking individuals to compensate for broken systems. In daily life, we’d make faster progress if we invested in boring infrastructure, clearer standards, and feedback that is hard to game. If we want durable progress, we have to make the boring, consistent work feel worth it.",1
ai_0821,"It’s hard to ignore how campus life conversations keep circling the same points without addressing incentives. In my view, the details matter: time management, internships, and group projects all interact in ways people underestimate. The conversation improves when we acknowledge that reasonable people can disagree about priorities. There’s a real difference between personal responsibility and asking individuals to compensate for broken systems. That said, there’s pressure to pick a side, but better outcomes usually come from defining what success looks like and measuring it. A lot of the heat comes from uncertainty, especially when outcomes are delayed or hard to measure. In my view, we’d make faster progress if we invested in boring infrastructure, clearer standards, and feedback that is hard to game. The solution is probably less dramatic than people want: steady investment and patient execution.",1
ai_0822,"The longer I watch this, the more I think tech conversations keep circling the same points without addressing incentives. On the other hand, the details matter: cybersecurity, AI tools, and data privacy all interact in ways people underestimate. The most persuasive arguments usually combine data with a clear story about tradeoffs and constraints. Transparency matters because it lets the public distinguish honest mistakes from intentional manipulation. To be fair, there’s pressure to pick a side, but better outcomes usually come from defining what success looks like and measuring it. A policy can be well-intentioned and still produce perverse incentives if it ignores human behavior. That said, we’d make faster progress if we invested in boring infrastructure, clearer standards, and feedback that is hard to game. Small changes in behavior and policy add up, but only if we stick with them.",1
ai_0823,"A fair critique is that climate conversations keep circling the same points without addressing incentives. In my view, the details matter: conservation, community resilience, and energy transition all interact in ways people underestimate. Good governance looks boring: budgets, maintenance, audits, and incremental improvements that rarely go viral. There’s a real difference between personal responsibility and asking individuals to compensate for broken systems. In daily life, there’s pressure to pick a side, but better outcomes usually come from defining what success looks like and measuring it. The best approaches combine prevention, education, and a safety net for when prevention fails. In practice, we’d make faster progress if we invested in boring infrastructure, clearer standards, and feedback that is hard to game. If we want durable progress, we have to make the boring, consistent work feel worth it.",1
ai_0824,"The longer I watch this, the more I think relationships conversations keep circling the same points without addressing incentives. Still, the details matter: communication, long distance, and shared goals all interact in ways people underestimate. Good governance looks boring: budgets, maintenance, audits, and incremental improvements that rarely go viral. The best approaches combine prevention, education, and a safety net for when prevention fails. In my view, there’s pressure to pick a side, but better outcomes usually come from defining what success looks like and measuring it. What gets lost is the cumulative effect of small frictions that make participation exhausting. Zooming out, we’d make faster progress if we invested in boring infrastructure, clearer standards, and feedback that is hard to game. I’d love to see more emphasis on competence, not just confidence.",1
ai_0825,"I keep thinking about how sports conversations keep circling the same points without addressing incentives. Zooming out, the details matter: team chemistry, injury prevention, and fan culture all interact in ways people underestimate. A lot of the heat comes from uncertainty, especially when outcomes are delayed or hard to measure. What gets lost is the cumulative effect of small frictions that make participation exhausting. Still, there’s pressure to pick a side, but better outcomes usually come from defining what success looks like and measuring it. I’m optimistic, but only if we stop pretending that technology alone can solve social problems. Still, we’d make faster progress if we invested in boring infrastructure, clearer standards, and feedback that is hard to game. Small changes in behavior and policy add up, but only if we stick with them.",1
ai_0826,"The uncomfortable truth is that campus life conversations keep circling the same points without addressing incentives. To be fair, the details matter: workload balance, career fairs, and student services all interact in ways people underestimate. Most solutions require coordination, which is difficult when everyone is optimizing for their own timeline. One of the biggest failures is communication: too many experts speak in jargon when plain language would help. From a systems perspective, there’s pressure to pick a side, but better outcomes usually come from defining what success looks like and measuring it. Most solutions require coordination, which is difficult when everyone is optimizing for their own timeline. Still, we’d make faster progress if we invested in boring infrastructure, clearer standards, and feedback that is hard to game. Small changes in behavior and policy add up, but only if we stick with them.",1
ai_0827,"One underrated piece of this is how health conversations keep circling the same points without addressing incentives. That said, the details matter: public health communication, insurance friction, and sleep all interact in ways people underestimate. The conversation improves when we acknowledge that reasonable people can disagree about priorities. It’s easy to treat this as an individual choice problem, but the structure pushes people into predictable decisions. In practice, there’s pressure to pick a side, but better outcomes usually come from defining what success looks like and measuring it. It’s easy to treat this as an individual choice problem, but the structure pushes people into predictable decisions. To be fair, we’d make faster progress if we invested in boring infrastructure, clearer standards, and feedback that is hard to game. If we want durable progress, we have to make the boring, consistent work feel worth it.",1
ai_0828,"The uncomfortable truth is that tech conversations keep circling the same points without addressing incentives. At the same time, the details matter: open source, data privacy, and platform incentives all interact in ways people underestimate. Good governance looks boring: budgets, maintenance, audits, and incremental improvements that rarely go viral. It’s also worth noting that the costs and benefits are unevenly distributed across communities. That said, there’s pressure to pick a side, but better outcomes usually come from defining what success looks like and measuring it. Short-term incentives reward attention over accuracy, which makes serious discussion feel optional. In practice, we’d make faster progress if we invested in boring infrastructure, clearer standards, and feedback that is hard to game. The best version of this is possible, but it requires humility, guardrails, and real accountability.",1
ai_0829,"A lot of the frustration comes from how health conversations keep circling the same points without addressing incentives. Zooming out, the details matter: screen time, nutrition, and exercise habits all interact in ways people underestimate. What gets lost is the cumulative effect of small frictions that make participation exhausting. Short-term incentives reward attention over accuracy, which makes serious discussion feel optional. Zooming out, there’s pressure to pick a side, but better outcomes usually come from defining what success looks like and measuring it. The best approaches combine prevention, education, and a safety net for when prevention fails. That said, we’d make faster progress if we invested in boring infrastructure, clearer standards, and feedback that is hard to game. The solution is probably less dramatic than people want: steady investment and patient execution.",1
ai_0830,"Lately I’ve noticed how economy conversations keep circling the same points without addressing incentives. Zooming out, the details matter: inflation, interest rates, and small business all interact in ways people underestimate. The best approaches combine prevention, education, and a safety net for when prevention fails. Most solutions require coordination, which is difficult when everyone is optimizing for their own timeline. In daily life, there’s pressure to pick a side, but better outcomes usually come from defining what success looks like and measuring it. Transparency matters because it lets the public distinguish honest mistakes from intentional manipulation. At the same time, we’d make faster progress if we invested in boring infrastructure, clearer standards, and feedback that is hard to game. The solution is probably less dramatic than people want: steady investment and patient execution.",1
ai_0831,"What stands out to me is how politics conversations keep circling the same points without addressing incentives. Zooming out, the details matter: voter turnout, campaign messaging, and bipartisanship all interact in ways people underestimate. If we want trust, we need consistent rules and predictable enforcement, not surprises and exceptions. It’s also worth noting that the costs and benefits are unevenly distributed across communities. In my view, there’s pressure to pick a side, but better outcomes usually come from defining what success looks like and measuring it. What gets lost is the cumulative effect of small frictions that make participation exhausting. At the same time, we’d make faster progress if we invested in boring infrastructure, clearer standards, and feedback that is hard to game. It would help if we measured outcomes honestly instead of arguing only about intentions.",1
ai_0832,"Lately I’ve noticed how sports conversations keep circling the same points without addressing incentives. Zooming out, the details matter: youth pipelines, player development, and team chemistry all interact in ways people underestimate. People respond to what is easy, default, and rewarded, not what is merely recommended. It’s also worth noting that the costs and benefits are unevenly distributed across communities. That said, there’s pressure to pick a side, but better outcomes usually come from defining what success looks like and measuring it. People respond to what is easy, default, and rewarded, not what is merely recommended. In practice, we’d make faster progress if we invested in boring infrastructure, clearer standards, and feedback that is hard to game. Small changes in behavior and policy add up, but only if we stick with them.",1
ai_0833,"Lately I’ve noticed how campus life conversations keep circling the same points without addressing incentives. In practice, the details matter: student services, workload balance, and group projects all interact in ways people underestimate. Most solutions require coordination, which is difficult when everyone is optimizing for their own timeline. The best approaches combine prevention, education, and a safety net for when prevention fails. Zooming out, there’s pressure to pick a side, but better outcomes usually come from defining what success looks like and measuring it. It’s also worth noting that the costs and benefits are unevenly distributed across communities. At the same time, we’d make faster progress if we invested in boring infrastructure, clearer standards, and feedback that is hard to game. I’m not asking for perfection, just clearer incentives and better follow-through.",1
ai_0834,"People don’t talk enough about how health conversations keep circling the same points without addressing incentives. In practice, the details matter: access to care, preventive care, and exercise habits all interact in ways people underestimate. Short-term incentives reward attention over accuracy, which makes serious discussion feel optional. One of the biggest failures is communication: too many experts speak in jargon when plain language would help. In my view, there’s pressure to pick a side, but better outcomes usually come from defining what success looks like and measuring it. Transparency matters because it lets the public distinguish honest mistakes from intentional manipulation. That said, we’d make faster progress if we invested in boring infrastructure, clearer standards, and feedback that is hard to game. The best version of this is possible, but it requires humility, guardrails, and real accountability.",1
ai_0835,"The longer I watch this, the more I think economy conversations keep circling the same points without addressing incentives. From a systems perspective, the details matter: small business, inflation, and housing affordability all interact in ways people underestimate. A policy can be well-intentioned and still produce perverse incentives if it ignores human behavior. A policy can be well-intentioned and still produce perverse incentives if it ignores human behavior. On the other hand, there’s pressure to pick a side, but better outcomes usually come from defining what success looks like and measuring it. A lot of the heat comes from uncertainty, especially when outcomes are delayed or hard to measure. That said, we’d make faster progress if we invested in boring infrastructure, clearer standards, and feedback that is hard to game. The best version of this is possible, but it requires humility, guardrails, and real accountability.",1
ai_0836,"What stands out to me is how politics conversations keep circling the same points without addressing incentives. In practice, the details matter: campaign messaging, misinformation, and public trust all interact in ways people underestimate. What gets lost is the cumulative effect of small frictions that make participation exhausting. One of the biggest failures is communication: too many experts speak in jargon when plain language would help. On the other hand, there’s pressure to pick a side, but better outcomes usually come from defining what success looks like and measuring it. People respond to what is easy, default, and rewarded, not what is merely recommended. From a systems perspective, we’d make faster progress if we invested in boring infrastructure, clearer standards, and feedback that is hard to game. We can debate details forever, but the direction should be: more transparency and fewer gotchas.",1
ai_0837,"It’s hard to ignore how politics conversations keep circling the same points without addressing incentives. From a systems perspective, the details matter: institutional legitimacy, voter turnout, and policy tradeoffs all interact in ways people underestimate. A lot of the heat comes from uncertainty, especially when outcomes are delayed or hard to measure. One of the biggest failures is communication: too many experts speak in jargon when plain language would help. From a systems perspective, there’s pressure to pick a side, but better outcomes usually come from defining what success looks like and measuring it. If we want trust, we need consistent rules and predictable enforcement, not surprises and exceptions. Still, we’d make faster progress if we invested in boring infrastructure, clearer standards, and feedback that is hard to game. I’m not asking for perfection, just clearer incentives and better follow-through.",1
ai_0838,"Lately I’ve noticed how climate conversations keep circling the same points without addressing incentives. In practice, the details matter: carbon pricing, local adaptation, and energy transition all interact in ways people underestimate. What gets lost is the cumulative effect of small frictions that make participation exhausting. If we want trust, we need consistent rules and predictable enforcement, not surprises and exceptions. At the same time, there’s pressure to pick a side, but better outcomes usually come from defining what success looks like and measuring it. The conversation improves when we acknowledge that reasonable people can disagree about priorities. Still, we’d make faster progress if we invested in boring infrastructure, clearer standards, and feedback that is hard to game. I’m not asking for perfection, just clearer incentives and better follow-through.",1
ai_0839,"One underrated piece of this is how climate conversations keep circling the same points without addressing incentives. That said, the details matter: grid reliability, local adaptation, and community resilience all interact in ways people underestimate. Good governance looks boring: budgets, maintenance, audits, and incremental improvements that rarely go viral. It’s also worth noting that the costs and benefits are unevenly distributed across communities. To be fair, there’s pressure to pick a side, but better outcomes usually come from defining what success looks like and measuring it. A lot of the heat comes from uncertainty, especially when outcomes are delayed or hard to measure. From a systems perspective, we’d make faster progress if we invested in boring infrastructure, clearer standards, and feedback that is hard to game. We can debate details forever, but the direction should be: more transparency and fewer gotchas.",1
ai_0840,"What stands out to me is how tech conversations keep circling the same points without addressing incentives. That said, the details matter: cloud costs, model transparency, and developer experience all interact in ways people underestimate. A lot of the heat comes from uncertainty, especially when outcomes are delayed or hard to measure. A lot of the heat comes from uncertainty, especially when outcomes are delayed or hard to measure. That said, there’s pressure to pick a side, but better outcomes usually come from defining what success looks like and measuring it. One of the biggest failures is communication: too many experts speak in jargon when plain language would help. At the same time, we’d make faster progress if we invested in boring infrastructure, clearer standards, and feedback that is hard to game. I’m not asking for perfection, just clearer incentives and better follow-through.",1
ai_0841,"The longer I watch this, the more I think tech conversations keep circling the same points without addressing incentives. In daily life, the details matter: open source, AI tools, and product design all interact in ways people underestimate. It’s also worth noting that the costs and benefits are unevenly distributed across communities. People respond to what is easy, default, and rewarded, not what is merely recommended. At the same time, there’s pressure to pick a side, but better outcomes usually come from defining what success looks like and measuring it. People respond to what is easy, default, and rewarded, not what is merely recommended. To be fair, we’d make faster progress if we invested in boring infrastructure, clearer standards, and feedback that is hard to game. I’d love to see more emphasis on competence, not just confidence.",1
ai_0842,"The uncomfortable truth is that climate conversations keep circling the same points without addressing incentives. Still, the details matter: energy transition, building efficiency, and local adaptation all interact in ways people underestimate. We should separate what feels satisfying in the moment from what actually improves outcomes over time. There’s a real difference between personal responsibility and asking individuals to compensate for broken systems. Zooming out, there’s pressure to pick a side, but better outcomes usually come from defining what success looks like and measuring it. The most persuasive arguments usually combine data with a clear story about tradeoffs and constraints. Still, we’d make faster progress if we invested in boring infrastructure, clearer standards, and feedback that is hard to game. Small changes in behavior and policy add up, but only if we stick with them.",1
ai_0843,"A lot of the frustration comes from how tech conversations keep circling the same points without addressing incentives. That said, the details matter: open source, cloud costs, and developer experience all interact in ways people underestimate. Transparency matters because it lets the public distinguish honest mistakes from intentional manipulation. The gap between what’s technically possible and what’s socially acceptable is widening fast. Zooming out, there’s pressure to pick a side, but better outcomes usually come from defining what success looks like and measuring it. I’m optimistic, but only if we stop pretending that technology alone can solve social problems. In daily life, we’d make faster progress if we invested in boring infrastructure, clearer standards, and feedback that is hard to game. It would help if we measured outcomes honestly instead of arguing only about intentions.",1
ai_0844,"The longer I watch this, the more I think climate conversations keep circling the same points without addressing incentives. At the same time, the details matter: local adaptation, energy transition, and grid reliability all interact in ways people underestimate. A lot of the heat comes from uncertainty, especially when outcomes are delayed or hard to measure. If we want trust, we need consistent rules and predictable enforcement, not surprises and exceptions. In practice, there’s pressure to pick a side, but better outcomes usually come from defining what success looks like and measuring it. Short-term incentives reward attention over accuracy, which makes serious discussion feel optional. On the other hand, we’d make faster progress if we invested in boring infrastructure, clearer standards, and feedback that is hard to game. The solution is probably less dramatic than people want: steady investment and patient execution.",1
ai_0845,"The longer I watch this, the more I think politics conversations keep circling the same points without addressing incentives. Zooming out, the details matter: campaign messaging, public trust, and institutional legitimacy all interact in ways people underestimate. We should separate what feels satisfying in the moment from what actually improves outcomes over time. The conversation improves when we acknowledge that reasonable people can disagree about priorities. In practice, there’s pressure to pick a side, but better outcomes usually come from defining what success looks like and measuring it. If we want trust, we need consistent rules and predictable enforcement, not surprises and exceptions. On the other hand, we’d make faster progress if we invested in boring infrastructure, clearer standards, and feedback that is hard to game. I’d love to see more emphasis on competence, not just confidence.",1
ai_0846,"I keep thinking about how climate conversations keep circling the same points without addressing incentives. In practice, the details matter: extreme weather, climate risk, and building efficiency all interact in ways people underestimate. One of the biggest failures is communication: too many experts speak in jargon when plain language would help. There’s a real difference between personal responsibility and asking individuals to compensate for broken systems. That said, there’s pressure to pick a side, but better outcomes usually come from defining what success looks like and measuring it. One of the biggest failures is communication: too many experts speak in jargon when plain language would help. In practice, we’d make faster progress if we invested in boring infrastructure, clearer standards, and feedback that is hard to game. The best version of this is possible, but it requires humility, guardrails, and real accountability.",1
ai_0847,"What stands out to me is how campus life conversations keep circling the same points without addressing incentives. At the same time, the details matter: student services, career fairs, and workload balance all interact in ways people underestimate. The conversation improves when we acknowledge that reasonable people can disagree about priorities. The gap between what’s technically possible and what’s socially acceptable is widening fast. At the same time, there’s pressure to pick a side, but better outcomes usually come from defining what success looks like and measuring it. People respond to what is easy, default, and rewarded, not what is merely recommended. At the same time, we’d make faster progress if we invested in boring infrastructure, clearer standards, and feedback that is hard to game. I’d love to see more emphasis on competence, not just confidence.",1
ai_0848,"What stands out to me is how campus life conversations keep circling the same points without addressing incentives. In practice, the details matter: club culture, internships, and group projects all interact in ways people underestimate. The conversation improves when we acknowledge that reasonable people can disagree about priorities. People respond to what is easy, default, and rewarded, not what is merely recommended. From a systems perspective, there’s pressure to pick a side, but better outcomes usually come from defining what success looks like and measuring it. The most persuasive arguments usually combine data with a clear story about tradeoffs and constraints. In my view, we’d make faster progress if we invested in boring infrastructure, clearer standards, and feedback that is hard to game. If we want durable progress, we have to make the boring, consistent work feel worth it.",1
ai_0849,"People don’t talk enough about how economy conversations keep circling the same points without addressing incentives. In my view, the details matter: inflation, inequality, and wage growth all interact in ways people underestimate. A policy can be well-intentioned and still produce perverse incentives if it ignores human behavior. The best approaches combine prevention, education, and a safety net for when prevention fails. In my view, there’s pressure to pick a side, but better outcomes usually come from defining what success looks like and measuring it. One of the biggest failures is communication: too many experts speak in jargon when plain language would help. In daily life, we’d make faster progress if we invested in boring infrastructure, clearer standards, and feedback that is hard to game. The solution is probably less dramatic than people want: steady investment and patient execution.",1
ai_0850,"It’s hard to ignore how climate conversations keep circling the same points without addressing incentives. That said, the details matter: public transit, local adaptation, and building efficiency all interact in ways people underestimate. The most persuasive arguments usually combine data with a clear story about tradeoffs and constraints. When the feedback loop is distorted, everyone adapts in ways that make the whole system worse. Still, there’s pressure to pick a side, but better outcomes usually come from defining what success looks like and measuring it. I’m optimistic, but only if we stop pretending that technology alone can solve social problems. In daily life, we’d make faster progress if we invested in boring infrastructure, clearer standards, and feedback that is hard to game. The solution is probably less dramatic than people want: steady investment and patient execution.",1
ai_0851,"It’s hard to ignore how relationships conversations keep circling the same points without addressing incentives. Zooming out, the details matter: friendship drift, social media dynamics, and boundaries all interact in ways people underestimate. People respond to what is easy, default, and rewarded, not what is merely recommended. It’s also worth noting that the costs and benefits are unevenly distributed across communities. In daily life, there’s pressure to pick a side, but better outcomes usually come from defining what success looks like and measuring it. The gap between what’s technically possible and what’s socially acceptable is widening fast. In my view, we’d make faster progress if we invested in boring infrastructure, clearer standards, and feedback that is hard to game. It would help if we measured outcomes honestly instead of arguing only about intentions.",1
ai_0852,"The longer I watch this, the more I think campus life conversations keep circling the same points without addressing incentives. Zooming out, the details matter: workload balance, research opportunities, and student services all interact in ways people underestimate. One of the biggest failures is communication: too many experts speak in jargon when plain language would help. One of the biggest failures is communication: too many experts speak in jargon when plain language would help. In practice, there’s pressure to pick a side, but better outcomes usually come from defining what success looks like and measuring it. Most solutions require coordination, which is difficult when everyone is optimizing for their own timeline. Zooming out, we’d make faster progress if we invested in boring infrastructure, clearer standards, and feedback that is hard to game. If we want durable progress, we have to make the boring, consistent work feel worth it.",1
ai_0853,"The longer I watch this, the more I think health conversations keep circling the same points without addressing incentives. Zooming out, the details matter: insurance friction, mental health, and exercise habits all interact in ways people underestimate. Transparency matters because it lets the public distinguish honest mistakes from intentional manipulation. The best approaches combine prevention, education, and a safety net for when prevention fails. Zooming out, there’s pressure to pick a side, but better outcomes usually come from defining what success looks like and measuring it. There’s a real difference between personal responsibility and asking individuals to compensate for broken systems. At the same time, we’d make faster progress if we invested in boring infrastructure, clearer standards, and feedback that is hard to game. It would help if we measured outcomes honestly instead of arguing only about intentions.",1
ai_0854,"Lately I’ve noticed how economy conversations keep circling the same points without addressing incentives. To be fair, the details matter: labor market, inflation, and inequality all interact in ways people underestimate. A policy can be well-intentioned and still produce perverse incentives if it ignores human behavior. It’s easy to treat this as an individual choice problem, but the structure pushes people into predictable decisions. From a systems perspective, there’s pressure to pick a side, but better outcomes usually come from defining what success looks like and measuring it. Transparency matters because it lets the public distinguish honest mistakes from intentional manipulation. Zooming out, we’d make faster progress if we invested in boring infrastructure, clearer standards, and feedback that is hard to game. I’d love to see more emphasis on competence, not just confidence.",1
ai_0855,"The longer I watch this, the more I think politics conversations keep circling the same points without addressing incentives. In daily life, the details matter: civic education, institutional legitimacy, and accountability all interact in ways people underestimate. Transparency matters because it lets the public distinguish honest mistakes from intentional manipulation. Short-term incentives reward attention over accuracy, which makes serious discussion feel optional. In practice, there’s pressure to pick a side, but better outcomes usually come from defining what success looks like and measuring it. Transparency matters because it lets the public distinguish honest mistakes from intentional manipulation. On the other hand, we’d make faster progress if we invested in boring infrastructure, clearer standards, and feedback that is hard to game. The solution is probably less dramatic than people want: steady investment and patient execution.",1
ai_0856,"A fair critique is that relationships conversations keep circling the same points without addressing incentives. Zooming out, the details matter: work-life balance, communication, and social media dynamics all interact in ways people underestimate. We should separate what feels satisfying in the moment from what actually improves outcomes over time. People respond to what is easy, default, and rewarded, not what is merely recommended. In practice, there’s pressure to pick a side, but better outcomes usually come from defining what success looks like and measuring it. There’s a real difference between personal responsibility and asking individuals to compensate for broken systems. In practice, we’d make faster progress if we invested in boring infrastructure, clearer standards, and feedback that is hard to game. If we want durable progress, we have to make the boring, consistent work feel worth it.",1
ai_0857,"A fair critique is that health conversations keep circling the same points without addressing incentives. On the other hand, the details matter: nutrition, sleep, and preventive care all interact in ways people underestimate. A lot of the heat comes from uncertainty, especially when outcomes are delayed or hard to measure. There’s a real difference between personal responsibility and asking individuals to compensate for broken systems. In practice, there’s pressure to pick a side, but better outcomes usually come from defining what success looks like and measuring it. A lot of the heat comes from uncertainty, especially when outcomes are delayed or hard to measure. At the same time, we’d make faster progress if we invested in boring infrastructure, clearer standards, and feedback that is hard to game. Small changes in behavior and policy add up, but only if we stick with them.",1
ai_0858,"A fair critique is that climate conversations keep circling the same points without addressing incentives. That said, the details matter: extreme weather, local adaptation, and climate risk all interact in ways people underestimate. The best approaches combine prevention, education, and a safety net for when prevention fails. One of the biggest failures is communication: too many experts speak in jargon when plain language would help. At the same time, there’s pressure to pick a side, but better outcomes usually come from defining what success looks like and measuring it. The conversation improves when we acknowledge that reasonable people can disagree about priorities. In my view, we’d make faster progress if we invested in boring infrastructure, clearer standards, and feedback that is hard to game. If we want durable progress, we have to make the boring, consistent work feel worth it.",1
ai_0859,"The longer I watch this, the more I think health conversations keep circling the same points without addressing incentives. In daily life, the details matter: screen time, public health communication, and nutrition all interact in ways people underestimate. When the feedback loop is distorted, everyone adapts in ways that make the whole system worse. Short-term incentives reward attention over accuracy, which makes serious discussion feel optional. In practice, there’s pressure to pick a side, but better outcomes usually come from defining what success looks like and measuring it. One of the biggest failures is communication: too many experts speak in jargon when plain language would help. In my view, we’d make faster progress if we invested in boring infrastructure, clearer standards, and feedback that is hard to game. The solution is probably less dramatic than people want: steady investment and patient execution.",1
ai_0860,"I keep thinking about how climate conversations keep circling the same points without addressing incentives. Zooming out, the details matter: public transit, grid reliability, and conservation all interact in ways people underestimate. What gets lost is the cumulative effect of small frictions that make participation exhausting. There’s a real difference between personal responsibility and asking individuals to compensate for broken systems. In daily life, there’s pressure to pick a side, but better outcomes usually come from defining what success looks like and measuring it. The best approaches combine prevention, education, and a safety net for when prevention fails. That said, we’d make faster progress if we invested in boring infrastructure, clearer standards, and feedback that is hard to game. The solution is probably less dramatic than people want: steady investment and patient execution.",1
ai_0861,"One underrated piece of this is how relationships conversations keep circling the same points without addressing incentives. On the other hand, the details matter: social media dynamics, friendship drift, and shared goals all interact in ways people underestimate. A lot of the heat comes from uncertainty, especially when outcomes are delayed or hard to measure. Most solutions require coordination, which is difficult when everyone is optimizing for their own timeline. In daily life, there’s pressure to pick a side, but better outcomes usually come from defining what success looks like and measuring it. We should separate what feels satisfying in the moment from what actually improves outcomes over time. To be fair, we’d make faster progress if we invested in boring infrastructure, clearer standards, and feedback that is hard to game. The best version of this is possible, but it requires humility, guardrails, and real accountability.",1
ai_0862,"It’s hard to ignore how relationships conversations keep circling the same points without addressing incentives. From a systems perspective, the details matter: shared goals, long distance, and social media dynamics all interact in ways people underestimate. Transparency matters because it lets the public distinguish honest mistakes from intentional manipulation. Transparency matters because it lets the public distinguish honest mistakes from intentional manipulation. Still, there’s pressure to pick a side, but better outcomes usually come from defining what success looks like and measuring it. The gap between what’s technically possible and what’s socially acceptable is widening fast. From a systems perspective, we’d make faster progress if we invested in boring infrastructure, clearer standards, and feedback that is hard to game. I’d love to see more emphasis on competence, not just confidence.",1
ai_0863,"One underrated piece of this is how tech conversations keep circling the same points without addressing incentives. Still, the details matter: platform incentives, cybersecurity, and AI tools all interact in ways people underestimate. The best approaches combine prevention, education, and a safety net for when prevention fails. The gap between what’s technically possible and what’s socially acceptable is widening fast. Still, there’s pressure to pick a side, but better outcomes usually come from defining what success looks like and measuring it. It’s easy to treat this as an individual choice problem, but the structure pushes people into predictable decisions. To be fair, we’d make faster progress if we invested in boring infrastructure, clearer standards, and feedback that is hard to game. It would help if we measured outcomes honestly instead of arguing only about intentions.",1
ai_0864,"A lot of the frustration comes from how health conversations keep circling the same points without addressing incentives. To be fair, the details matter: mental health, insurance friction, and sleep all interact in ways people underestimate. A lot of the heat comes from uncertainty, especially when outcomes are delayed or hard to measure. Short-term incentives reward attention over accuracy, which makes serious discussion feel optional. That said, there’s pressure to pick a side, but better outcomes usually come from defining what success looks like and measuring it. The best approaches combine prevention, education, and a safety net for when prevention fails. Zooming out, we’d make faster progress if we invested in boring infrastructure, clearer standards, and feedback that is hard to game. If we want durable progress, we have to make the boring, consistent work feel worth it.",1
ai_0865,"It’s hard to ignore how relationships conversations keep circling the same points without addressing incentives. At the same time, the details matter: trust, work-life balance, and communication all interact in ways people underestimate. We should separate what feels satisfying in the moment from what actually improves outcomes over time. It’s easy to treat this as an individual choice problem, but the structure pushes people into predictable decisions. At the same time, there’s pressure to pick a side, but better outcomes usually come from defining what success looks like and measuring it. There’s a real difference between personal responsibility and asking individuals to compensate for broken systems. Still, we’d make faster progress if we invested in boring infrastructure, clearer standards, and feedback that is hard to game. It would help if we measured outcomes honestly instead of arguing only about intentions.",1
ai_0866,"It’s hard to ignore how economy conversations keep circling the same points without addressing incentives. Zooming out, the details matter: consumer confidence, inflation, and inequality all interact in ways people underestimate. The gap between what’s technically possible and what’s socially acceptable is widening fast. A lot of the heat comes from uncertainty, especially when outcomes are delayed or hard to measure. In my view, there’s pressure to pick a side, but better outcomes usually come from defining what success looks like and measuring it. It’s also worth noting that the costs and benefits are unevenly distributed across communities. That said, we’d make faster progress if we invested in boring infrastructure, clearer standards, and feedback that is hard to game. I’d love to see more emphasis on competence, not just confidence.",1
ai_0867,"A lot of the frustration comes from how politics conversations keep circling the same points without addressing incentives. Still, the details matter: voter turnout, policy tradeoffs, and bipartisanship all interact in ways people underestimate. Good governance looks boring: budgets, maintenance, audits, and incremental improvements that rarely go viral. There’s a real difference between personal responsibility and asking individuals to compensate for broken systems. On the other hand, there’s pressure to pick a side, but better outcomes usually come from defining what success looks like and measuring it. Good governance looks boring: budgets, maintenance, audits, and incremental improvements that rarely go viral. At the same time, we’d make faster progress if we invested in boring infrastructure, clearer standards, and feedback that is hard to game. If we want durable progress, we have to make the boring, consistent work feel worth it.",1
ai_0868,"A fair critique is that sports conversations keep circling the same points without addressing incentives. In practice, the details matter: analytics, team chemistry, and player development all interact in ways people underestimate. If we want trust, we need consistent rules and predictable enforcement, not surprises and exceptions. A lot of the heat comes from uncertainty, especially when outcomes are delayed or hard to measure. That said, there’s pressure to pick a side, but better outcomes usually come from defining what success looks like and measuring it. Short-term incentives reward attention over accuracy, which makes serious discussion feel optional. Zooming out, we’d make faster progress if we invested in boring infrastructure, clearer standards, and feedback that is hard to game. The solution is probably less dramatic than people want: steady investment and patient execution.",1
ai_0869,"The longer I watch this, the more I think health conversations keep circling the same points without addressing incentives. Still, the details matter: preventive care, sleep, and insurance friction all interact in ways people underestimate. We should separate what feels satisfying in the moment from what actually improves outcomes over time. What gets lost is the cumulative effect of small frictions that make participation exhausting. In my view, there’s pressure to pick a side, but better outcomes usually come from defining what success looks like and measuring it. The most persuasive arguments usually combine data with a clear story about tradeoffs and constraints. In practice, we’d make faster progress if we invested in boring infrastructure, clearer standards, and feedback that is hard to game. I’d love to see more emphasis on competence, not just confidence.",1
ai_0870,"It’s hard to ignore how health conversations keep circling the same points without addressing incentives. In practice, the details matter: nutrition, mental health, and sleep all interact in ways people underestimate. The best approaches combine prevention, education, and a safety net for when prevention fails. The conversation improves when we acknowledge that reasonable people can disagree about priorities. In my view, there’s pressure to pick a side, but better outcomes usually come from defining what success looks like and measuring it. The most persuasive arguments usually combine data with a clear story about tradeoffs and constraints. That said, we’d make faster progress if we invested in boring infrastructure, clearer standards, and feedback that is hard to game. We can debate details forever, but the direction should be: more transparency and fewer gotchas.",1
ai_0871,"What stands out to me is how sports conversations keep circling the same points without addressing incentives. To be fair, the details matter: player development, analytics, and injury prevention all interact in ways people underestimate. The best approaches combine prevention, education, and a safety net for when prevention fails. Transparency matters because it lets the public distinguish honest mistakes from intentional manipulation. Zooming out, there’s pressure to pick a side, but better outcomes usually come from defining what success looks like and measuring it. If we want trust, we need consistent rules and predictable enforcement, not surprises and exceptions. In my view, we’d make faster progress if we invested in boring infrastructure, clearer standards, and feedback that is hard to game. It would help if we measured outcomes honestly instead of arguing only about intentions.",1
ai_0872,"It’s hard to ignore how politics conversations keep circling the same points without addressing incentives. In practice, the details matter: policy tradeoffs, accountability, and bipartisanship all interact in ways people underestimate. There’s a real difference between personal responsibility and asking individuals to compensate for broken systems. It’s easy to treat this as an individual choice problem, but the structure pushes people into predictable decisions. From a systems perspective, there’s pressure to pick a side, but better outcomes usually come from defining what success looks like and measuring it. Short-term incentives reward attention over accuracy, which makes serious discussion feel optional. In my view, we’d make faster progress if we invested in boring infrastructure, clearer standards, and feedback that is hard to game. It would help if we measured outcomes honestly instead of arguing only about intentions.",1
ai_0873,"The longer I watch this, the more I think campus life conversations keep circling the same points without addressing incentives. From a systems perspective, the details matter: research opportunities, career fairs, and campus resources all interact in ways people underestimate. The most persuasive arguments usually combine data with a clear story about tradeoffs and constraints. I’m optimistic, but only if we stop pretending that technology alone can solve social problems. From a systems perspective, there’s pressure to pick a side, but better outcomes usually come from defining what success looks like and measuring it. If we want trust, we need consistent rules and predictable enforcement, not surprises and exceptions. That said, we’d make faster progress if we invested in boring infrastructure, clearer standards, and feedback that is hard to game. Small changes in behavior and policy add up, but only if we stick with them.",1
ai_0874,"What stands out to me is how tech conversations keep circling the same points without addressing incentives. Still, the details matter: platform incentives, data privacy, and product design all interact in ways people underestimate. The conversation improves when we acknowledge that reasonable people can disagree about priorities. It’s also worth noting that the costs and benefits are unevenly distributed across communities. To be fair, there’s pressure to pick a side, but better outcomes usually come from defining what success looks like and measuring it. If we want trust, we need consistent rules and predictable enforcement, not surprises and exceptions. In my view, we’d make faster progress if we invested in boring infrastructure, clearer standards, and feedback that is hard to game. I’d love to see more emphasis on competence, not just confidence.",1
ai_0875,"Lately I’ve noticed how health conversations keep circling the same points without addressing incentives. To be fair, the details matter: insurance friction, access to care, and nutrition all interact in ways people underestimate. It’s also worth noting that the costs and benefits are unevenly distributed across communities. Good governance looks boring: budgets, maintenance, audits, and incremental improvements that rarely go viral. To be fair, there’s pressure to pick a side, but better outcomes usually come from defining what success looks like and measuring it. Good governance looks boring: budgets, maintenance, audits, and incremental improvements that rarely go viral. Zooming out, we’d make faster progress if we invested in boring infrastructure, clearer standards, and feedback that is hard to game. I’d love to see more emphasis on competence, not just confidence.",1
ai_0876,"The longer I watch this, the more I think tech conversations keep circling the same points without addressing incentives. That said, the details matter: model transparency, developer experience, and open source all interact in ways people underestimate. A policy can be well-intentioned and still produce perverse incentives if it ignores human behavior. I’m optimistic, but only if we stop pretending that technology alone can solve social problems. In daily life, there’s pressure to pick a side, but better outcomes usually come from defining what success looks like and measuring it. We should separate what feels satisfying in the moment from what actually improves outcomes over time. To be fair, we’d make faster progress if we invested in boring infrastructure, clearer standards, and feedback that is hard to game. If we want durable progress, we have to make the boring, consistent work feel worth it.",1
ai_0877,"Lately I’ve noticed how health conversations keep circling the same points without addressing incentives. At the same time, the details matter: sleep, access to care, and preventive care all interact in ways people underestimate. It’s also worth noting that the costs and benefits are unevenly distributed across communities. A lot of the heat comes from uncertainty, especially when outcomes are delayed or hard to measure. In my view, there’s pressure to pick a side, but better outcomes usually come from defining what success looks like and measuring it. The most persuasive arguments usually combine data with a clear story about tradeoffs and constraints. Zooming out, we’d make faster progress if we invested in boring infrastructure, clearer standards, and feedback that is hard to game. I’m not asking for perfection, just clearer incentives and better follow-through.",1
ai_0878,"One underrated piece of this is how health conversations keep circling the same points without addressing incentives. From a systems perspective, the details matter: access to care, burnout, and nutrition all interact in ways people underestimate. If we want trust, we need consistent rules and predictable enforcement, not surprises and exceptions. We should separate what feels satisfying in the moment from what actually improves outcomes over time. Still, there’s pressure to pick a side, but better outcomes usually come from defining what success looks like and measuring it. The gap between what’s technically possible and what’s socially acceptable is widening fast. Zooming out, we’d make faster progress if we invested in boring infrastructure, clearer standards, and feedback that is hard to game. The solution is probably less dramatic than people want: steady investment and patient execution.",1
ai_0879,"What stands out to me is how relationships conversations keep circling the same points without addressing incentives. To be fair, the details matter: communication, long distance, and boundaries all interact in ways people underestimate. One of the biggest failures is communication: too many experts speak in jargon when plain language would help. When the feedback loop is distorted, everyone adapts in ways that make the whole system worse. At the same time, there’s pressure to pick a side, but better outcomes usually come from defining what success looks like and measuring it. The most persuasive arguments usually combine data with a clear story about tradeoffs and constraints. To be fair, we’d make faster progress if we invested in boring infrastructure, clearer standards, and feedback that is hard to game. If we want durable progress, we have to make the boring, consistent work feel worth it.",1
ai_0880,"What stands out to me is how economy conversations keep circling the same points without addressing incentives. In my view, the details matter: productivity, wage growth, and inflation all interact in ways people underestimate. We should separate what feels satisfying in the moment from what actually improves outcomes over time. It’s easy to treat this as an individual choice problem, but the structure pushes people into predictable decisions. Still, there’s pressure to pick a side, but better outcomes usually come from defining what success looks like and measuring it. Short-term incentives reward attention over accuracy, which makes serious discussion feel optional. That said, we’d make faster progress if we invested in boring infrastructure, clearer standards, and feedback that is hard to game. The best version of this is possible, but it requires humility, guardrails, and real accountability.",1
ai_0881,"What stands out to me is how climate conversations keep circling the same points without addressing incentives. Zooming out, the details matter: grid reliability, conservation, and community resilience all interact in ways people underestimate. If we want trust, we need consistent rules and predictable enforcement, not surprises and exceptions. The conversation improves when we acknowledge that reasonable people can disagree about priorities. In practice, there’s pressure to pick a side, but better outcomes usually come from defining what success looks like and measuring it. Most solutions require coordination, which is difficult when everyone is optimizing for their own timeline. From a systems perspective, we’d make faster progress if we invested in boring infrastructure, clearer standards, and feedback that is hard to game. I’m not asking for perfection, just clearer incentives and better follow-through.",1
ai_0882,"I keep thinking about how politics conversations keep circling the same points without addressing incentives. At the same time, the details matter: policy tradeoffs, campaign messaging, and voter turnout all interact in ways people underestimate. A policy can be well-intentioned and still produce perverse incentives if it ignores human behavior. Transparency matters because it lets the public distinguish honest mistakes from intentional manipulation. In daily life, there’s pressure to pick a side, but better outcomes usually come from defining what success looks like and measuring it. Short-term incentives reward attention over accuracy, which makes serious discussion feel optional. Still, we’d make faster progress if we invested in boring infrastructure, clearer standards, and feedback that is hard to game. The best version of this is possible, but it requires humility, guardrails, and real accountability.",1
ai_0883,"The uncomfortable truth is that health conversations keep circling the same points without addressing incentives. Zooming out, the details matter: insurance friction, exercise habits, and public health communication all interact in ways people underestimate. If we want trust, we need consistent rules and predictable enforcement, not surprises and exceptions. Transparency matters because it lets the public distinguish honest mistakes from intentional manipulation. In practice, there’s pressure to pick a side, but better outcomes usually come from defining what success looks like and measuring it. There’s a real difference between personal responsibility and asking individuals to compensate for broken systems. On the other hand, we’d make faster progress if we invested in boring infrastructure, clearer standards, and feedback that is hard to game. If we want durable progress, we have to make the boring, consistent work feel worth it.",1
ai_0884,"Lately I’ve noticed how politics conversations keep circling the same points without addressing incentives. To be fair, the details matter: civic education, institutional legitimacy, and voter turnout all interact in ways people underestimate. We should separate what feels satisfying in the moment from what actually improves outcomes over time. What gets lost is the cumulative effect of small frictions that make participation exhausting. In daily life, there’s pressure to pick a side, but better outcomes usually come from defining what success looks like and measuring it. Transparency matters because it lets the public distinguish honest mistakes from intentional manipulation. At the same time, we’d make faster progress if we invested in boring infrastructure, clearer standards, and feedback that is hard to game. If we want durable progress, we have to make the boring, consistent work feel worth it.",1
ai_0885,"The longer I watch this, the more I think relationships conversations keep circling the same points without addressing incentives. To be fair, the details matter: social media dynamics, work-life balance, and shared goals all interact in ways people underestimate. One of the biggest failures is communication: too many experts speak in jargon when plain language would help. If we want trust, we need consistent rules and predictable enforcement, not surprises and exceptions. Still, there’s pressure to pick a side, but better outcomes usually come from defining what success looks like and measuring it. The gap between what’s technically possible and what’s socially acceptable is widening fast. At the same time, we’d make faster progress if we invested in boring infrastructure, clearer standards, and feedback that is hard to game. Small changes in behavior and policy add up, but only if we stick with them.",1
ai_0886,"People don’t talk enough about how economy conversations keep circling the same points without addressing incentives. In daily life, the details matter: housing affordability, consumer confidence, and inequality all interact in ways people underestimate. We should separate what feels satisfying in the moment from what actually improves outcomes over time. People respond to what is easy, default, and rewarded, not what is merely recommended. In my view, there’s pressure to pick a side, but better outcomes usually come from defining what success looks like and measuring it. Transparency matters because it lets the public distinguish honest mistakes from intentional manipulation. At the same time, we’d make faster progress if we invested in boring infrastructure, clearer standards, and feedback that is hard to game. If we want durable progress, we have to make the boring, consistent work feel worth it.",1
ai_0887,"One underrated piece of this is how economy conversations keep circling the same points without addressing incentives. On the other hand, the details matter: housing affordability, student debt, and inflation all interact in ways people underestimate. When the feedback loop is distorted, everyone adapts in ways that make the whole system worse. We should separate what feels satisfying in the moment from what actually improves outcomes over time. Zooming out, there’s pressure to pick a side, but better outcomes usually come from defining what success looks like and measuring it. There’s a real difference between personal responsibility and asking individuals to compensate for broken systems. On the other hand, we’d make faster progress if we invested in boring infrastructure, clearer standards, and feedback that is hard to game. If we want durable progress, we have to make the boring, consistent work feel worth it.",1
ai_0888,"I keep thinking about how tech conversations keep circling the same points without addressing incentives. At the same time, the details matter: developer experience, AI tools, and automation all interact in ways people underestimate. People respond to what is easy, default, and rewarded, not what is merely recommended. Short-term incentives reward attention over accuracy, which makes serious discussion feel optional. In my view, there’s pressure to pick a side, but better outcomes usually come from defining what success looks like and measuring it. One of the biggest failures is communication: too many experts speak in jargon when plain language would help. That said, we’d make faster progress if we invested in boring infrastructure, clearer standards, and feedback that is hard to game. Small changes in behavior and policy add up, but only if we stick with them.",1
ai_0889,"People don’t talk enough about how relationships conversations keep circling the same points without addressing incentives. To be fair, the details matter: trust, emotional labor, and friendship drift all interact in ways people underestimate. The most persuasive arguments usually combine data with a clear story about tradeoffs and constraints. The conversation improves when we acknowledge that reasonable people can disagree about priorities. In my view, there’s pressure to pick a side, but better outcomes usually come from defining what success looks like and measuring it. If we want trust, we need consistent rules and predictable enforcement, not surprises and exceptions. Still, we’d make faster progress if we invested in boring infrastructure, clearer standards, and feedback that is hard to game. If we want durable progress, we have to make the boring, consistent work feel worth it.",1
ai_0890,"The uncomfortable truth is that health conversations keep circling the same points without addressing incentives. To be fair, the details matter: screen time, nutrition, and preventive care all interact in ways people underestimate. When the feedback loop is distorted, everyone adapts in ways that make the whole system worse. People respond to what is easy, default, and rewarded, not what is merely recommended. From a systems perspective, there’s pressure to pick a side, but better outcomes usually come from defining what success looks like and measuring it. Transparency matters because it lets the public distinguish honest mistakes from intentional manipulation. In daily life, we’d make faster progress if we invested in boring infrastructure, clearer standards, and feedback that is hard to game. It would help if we measured outcomes honestly instead of arguing only about intentions.",1
ai_0891,"Lately I’ve noticed how health conversations keep circling the same points without addressing incentives. On the other hand, the details matter: exercise habits, mental health, and screen time all interact in ways people underestimate. A policy can be well-intentioned and still produce perverse incentives if it ignores human behavior. A policy can be well-intentioned and still produce perverse incentives if it ignores human behavior. Still, there’s pressure to pick a side, but better outcomes usually come from defining what success looks like and measuring it. The best approaches combine prevention, education, and a safety net for when prevention fails. Still, we’d make faster progress if we invested in boring infrastructure, clearer standards, and feedback that is hard to game. We can debate details forever, but the direction should be: more transparency and fewer gotchas.",1
ai_0892,"One underrated piece of this is how health conversations keep circling the same points without addressing incentives. In my view, the details matter: exercise habits, nutrition, and access to care all interact in ways people underestimate. When the feedback loop is distorted, everyone adapts in ways that make the whole system worse. What gets lost is the cumulative effect of small frictions that make participation exhausting. In daily life, there’s pressure to pick a side, but better outcomes usually come from defining what success looks like and measuring it. We should separate what feels satisfying in the moment from what actually improves outcomes over time. To be fair, we’d make faster progress if we invested in boring infrastructure, clearer standards, and feedback that is hard to game. The solution is probably less dramatic than people want: steady investment and patient execution.",1
ai_0893,"The uncomfortable truth is that relationships conversations keep circling the same points without addressing incentives. From a systems perspective, the details matter: work-life balance, boundaries, and long distance all interact in ways people underestimate. A lot of the heat comes from uncertainty, especially when outcomes are delayed or hard to measure. People respond to what is easy, default, and rewarded, not what is merely recommended. That said, there’s pressure to pick a side, but better outcomes usually come from defining what success looks like and measuring it. Good governance looks boring: budgets, maintenance, audits, and incremental improvements that rarely go viral. At the same time, we’d make faster progress if we invested in boring infrastructure, clearer standards, and feedback that is hard to game. If we want durable progress, we have to make the boring, consistent work feel worth it.",1
ai_0894,"People don’t talk enough about how sports conversations keep circling the same points without addressing incentives. Still, the details matter: fairness, player development, and team chemistry all interact in ways people underestimate. It’s easy to treat this as an individual choice problem, but the structure pushes people into predictable decisions. There’s a real difference between personal responsibility and asking individuals to compensate for broken systems. In practice, there’s pressure to pick a side, but better outcomes usually come from defining what success looks like and measuring it. I’m optimistic, but only if we stop pretending that technology alone can solve social problems. Still, we’d make faster progress if we invested in boring infrastructure, clearer standards, and feedback that is hard to game. We can debate details forever, but the direction should be: more transparency and fewer gotchas.",1
ai_0895,"What stands out to me is how relationships conversations keep circling the same points without addressing incentives. From a systems perspective, the details matter: shared goals, boundaries, and emotional labor all interact in ways people underestimate. There’s a real difference between personal responsibility and asking individuals to compensate for broken systems. Most solutions require coordination, which is difficult when everyone is optimizing for their own timeline. In practice, there’s pressure to pick a side, but better outcomes usually come from defining what success looks like and measuring it. A lot of the heat comes from uncertainty, especially when outcomes are delayed or hard to measure. From a systems perspective, we’d make faster progress if we invested in boring infrastructure, clearer standards, and feedback that is hard to game. If we want durable progress, we have to make the boring, consistent work feel worth it.",1
ai_0896,"People don’t talk enough about how tech conversations keep circling the same points without addressing incentives. In practice, the details matter: developer experience, automation, and AI tools all interact in ways people underestimate. The best approaches combine prevention, education, and a safety net for when prevention fails. A lot of the heat comes from uncertainty, especially when outcomes are delayed or hard to measure. To be fair, there’s pressure to pick a side, but better outcomes usually come from defining what success looks like and measuring it. Most solutions require coordination, which is difficult when everyone is optimizing for their own timeline. To be fair, we’d make faster progress if we invested in boring infrastructure, clearer standards, and feedback that is hard to game. We can debate details forever, but the direction should be: more transparency and fewer gotchas.",1
ai_0897,"It’s hard to ignore how relationships conversations keep circling the same points without addressing incentives. To be fair, the details matter: emotional labor, shared goals, and work-life balance all interact in ways people underestimate. There’s a real difference between personal responsibility and asking individuals to compensate for broken systems. When the feedback loop is distorted, everyone adapts in ways that make the whole system worse. Zooming out, there’s pressure to pick a side, but better outcomes usually come from defining what success looks like and measuring it. The best approaches combine prevention, education, and a safety net for when prevention fails. From a systems perspective, we’d make faster progress if we invested in boring infrastructure, clearer standards, and feedback that is hard to game. I’m not asking for perfection, just clearer incentives and better follow-through.",1
ai_0898,"What stands out to me is how sports conversations keep circling the same points without addressing incentives. That said, the details matter: coaching strategy, commercialization, and analytics all interact in ways people underestimate. Transparency matters because it lets the public distinguish honest mistakes from intentional manipulation. I’m optimistic, but only if we stop pretending that technology alone can solve social problems. In practice, there’s pressure to pick a side, but better outcomes usually come from defining what success looks like and measuring it. What gets lost is the cumulative effect of small frictions that make participation exhausting. To be fair, we’d make faster progress if we invested in boring infrastructure, clearer standards, and feedback that is hard to game. If we want durable progress, we have to make the boring, consistent work feel worth it.",1
ai_0899,"It’s hard to ignore how health conversations keep circling the same points without addressing incentives. In my view, the details matter: sleep, insurance friction, and exercise habits all interact in ways people underestimate. Good governance looks boring: budgets, maintenance, audits, and incremental improvements that rarely go viral. Most solutions require coordination, which is difficult when everyone is optimizing for their own timeline. From a systems perspective, there’s pressure to pick a side, but better outcomes usually come from defining what success looks like and measuring it. The most persuasive arguments usually combine data with a clear story about tradeoffs and constraints. From a systems perspective, we’d make faster progress if we invested in boring infrastructure, clearer standards, and feedback that is hard to game. If we want durable progress, we have to make the boring, consistent work feel worth it.",1
ai_0900,"The longer I watch this, the more I think tech conversations keep circling the same points without addressing incentives. On the other hand, the details matter: platform incentives, data privacy, and cloud costs all interact in ways people underestimate. It’s easy to treat this as an individual choice problem, but the structure pushes people into predictable decisions. The conversation improves when we acknowledge that reasonable people can disagree about priorities. To be fair, there’s pressure to pick a side, but better outcomes usually come from defining what success looks like and measuring it. The conversation improves when we acknowledge that reasonable people can disagree about priorities. In my view, we’d make faster progress if we invested in boring infrastructure, clearer standards, and feedback that is hard to game. I’d love to see more emphasis on competence, not just confidence.",1
ai_0901,"One underrated piece of this is how campus life conversations keep circling the same points without addressing incentives. From a systems perspective, the details matter: student services, imposter syndrome, and internships all interact in ways people underestimate. A lot of the heat comes from uncertainty, especially when outcomes are delayed or hard to measure. It’s also worth noting that the costs and benefits are unevenly distributed across communities. At the same time, there’s pressure to pick a side, but better outcomes usually come from defining what success looks like and measuring it. A lot of the heat comes from uncertainty, especially when outcomes are delayed or hard to measure. Zooming out, we’d make faster progress if we invested in boring infrastructure, clearer standards, and feedback that is hard to game. The solution is probably less dramatic than people want: steady investment and patient execution.",1
ai_0902,"I keep thinking about how campus life conversations keep circling the same points without addressing incentives. In my view, the details matter: career fairs, workload balance, and group projects all interact in ways people underestimate. The gap between what’s technically possible and what’s socially acceptable is widening fast. When the feedback loop is distorted, everyone adapts in ways that make the whole system worse. To be fair, there’s pressure to pick a side, but better outcomes usually come from defining what success looks like and measuring it. The gap between what’s technically possible and what’s socially acceptable is widening fast. From a systems perspective, we’d make faster progress if we invested in boring infrastructure, clearer standards, and feedback that is hard to game. I’m not asking for perfection, just clearer incentives and better follow-through.",1
ai_0903,"What stands out to me is how sports conversations keep circling the same points without addressing incentives. That said, the details matter: rule changes, fan culture, and commercialization all interact in ways people underestimate. There’s a real difference between personal responsibility and asking individuals to compensate for broken systems. What gets lost is the cumulative effect of small frictions that make participation exhausting. Still, there’s pressure to pick a side, but better outcomes usually come from defining what success looks like and measuring it. It’s easy to treat this as an individual choice problem, but the structure pushes people into predictable decisions. That said, we’d make faster progress if we invested in boring infrastructure, clearer standards, and feedback that is hard to game. Small changes in behavior and policy add up, but only if we stick with them.",1
ai_0904,"One underrated piece of this is how sports conversations keep circling the same points without addressing incentives. Still, the details matter: fairness, rule changes, and coaching strategy all interact in ways people underestimate. If we want trust, we need consistent rules and predictable enforcement, not surprises and exceptions. The conversation improves when we acknowledge that reasonable people can disagree about priorities. At the same time, there’s pressure to pick a side, but better outcomes usually come from defining what success looks like and measuring it. People respond to what is easy, default, and rewarded, not what is merely recommended. That said, we’d make faster progress if we invested in boring infrastructure, clearer standards, and feedback that is hard to game. It would help if we measured outcomes honestly instead of arguing only about intentions.",1
ai_0905,"A lot of the frustration comes from how campus life conversations keep circling the same points without addressing incentives. From a systems perspective, the details matter: student services, career fairs, and group projects all interact in ways people underestimate. If we want trust, we need consistent rules and predictable enforcement, not surprises and exceptions. One of the biggest failures is communication: too many experts speak in jargon when plain language would help. Zooming out, there’s pressure to pick a side, but better outcomes usually come from defining what success looks like and measuring it. I’m optimistic, but only if we stop pretending that technology alone can solve social problems. Still, we’d make faster progress if we invested in boring infrastructure, clearer standards, and feedback that is hard to game. The best version of this is possible, but it requires humility, guardrails, and real accountability.",1
ai_0906,"It’s hard to ignore how climate conversations keep circling the same points without addressing incentives. In daily life, the details matter: extreme weather, climate risk, and local adaptation all interact in ways people underestimate. The conversation improves when we acknowledge that reasonable people can disagree about priorities. The conversation improves when we acknowledge that reasonable people can disagree about priorities. In daily life, there’s pressure to pick a side, but better outcomes usually come from defining what success looks like and measuring it. Short-term incentives reward attention over accuracy, which makes serious discussion feel optional. Still, we’d make faster progress if we invested in boring infrastructure, clearer standards, and feedback that is hard to game. It would help if we measured outcomes honestly instead of arguing only about intentions.",1
ai_0907,"People don’t talk enough about how campus life conversations keep circling the same points without addressing incentives. That said, the details matter: imposter syndrome, research opportunities, and campus resources all interact in ways people underestimate. A policy can be well-intentioned and still produce perverse incentives if it ignores human behavior. Short-term incentives reward attention over accuracy, which makes serious discussion feel optional. To be fair, there’s pressure to pick a side, but better outcomes usually come from defining what success looks like and measuring it. Most solutions require coordination, which is difficult when everyone is optimizing for their own timeline. In practice, we’d make faster progress if we invested in boring infrastructure, clearer standards, and feedback that is hard to game. It would help if we measured outcomes honestly instead of arguing only about intentions.",1
ai_0908,"Lately I’ve noticed how health conversations keep circling the same points without addressing incentives. On the other hand, the details matter: exercise habits, mental health, and preventive care all interact in ways people underestimate. Transparency matters because it lets the public distinguish honest mistakes from intentional manipulation. The best approaches combine prevention, education, and a safety net for when prevention fails. To be fair, there’s pressure to pick a side, but better outcomes usually come from defining what success looks like and measuring it. What gets lost is the cumulative effect of small frictions that make participation exhausting. Zooming out, we’d make faster progress if we invested in boring infrastructure, clearer standards, and feedback that is hard to game. The solution is probably less dramatic than people want: steady investment and patient execution.",1
ai_0909,"The uncomfortable truth is that politics conversations keep circling the same points without addressing incentives. At the same time, the details matter: bipartisanship, local government, and civic education all interact in ways people underestimate. Short-term incentives reward attention over accuracy, which makes serious discussion feel optional. People respond to what is easy, default, and rewarded, not what is merely recommended. In my view, there’s pressure to pick a side, but better outcomes usually come from defining what success looks like and measuring it. People respond to what is easy, default, and rewarded, not what is merely recommended. In my view, we’d make faster progress if we invested in boring infrastructure, clearer standards, and feedback that is hard to game. If we want durable progress, we have to make the boring, consistent work feel worth it.",1
ai_0910,"The longer I watch this, the more I think health conversations keep circling the same points without addressing incentives. In my view, the details matter: exercise habits, burnout, and insurance friction all interact in ways people underestimate. If we want trust, we need consistent rules and predictable enforcement, not surprises and exceptions. A policy can be well-intentioned and still produce perverse incentives if it ignores human behavior. In my view, there’s pressure to pick a side, but better outcomes usually come from defining what success looks like and measuring it. The conversation improves when we acknowledge that reasonable people can disagree about priorities. Zooming out, we’d make faster progress if we invested in boring infrastructure, clearer standards, and feedback that is hard to game. If we want durable progress, we have to make the boring, consistent work feel worth it.",1
ai_0911,"People don’t talk enough about how sports conversations keep circling the same points without addressing incentives. Still, the details matter: injury prevention, fairness, and rule changes all interact in ways people underestimate. Transparency matters because it lets the public distinguish honest mistakes from intentional manipulation. Good governance looks boring: budgets, maintenance, audits, and incremental improvements that rarely go viral. Zooming out, there’s pressure to pick a side, but better outcomes usually come from defining what success looks like and measuring it. If we want trust, we need consistent rules and predictable enforcement, not surprises and exceptions. In daily life, we’d make faster progress if we invested in boring infrastructure, clearer standards, and feedback that is hard to game. The best version of this is possible, but it requires humility, guardrails, and real accountability.",1
ai_0912,"The uncomfortable truth is that relationships conversations keep circling the same points without addressing incentives. That said, the details matter: conflict resolution, trust, and work-life balance all interact in ways people underestimate. It’s easy to treat this as an individual choice problem, but the structure pushes people into predictable decisions. Short-term incentives reward attention over accuracy, which makes serious discussion feel optional. That said, there’s pressure to pick a side, but better outcomes usually come from defining what success looks like and measuring it. The best approaches combine prevention, education, and a safety net for when prevention fails. That said, we’d make faster progress if we invested in boring infrastructure, clearer standards, and feedback that is hard to game. The best version of this is possible, but it requires humility, guardrails, and real accountability.",1
ai_0913,"A lot of the frustration comes from how relationships conversations keep circling the same points without addressing incentives. Zooming out, the details matter: boundaries, social media dynamics, and work-life balance all interact in ways people underestimate. People respond to what is easy, default, and rewarded, not what is merely recommended. If we want trust, we need consistent rules and predictable enforcement, not surprises and exceptions. In daily life, there’s pressure to pick a side, but better outcomes usually come from defining what success looks like and measuring it. The gap between what’s technically possible and what’s socially acceptable is widening fast. At the same time, we’d make faster progress if we invested in boring infrastructure, clearer standards, and feedback that is hard to game. The solution is probably less dramatic than people want: steady investment and patient execution.",1
ai_0914,"It’s hard to ignore how health conversations keep circling the same points without addressing incentives. On the other hand, the details matter: exercise habits, screen time, and insurance friction all interact in ways people underestimate. One of the biggest failures is communication: too many experts speak in jargon when plain language would help. Most solutions require coordination, which is difficult when everyone is optimizing for their own timeline. From a systems perspective, there’s pressure to pick a side, but better outcomes usually come from defining what success looks like and measuring it. If we want trust, we need consistent rules and predictable enforcement, not surprises and exceptions. That said, we’d make faster progress if we invested in boring infrastructure, clearer standards, and feedback that is hard to game. The best version of this is possible, but it requires humility, guardrails, and real accountability.",1
ai_0915,"A fair critique is that sports conversations keep circling the same points without addressing incentives. In practice, the details matter: analytics, youth pipelines, and coaching strategy all interact in ways people underestimate. People respond to what is easy, default, and rewarded, not what is merely recommended. If we want trust, we need consistent rules and predictable enforcement, not surprises and exceptions. In practice, there’s pressure to pick a side, but better outcomes usually come from defining what success looks like and measuring it. We should separate what feels satisfying in the moment from what actually improves outcomes over time. In practice, we’d make faster progress if we invested in boring infrastructure, clearer standards, and feedback that is hard to game. I’m not asking for perfection, just clearer incentives and better follow-through.",1
ai_0916,"I keep thinking about how tech conversations keep circling the same points without addressing incentives. Still, the details matter: cloud costs, AI tools, and model transparency all interact in ways people underestimate. The best approaches combine prevention, education, and a safety net for when prevention fails. The conversation improves when we acknowledge that reasonable people can disagree about priorities. In my view, there’s pressure to pick a side, but better outcomes usually come from defining what success looks like and measuring it. The conversation improves when we acknowledge that reasonable people can disagree about priorities. Zooming out, we’d make faster progress if we invested in boring infrastructure, clearer standards, and feedback that is hard to game. It would help if we measured outcomes honestly instead of arguing only about intentions.",1
ai_0917,"A fair critique is that politics conversations keep circling the same points without addressing incentives. To be fair, the details matter: accountability, institutional legitimacy, and local government all interact in ways people underestimate. What gets lost is the cumulative effect of small frictions that make participation exhausting. When the feedback loop is distorted, everyone adapts in ways that make the whole system worse. On the other hand, there’s pressure to pick a side, but better outcomes usually come from defining what success looks like and measuring it. I’m optimistic, but only if we stop pretending that technology alone can solve social problems. In daily life, we’d make faster progress if we invested in boring infrastructure, clearer standards, and feedback that is hard to game. The best version of this is possible, but it requires humility, guardrails, and real accountability.",1
ai_0918,"The longer I watch this, the more I think relationships conversations keep circling the same points without addressing incentives. In my view, the details matter: long distance, trust, and work-life balance all interact in ways people underestimate. If we want trust, we need consistent rules and predictable enforcement, not surprises and exceptions. We should separate what feels satisfying in the moment from what actually improves outcomes over time. Zooming out, there’s pressure to pick a side, but better outcomes usually come from defining what success looks like and measuring it. The most persuasive arguments usually combine data with a clear story about tradeoffs and constraints. Still, we’d make faster progress if we invested in boring infrastructure, clearer standards, and feedback that is hard to game. It would help if we measured outcomes honestly instead of arguing only about intentions.",1
ai_0919,"One underrated piece of this is how tech conversations keep circling the same points without addressing incentives. Zooming out, the details matter: model transparency, data privacy, and cloud costs all interact in ways people underestimate. The gap between what’s technically possible and what’s socially acceptable is widening fast. It’s easy to treat this as an individual choice problem, but the structure pushes people into predictable decisions. Still, there’s pressure to pick a side, but better outcomes usually come from defining what success looks like and measuring it. It’s easy to treat this as an individual choice problem, but the structure pushes people into predictable decisions. In my view, we’d make faster progress if we invested in boring infrastructure, clearer standards, and feedback that is hard to game. I’m not asking for perfection, just clearer incentives and better follow-through.",1
ai_0920,"I keep thinking about how climate conversations keep circling the same points without addressing incentives. In daily life, the details matter: building efficiency, extreme weather, and grid reliability all interact in ways people underestimate. I’m optimistic, but only if we stop pretending that technology alone can solve social problems. What gets lost is the cumulative effect of small frictions that make participation exhausting. Zooming out, there’s pressure to pick a side, but better outcomes usually come from defining what success looks like and measuring it. Short-term incentives reward attention over accuracy, which makes serious discussion feel optional. That said, we’d make faster progress if we invested in boring infrastructure, clearer standards, and feedback that is hard to game. It would help if we measured outcomes honestly instead of arguing only about intentions.",1
ai_0921,"Lately I’ve noticed how campus life conversations keep circling the same points without addressing incentives. On the other hand, the details matter: imposter syndrome, career fairs, and research opportunities all interact in ways people underestimate. Good governance looks boring: budgets, maintenance, audits, and incremental improvements that rarely go viral. We should separate what feels satisfying in the moment from what actually improves outcomes over time. In practice, there’s pressure to pick a side, but better outcomes usually come from defining what success looks like and measuring it. What gets lost is the cumulative effect of small frictions that make participation exhausting. On the other hand, we’d make faster progress if we invested in boring infrastructure, clearer standards, and feedback that is hard to game. Small changes in behavior and policy add up, but only if we stick with them.",1
ai_0922,"What stands out to me is how relationships conversations keep circling the same points without addressing incentives. At the same time, the details matter: communication, conflict resolution, and boundaries all interact in ways people underestimate. The most persuasive arguments usually combine data with a clear story about tradeoffs and constraints. Most solutions require coordination, which is difficult when everyone is optimizing for their own timeline. In daily life, there’s pressure to pick a side, but better outcomes usually come from defining what success looks like and measuring it. The best approaches combine prevention, education, and a safety net for when prevention fails. That said, we’d make faster progress if we invested in boring infrastructure, clearer standards, and feedback that is hard to game. If we want durable progress, we have to make the boring, consistent work feel worth it.",1
ai_0923,"One underrated piece of this is how tech conversations keep circling the same points without addressing incentives. Still, the details matter: data privacy, platform incentives, and cybersecurity all interact in ways people underestimate. It’s also worth noting that the costs and benefits are unevenly distributed across communities. One of the biggest failures is communication: too many experts speak in jargon when plain language would help. That said, there’s pressure to pick a side, but better outcomes usually come from defining what success looks like and measuring it. The gap between what’s technically possible and what’s socially acceptable is widening fast. That said, we’d make faster progress if we invested in boring infrastructure, clearer standards, and feedback that is hard to game. The best version of this is possible, but it requires humility, guardrails, and real accountability.",1
ai_0924,"The longer I watch this, the more I think economy conversations keep circling the same points without addressing incentives. That said, the details matter: housing affordability, productivity, and inflation all interact in ways people underestimate. The gap between what’s technically possible and what’s socially acceptable is widening fast. If we want trust, we need consistent rules and predictable enforcement, not surprises and exceptions. From a systems perspective, there’s pressure to pick a side, but better outcomes usually come from defining what success looks like and measuring it. What gets lost is the cumulative effect of small frictions that make participation exhausting. That said, we’d make faster progress if we invested in boring infrastructure, clearer standards, and feedback that is hard to game. We can debate details forever, but the direction should be: more transparency and fewer gotchas.",1
ai_0925,"One underrated piece of this is how relationships conversations keep circling the same points without addressing incentives. At the same time, the details matter: social media dynamics, long distance, and emotional labor all interact in ways people underestimate. The best approaches combine prevention, education, and a safety net for when prevention fails. When the feedback loop is distorted, everyone adapts in ways that make the whole system worse. Still, there’s pressure to pick a side, but better outcomes usually come from defining what success looks like and measuring it. The most persuasive arguments usually combine data with a clear story about tradeoffs and constraints. In daily life, we’d make faster progress if we invested in boring infrastructure, clearer standards, and feedback that is hard to game. We can debate details forever, but the direction should be: more transparency and fewer gotchas.",1
ai_0926,"What stands out to me is how health conversations keep circling the same points without addressing incentives. Zooming out, the details matter: access to care, exercise habits, and preventive care all interact in ways people underestimate. The gap between what’s technically possible and what’s socially acceptable is widening fast. The best approaches combine prevention, education, and a safety net for when prevention fails. In practice, there’s pressure to pick a side, but better outcomes usually come from defining what success looks like and measuring it. Short-term incentives reward attention over accuracy, which makes serious discussion feel optional. That said, we’d make faster progress if we invested in boring infrastructure, clearer standards, and feedback that is hard to game. I’m not asking for perfection, just clearer incentives and better follow-through.",1
ai_0927,"Lately I’ve noticed how health conversations keep circling the same points without addressing incentives. In my view, the details matter: screen time, burnout, and nutrition all interact in ways people underestimate. Short-term incentives reward attention over accuracy, which makes serious discussion feel optional. The conversation improves when we acknowledge that reasonable people can disagree about priorities. That said, there’s pressure to pick a side, but better outcomes usually come from defining what success looks like and measuring it. A lot of the heat comes from uncertainty, especially when outcomes are delayed or hard to measure. On the other hand, we’d make faster progress if we invested in boring infrastructure, clearer standards, and feedback that is hard to game. The solution is probably less dramatic than people want: steady investment and patient execution.",1
ai_0928,"One underrated piece of this is how health conversations keep circling the same points without addressing incentives. From a systems perspective, the details matter: mental health, nutrition, and public health communication all interact in ways people underestimate. One of the biggest failures is communication: too many experts speak in jargon when plain language would help. Good governance looks boring: budgets, maintenance, audits, and incremental improvements that rarely go viral. On the other hand, there’s pressure to pick a side, but better outcomes usually come from defining what success looks like and measuring it. People respond to what is easy, default, and rewarded, not what is merely recommended. That said, we’d make faster progress if we invested in boring infrastructure, clearer standards, and feedback that is hard to game. I’d love to see more emphasis on competence, not just confidence.",1
ai_0929,"Lately I’ve noticed how tech conversations keep circling the same points without addressing incentives. In practice, the details matter: automation, cloud costs, and model transparency all interact in ways people underestimate. There’s a real difference between personal responsibility and asking individuals to compensate for broken systems. What gets lost is the cumulative effect of small frictions that make participation exhausting. Still, there’s pressure to pick a side, but better outcomes usually come from defining what success looks like and measuring it. The most persuasive arguments usually combine data with a clear story about tradeoffs and constraints. On the other hand, we’d make faster progress if we invested in boring infrastructure, clearer standards, and feedback that is hard to game. Small changes in behavior and policy add up, but only if we stick with them.",1
ai_0930,"The longer I watch this, the more I think sports conversations keep circling the same points without addressing incentives. From a systems perspective, the details matter: injury prevention, coaching strategy, and fairness all interact in ways people underestimate. There’s a real difference between personal responsibility and asking individuals to compensate for broken systems. The conversation improves when we acknowledge that reasonable people can disagree about priorities. To be fair, there’s pressure to pick a side, but better outcomes usually come from defining what success looks like and measuring it. The best approaches combine prevention, education, and a safety net for when prevention fails. In daily life, we’d make faster progress if we invested in boring infrastructure, clearer standards, and feedback that is hard to game. If we want durable progress, we have to make the boring, consistent work feel worth it.",1
ai_0931,"Lately I’ve noticed how tech conversations keep circling the same points without addressing incentives. In daily life, the details matter: developer experience, cloud costs, and model transparency all interact in ways people underestimate. It’s easy to treat this as an individual choice problem, but the structure pushes people into predictable decisions. Most solutions require coordination, which is difficult when everyone is optimizing for their own timeline. In my view, there’s pressure to pick a side, but better outcomes usually come from defining what success looks like and measuring it. Transparency matters because it lets the public distinguish honest mistakes from intentional manipulation. In my view, we’d make faster progress if we invested in boring infrastructure, clearer standards, and feedback that is hard to game. I’m not asking for perfection, just clearer incentives and better follow-through.",1
ai_0932,"One underrated piece of this is how economy conversations keep circling the same points without addressing incentives. In daily life, the details matter: inequality, labor market, and interest rates all interact in ways people underestimate. What gets lost is the cumulative effect of small frictions that make participation exhausting. Short-term incentives reward attention over accuracy, which makes serious discussion feel optional. Zooming out, there’s pressure to pick a side, but better outcomes usually come from defining what success looks like and measuring it. The most persuasive arguments usually combine data with a clear story about tradeoffs and constraints. In my view, we’d make faster progress if we invested in boring infrastructure, clearer standards, and feedback that is hard to game. It would help if we measured outcomes honestly instead of arguing only about intentions.",1
ai_0933,"People don’t talk enough about how climate conversations keep circling the same points without addressing incentives. On the other hand, the details matter: carbon pricing, building efficiency, and grid reliability all interact in ways people underestimate. One of the biggest failures is communication: too many experts speak in jargon when plain language would help. One of the biggest failures is communication: too many experts speak in jargon when plain language would help. That said, there’s pressure to pick a side, but better outcomes usually come from defining what success looks like and measuring it. A lot of the heat comes from uncertainty, especially when outcomes are delayed or hard to measure. On the other hand, we’d make faster progress if we invested in boring infrastructure, clearer standards, and feedback that is hard to game. We can debate details forever, but the direction should be: more transparency and fewer gotchas.",1
ai_0934,"I keep thinking about how politics conversations keep circling the same points without addressing incentives. In my view, the details matter: campaign messaging, public trust, and bipartisanship all interact in ways people underestimate. I’m optimistic, but only if we stop pretending that technology alone can solve social problems. The conversation improves when we acknowledge that reasonable people can disagree about priorities. On the other hand, there’s pressure to pick a side, but better outcomes usually come from defining what success looks like and measuring it. We should separate what feels satisfying in the moment from what actually improves outcomes over time. From a systems perspective, we’d make faster progress if we invested in boring infrastructure, clearer standards, and feedback that is hard to game. If we want durable progress, we have to make the boring, consistent work feel worth it.",1
ai_0935,"A fair critique is that sports conversations keep circling the same points without addressing incentives. On the other hand, the details matter: rule changes, fan culture, and coaching strategy all interact in ways people underestimate. There’s a real difference between personal responsibility and asking individuals to compensate for broken systems. The best approaches combine prevention, education, and a safety net for when prevention fails. That said, there’s pressure to pick a side, but better outcomes usually come from defining what success looks like and measuring it. It’s easy to treat this as an individual choice problem, but the structure pushes people into predictable decisions. Zooming out, we’d make faster progress if we invested in boring infrastructure, clearer standards, and feedback that is hard to game. The best version of this is possible, but it requires humility, guardrails, and real accountability.",1
ai_0936,"Lately I’ve noticed how relationships conversations keep circling the same points without addressing incentives. On the other hand, the details matter: trust, shared goals, and emotional labor all interact in ways people underestimate. It’s also worth noting that the costs and benefits are unevenly distributed across communities. When the feedback loop is distorted, everyone adapts in ways that make the whole system worse. At the same time, there’s pressure to pick a side, but better outcomes usually come from defining what success looks like and measuring it. There’s a real difference between personal responsibility and asking individuals to compensate for broken systems. From a systems perspective, we’d make faster progress if we invested in boring infrastructure, clearer standards, and feedback that is hard to game. The best version of this is possible, but it requires humility, guardrails, and real accountability.",1
ai_0937,"What stands out to me is how climate conversations keep circling the same points without addressing incentives. In daily life, the details matter: energy transition, conservation, and community resilience all interact in ways people underestimate. What gets lost is the cumulative effect of small frictions that make participation exhausting. We should separate what feels satisfying in the moment from what actually improves outcomes over time. In my view, there’s pressure to pick a side, but better outcomes usually come from defining what success looks like and measuring it. I’m optimistic, but only if we stop pretending that technology alone can solve social problems. In daily life, we’d make faster progress if we invested in boring infrastructure, clearer standards, and feedback that is hard to game. I’m not asking for perfection, just clearer incentives and better follow-through.",1
ai_0938,"A lot of the frustration comes from how campus life conversations keep circling the same points without addressing incentives. In practice, the details matter: club culture, workload balance, and time management all interact in ways people underestimate. When the feedback loop is distorted, everyone adapts in ways that make the whole system worse. Good governance looks boring: budgets, maintenance, audits, and incremental improvements that rarely go viral. Still, there’s pressure to pick a side, but better outcomes usually come from defining what success looks like and measuring it. A policy can be well-intentioned and still produce perverse incentives if it ignores human behavior. To be fair, we’d make faster progress if we invested in boring infrastructure, clearer standards, and feedback that is hard to game. I’m not asking for perfection, just clearer incentives and better follow-through.",1
ai_0939,"A lot of the frustration comes from how sports conversations keep circling the same points without addressing incentives. That said, the details matter: youth pipelines, analytics, and player development all interact in ways people underestimate. There’s a real difference between personal responsibility and asking individuals to compensate for broken systems. The conversation improves when we acknowledge that reasonable people can disagree about priorities. To be fair, there’s pressure to pick a side, but better outcomes usually come from defining what success looks like and measuring it. One of the biggest failures is communication: too many experts speak in jargon when plain language would help. In practice, we’d make faster progress if we invested in boring infrastructure, clearer standards, and feedback that is hard to game. The best version of this is possible, but it requires humility, guardrails, and real accountability.",1
ai_0940,"A lot of the frustration comes from how economy conversations keep circling the same points without addressing incentives. In daily life, the details matter: housing affordability, inequality, and small business all interact in ways people underestimate. People respond to what is easy, default, and rewarded, not what is merely recommended. Most solutions require coordination, which is difficult when everyone is optimizing for their own timeline. At the same time, there’s pressure to pick a side, but better outcomes usually come from defining what success looks like and measuring it. It’s also worth noting that the costs and benefits are unevenly distributed across communities. To be fair, we’d make faster progress if we invested in boring infrastructure, clearer standards, and feedback that is hard to game. If we want durable progress, we have to make the boring, consistent work feel worth it.",1
ai_0941,"Lately I’ve noticed how health conversations keep circling the same points without addressing incentives. At the same time, the details matter: access to care, mental health, and preventive care all interact in ways people underestimate. The most persuasive arguments usually combine data with a clear story about tradeoffs and constraints. The conversation improves when we acknowledge that reasonable people can disagree about priorities. At the same time, there’s pressure to pick a side, but better outcomes usually come from defining what success looks like and measuring it. If we want trust, we need consistent rules and predictable enforcement, not surprises and exceptions. Still, we’d make faster progress if we invested in boring infrastructure, clearer standards, and feedback that is hard to game. The solution is probably less dramatic than people want: steady investment and patient execution.",1
ai_0942,"People don’t talk enough about how campus life conversations keep circling the same points without addressing incentives. Zooming out, the details matter: research opportunities, internships, and student services all interact in ways people underestimate. There’s a real difference between personal responsibility and asking individuals to compensate for broken systems. When the feedback loop is distorted, everyone adapts in ways that make the whole system worse. At the same time, there’s pressure to pick a side, but better outcomes usually come from defining what success looks like and measuring it. The most persuasive arguments usually combine data with a clear story about tradeoffs and constraints. At the same time, we’d make faster progress if we invested in boring infrastructure, clearer standards, and feedback that is hard to game. I’m not asking for perfection, just clearer incentives and better follow-through.",1
ai_0943,"People don’t talk enough about how health conversations keep circling the same points without addressing incentives. In daily life, the details matter: public health communication, mental health, and burnout all interact in ways people underestimate. Transparency matters because it lets the public distinguish honest mistakes from intentional manipulation. A lot of the heat comes from uncertainty, especially when outcomes are delayed or hard to measure. To be fair, there’s pressure to pick a side, but better outcomes usually come from defining what success looks like and measuring it. I’m optimistic, but only if we stop pretending that technology alone can solve social problems. In practice, we’d make faster progress if we invested in boring infrastructure, clearer standards, and feedback that is hard to game. I’d love to see more emphasis on competence, not just confidence.",1
ai_0944,"What stands out to me is how politics conversations keep circling the same points without addressing incentives. In daily life, the details matter: campaign messaging, voter turnout, and bipartisanship all interact in ways people underestimate. The most persuasive arguments usually combine data with a clear story about tradeoffs and constraints. A policy can be well-intentioned and still produce perverse incentives if it ignores human behavior. To be fair, there’s pressure to pick a side, but better outcomes usually come from defining what success looks like and measuring it. A policy can be well-intentioned and still produce perverse incentives if it ignores human behavior. From a systems perspective, we’d make faster progress if we invested in boring infrastructure, clearer standards, and feedback that is hard to game. The solution is probably less dramatic than people want: steady investment and patient execution.",1
ai_0945,"One underrated piece of this is how sports conversations keep circling the same points without addressing incentives. In my view, the details matter: team chemistry, fairness, and commercialization all interact in ways people underestimate. It’s easy to treat this as an individual choice problem, but the structure pushes people into predictable decisions. There’s a real difference between personal responsibility and asking individuals to compensate for broken systems. From a systems perspective, there’s pressure to pick a side, but better outcomes usually come from defining what success looks like and measuring it. People respond to what is easy, default, and rewarded, not what is merely recommended. On the other hand, we’d make faster progress if we invested in boring infrastructure, clearer standards, and feedback that is hard to game. If we want durable progress, we have to make the boring, consistent work feel worth it.",1
ai_0946,"Lately I’ve noticed how relationships conversations keep circling the same points without addressing incentives. That said, the details matter: shared goals, emotional labor, and friendship drift all interact in ways people underestimate. When the feedback loop is distorted, everyone adapts in ways that make the whole system worse. The gap between what’s technically possible and what’s socially acceptable is widening fast. That said, there’s pressure to pick a side, but better outcomes usually come from defining what success looks like and measuring it. Short-term incentives reward attention over accuracy, which makes serious discussion feel optional. From a systems perspective, we’d make faster progress if we invested in boring infrastructure, clearer standards, and feedback that is hard to game. The solution is probably less dramatic than people want: steady investment and patient execution.",1
ai_0947,"A lot of the frustration comes from how sports conversations keep circling the same points without addressing incentives. That said, the details matter: fairness, rule changes, and coaching strategy all interact in ways people underestimate. I’m optimistic, but only if we stop pretending that technology alone can solve social problems. A policy can be well-intentioned and still produce perverse incentives if it ignores human behavior. In my view, there’s pressure to pick a side, but better outcomes usually come from defining what success looks like and measuring it. A policy can be well-intentioned and still produce perverse incentives if it ignores human behavior. On the other hand, we’d make faster progress if we invested in boring infrastructure, clearer standards, and feedback that is hard to game. We can debate details forever, but the direction should be: more transparency and fewer gotchas.",1
ai_0948,"A fair critique is that climate conversations keep circling the same points without addressing incentives. That said, the details matter: public transit, community resilience, and grid reliability all interact in ways people underestimate. One of the biggest failures is communication: too many experts speak in jargon when plain language would help. What gets lost is the cumulative effect of small frictions that make participation exhausting. Still, there’s pressure to pick a side, but better outcomes usually come from defining what success looks like and measuring it. Most solutions require coordination, which is difficult when everyone is optimizing for their own timeline. On the other hand, we’d make faster progress if we invested in boring infrastructure, clearer standards, and feedback that is hard to game. The solution is probably less dramatic than people want: steady investment and patient execution.",1
ai_0949,"One underrated piece of this is how campus life conversations keep circling the same points without addressing incentives. To be fair, the details matter: group projects, student services, and internships all interact in ways people underestimate. I’m optimistic, but only if we stop pretending that technology alone can solve social problems. The most persuasive arguments usually combine data with a clear story about tradeoffs and constraints. Still, there’s pressure to pick a side, but better outcomes usually come from defining what success looks like and measuring it. A lot of the heat comes from uncertainty, especially when outcomes are delayed or hard to measure. In practice, we’d make faster progress if we invested in boring infrastructure, clearer standards, and feedback that is hard to game. I’d love to see more emphasis on competence, not just confidence.",1
ai_0950,"I keep thinking about how campus life conversations keep circling the same points without addressing incentives. From a systems perspective, the details matter: internships, campus resources, and student services all interact in ways people underestimate. Short-term incentives reward attention over accuracy, which makes serious discussion feel optional. It’s also worth noting that the costs and benefits are unevenly distributed across communities. Still, there’s pressure to pick a side, but better outcomes usually come from defining what success looks like and measuring it. A policy can be well-intentioned and still produce perverse incentives if it ignores human behavior. In practice, we’d make faster progress if we invested in boring infrastructure, clearer standards, and feedback that is hard to game. I’d love to see more emphasis on competence, not just confidence.",1
ai_0951,"A fair critique is that politics conversations keep circling the same points without addressing incentives. That said, the details matter: bipartisanship, policy tradeoffs, and campaign messaging all interact in ways people underestimate. The gap between what’s technically possible and what’s socially acceptable is widening fast. A lot of the heat comes from uncertainty, especially when outcomes are delayed or hard to measure. In my view, there’s pressure to pick a side, but better outcomes usually come from defining what success looks like and measuring it. What gets lost is the cumulative effect of small frictions that make participation exhausting. To be fair, we’d make faster progress if we invested in boring infrastructure, clearer standards, and feedback that is hard to game. The best version of this is possible, but it requires humility, guardrails, and real accountability.",1
ai_0952,"A lot of the frustration comes from how climate conversations keep circling the same points without addressing incentives. In practice, the details matter: climate risk, carbon pricing, and extreme weather all interact in ways people underestimate. When the feedback loop is distorted, everyone adapts in ways that make the whole system worse. What gets lost is the cumulative effect of small frictions that make participation exhausting. In my view, there’s pressure to pick a side, but better outcomes usually come from defining what success looks like and measuring it. If we want trust, we need consistent rules and predictable enforcement, not surprises and exceptions. That said, we’d make faster progress if we invested in boring infrastructure, clearer standards, and feedback that is hard to game. The solution is probably less dramatic than people want: steady investment and patient execution.",1
ai_0953,"What stands out to me is how economy conversations keep circling the same points without addressing incentives. In daily life, the details matter: labor market, student debt, and interest rates all interact in ways people underestimate. The best approaches combine prevention, education, and a safety net for when prevention fails. It’s also worth noting that the costs and benefits are unevenly distributed across communities. In practice, there’s pressure to pick a side, but better outcomes usually come from defining what success looks like and measuring it. A policy can be well-intentioned and still produce perverse incentives if it ignores human behavior. Zooming out, we’d make faster progress if we invested in boring infrastructure, clearer standards, and feedback that is hard to game. The best version of this is possible, but it requires humility, guardrails, and real accountability.",1
ai_0954,"It’s hard to ignore how relationships conversations keep circling the same points without addressing incentives. On the other hand, the details matter: boundaries, communication, and friendship drift all interact in ways people underestimate. When the feedback loop is distorted, everyone adapts in ways that make the whole system worse. I’m optimistic, but only if we stop pretending that technology alone can solve social problems. That said, there’s pressure to pick a side, but better outcomes usually come from defining what success looks like and measuring it. There’s a real difference between personal responsibility and asking individuals to compensate for broken systems. At the same time, we’d make faster progress if we invested in boring infrastructure, clearer standards, and feedback that is hard to game. The solution is probably less dramatic than people want: steady investment and patient execution.",1
ai_0955,"One underrated piece of this is how economy conversations keep circling the same points without addressing incentives. On the other hand, the details matter: housing affordability, inequality, and consumer confidence all interact in ways people underestimate. What gets lost is the cumulative effect of small frictions that make participation exhausting. What gets lost is the cumulative effect of small frictions that make participation exhausting. In daily life, there’s pressure to pick a side, but better outcomes usually come from defining what success looks like and measuring it. The most persuasive arguments usually combine data with a clear story about tradeoffs and constraints. To be fair, we’d make faster progress if we invested in boring infrastructure, clearer standards, and feedback that is hard to game. The solution is probably less dramatic than people want: steady investment and patient execution.",1
ai_0956,"What stands out to me is how economy conversations keep circling the same points without addressing incentives. On the other hand, the details matter: labor market, productivity, and student debt all interact in ways people underestimate. The best approaches combine prevention, education, and a safety net for when prevention fails. People respond to what is easy, default, and rewarded, not what is merely recommended. In my view, there’s pressure to pick a side, but better outcomes usually come from defining what success looks like and measuring it. Short-term incentives reward attention over accuracy, which makes serious discussion feel optional. In practice, we’d make faster progress if we invested in boring infrastructure, clearer standards, and feedback that is hard to game. If we want durable progress, we have to make the boring, consistent work feel worth it.",1
ai_0957,"One underrated piece of this is how relationships conversations keep circling the same points without addressing incentives. On the other hand, the details matter: long distance, emotional labor, and social media dynamics all interact in ways people underestimate. It’s easy to treat this as an individual choice problem, but the structure pushes people into predictable decisions. Transparency matters because it lets the public distinguish honest mistakes from intentional manipulation. Still, there’s pressure to pick a side, but better outcomes usually come from defining what success looks like and measuring it. Transparency matters because it lets the public distinguish honest mistakes from intentional manipulation. In my view, we’d make faster progress if we invested in boring infrastructure, clearer standards, and feedback that is hard to game. We can debate details forever, but the direction should be: more transparency and fewer gotchas.",1
ai_0958,"A lot of the frustration comes from how health conversations keep circling the same points without addressing incentives. To be fair, the details matter: exercise habits, nutrition, and preventive care all interact in ways people underestimate. Transparency matters because it lets the public distinguish honest mistakes from intentional manipulation. There’s a real difference between personal responsibility and asking individuals to compensate for broken systems. In my view, there’s pressure to pick a side, but better outcomes usually come from defining what success looks like and measuring it. It’s easy to treat this as an individual choice problem, but the structure pushes people into predictable decisions. At the same time, we’d make faster progress if we invested in boring infrastructure, clearer standards, and feedback that is hard to game. It would help if we measured outcomes honestly instead of arguing only about intentions.",1
ai_0959,"The uncomfortable truth is that sports conversations keep circling the same points without addressing incentives. At the same time, the details matter: analytics, youth pipelines, and fairness all interact in ways people underestimate. It’s also worth noting that the costs and benefits are unevenly distributed across communities. The most persuasive arguments usually combine data with a clear story about tradeoffs and constraints. From a systems perspective, there’s pressure to pick a side, but better outcomes usually come from defining what success looks like and measuring it. When the feedback loop is distorted, everyone adapts in ways that make the whole system worse. On the other hand, we’d make faster progress if we invested in boring infrastructure, clearer standards, and feedback that is hard to game. I’m not asking for perfection, just clearer incentives and better follow-through.",1
ai_0960,"A fair critique is that tech conversations keep circling the same points without addressing incentives. Zooming out, the details matter: developer experience, cybersecurity, and open source all interact in ways people underestimate. The most persuasive arguments usually combine data with a clear story about tradeoffs and constraints. The most persuasive arguments usually combine data with a clear story about tradeoffs and constraints. Still, there’s pressure to pick a side, but better outcomes usually come from defining what success looks like and measuring it. People respond to what is easy, default, and rewarded, not what is merely recommended. Still, we’d make faster progress if we invested in boring infrastructure, clearer standards, and feedback that is hard to game. We can debate details forever, but the direction should be: more transparency and fewer gotchas.",1
ai_0961,"A fair critique is that tech conversations keep circling the same points without addressing incentives. In practice, the details matter: automation, developer experience, and product design all interact in ways people underestimate. One of the biggest failures is communication: too many experts speak in jargon when plain language would help. Most solutions require coordination, which is difficult when everyone is optimizing for their own timeline. From a systems perspective, there’s pressure to pick a side, but better outcomes usually come from defining what success looks like and measuring it. Short-term incentives reward attention over accuracy, which makes serious discussion feel optional. In practice, we’d make faster progress if we invested in boring infrastructure, clearer standards, and feedback that is hard to game. We can debate details forever, but the direction should be: more transparency and fewer gotchas.",1
ai_0962,"It’s hard to ignore how campus life conversations keep circling the same points without addressing incentives. In practice, the details matter: club culture, career fairs, and imposter syndrome all interact in ways people underestimate. A lot of the heat comes from uncertainty, especially when outcomes are delayed or hard to measure. If we want trust, we need consistent rules and predictable enforcement, not surprises and exceptions. Zooming out, there’s pressure to pick a side, but better outcomes usually come from defining what success looks like and measuring it. We should separate what feels satisfying in the moment from what actually improves outcomes over time. At the same time, we’d make faster progress if we invested in boring infrastructure, clearer standards, and feedback that is hard to game. It would help if we measured outcomes honestly instead of arguing only about intentions.",1
ai_0963,"Lately I’ve noticed how health conversations keep circling the same points without addressing incentives. In daily life, the details matter: access to care, exercise habits, and preventive care all interact in ways people underestimate. The gap between what’s technically possible and what’s socially acceptable is widening fast. It’s easy to treat this as an individual choice problem, but the structure pushes people into predictable decisions. To be fair, there’s pressure to pick a side, but better outcomes usually come from defining what success looks like and measuring it. The gap between what’s technically possible and what’s socially acceptable is widening fast. In my view, we’d make faster progress if we invested in boring infrastructure, clearer standards, and feedback that is hard to game. The best version of this is possible, but it requires humility, guardrails, and real accountability.",1
ai_0964,"A fair critique is that economy conversations keep circling the same points without addressing incentives. Still, the details matter: housing affordability, labor market, and productivity all interact in ways people underestimate. The conversation improves when we acknowledge that reasonable people can disagree about priorities. What gets lost is the cumulative effect of small frictions that make participation exhausting. In practice, there’s pressure to pick a side, but better outcomes usually come from defining what success looks like and measuring it. I’m optimistic, but only if we stop pretending that technology alone can solve social problems. In my view, we’d make faster progress if we invested in boring infrastructure, clearer standards, and feedback that is hard to game. The best version of this is possible, but it requires humility, guardrails, and real accountability.",1
ai_0965,"I keep thinking about how economy conversations keep circling the same points without addressing incentives. In daily life, the details matter: labor market, consumer confidence, and student debt all interact in ways people underestimate. The best approaches combine prevention, education, and a safety net for when prevention fails. The most persuasive arguments usually combine data with a clear story about tradeoffs and constraints. Zooming out, there’s pressure to pick a side, but better outcomes usually come from defining what success looks like and measuring it. If we want trust, we need consistent rules and predictable enforcement, not surprises and exceptions. In my view, we’d make faster progress if we invested in boring infrastructure, clearer standards, and feedback that is hard to game. I’d love to see more emphasis on competence, not just confidence.",1
ai_0966,"It’s hard to ignore how sports conversations keep circling the same points without addressing incentives. At the same time, the details matter: team chemistry, youth pipelines, and fan culture all interact in ways people underestimate. Most solutions require coordination, which is difficult when everyone is optimizing for their own timeline. A lot of the heat comes from uncertainty, especially when outcomes are delayed or hard to measure. From a systems perspective, there’s pressure to pick a side, but better outcomes usually come from defining what success looks like and measuring it. A policy can be well-intentioned and still produce perverse incentives if it ignores human behavior. Still, we’d make faster progress if we invested in boring infrastructure, clearer standards, and feedback that is hard to game. Small changes in behavior and policy add up, but only if we stick with them.",1
ai_0967,"One underrated piece of this is how sports conversations keep circling the same points without addressing incentives. From a systems perspective, the details matter: team chemistry, commercialization, and injury prevention all interact in ways people underestimate. People respond to what is easy, default, and rewarded, not what is merely recommended. Short-term incentives reward attention over accuracy, which makes serious discussion feel optional. In practice, there’s pressure to pick a side, but better outcomes usually come from defining what success looks like and measuring it. Most solutions require coordination, which is difficult when everyone is optimizing for their own timeline. That said, we’d make faster progress if we invested in boring infrastructure, clearer standards, and feedback that is hard to game. I’m not asking for perfection, just clearer incentives and better follow-through.",1
ai_0968,"I keep thinking about how tech conversations keep circling the same points without addressing incentives. From a systems perspective, the details matter: open source, cybersecurity, and data privacy all interact in ways people underestimate. If we want trust, we need consistent rules and predictable enforcement, not surprises and exceptions. One of the biggest failures is communication: too many experts speak in jargon when plain language would help. In practice, there’s pressure to pick a side, but better outcomes usually come from defining what success looks like and measuring it. Short-term incentives reward attention over accuracy, which makes serious discussion feel optional. At the same time, we’d make faster progress if we invested in boring infrastructure, clearer standards, and feedback that is hard to game. I’m not asking for perfection, just clearer incentives and better follow-through.",1
ai_0969,"One underrated piece of this is how climate conversations keep circling the same points without addressing incentives. Zooming out, the details matter: public transit, grid reliability, and carbon pricing all interact in ways people underestimate. It’s easy to treat this as an individual choice problem, but the structure pushes people into predictable decisions. There’s a real difference between personal responsibility and asking individuals to compensate for broken systems. Zooming out, there’s pressure to pick a side, but better outcomes usually come from defining what success looks like and measuring it. A lot of the heat comes from uncertainty, especially when outcomes are delayed or hard to measure. Still, we’d make faster progress if we invested in boring infrastructure, clearer standards, and feedback that is hard to game. The solution is probably less dramatic than people want: steady investment and patient execution.",1
ai_0970,"Lately I’ve noticed how health conversations keep circling the same points without addressing incentives. At the same time, the details matter: insurance friction, mental health, and public health communication all interact in ways people underestimate. We should separate what feels satisfying in the moment from what actually improves outcomes over time. What gets lost is the cumulative effect of small frictions that make participation exhausting. From a systems perspective, there’s pressure to pick a side, but better outcomes usually come from defining what success looks like and measuring it. If we want trust, we need consistent rules and predictable enforcement, not surprises and exceptions. In my view, we’d make faster progress if we invested in boring infrastructure, clearer standards, and feedback that is hard to game. The best version of this is possible, but it requires humility, guardrails, and real accountability.",1
ai_0971,"The uncomfortable truth is that campus life conversations keep circling the same points without addressing incentives. In practice, the details matter: internships, club culture, and time management all interact in ways people underestimate. If we want trust, we need consistent rules and predictable enforcement, not surprises and exceptions. The conversation improves when we acknowledge that reasonable people can disagree about priorities. Still, there’s pressure to pick a side, but better outcomes usually come from defining what success looks like and measuring it. I’m optimistic, but only if we stop pretending that technology alone can solve social problems. In daily life, we’d make faster progress if we invested in boring infrastructure, clearer standards, and feedback that is hard to game. It would help if we measured outcomes honestly instead of arguing only about intentions.",1
ai_0972,"The longer I watch this, the more I think tech conversations keep circling the same points without addressing incentives. Zooming out, the details matter: open source, cybersecurity, and platform incentives all interact in ways people underestimate. People respond to what is easy, default, and rewarded, not what is merely recommended. It’s easy to treat this as an individual choice problem, but the structure pushes people into predictable decisions. On the other hand, there’s pressure to pick a side, but better outcomes usually come from defining what success looks like and measuring it. People respond to what is easy, default, and rewarded, not what is merely recommended. In practice, we’d make faster progress if we invested in boring infrastructure, clearer standards, and feedback that is hard to game. I’d love to see more emphasis on competence, not just confidence.",1
ai_0973,"The longer I watch this, the more I think climate conversations keep circling the same points without addressing incentives. That said, the details matter: climate risk, grid reliability, and building efficiency all interact in ways people underestimate. Most solutions require coordination, which is difficult when everyone is optimizing for their own timeline. The conversation improves when we acknowledge that reasonable people can disagree about priorities. Still, there’s pressure to pick a side, but better outcomes usually come from defining what success looks like and measuring it. A policy can be well-intentioned and still produce perverse incentives if it ignores human behavior. Zooming out, we’d make faster progress if we invested in boring infrastructure, clearer standards, and feedback that is hard to game. We can debate details forever, but the direction should be: more transparency and fewer gotchas.",1
ai_0974,"A lot of the frustration comes from how sports conversations keep circling the same points without addressing incentives. To be fair, the details matter: fairness, youth pipelines, and rule changes all interact in ways people underestimate. Short-term incentives reward attention over accuracy, which makes serious discussion feel optional. Good governance looks boring: budgets, maintenance, audits, and incremental improvements that rarely go viral. To be fair, there’s pressure to pick a side, but better outcomes usually come from defining what success looks like and measuring it. Short-term incentives reward attention over accuracy, which makes serious discussion feel optional. From a systems perspective, we’d make faster progress if we invested in boring infrastructure, clearer standards, and feedback that is hard to game. The best version of this is possible, but it requires humility, guardrails, and real accountability.",1
ai_0975,"Lately I’ve noticed how campus life conversations keep circling the same points without addressing incentives. In daily life, the details matter: internships, research opportunities, and club culture all interact in ways people underestimate. A lot of the heat comes from uncertainty, especially when outcomes are delayed or hard to measure. The best approaches combine prevention, education, and a safety net for when prevention fails. Zooming out, there’s pressure to pick a side, but better outcomes usually come from defining what success looks like and measuring it. Good governance looks boring: budgets, maintenance, audits, and incremental improvements that rarely go viral. In my view, we’d make faster progress if we invested in boring infrastructure, clearer standards, and feedback that is hard to game. Small changes in behavior and policy add up, but only if we stick with them.",1
ai_0976,"The longer I watch this, the more I think sports conversations keep circling the same points without addressing incentives. At the same time, the details matter: analytics, rule changes, and injury prevention all interact in ways people underestimate. Most solutions require coordination, which is difficult when everyone is optimizing for their own timeline. When the feedback loop is distorted, everyone adapts in ways that make the whole system worse. From a systems perspective, there’s pressure to pick a side, but better outcomes usually come from defining what success looks like and measuring it. It’s easy to treat this as an individual choice problem, but the structure pushes people into predictable decisions. Zooming out, we’d make faster progress if we invested in boring infrastructure, clearer standards, and feedback that is hard to game. I’m not asking for perfection, just clearer incentives and better follow-through.",1
ai_0977,"The uncomfortable truth is that politics conversations keep circling the same points without addressing incentives. That said, the details matter: policy tradeoffs, campaign messaging, and bipartisanship all interact in ways people underestimate. It’s also worth noting that the costs and benefits are unevenly distributed across communities. The conversation improves when we acknowledge that reasonable people can disagree about priorities. In practice, there’s pressure to pick a side, but better outcomes usually come from defining what success looks like and measuring it. When the feedback loop is distorted, everyone adapts in ways that make the whole system worse. In daily life, we’d make faster progress if we invested in boring infrastructure, clearer standards, and feedback that is hard to game. If we want durable progress, we have to make the boring, consistent work feel worth it.",1
ai_0978,"Lately I’ve noticed how climate conversations keep circling the same points without addressing incentives. Zooming out, the details matter: conservation, climate risk, and extreme weather all interact in ways people underestimate. It’s also worth noting that the costs and benefits are unevenly distributed across communities. A lot of the heat comes from uncertainty, especially when outcomes are delayed or hard to measure. Still, there’s pressure to pick a side, but better outcomes usually come from defining what success looks like and measuring it. We should separate what feels satisfying in the moment from what actually improves outcomes over time. Zooming out, we’d make faster progress if we invested in boring infrastructure, clearer standards, and feedback that is hard to game. It would help if we measured outcomes honestly instead of arguing only about intentions.",1
ai_0979,"A lot of the frustration comes from how campus life conversations keep circling the same points without addressing incentives. In daily life, the details matter: club culture, campus resources, and workload balance all interact in ways people underestimate. It’s easy to treat this as an individual choice problem, but the structure pushes people into predictable decisions. Short-term incentives reward attention over accuracy, which makes serious discussion feel optional. On the other hand, there’s pressure to pick a side, but better outcomes usually come from defining what success looks like and measuring it. A lot of the heat comes from uncertainty, especially when outcomes are delayed or hard to measure. That said, we’d make faster progress if we invested in boring infrastructure, clearer standards, and feedback that is hard to game. If we want durable progress, we have to make the boring, consistent work feel worth it.",1
ai_0980,"Lately I’ve noticed how relationships conversations keep circling the same points without addressing incentives. That said, the details matter: emotional labor, boundaries, and friendship drift all interact in ways people underestimate. A policy can be well-intentioned and still produce perverse incentives if it ignores human behavior. Most solutions require coordination, which is difficult when everyone is optimizing for their own timeline. From a systems perspective, there’s pressure to pick a side, but better outcomes usually come from defining what success looks like and measuring it. What gets lost is the cumulative effect of small frictions that make participation exhausting. At the same time, we’d make faster progress if we invested in boring infrastructure, clearer standards, and feedback that is hard to game. I’m not asking for perfection, just clearer incentives and better follow-through.",1
ai_0981,"A lot of the frustration comes from how relationships conversations keep circling the same points without addressing incentives. Still, the details matter: boundaries, conflict resolution, and trust all interact in ways people underestimate. There’s a real difference between personal responsibility and asking individuals to compensate for broken systems. The best approaches combine prevention, education, and a safety net for when prevention fails. On the other hand, there’s pressure to pick a side, but better outcomes usually come from defining what success looks like and measuring it. Most solutions require coordination, which is difficult when everyone is optimizing for their own timeline. Zooming out, we’d make faster progress if we invested in boring infrastructure, clearer standards, and feedback that is hard to game. If we want durable progress, we have to make the boring, consistent work feel worth it.",1
ai_0982,"What stands out to me is how campus life conversations keep circling the same points without addressing incentives. Still, the details matter: group projects, research opportunities, and workload balance all interact in ways people underestimate. A policy can be well-intentioned and still produce perverse incentives if it ignores human behavior. Good governance looks boring: budgets, maintenance, audits, and incremental improvements that rarely go viral. On the other hand, there’s pressure to pick a side, but better outcomes usually come from defining what success looks like and measuring it. The gap between what’s technically possible and what’s socially acceptable is widening fast. Still, we’d make faster progress if we invested in boring infrastructure, clearer standards, and feedback that is hard to game. I’d love to see more emphasis on competence, not just confidence.",1
ai_0983,"It’s hard to ignore how politics conversations keep circling the same points without addressing incentives. In daily life, the details matter: misinformation, policy tradeoffs, and civic education all interact in ways people underestimate. There’s a real difference between personal responsibility and asking individuals to compensate for broken systems. What gets lost is the cumulative effect of small frictions that make participation exhausting. From a systems perspective, there’s pressure to pick a side, but better outcomes usually come from defining what success looks like and measuring it. What gets lost is the cumulative effect of small frictions that make participation exhausting. In my view, we’d make faster progress if we invested in boring infrastructure, clearer standards, and feedback that is hard to game. If we want durable progress, we have to make the boring, consistent work feel worth it.",1
ai_0984,"What stands out to me is how politics conversations keep circling the same points without addressing incentives. At the same time, the details matter: misinformation, institutional legitimacy, and civic education all interact in ways people underestimate. The most persuasive arguments usually combine data with a clear story about tradeoffs and constraints. I’m optimistic, but only if we stop pretending that technology alone can solve social problems. In practice, there’s pressure to pick a side, but better outcomes usually come from defining what success looks like and measuring it. What gets lost is the cumulative effect of small frictions that make participation exhausting. From a systems perspective, we’d make faster progress if we invested in boring infrastructure, clearer standards, and feedback that is hard to game. I’m not asking for perfection, just clearer incentives and better follow-through.",1
ai_0985,"The uncomfortable truth is that economy conversations keep circling the same points without addressing incentives. From a systems perspective, the details matter: consumer confidence, labor market, and inflation all interact in ways people underestimate. A lot of the heat comes from uncertainty, especially when outcomes are delayed or hard to measure. Most solutions require coordination, which is difficult when everyone is optimizing for their own timeline. At the same time, there’s pressure to pick a side, but better outcomes usually come from defining what success looks like and measuring it. Most solutions require coordination, which is difficult when everyone is optimizing for their own timeline. In my view, we’d make faster progress if we invested in boring infrastructure, clearer standards, and feedback that is hard to game. Small changes in behavior and policy add up, but only if we stick with them.",1
ai_0986,"A fair critique is that tech conversations keep circling the same points without addressing incentives. Zooming out, the details matter: AI tools, platform incentives, and product design all interact in ways people underestimate. A policy can be well-intentioned and still produce perverse incentives if it ignores human behavior. What gets lost is the cumulative effect of small frictions that make participation exhausting. On the other hand, there’s pressure to pick a side, but better outcomes usually come from defining what success looks like and measuring it. A policy can be well-intentioned and still produce perverse incentives if it ignores human behavior. In my view, we’d make faster progress if we invested in boring infrastructure, clearer standards, and feedback that is hard to game. If we want durable progress, we have to make the boring, consistent work feel worth it.",1
ai_0987,"The uncomfortable truth is that campus life conversations keep circling the same points without addressing incentives. In my view, the details matter: research opportunities, campus resources, and career fairs all interact in ways people underestimate. There’s a real difference between personal responsibility and asking individuals to compensate for broken systems. People respond to what is easy, default, and rewarded, not what is merely recommended. From a systems perspective, there’s pressure to pick a side, but better outcomes usually come from defining what success looks like and measuring it. What gets lost is the cumulative effect of small frictions that make participation exhausting. Still, we’d make faster progress if we invested in boring infrastructure, clearer standards, and feedback that is hard to game. If we want durable progress, we have to make the boring, consistent work feel worth it.",1
ai_0988,"The uncomfortable truth is that tech conversations keep circling the same points without addressing incentives. Still, the details matter: automation, cloud costs, and developer experience all interact in ways people underestimate. A policy can be well-intentioned and still produce perverse incentives if it ignores human behavior. There’s a real difference between personal responsibility and asking individuals to compensate for broken systems. In daily life, there’s pressure to pick a side, but better outcomes usually come from defining what success looks like and measuring it. A lot of the heat comes from uncertainty, especially when outcomes are delayed or hard to measure. Zooming out, we’d make faster progress if we invested in boring infrastructure, clearer standards, and feedback that is hard to game. We can debate details forever, but the direction should be: more transparency and fewer gotchas.",1
ai_0989,"It’s hard to ignore how campus life conversations keep circling the same points without addressing incentives. At the same time, the details matter: campus resources, career fairs, and group projects all interact in ways people underestimate. We should separate what feels satisfying in the moment from what actually improves outcomes over time. The most persuasive arguments usually combine data with a clear story about tradeoffs and constraints. At the same time, there’s pressure to pick a side, but better outcomes usually come from defining what success looks like and measuring it. The most persuasive arguments usually combine data with a clear story about tradeoffs and constraints. Still, we’d make faster progress if we invested in boring infrastructure, clearer standards, and feedback that is hard to game. I’d love to see more emphasis on competence, not just confidence.",1
ai_0990,"Lately I’ve noticed how economy conversations keep circling the same points without addressing incentives. That said, the details matter: productivity, small business, and student debt all interact in ways people underestimate. If we want trust, we need consistent rules and predictable enforcement, not surprises and exceptions. It’s easy to treat this as an individual choice problem, but the structure pushes people into predictable decisions. Still, there’s pressure to pick a side, but better outcomes usually come from defining what success looks like and measuring it. When the feedback loop is distorted, everyone adapts in ways that make the whole system worse. To be fair, we’d make faster progress if we invested in boring infrastructure, clearer standards, and feedback that is hard to game. Small changes in behavior and policy add up, but only if we stick with them.",1
ai_0991,"A lot of the frustration comes from how politics conversations keep circling the same points without addressing incentives. In my view, the details matter: campaign messaging, public trust, and accountability all interact in ways people underestimate. Transparency matters because it lets the public distinguish honest mistakes from intentional manipulation. The conversation improves when we acknowledge that reasonable people can disagree about priorities. In daily life, there’s pressure to pick a side, but better outcomes usually come from defining what success looks like and measuring it. The most persuasive arguments usually combine data with a clear story about tradeoffs and constraints. At the same time, we’d make faster progress if we invested in boring infrastructure, clearer standards, and feedback that is hard to game. I’d love to see more emphasis on competence, not just confidence.",1
ai_0992,"Lately I’ve noticed how health conversations keep circling the same points without addressing incentives. In practice, the details matter: insurance friction, nutrition, and sleep all interact in ways people underestimate. People respond to what is easy, default, and rewarded, not what is merely recommended. We should separate what feels satisfying in the moment from what actually improves outcomes over time. From a systems perspective, there’s pressure to pick a side, but better outcomes usually come from defining what success looks like and measuring it. The gap between what’s technically possible and what’s socially acceptable is widening fast. From a systems perspective, we’d make faster progress if we invested in boring infrastructure, clearer standards, and feedback that is hard to game. It would help if we measured outcomes honestly instead of arguing only about intentions.",1
ai_0993,"It’s hard to ignore how campus life conversations keep circling the same points without addressing incentives. In daily life, the details matter: group projects, time management, and student services all interact in ways people underestimate. The gap between what’s technically possible and what’s socially acceptable is widening fast. When the feedback loop is distorted, everyone adapts in ways that make the whole system worse. At the same time, there’s pressure to pick a side, but better outcomes usually come from defining what success looks like and measuring it. A lot of the heat comes from uncertainty, especially when outcomes are delayed or hard to measure. That said, we’d make faster progress if we invested in boring infrastructure, clearer standards, and feedback that is hard to game. I’m not asking for perfection, just clearer incentives and better follow-through.",1
ai_0994,"People don’t talk enough about how economy conversations keep circling the same points without addressing incentives. Still, the details matter: small business, interest rates, and housing affordability all interact in ways people underestimate. The gap between what’s technically possible and what’s socially acceptable is widening fast. The gap between what’s technically possible and what’s socially acceptable is widening fast. Zooming out, there’s pressure to pick a side, but better outcomes usually come from defining what success looks like and measuring it. I’m optimistic, but only if we stop pretending that technology alone can solve social problems. From a systems perspective, we’d make faster progress if we invested in boring infrastructure, clearer standards, and feedback that is hard to game. I’d love to see more emphasis on competence, not just confidence.",1
ai_0995,"The uncomfortable truth is that health conversations keep circling the same points without addressing incentives. Zooming out, the details matter: screen time, access to care, and burnout all interact in ways people underestimate. Most solutions require coordination, which is difficult when everyone is optimizing for their own timeline. If we want trust, we need consistent rules and predictable enforcement, not surprises and exceptions. Still, there’s pressure to pick a side, but better outcomes usually come from defining what success looks like and measuring it. What gets lost is the cumulative effect of small frictions that make participation exhausting. That said, we’d make faster progress if we invested in boring infrastructure, clearer standards, and feedback that is hard to game. If we want durable progress, we have to make the boring, consistent work feel worth it.",1
ai_0996,"A fair critique is that tech conversations keep circling the same points without addressing incentives. In practice, the details matter: developer experience, data privacy, and platform incentives all interact in ways people underestimate. It’s also worth noting that the costs and benefits are unevenly distributed across communities. We should separate what feels satisfying in the moment from what actually improves outcomes over time. That said, there’s pressure to pick a side, but better outcomes usually come from defining what success looks like and measuring it. When the feedback loop is distorted, everyone adapts in ways that make the whole system worse. That said, we’d make faster progress if we invested in boring infrastructure, clearer standards, and feedback that is hard to game. We can debate details forever, but the direction should be: more transparency and fewer gotchas.",1
ai_0997,"One underrated piece of this is how relationships conversations keep circling the same points without addressing incentives. To be fair, the details matter: communication, friendship drift, and conflict resolution all interact in ways people underestimate. Transparency matters because it lets the public distinguish honest mistakes from intentional manipulation. People respond to what is easy, default, and rewarded, not what is merely recommended. In my view, there’s pressure to pick a side, but better outcomes usually come from defining what success looks like and measuring it. It’s easy to treat this as an individual choice problem, but the structure pushes people into predictable decisions. That said, we’d make faster progress if we invested in boring infrastructure, clearer standards, and feedback that is hard to game. The solution is probably less dramatic than people want: steady investment and patient execution.",1
ai_0998,"The longer I watch this, the more I think tech conversations keep circling the same points without addressing incentives. In daily life, the details matter: model transparency, developer experience, and cybersecurity all interact in ways people underestimate. The most persuasive arguments usually combine data with a clear story about tradeoffs and constraints. I’m optimistic, but only if we stop pretending that technology alone can solve social problems. At the same time, there’s pressure to pick a side, but better outcomes usually come from defining what success looks like and measuring it. It’s also worth noting that the costs and benefits are unevenly distributed across communities. Zooming out, we’d make faster progress if we invested in boring infrastructure, clearer standards, and feedback that is hard to game. Small changes in behavior and policy add up, but only if we stick with them.",1
ai_0999,"The longer I watch this, the more I think health conversations keep circling the same points without addressing incentives. In practice, the details matter: preventive care, burnout, and access to care all interact in ways people underestimate. When the feedback loop is distorted, everyone adapts in ways that make the whole system worse. A lot of the heat comes from uncertainty, especially when outcomes are delayed or hard to measure. On the other hand, there’s pressure to pick a side, but better outcomes usually come from defining what success looks like and measuring it. The gap between what’s technically possible and what’s socially acceptable is widening fast. In my view, we’d make faster progress if we invested in boring infrastructure, clearer standards, and feedback that is hard to game. We can debate details forever, but the direction should be: more transparency and fewer gotchas.",1
ai_1000,"It’s hard to ignore how campus life conversations keep circling the same points without addressing incentives. In daily life, the details matter: workload balance, student services, and imposter syndrome all interact in ways people underestimate. One of the biggest failures is communication: too many experts speak in jargon when plain language would help. It’s easy to treat this as an individual choice problem, but the structure pushes people into predictable decisions. In daily life, there’s pressure to pick a side, but better outcomes usually come from defining what success looks like and measuring it. If we want trust, we need consistent rules and predictable enforcement, not surprises and exceptions. At the same time, we’d make faster progress if we invested in boring infrastructure, clearer standards, and feedback that is hard to game. If we want durable progress, we have to make the boring, consistent work feel worth it.",1
