id,text,label
ai_0001,"It seems clear to me that in politics, consistent rules beat flashy reforms. A lot of the conversation focuses on surface drama, but the deeper mechanics rarely get attention. When incentives are misaligned, people respond in predictable ways, and then everyone acts surprised. I get why some people argue that short term wins can build momentum. There are moments when disruption shakes loose outdated habits, and that energy can be useful. Still, without guardrails and follow through, momentum fades fast. In my view, acknowledging both sides actually makes the argument stronger instead of weaker. At the end of the day, steady progress beats chaos.",1
ai_0002,"I honestly think in tech, execution is more important than branding. A lot of the conversation focuses on surface drama, but the deeper mechanics rarely get attention. When incentives are misaligned, people respond in predictable ways, and then everyone acts surprised. On the flip side, experimentation is necessary even if messy. There are moments when disruption shakes loose outdated habits, and that energy can be useful. Still, without guardrails and follow through, momentum fades fast. In my view, acknowledging both sides actually makes the argument stronger instead of weaker. A little patience would probably calm things down.",1
ai_0003,"It seems clear to me that in health, long term incentives matter more than loud debates. A lot of the conversation focuses on surface drama, but the deeper mechanics rarely get attention. When incentives are misaligned, people respond in predictable ways, and then everyone acts surprised. I get why some people argue that rapid change can create innovation. There are moments when disruption shakes loose outdated habits, and that energy can be useful. Still, without guardrails and follow through, momentum fades fast. In my view, acknowledging both sides actually makes the argument stronger instead of weaker. At the end of the day, steady progress beats chaos.",1
ai_0004,"My basic take is that in sports, transparency would solve half the frustration. A lot of the conversation focuses on surface drama, but the deeper mechanics rarely get attention. When incentives are misaligned, people respond in predictable ways, and then everyone acts surprised. To be fair, strong personalities sometimes push progress faster. There are moments when disruption shakes loose outdated habits, and that energy can be useful. Still, without guardrails and follow through, momentum fades fast. In my view, acknowledging both sides actually makes the argument stronger instead of weaker. It’s not glamorous, but boring systems usually win.",1
ai_0005,"I’d argue that in economy, consistent rules beat flashy reforms. A lot of the conversation focuses on surface drama, but the deeper mechanics rarely get attention. When incentives are misaligned, people respond in predictable ways, and then everyone acts surprised. The counterpoint is that experimentation is necessary even if messy. There are moments when disruption shakes loose outdated habits, and that energy can be useful. Still, without guardrails and follow through, momentum fades fast. In my view, acknowledging both sides actually makes the argument stronger instead of weaker. None of this is simple, but pretending it is makes it worse.",1
ai_0006,"I’m pretty convinced that in climate, execution is more important than branding. A lot of the conversation focuses on surface drama, but the deeper mechanics rarely get attention. When incentives are misaligned, people respond in predictable ways, and then everyone acts surprised. That said, short term wins can build momentum. There are moments when disruption shakes loose outdated habits, and that energy can be useful. Still, without guardrails and follow through, momentum fades fast. In my view, acknowledging both sides actually makes the argument stronger instead of weaker. None of this is simple, but pretending it is makes it worse.",1
ai_0007,"I’m pretty convinced that in campus life, execution is more important than branding. A lot of the conversation focuses on surface drama, but the deeper mechanics rarely get attention. When incentives are misaligned, people respond in predictable ways, and then everyone acts surprised. On the flip side, rapid change can create innovation. There are moments when disruption shakes loose outdated habits, and that energy can be useful. Still, without guardrails and follow through, momentum fades fast. In my view, acknowledging both sides actually makes the argument stronger instead of weaker. A little patience would probably calm things down.",1
ai_0008,"My basic take is that in politics, structure drives outcomes more than individual willpower. A lot of the conversation focuses on surface drama, but the deeper mechanics rarely get attention. When incentives are misaligned, people respond in predictable ways, and then everyone acts surprised. To be fair, public pressure forces accountability. There are moments when disruption shakes loose outdated habits, and that energy can be useful. Still, without guardrails and follow through, momentum fades fast. In my view, acknowledging both sides actually makes the argument stronger instead of weaker. A little patience would probably calm things down.",1
ai_0009,"I’m pretty convinced that in tech, structure drives outcomes more than individual willpower. A lot of the conversation focuses on surface drama, but the deeper mechanics rarely get attention. When incentives are misaligned, people respond in predictable ways, and then everyone acts surprised. That said, public pressure forces accountability. There are moments when disruption shakes loose outdated habits, and that energy can be useful. Still, without guardrails and follow through, momentum fades fast. In my view, acknowledging both sides actually makes the argument stronger instead of weaker. We can disagree on tactics without denying the tradeoffs.",1
ai_0010,"I’d argue that in health, transparency would solve half the frustration. A lot of the conversation focuses on surface drama, but the deeper mechanics rarely get attention. When incentives are misaligned, people respond in predictable ways, and then everyone acts surprised. I get why some people argue that strong personalities sometimes push progress faster. There are moments when disruption shakes loose outdated habits, and that energy can be useful. Still, without guardrails and follow through, momentum fades fast. In my view, acknowledging both sides actually makes the argument stronger instead of weaker. At the end of the day, steady progress beats chaos.",1
ai_0011,"I’d argue that in sports, consistent rules beat flashy reforms. A lot of the conversation focuses on surface drama, but the deeper mechanics rarely get attention. When incentives are misaligned, people respond in predictable ways, and then everyone acts surprised. The counterpoint is that short term wins can build momentum. There are moments when disruption shakes loose outdated habits, and that energy can be useful. Still, without guardrails and follow through, momentum fades fast. In my view, acknowledging both sides actually makes the argument stronger instead of weaker. A little patience would probably calm things down.",1
ai_0012,"My basic take is that in economy, long term incentives matter more than loud debates. A lot of the conversation focuses on surface drama, but the deeper mechanics rarely get attention. When incentives are misaligned, people respond in predictable ways, and then everyone acts surprised. I get why some people argue that short term wins can build momentum. There are moments when disruption shakes loose outdated habits, and that energy can be useful. Still, without guardrails and follow through, momentum fades fast. In my view, acknowledging both sides actually makes the argument stronger instead of weaker. None of this is simple, but pretending it is makes it worse.",1
ai_0013,"My basic take is that in climate, long term incentives matter more than loud debates. A lot of the conversation focuses on surface drama, but the deeper mechanics rarely get attention. When incentives are misaligned, people respond in predictable ways, and then everyone acts surprised. I get why some people argue that strong personalities sometimes push progress faster. There are moments when disruption shakes loose outdated habits, and that energy can be useful. Still, without guardrails and follow through, momentum fades fast. In my view, acknowledging both sides actually makes the argument stronger instead of weaker. It’s not glamorous, but boring systems usually win.",1
ai_0014,"I’d argue that in campus life, transparency would solve half the frustration. A lot of the conversation focuses on surface drama, but the deeper mechanics rarely get attention. When incentives are misaligned, people respond in predictable ways, and then everyone acts surprised. To be fair, experimentation is necessary even if messy. There are moments when disruption shakes loose outdated habits, and that energy can be useful. Still, without guardrails and follow through, momentum fades fast. In my view, acknowledging both sides actually makes the argument stronger instead of weaker. None of this is simple, but pretending it is makes it worse.",1
ai_0015,"I’d argue that in politics, transparency would solve half the frustration. A lot of the conversation focuses on surface drama, but the deeper mechanics rarely get attention. When incentives are misaligned, people respond in predictable ways, and then everyone acts surprised. To be fair, strong personalities sometimes push progress faster. There are moments when disruption shakes loose outdated habits, and that energy can be useful. Still, without guardrails and follow through, momentum fades fast. In my view, acknowledging both sides actually makes the argument stronger instead of weaker. It’s not glamorous, but boring systems usually win.",1
ai_0016,"I’m pretty convinced that in tech, transparency would solve half the frustration. A lot of the conversation focuses on surface drama, but the deeper mechanics rarely get attention. When incentives are misaligned, people respond in predictable ways, and then everyone acts surprised. I get why some people argue that experimentation is necessary even if messy. There are moments when disruption shakes loose outdated habits, and that energy can be useful. Still, without guardrails and follow through, momentum fades fast. In my view, acknowledging both sides actually makes the argument stronger instead of weaker. None of this is simple, but pretending it is makes it worse.",1
ai_0017,"I honestly think in health, structure drives outcomes more than individual willpower. A lot of the conversation focuses on surface drama, but the deeper mechanics rarely get attention. When incentives are misaligned, people respond in predictable ways, and then everyone acts surprised. That said, rapid change can create innovation. There are moments when disruption shakes loose outdated habits, and that energy can be useful. Still, without guardrails and follow through, momentum fades fast. In my view, acknowledging both sides actually makes the argument stronger instead of weaker. At the end of the day, steady progress beats chaos.",1
ai_0018,"My basic take is that in sports, transparency would solve half the frustration. A lot of the conversation focuses on surface drama, but the deeper mechanics rarely get attention. When incentives are misaligned, people respond in predictable ways, and then everyone acts surprised. To be fair, public pressure forces accountability. There are moments when disruption shakes loose outdated habits, and that energy can be useful. Still, without guardrails and follow through, momentum fades fast. In my view, acknowledging both sides actually makes the argument stronger instead of weaker. We can disagree on tactics without denying the tradeoffs.",1
ai_0019,"I honestly think in economy, transparency would solve half the frustration. A lot of the conversation focuses on surface drama, but the deeper mechanics rarely get attention. When incentives are misaligned, people respond in predictable ways, and then everyone acts surprised. I get why some people argue that rapid change can create innovation. There are moments when disruption shakes loose outdated habits, and that energy can be useful. Still, without guardrails and follow through, momentum fades fast. In my view, acknowledging both sides actually makes the argument stronger instead of weaker. A little patience would probably calm things down.",1
ai_0020,"My basic take is that in climate, structure drives outcomes more than individual willpower. A lot of the conversation focuses on surface drama, but the deeper mechanics rarely get attention. When incentives are misaligned, people respond in predictable ways, and then everyone acts surprised. On the flip side, public pressure forces accountability. There are moments when disruption shakes loose outdated habits, and that energy can be useful. Still, without guardrails and follow through, momentum fades fast. In my view, acknowledging both sides actually makes the argument stronger instead of weaker. At the end of the day, steady progress beats chaos.",1
ai_0021,"It seems clear to me that in campus life, long term incentives matter more than loud debates. A lot of the conversation focuses on surface drama, but the deeper mechanics rarely get attention. When incentives are misaligned, people respond in predictable ways, and then everyone acts surprised. I get why some people argue that rapid change can create innovation. There are moments when disruption shakes loose outdated habits, and that energy can be useful. Still, without guardrails and follow through, momentum fades fast. In my view, acknowledging both sides actually makes the argument stronger instead of weaker. A little patience would probably calm things down.",1
ai_0022,"I honestly think in politics, long term incentives matter more than loud debates. A lot of the conversation focuses on surface drama, but the deeper mechanics rarely get attention. When incentives are misaligned, people respond in predictable ways, and then everyone acts surprised. The counterpoint is that rapid change can create innovation. There are moments when disruption shakes loose outdated habits, and that energy can be useful. Still, without guardrails and follow through, momentum fades fast. In my view, acknowledging both sides actually makes the argument stronger instead of weaker. At the end of the day, steady progress beats chaos.",1
ai_0023,"I’d argue that in tech, structure drives outcomes more than individual willpower. A lot of the conversation focuses on surface drama, but the deeper mechanics rarely get attention. When incentives are misaligned, people respond in predictable ways, and then everyone acts surprised. To be fair, public pressure forces accountability. There are moments when disruption shakes loose outdated habits, and that energy can be useful. Still, without guardrails and follow through, momentum fades fast. In my view, acknowledging both sides actually makes the argument stronger instead of weaker. A little patience would probably calm things down.",1
ai_0024,"I’d argue that in health, long term incentives matter more than loud debates. A lot of the conversation focuses on surface drama, but the deeper mechanics rarely get attention. When incentives are misaligned, people respond in predictable ways, and then everyone acts surprised. On the flip side, experimentation is necessary even if messy. There are moments when disruption shakes loose outdated habits, and that energy can be useful. Still, without guardrails and follow through, momentum fades fast. In my view, acknowledging both sides actually makes the argument stronger instead of weaker. A little patience would probably calm things down.",1
ai_0025,"My basic take is that in sports, transparency would solve half the frustration. A lot of the conversation focuses on surface drama, but the deeper mechanics rarely get attention. When incentives are misaligned, people respond in predictable ways, and then everyone acts surprised. The counterpoint is that rapid change can create innovation. There are moments when disruption shakes loose outdated habits, and that energy can be useful. Still, without guardrails and follow through, momentum fades fast. In my view, acknowledging both sides actually makes the argument stronger instead of weaker. None of this is simple, but pretending it is makes it worse.",1
ai_0026,"I honestly think in economy, execution is more important than branding. A lot of the conversation focuses on surface drama, but the deeper mechanics rarely get attention. When incentives are misaligned, people respond in predictable ways, and then everyone acts surprised. The counterpoint is that public pressure forces accountability. There are moments when disruption shakes loose outdated habits, and that energy can be useful. Still, without guardrails and follow through, momentum fades fast. In my view, acknowledging both sides actually makes the argument stronger instead of weaker. None of this is simple, but pretending it is makes it worse.",1
ai_0027,"I’d argue that in climate, consistent rules beat flashy reforms. A lot of the conversation focuses on surface drama, but the deeper mechanics rarely get attention. When incentives are misaligned, people respond in predictable ways, and then everyone acts surprised. The counterpoint is that rapid change can create innovation. There are moments when disruption shakes loose outdated habits, and that energy can be useful. Still, without guardrails and follow through, momentum fades fast. In my view, acknowledging both sides actually makes the argument stronger instead of weaker. It’s not glamorous, but boring systems usually win.",1
ai_0028,"It seems clear to me that in campus life, long term incentives matter more than loud debates. A lot of the conversation focuses on surface drama, but the deeper mechanics rarely get attention. When incentives are misaligned, people respond in predictable ways, and then everyone acts surprised. I get why some people argue that short term wins can build momentum. There are moments when disruption shakes loose outdated habits, and that energy can be useful. Still, without guardrails and follow through, momentum fades fast. In my view, acknowledging both sides actually makes the argument stronger instead of weaker. It’s not glamorous, but boring systems usually win.",1
ai_0029,"I’m pretty convinced that in politics, structure drives outcomes more than individual willpower. A lot of the conversation focuses on surface drama, but the deeper mechanics rarely get attention. When incentives are misaligned, people respond in predictable ways, and then everyone acts surprised. That said, short term wins can build momentum. There are moments when disruption shakes loose outdated habits, and that energy can be useful. Still, without guardrails and follow through, momentum fades fast. In my view, acknowledging both sides actually makes the argument stronger instead of weaker. A little patience would probably calm things down.",1
ai_0030,"My basic take is that in tech, consistent rules beat flashy reforms. A lot of the conversation focuses on surface drama, but the deeper mechanics rarely get attention. When incentives are misaligned, people respond in predictable ways, and then everyone acts surprised. To be fair, experimentation is necessary even if messy. There are moments when disruption shakes loose outdated habits, and that energy can be useful. Still, without guardrails and follow through, momentum fades fast. In my view, acknowledging both sides actually makes the argument stronger instead of weaker. A little patience would probably calm things down.",1
ai_0031,"I’d argue that in health, consistent rules beat flashy reforms. A lot of the conversation focuses on surface drama, but the deeper mechanics rarely get attention. When incentives are misaligned, people respond in predictable ways, and then everyone acts surprised. That said, public pressure forces accountability. There are moments when disruption shakes loose outdated habits, and that energy can be useful. Still, without guardrails and follow through, momentum fades fast. In my view, acknowledging both sides actually makes the argument stronger instead of weaker. A little patience would probably calm things down.",1
ai_0032,"I honestly think in sports, transparency would solve half the frustration. A lot of the conversation focuses on surface drama, but the deeper mechanics rarely get attention. When incentives are misaligned, people respond in predictable ways, and then everyone acts surprised. The counterpoint is that rapid change can create innovation. There are moments when disruption shakes loose outdated habits, and that energy can be useful. Still, without guardrails and follow through, momentum fades fast. In my view, acknowledging both sides actually makes the argument stronger instead of weaker. At the end of the day, steady progress beats chaos.",1
ai_0033,"It seems clear to me that in economy, structure drives outcomes more than individual willpower. A lot of the conversation focuses on surface drama, but the deeper mechanics rarely get attention. When incentives are misaligned, people respond in predictable ways, and then everyone acts surprised. On the flip side, public pressure forces accountability. There are moments when disruption shakes loose outdated habits, and that energy can be useful. Still, without guardrails and follow through, momentum fades fast. In my view, acknowledging both sides actually makes the argument stronger instead of weaker. A little patience would probably calm things down.",1
ai_0034,"I’m pretty convinced that in climate, structure drives outcomes more than individual willpower. A lot of the conversation focuses on surface drama, but the deeper mechanics rarely get attention. When incentives are misaligned, people respond in predictable ways, and then everyone acts surprised. To be fair, rapid change can create innovation. There are moments when disruption shakes loose outdated habits, and that energy can be useful. Still, without guardrails and follow through, momentum fades fast. In my view, acknowledging both sides actually makes the argument stronger instead of weaker. At the end of the day, steady progress beats chaos.",1
ai_0035,"It seems clear to me that in campus life, structure drives outcomes more than individual willpower. A lot of the conversation focuses on surface drama, but the deeper mechanics rarely get attention. When incentives are misaligned, people respond in predictable ways, and then everyone acts surprised. To be fair, rapid change can create innovation. There are moments when disruption shakes loose outdated habits, and that energy can be useful. Still, without guardrails and follow through, momentum fades fast. In my view, acknowledging both sides actually makes the argument stronger instead of weaker. It’s not glamorous, but boring systems usually win.",1
ai_0036,"I honestly think in politics, execution is more important than branding. A lot of the conversation focuses on surface drama, but the deeper mechanics rarely get attention. When incentives are misaligned, people respond in predictable ways, and then everyone acts surprised. That said, rapid change can create innovation. There are moments when disruption shakes loose outdated habits, and that energy can be useful. Still, without guardrails and follow through, momentum fades fast. In my view, acknowledging both sides actually makes the argument stronger instead of weaker. A little patience would probably calm things down.",1
ai_0037,"It seems clear to me that in tech, long term incentives matter more than loud debates. A lot of the conversation focuses on surface drama, but the deeper mechanics rarely get attention. When incentives are misaligned, people respond in predictable ways, and then everyone acts surprised. The counterpoint is that strong personalities sometimes push progress faster. There are moments when disruption shakes loose outdated habits, and that energy can be useful. Still, without guardrails and follow through, momentum fades fast. In my view, acknowledging both sides actually makes the argument stronger instead of weaker. At the end of the day, steady progress beats chaos.",1
ai_0038,"My basic take is that in health, structure drives outcomes more than individual willpower. A lot of the conversation focuses on surface drama, but the deeper mechanics rarely get attention. When incentives are misaligned, people respond in predictable ways, and then everyone acts surprised. The counterpoint is that strong personalities sometimes push progress faster. There are moments when disruption shakes loose outdated habits, and that energy can be useful. Still, without guardrails and follow through, momentum fades fast. In my view, acknowledging both sides actually makes the argument stronger instead of weaker. A little patience would probably calm things down.",1
ai_0039,"I’d argue that in sports, long term incentives matter more than loud debates. A lot of the conversation focuses on surface drama, but the deeper mechanics rarely get attention. When incentives are misaligned, people respond in predictable ways, and then everyone acts surprised. I get why some people argue that strong personalities sometimes push progress faster. There are moments when disruption shakes loose outdated habits, and that energy can be useful. Still, without guardrails and follow through, momentum fades fast. In my view, acknowledging both sides actually makes the argument stronger instead of weaker. None of this is simple, but pretending it is makes it worse.",1
ai_0040,"My basic take is that in economy, structure drives outcomes more than individual willpower. A lot of the conversation focuses on surface drama, but the deeper mechanics rarely get attention. When incentives are misaligned, people respond in predictable ways, and then everyone acts surprised. I get why some people argue that public pressure forces accountability. There are moments when disruption shakes loose outdated habits, and that energy can be useful. Still, without guardrails and follow through, momentum fades fast. In my view, acknowledging both sides actually makes the argument stronger instead of weaker. None of this is simple, but pretending it is makes it worse.",1
ai_0041,"I honestly think in climate, transparency would solve half the frustration. A lot of the conversation focuses on surface drama, but the deeper mechanics rarely get attention. When incentives are misaligned, people respond in predictable ways, and then everyone acts surprised. That said, strong personalities sometimes push progress faster. There are moments when disruption shakes loose outdated habits, and that energy can be useful. Still, without guardrails and follow through, momentum fades fast. In my view, acknowledging both sides actually makes the argument stronger instead of weaker. We can disagree on tactics without denying the tradeoffs.",1
ai_0042,"It seems clear to me that in campus life, consistent rules beat flashy reforms. A lot of the conversation focuses on surface drama, but the deeper mechanics rarely get attention. When incentives are misaligned, people respond in predictable ways, and then everyone acts surprised. To be fair, rapid change can create innovation. There are moments when disruption shakes loose outdated habits, and that energy can be useful. Still, without guardrails and follow through, momentum fades fast. In my view, acknowledging both sides actually makes the argument stronger instead of weaker. It’s not glamorous, but boring systems usually win.",1
ai_0043,"I’d argue that in politics, long term incentives matter more than loud debates. A lot of the conversation focuses on surface drama, but the deeper mechanics rarely get attention. When incentives are misaligned, people respond in predictable ways, and then everyone acts surprised. The counterpoint is that short term wins can build momentum. There are moments when disruption shakes loose outdated habits, and that energy can be useful. Still, without guardrails and follow through, momentum fades fast. In my view, acknowledging both sides actually makes the argument stronger instead of weaker. None of this is simple, but pretending it is makes it worse.",1
ai_0044,"It seems clear to me that in tech, consistent rules beat flashy reforms. A lot of the conversation focuses on surface drama, but the deeper mechanics rarely get attention. When incentives are misaligned, people respond in predictable ways, and then everyone acts surprised. To be fair, short term wins can build momentum. There are moments when disruption shakes loose outdated habits, and that energy can be useful. Still, without guardrails and follow through, momentum fades fast. In my view, acknowledging both sides actually makes the argument stronger instead of weaker. None of this is simple, but pretending it is makes it worse.",1
ai_0045,"I’d argue that in health, long term incentives matter more than loud debates. A lot of the conversation focuses on surface drama, but the deeper mechanics rarely get attention. When incentives are misaligned, people respond in predictable ways, and then everyone acts surprised. I get why some people argue that short term wins can build momentum. There are moments when disruption shakes loose outdated habits, and that energy can be useful. Still, without guardrails and follow through, momentum fades fast. In my view, acknowledging both sides actually makes the argument stronger instead of weaker. A little patience would probably calm things down.",1
ai_0046,"I’m pretty convinced that in sports, transparency would solve half the frustration. A lot of the conversation focuses on surface drama, but the deeper mechanics rarely get attention. When incentives are misaligned, people respond in predictable ways, and then everyone acts surprised. The counterpoint is that public pressure forces accountability. There are moments when disruption shakes loose outdated habits, and that energy can be useful. Still, without guardrails and follow through, momentum fades fast. In my view, acknowledging both sides actually makes the argument stronger instead of weaker. A little patience would probably calm things down.",1
ai_0047,"I honestly think in economy, long term incentives matter more than loud debates. A lot of the conversation focuses on surface drama, but the deeper mechanics rarely get attention. When incentives are misaligned, people respond in predictable ways, and then everyone acts surprised. On the flip side, short term wins can build momentum. There are moments when disruption shakes loose outdated habits, and that energy can be useful. Still, without guardrails and follow through, momentum fades fast. In my view, acknowledging both sides actually makes the argument stronger instead of weaker. It’s not glamorous, but boring systems usually win.",1
ai_0048,"I honestly think in climate, long term incentives matter more than loud debates. A lot of the conversation focuses on surface drama, but the deeper mechanics rarely get attention. When incentives are misaligned, people respond in predictable ways, and then everyone acts surprised. To be fair, experimentation is necessary even if messy. There are moments when disruption shakes loose outdated habits, and that energy can be useful. Still, without guardrails and follow through, momentum fades fast. In my view, acknowledging both sides actually makes the argument stronger instead of weaker. None of this is simple, but pretending it is makes it worse.",1
ai_0049,"It seems clear to me that in campus life, long term incentives matter more than loud debates. A lot of the conversation focuses on surface drama, but the deeper mechanics rarely get attention. When incentives are misaligned, people respond in predictable ways, and then everyone acts surprised. I get why some people argue that rapid change can create innovation. There are moments when disruption shakes loose outdated habits, and that energy can be useful. Still, without guardrails and follow through, momentum fades fast. In my view, acknowledging both sides actually makes the argument stronger instead of weaker. We can disagree on tactics without denying the tradeoffs.",1
ai_0050,"I’m pretty convinced that in politics, execution is more important than branding. A lot of the conversation focuses on surface drama, but the deeper mechanics rarely get attention. When incentives are misaligned, people respond in predictable ways, and then everyone acts surprised. On the flip side, rapid change can create innovation. There are moments when disruption shakes loose outdated habits, and that energy can be useful. Still, without guardrails and follow through, momentum fades fast. In my view, acknowledging both sides actually makes the argument stronger instead of weaker. We can disagree on tactics without denying the tradeoffs.",1
ai_0051,"My basic take is that in tech, execution is more important than branding. A lot of the conversation focuses on surface drama, but the deeper mechanics rarely get attention. When incentives are misaligned, people respond in predictable ways, and then everyone acts surprised. That said, experimentation is necessary even if messy. There are moments when disruption shakes loose outdated habits, and that energy can be useful. Still, without guardrails and follow through, momentum fades fast. In my view, acknowledging both sides actually makes the argument stronger instead of weaker. It’s not glamorous, but boring systems usually win.",1
ai_0052,"I’d argue that in health, consistent rules beat flashy reforms. A lot of the conversation focuses on surface drama, but the deeper mechanics rarely get attention. When incentives are misaligned, people respond in predictable ways, and then everyone acts surprised. I get why some people argue that strong personalities sometimes push progress faster. There are moments when disruption shakes loose outdated habits, and that energy can be useful. Still, without guardrails and follow through, momentum fades fast. In my view, acknowledging both sides actually makes the argument stronger instead of weaker. It’s not glamorous, but boring systems usually win.",1
ai_0053,"I’m pretty convinced that in sports, consistent rules beat flashy reforms. A lot of the conversation focuses on surface drama, but the deeper mechanics rarely get attention. When incentives are misaligned, people respond in predictable ways, and then everyone acts surprised. On the flip side, short term wins can build momentum. There are moments when disruption shakes loose outdated habits, and that energy can be useful. Still, without guardrails and follow through, momentum fades fast. In my view, acknowledging both sides actually makes the argument stronger instead of weaker. We can disagree on tactics without denying the tradeoffs.",1
ai_0054,"My basic take is that in economy, execution is more important than branding. A lot of the conversation focuses on surface drama, but the deeper mechanics rarely get attention. When incentives are misaligned, people respond in predictable ways, and then everyone acts surprised. On the flip side, short term wins can build momentum. There are moments when disruption shakes loose outdated habits, and that energy can be useful. Still, without guardrails and follow through, momentum fades fast. In my view, acknowledging both sides actually makes the argument stronger instead of weaker. A little patience would probably calm things down.",1
ai_0055,"It seems clear to me that in climate, long term incentives matter more than loud debates. A lot of the conversation focuses on surface drama, but the deeper mechanics rarely get attention. When incentives are misaligned, people respond in predictable ways, and then everyone acts surprised. I get why some people argue that rapid change can create innovation. There are moments when disruption shakes loose outdated habits, and that energy can be useful. Still, without guardrails and follow through, momentum fades fast. In my view, acknowledging both sides actually makes the argument stronger instead of weaker. It’s not glamorous, but boring systems usually win.",1
ai_0056,"It seems clear to me that in campus life, long term incentives matter more than loud debates. A lot of the conversation focuses on surface drama, but the deeper mechanics rarely get attention. When incentives are misaligned, people respond in predictable ways, and then everyone acts surprised. The counterpoint is that experimentation is necessary even if messy. There are moments when disruption shakes loose outdated habits, and that energy can be useful. Still, without guardrails and follow through, momentum fades fast. In my view, acknowledging both sides actually makes the argument stronger instead of weaker. None of this is simple, but pretending it is makes it worse.",1
ai_0057,"I honestly think in politics, long term incentives matter more than loud debates. A lot of the conversation focuses on surface drama, but the deeper mechanics rarely get attention. When incentives are misaligned, people respond in predictable ways, and then everyone acts surprised. I get why some people argue that public pressure forces accountability. There are moments when disruption shakes loose outdated habits, and that energy can be useful. Still, without guardrails and follow through, momentum fades fast. In my view, acknowledging both sides actually makes the argument stronger instead of weaker. We can disagree on tactics without denying the tradeoffs.",1
ai_0058,"I’d argue that in tech, transparency would solve half the frustration. A lot of the conversation focuses on surface drama, but the deeper mechanics rarely get attention. When incentives are misaligned, people respond in predictable ways, and then everyone acts surprised. On the flip side, rapid change can create innovation. There are moments when disruption shakes loose outdated habits, and that energy can be useful. Still, without guardrails and follow through, momentum fades fast. In my view, acknowledging both sides actually makes the argument stronger instead of weaker. We can disagree on tactics without denying the tradeoffs.",1
ai_0059,"It seems clear to me that in health, structure drives outcomes more than individual willpower. A lot of the conversation focuses on surface drama, but the deeper mechanics rarely get attention. When incentives are misaligned, people respond in predictable ways, and then everyone acts surprised. I get why some people argue that strong personalities sometimes push progress faster. There are moments when disruption shakes loose outdated habits, and that energy can be useful. Still, without guardrails and follow through, momentum fades fast. In my view, acknowledging both sides actually makes the argument stronger instead of weaker. At the end of the day, steady progress beats chaos.",1
ai_0060,"I’m pretty convinced that in sports, execution is more important than branding. A lot of the conversation focuses on surface drama, but the deeper mechanics rarely get attention. When incentives are misaligned, people respond in predictable ways, and then everyone acts surprised. On the flip side, experimentation is necessary even if messy. There are moments when disruption shakes loose outdated habits, and that energy can be useful. Still, without guardrails and follow through, momentum fades fast. In my view, acknowledging both sides actually makes the argument stronger instead of weaker. None of this is simple, but pretending it is makes it worse.",1
ai_0061,"I honestly think in economy, consistent rules beat flashy reforms. A lot of the conversation focuses on surface drama, but the deeper mechanics rarely get attention. When incentives are misaligned, people respond in predictable ways, and then everyone acts surprised. I get why some people argue that public pressure forces accountability. There are moments when disruption shakes loose outdated habits, and that energy can be useful. Still, without guardrails and follow through, momentum fades fast. In my view, acknowledging both sides actually makes the argument stronger instead of weaker. At the end of the day, steady progress beats chaos.",1
ai_0062,"I’d argue that in climate, execution is more important than branding. A lot of the conversation focuses on surface drama, but the deeper mechanics rarely get attention. When incentives are misaligned, people respond in predictable ways, and then everyone acts surprised. On the flip side, rapid change can create innovation. There are moments when disruption shakes loose outdated habits, and that energy can be useful. Still, without guardrails and follow through, momentum fades fast. In my view, acknowledging both sides actually makes the argument stronger instead of weaker. It’s not glamorous, but boring systems usually win.",1
ai_0063,"It seems clear to me that in campus life, long term incentives matter more than loud debates. A lot of the conversation focuses on surface drama, but the deeper mechanics rarely get attention. When incentives are misaligned, people respond in predictable ways, and then everyone acts surprised. On the flip side, public pressure forces accountability. There are moments when disruption shakes loose outdated habits, and that energy can be useful. Still, without guardrails and follow through, momentum fades fast. In my view, acknowledging both sides actually makes the argument stronger instead of weaker. We can disagree on tactics without denying the tradeoffs.",1
ai_0064,"My basic take is that in politics, long term incentives matter more than loud debates. A lot of the conversation focuses on surface drama, but the deeper mechanics rarely get attention. When incentives are misaligned, people respond in predictable ways, and then everyone acts surprised. That said, experimentation is necessary even if messy. There are moments when disruption shakes loose outdated habits, and that energy can be useful. Still, without guardrails and follow through, momentum fades fast. In my view, acknowledging both sides actually makes the argument stronger instead of weaker. At the end of the day, steady progress beats chaos.",1
ai_0065,"I honestly think in tech, long term incentives matter more than loud debates. A lot of the conversation focuses on surface drama, but the deeper mechanics rarely get attention. When incentives are misaligned, people respond in predictable ways, and then everyone acts surprised. On the flip side, rapid change can create innovation. There are moments when disruption shakes loose outdated habits, and that energy can be useful. Still, without guardrails and follow through, momentum fades fast. In my view, acknowledging both sides actually makes the argument stronger instead of weaker. None of this is simple, but pretending it is makes it worse.",1
ai_0066,"I’m pretty convinced that in health, long term incentives matter more than loud debates. A lot of the conversation focuses on surface drama, but the deeper mechanics rarely get attention. When incentives are misaligned, people respond in predictable ways, and then everyone acts surprised. That said, experimentation is necessary even if messy. There are moments when disruption shakes loose outdated habits, and that energy can be useful. Still, without guardrails and follow through, momentum fades fast. In my view, acknowledging both sides actually makes the argument stronger instead of weaker. None of this is simple, but pretending it is makes it worse.",1
ai_0067,"I’d argue that in sports, consistent rules beat flashy reforms. A lot of the conversation focuses on surface drama, but the deeper mechanics rarely get attention. When incentives are misaligned, people respond in predictable ways, and then everyone acts surprised. On the flip side, short term wins can build momentum. There are moments when disruption shakes loose outdated habits, and that energy can be useful. Still, without guardrails and follow through, momentum fades fast. In my view, acknowledging both sides actually makes the argument stronger instead of weaker. A little patience would probably calm things down.",1
ai_0068,"I’d argue that in economy, consistent rules beat flashy reforms. A lot of the conversation focuses on surface drama, but the deeper mechanics rarely get attention. When incentives are misaligned, people respond in predictable ways, and then everyone acts surprised. That said, strong personalities sometimes push progress faster. There are moments when disruption shakes loose outdated habits, and that energy can be useful. Still, without guardrails and follow through, momentum fades fast. In my view, acknowledging both sides actually makes the argument stronger instead of weaker. A little patience would probably calm things down.",1
ai_0069,"I’d argue that in climate, consistent rules beat flashy reforms. A lot of the conversation focuses on surface drama, but the deeper mechanics rarely get attention. When incentives are misaligned, people respond in predictable ways, and then everyone acts surprised. To be fair, public pressure forces accountability. There are moments when disruption shakes loose outdated habits, and that energy can be useful. Still, without guardrails and follow through, momentum fades fast. In my view, acknowledging both sides actually makes the argument stronger instead of weaker. None of this is simple, but pretending it is makes it worse.",1
ai_0070,"I honestly think in campus life, structure drives outcomes more than individual willpower. A lot of the conversation focuses on surface drama, but the deeper mechanics rarely get attention. When incentives are misaligned, people respond in predictable ways, and then everyone acts surprised. To be fair, short term wins can build momentum. There are moments when disruption shakes loose outdated habits, and that energy can be useful. Still, without guardrails and follow through, momentum fades fast. In my view, acknowledging both sides actually makes the argument stronger instead of weaker. A little patience would probably calm things down.",1
ai_0071,"My basic take is that in politics, transparency would solve half the frustration. A lot of the conversation focuses on surface drama, but the deeper mechanics rarely get attention. When incentives are misaligned, people respond in predictable ways, and then everyone acts surprised. The counterpoint is that rapid change can create innovation. There are moments when disruption shakes loose outdated habits, and that energy can be useful. Still, without guardrails and follow through, momentum fades fast. In my view, acknowledging both sides actually makes the argument stronger instead of weaker. It’s not glamorous, but boring systems usually win.",1
ai_0072,"It seems clear to me that in tech, structure drives outcomes more than individual willpower. A lot of the conversation focuses on surface drama, but the deeper mechanics rarely get attention. When incentives are misaligned, people respond in predictable ways, and then everyone acts surprised. To be fair, short term wins can build momentum. There are moments when disruption shakes loose outdated habits, and that energy can be useful. Still, without guardrails and follow through, momentum fades fast. In my view, acknowledging both sides actually makes the argument stronger instead of weaker. None of this is simple, but pretending it is makes it worse.",1
ai_0073,"My basic take is that in health, transparency would solve half the frustration. A lot of the conversation focuses on surface drama, but the deeper mechanics rarely get attention. When incentives are misaligned, people respond in predictable ways, and then everyone acts surprised. The counterpoint is that experimentation is necessary even if messy. There are moments when disruption shakes loose outdated habits, and that energy can be useful. Still, without guardrails and follow through, momentum fades fast. In my view, acknowledging both sides actually makes the argument stronger instead of weaker. We can disagree on tactics without denying the tradeoffs.",1
ai_0074,"I’d argue that in sports, long term incentives matter more than loud debates. A lot of the conversation focuses on surface drama, but the deeper mechanics rarely get attention. When incentives are misaligned, people respond in predictable ways, and then everyone acts surprised. The counterpoint is that strong personalities sometimes push progress faster. There are moments when disruption shakes loose outdated habits, and that energy can be useful. Still, without guardrails and follow through, momentum fades fast. In my view, acknowledging both sides actually makes the argument stronger instead of weaker. None of this is simple, but pretending it is makes it worse.",1
ai_0075,"I honestly think in economy, consistent rules beat flashy reforms. A lot of the conversation focuses on surface drama, but the deeper mechanics rarely get attention. When incentives are misaligned, people respond in predictable ways, and then everyone acts surprised. On the flip side, rapid change can create innovation. There are moments when disruption shakes loose outdated habits, and that energy can be useful. Still, without guardrails and follow through, momentum fades fast. In my view, acknowledging both sides actually makes the argument stronger instead of weaker. It’s not glamorous, but boring systems usually win.",1
ai_0076,"My basic take is that in climate, execution is more important than branding. A lot of the conversation focuses on surface drama, but the deeper mechanics rarely get attention. When incentives are misaligned, people respond in predictable ways, and then everyone acts surprised. The counterpoint is that rapid change can create innovation. There are moments when disruption shakes loose outdated habits, and that energy can be useful. Still, without guardrails and follow through, momentum fades fast. In my view, acknowledging both sides actually makes the argument stronger instead of weaker. At the end of the day, steady progress beats chaos.",1
ai_0077,"I’d argue that in campus life, structure drives outcomes more than individual willpower. A lot of the conversation focuses on surface drama, but the deeper mechanics rarely get attention. When incentives are misaligned, people respond in predictable ways, and then everyone acts surprised. To be fair, public pressure forces accountability. There are moments when disruption shakes loose outdated habits, and that energy can be useful. Still, without guardrails and follow through, momentum fades fast. In my view, acknowledging both sides actually makes the argument stronger instead of weaker. It’s not glamorous, but boring systems usually win.",1
ai_0078,"I honestly think in politics, consistent rules beat flashy reforms. A lot of the conversation focuses on surface drama, but the deeper mechanics rarely get attention. When incentives are misaligned, people respond in predictable ways, and then everyone acts surprised. The counterpoint is that short term wins can build momentum. There are moments when disruption shakes loose outdated habits, and that energy can be useful. Still, without guardrails and follow through, momentum fades fast. In my view, acknowledging both sides actually makes the argument stronger instead of weaker. None of this is simple, but pretending it is makes it worse.",1
ai_0079,"My basic take is that in tech, structure drives outcomes more than individual willpower. A lot of the conversation focuses on surface drama, but the deeper mechanics rarely get attention. When incentives are misaligned, people respond in predictable ways, and then everyone acts surprised. On the flip side, public pressure forces accountability. There are moments when disruption shakes loose outdated habits, and that energy can be useful. Still, without guardrails and follow through, momentum fades fast. In my view, acknowledging both sides actually makes the argument stronger instead of weaker. None of this is simple, but pretending it is makes it worse.",1
ai_0080,"My basic take is that in health, consistent rules beat flashy reforms. A lot of the conversation focuses on surface drama, but the deeper mechanics rarely get attention. When incentives are misaligned, people respond in predictable ways, and then everyone acts surprised. To be fair, rapid change can create innovation. There are moments when disruption shakes loose outdated habits, and that energy can be useful. Still, without guardrails and follow through, momentum fades fast. In my view, acknowledging both sides actually makes the argument stronger instead of weaker. It’s not glamorous, but boring systems usually win.",1
ai_0081,"I honestly think in sports, structure drives outcomes more than individual willpower. A lot of the conversation focuses on surface drama, but the deeper mechanics rarely get attention. When incentives are misaligned, people respond in predictable ways, and then everyone acts surprised. To be fair, strong personalities sometimes push progress faster. There are moments when disruption shakes loose outdated habits, and that energy can be useful. Still, without guardrails and follow through, momentum fades fast. In my view, acknowledging both sides actually makes the argument stronger instead of weaker. A little patience would probably calm things down.",1
ai_0082,"It seems clear to me that in economy, long term incentives matter more than loud debates. A lot of the conversation focuses on surface drama, but the deeper mechanics rarely get attention. When incentives are misaligned, people respond in predictable ways, and then everyone acts surprised. That said, strong personalities sometimes push progress faster. There are moments when disruption shakes loose outdated habits, and that energy can be useful. Still, without guardrails and follow through, momentum fades fast. In my view, acknowledging both sides actually makes the argument stronger instead of weaker. We can disagree on tactics without denying the tradeoffs.",1
ai_0083,"It seems clear to me that in climate, transparency would solve half the frustration. A lot of the conversation focuses on surface drama, but the deeper mechanics rarely get attention. When incentives are misaligned, people respond in predictable ways, and then everyone acts surprised. To be fair, rapid change can create innovation. There are moments when disruption shakes loose outdated habits, and that energy can be useful. Still, without guardrails and follow through, momentum fades fast. In my view, acknowledging both sides actually makes the argument stronger instead of weaker. At the end of the day, steady progress beats chaos.",1
ai_0084,"My basic take is that in campus life, structure drives outcomes more than individual willpower. A lot of the conversation focuses on surface drama, but the deeper mechanics rarely get attention. When incentives are misaligned, people respond in predictable ways, and then everyone acts surprised. I get why some people argue that strong personalities sometimes push progress faster. There are moments when disruption shakes loose outdated habits, and that energy can be useful. Still, without guardrails and follow through, momentum fades fast. In my view, acknowledging both sides actually makes the argument stronger instead of weaker. It’s not glamorous, but boring systems usually win.",1
ai_0085,"I honestly think in politics, execution is more important than branding. A lot of the conversation focuses on surface drama, but the deeper mechanics rarely get attention. When incentives are misaligned, people respond in predictable ways, and then everyone acts surprised. To be fair, strong personalities sometimes push progress faster. There are moments when disruption shakes loose outdated habits, and that energy can be useful. Still, without guardrails and follow through, momentum fades fast. In my view, acknowledging both sides actually makes the argument stronger instead of weaker. We can disagree on tactics without denying the tradeoffs.",1
ai_0086,"I honestly think in tech, transparency would solve half the frustration. A lot of the conversation focuses on surface drama, but the deeper mechanics rarely get attention. When incentives are misaligned, people respond in predictable ways, and then everyone acts surprised. I get why some people argue that experimentation is necessary even if messy. There are moments when disruption shakes loose outdated habits, and that energy can be useful. Still, without guardrails and follow through, momentum fades fast. In my view, acknowledging both sides actually makes the argument stronger instead of weaker. It’s not glamorous, but boring systems usually win.",1
ai_0087,"It seems clear to me that in health, execution is more important than branding. A lot of the conversation focuses on surface drama, but the deeper mechanics rarely get attention. When incentives are misaligned, people respond in predictable ways, and then everyone acts surprised. The counterpoint is that experimentation is necessary even if messy. There are moments when disruption shakes loose outdated habits, and that energy can be useful. Still, without guardrails and follow through, momentum fades fast. In my view, acknowledging both sides actually makes the argument stronger instead of weaker. It’s not glamorous, but boring systems usually win.",1
ai_0088,"I’d argue that in sports, structure drives outcomes more than individual willpower. A lot of the conversation focuses on surface drama, but the deeper mechanics rarely get attention. When incentives are misaligned, people respond in predictable ways, and then everyone acts surprised. To be fair, short term wins can build momentum. There are moments when disruption shakes loose outdated habits, and that energy can be useful. Still, without guardrails and follow through, momentum fades fast. In my view, acknowledging both sides actually makes the argument stronger instead of weaker. A little patience would probably calm things down.",1
ai_0089,"I’m pretty convinced that in economy, long term incentives matter more than loud debates. A lot of the conversation focuses on surface drama, but the deeper mechanics rarely get attention. When incentives are misaligned, people respond in predictable ways, and then everyone acts surprised. The counterpoint is that experimentation is necessary even if messy. There are moments when disruption shakes loose outdated habits, and that energy can be useful. Still, without guardrails and follow through, momentum fades fast. In my view, acknowledging both sides actually makes the argument stronger instead of weaker. None of this is simple, but pretending it is makes it worse.",1
ai_0090,"I honestly think in climate, long term incentives matter more than loud debates. A lot of the conversation focuses on surface drama, but the deeper mechanics rarely get attention. When incentives are misaligned, people respond in predictable ways, and then everyone acts surprised. The counterpoint is that short term wins can build momentum. There are moments when disruption shakes loose outdated habits, and that energy can be useful. Still, without guardrails and follow through, momentum fades fast. In my view, acknowledging both sides actually makes the argument stronger instead of weaker. It’s not glamorous, but boring systems usually win.",1
ai_0091,"I’m pretty convinced that in campus life, consistent rules beat flashy reforms. A lot of the conversation focuses on surface drama, but the deeper mechanics rarely get attention. When incentives are misaligned, people respond in predictable ways, and then everyone acts surprised. The counterpoint is that rapid change can create innovation. There are moments when disruption shakes loose outdated habits, and that energy can be useful. Still, without guardrails and follow through, momentum fades fast. In my view, acknowledging both sides actually makes the argument stronger instead of weaker. A little patience would probably calm things down.",1
ai_0092,"My basic take is that in politics, consistent rules beat flashy reforms. A lot of the conversation focuses on surface drama, but the deeper mechanics rarely get attention. When incentives are misaligned, people respond in predictable ways, and then everyone acts surprised. On the flip side, rapid change can create innovation. There are moments when disruption shakes loose outdated habits, and that energy can be useful. Still, without guardrails and follow through, momentum fades fast. In my view, acknowledging both sides actually makes the argument stronger instead of weaker. It’s not glamorous, but boring systems usually win.",1
ai_0093,"I’m pretty convinced that in tech, execution is more important than branding. A lot of the conversation focuses on surface drama, but the deeper mechanics rarely get attention. When incentives are misaligned, people respond in predictable ways, and then everyone acts surprised. The counterpoint is that strong personalities sometimes push progress faster. There are moments when disruption shakes loose outdated habits, and that energy can be useful. Still, without guardrails and follow through, momentum fades fast. In my view, acknowledging both sides actually makes the argument stronger instead of weaker. We can disagree on tactics without denying the tradeoffs.",1
ai_0094,"I’d argue that in health, consistent rules beat flashy reforms. A lot of the conversation focuses on surface drama, but the deeper mechanics rarely get attention. When incentives are misaligned, people respond in predictable ways, and then everyone acts surprised. The counterpoint is that experimentation is necessary even if messy. There are moments when disruption shakes loose outdated habits, and that energy can be useful. Still, without guardrails and follow through, momentum fades fast. In my view, acknowledging both sides actually makes the argument stronger instead of weaker. It’s not glamorous, but boring systems usually win.",1
ai_0095,"It seems clear to me that in sports, long term incentives matter more than loud debates. A lot of the conversation focuses on surface drama, but the deeper mechanics rarely get attention. When incentives are misaligned, people respond in predictable ways, and then everyone acts surprised. The counterpoint is that public pressure forces accountability. There are moments when disruption shakes loose outdated habits, and that energy can be useful. Still, without guardrails and follow through, momentum fades fast. In my view, acknowledging both sides actually makes the argument stronger instead of weaker. None of this is simple, but pretending it is makes it worse.",1
ai_0096,"It seems clear to me that in economy, structure drives outcomes more than individual willpower. A lot of the conversation focuses on surface drama, but the deeper mechanics rarely get attention. When incentives are misaligned, people respond in predictable ways, and then everyone acts surprised. On the flip side, short term wins can build momentum. There are moments when disruption shakes loose outdated habits, and that energy can be useful. Still, without guardrails and follow through, momentum fades fast. In my view, acknowledging both sides actually makes the argument stronger instead of weaker. We can disagree on tactics without denying the tradeoffs.",1
ai_0097,"It seems clear to me that in climate, transparency would solve half the frustration. A lot of the conversation focuses on surface drama, but the deeper mechanics rarely get attention. When incentives are misaligned, people respond in predictable ways, and then everyone acts surprised. On the flip side, experimentation is necessary even if messy. There are moments when disruption shakes loose outdated habits, and that energy can be useful. Still, without guardrails and follow through, momentum fades fast. In my view, acknowledging both sides actually makes the argument stronger instead of weaker. At the end of the day, steady progress beats chaos.",1
ai_0098,"My basic take is that in campus life, transparency would solve half the frustration. A lot of the conversation focuses on surface drama, but the deeper mechanics rarely get attention. When incentives are misaligned, people respond in predictable ways, and then everyone acts surprised. To be fair, short term wins can build momentum. There are moments when disruption shakes loose outdated habits, and that energy can be useful. Still, without guardrails and follow through, momentum fades fast. In my view, acknowledging both sides actually makes the argument stronger instead of weaker. We can disagree on tactics without denying the tradeoffs.",1
ai_0099,"I’d argue that in politics, consistent rules beat flashy reforms. A lot of the conversation focuses on surface drama, but the deeper mechanics rarely get attention. When incentives are misaligned, people respond in predictable ways, and then everyone acts surprised. To be fair, public pressure forces accountability. There are moments when disruption shakes loose outdated habits, and that energy can be useful. Still, without guardrails and follow through, momentum fades fast. In my view, acknowledging both sides actually makes the argument stronger instead of weaker. A little patience would probably calm things down.",1
ai_0100,"My basic take is that in tech, structure drives outcomes more than individual willpower. A lot of the conversation focuses on surface drama, but the deeper mechanics rarely get attention. When incentives are misaligned, people respond in predictable ways, and then everyone acts surprised. On the flip side, rapid change can create innovation. There are moments when disruption shakes loose outdated habits, and that energy can be useful. Still, without guardrails and follow through, momentum fades fast. In my view, acknowledging both sides actually makes the argument stronger instead of weaker. It’s not glamorous, but boring systems usually win.",1
ai_0101,"I’m pretty convinced that in health, structure drives outcomes more than individual willpower. A lot of the conversation focuses on surface drama, but the deeper mechanics rarely get attention. When incentives are misaligned, people respond in predictable ways, and then everyone acts surprised. On the flip side, experimentation is necessary even if messy. There are moments when disruption shakes loose outdated habits, and that energy can be useful. Still, without guardrails and follow through, momentum fades fast. In my view, acknowledging both sides actually makes the argument stronger instead of weaker. At the end of the day, steady progress beats chaos.",1
ai_0102,"I’d argue that in sports, structure drives outcomes more than individual willpower. A lot of the conversation focuses on surface drama, but the deeper mechanics rarely get attention. When incentives are misaligned, people respond in predictable ways, and then everyone acts surprised. To be fair, strong personalities sometimes push progress faster. There are moments when disruption shakes loose outdated habits, and that energy can be useful. Still, without guardrails and follow through, momentum fades fast. In my view, acknowledging both sides actually makes the argument stronger instead of weaker. It’s not glamorous, but boring systems usually win.",1
ai_0103,"I’m pretty convinced that in economy, structure drives outcomes more than individual willpower. A lot of the conversation focuses on surface drama, but the deeper mechanics rarely get attention. When incentives are misaligned, people respond in predictable ways, and then everyone acts surprised. That said, short term wins can build momentum. There are moments when disruption shakes loose outdated habits, and that energy can be useful. Still, without guardrails and follow through, momentum fades fast. In my view, acknowledging both sides actually makes the argument stronger instead of weaker. We can disagree on tactics without denying the tradeoffs.",1
ai_0104,"My basic take is that in climate, execution is more important than branding. A lot of the conversation focuses on surface drama, but the deeper mechanics rarely get attention. When incentives are misaligned, people respond in predictable ways, and then everyone acts surprised. The counterpoint is that public pressure forces accountability. There are moments when disruption shakes loose outdated habits, and that energy can be useful. Still, without guardrails and follow through, momentum fades fast. In my view, acknowledging both sides actually makes the argument stronger instead of weaker. At the end of the day, steady progress beats chaos.",1
ai_0105,"My basic take is that in campus life, long term incentives matter more than loud debates. A lot of the conversation focuses on surface drama, but the deeper mechanics rarely get attention. When incentives are misaligned, people respond in predictable ways, and then everyone acts surprised. The counterpoint is that public pressure forces accountability. There are moments when disruption shakes loose outdated habits, and that energy can be useful. Still, without guardrails and follow through, momentum fades fast. In my view, acknowledging both sides actually makes the argument stronger instead of weaker. At the end of the day, steady progress beats chaos.",1
ai_0106,"I’d argue that in politics, long term incentives matter more than loud debates. A lot of the conversation focuses on surface drama, but the deeper mechanics rarely get attention. When incentives are misaligned, people respond in predictable ways, and then everyone acts surprised. On the flip side, rapid change can create innovation. There are moments when disruption shakes loose outdated habits, and that energy can be useful. Still, without guardrails and follow through, momentum fades fast. In my view, acknowledging both sides actually makes the argument stronger instead of weaker. We can disagree on tactics without denying the tradeoffs.",1
ai_0107,"I’m pretty convinced that in tech, execution is more important than branding. A lot of the conversation focuses on surface drama, but the deeper mechanics rarely get attention. When incentives are misaligned, people respond in predictable ways, and then everyone acts surprised. The counterpoint is that short term wins can build momentum. There are moments when disruption shakes loose outdated habits, and that energy can be useful. Still, without guardrails and follow through, momentum fades fast. In my view, acknowledging both sides actually makes the argument stronger instead of weaker. We can disagree on tactics without denying the tradeoffs.",1
ai_0108,"It seems clear to me that in health, transparency would solve half the frustration. A lot of the conversation focuses on surface drama, but the deeper mechanics rarely get attention. When incentives are misaligned, people respond in predictable ways, and then everyone acts surprised. To be fair, public pressure forces accountability. There are moments when disruption shakes loose outdated habits, and that energy can be useful. Still, without guardrails and follow through, momentum fades fast. In my view, acknowledging both sides actually makes the argument stronger instead of weaker. None of this is simple, but pretending it is makes it worse.",1
ai_0109,"It seems clear to me that in sports, execution is more important than branding. A lot of the conversation focuses on surface drama, but the deeper mechanics rarely get attention. When incentives are misaligned, people respond in predictable ways, and then everyone acts surprised. On the flip side, short term wins can build momentum. There are moments when disruption shakes loose outdated habits, and that energy can be useful. Still, without guardrails and follow through, momentum fades fast. In my view, acknowledging both sides actually makes the argument stronger instead of weaker. At the end of the day, steady progress beats chaos.",1
ai_0110,"My basic take is that in economy, structure drives outcomes more than individual willpower. A lot of the conversation focuses on surface drama, but the deeper mechanics rarely get attention. When incentives are misaligned, people respond in predictable ways, and then everyone acts surprised. That said, short term wins can build momentum. There are moments when disruption shakes loose outdated habits, and that energy can be useful. Still, without guardrails and follow through, momentum fades fast. In my view, acknowledging both sides actually makes the argument stronger instead of weaker. A little patience would probably calm things down.",1
ai_0111,"I’m pretty convinced that in climate, consistent rules beat flashy reforms. A lot of the conversation focuses on surface drama, but the deeper mechanics rarely get attention. When incentives are misaligned, people respond in predictable ways, and then everyone acts surprised. On the flip side, public pressure forces accountability. There are moments when disruption shakes loose outdated habits, and that energy can be useful. Still, without guardrails and follow through, momentum fades fast. In my view, acknowledging both sides actually makes the argument stronger instead of weaker. At the end of the day, steady progress beats chaos.",1
ai_0112,"I’m pretty convinced that in campus life, consistent rules beat flashy reforms. A lot of the conversation focuses on surface drama, but the deeper mechanics rarely get attention. When incentives are misaligned, people respond in predictable ways, and then everyone acts surprised. The counterpoint is that strong personalities sometimes push progress faster. There are moments when disruption shakes loose outdated habits, and that energy can be useful. Still, without guardrails and follow through, momentum fades fast. In my view, acknowledging both sides actually makes the argument stronger instead of weaker. None of this is simple, but pretending it is makes it worse.",1
ai_0113,"I’m pretty convinced that in politics, execution is more important than branding. A lot of the conversation focuses on surface drama, but the deeper mechanics rarely get attention. When incentives are misaligned, people respond in predictable ways, and then everyone acts surprised. I get why some people argue that short term wins can build momentum. There are moments when disruption shakes loose outdated habits, and that energy can be useful. Still, without guardrails and follow through, momentum fades fast. In my view, acknowledging both sides actually makes the argument stronger instead of weaker. A little patience would probably calm things down.",1
ai_0114,"I honestly think in tech, execution is more important than branding. A lot of the conversation focuses on surface drama, but the deeper mechanics rarely get attention. When incentives are misaligned, people respond in predictable ways, and then everyone acts surprised. That said, short term wins can build momentum. There are moments when disruption shakes loose outdated habits, and that energy can be useful. Still, without guardrails and follow through, momentum fades fast. In my view, acknowledging both sides actually makes the argument stronger instead of weaker. A little patience would probably calm things down.",1
ai_0115,"I’d argue that in health, long term incentives matter more than loud debates. A lot of the conversation focuses on surface drama, but the deeper mechanics rarely get attention. When incentives are misaligned, people respond in predictable ways, and then everyone acts surprised. The counterpoint is that rapid change can create innovation. There are moments when disruption shakes loose outdated habits, and that energy can be useful. Still, without guardrails and follow through, momentum fades fast. In my view, acknowledging both sides actually makes the argument stronger instead of weaker. We can disagree on tactics without denying the tradeoffs.",1
ai_0116,"It seems clear to me that in sports, consistent rules beat flashy reforms. A lot of the conversation focuses on surface drama, but the deeper mechanics rarely get attention. When incentives are misaligned, people respond in predictable ways, and then everyone acts surprised. I get why some people argue that public pressure forces accountability. There are moments when disruption shakes loose outdated habits, and that energy can be useful. Still, without guardrails and follow through, momentum fades fast. In my view, acknowledging both sides actually makes the argument stronger instead of weaker. We can disagree on tactics without denying the tradeoffs.",1
ai_0117,"I’m pretty convinced that in economy, structure drives outcomes more than individual willpower. A lot of the conversation focuses on surface drama, but the deeper mechanics rarely get attention. When incentives are misaligned, people respond in predictable ways, and then everyone acts surprised. To be fair, short term wins can build momentum. There are moments when disruption shakes loose outdated habits, and that energy can be useful. Still, without guardrails and follow through, momentum fades fast. In my view, acknowledging both sides actually makes the argument stronger instead of weaker. None of this is simple, but pretending it is makes it worse.",1
ai_0118,"I’d argue that in climate, execution is more important than branding. A lot of the conversation focuses on surface drama, but the deeper mechanics rarely get attention. When incentives are misaligned, people respond in predictable ways, and then everyone acts surprised. That said, strong personalities sometimes push progress faster. There are moments when disruption shakes loose outdated habits, and that energy can be useful. Still, without guardrails and follow through, momentum fades fast. In my view, acknowledging both sides actually makes the argument stronger instead of weaker. A little patience would probably calm things down.",1
ai_0119,"I’m pretty convinced that in campus life, structure drives outcomes more than individual willpower. A lot of the conversation focuses on surface drama, but the deeper mechanics rarely get attention. When incentives are misaligned, people respond in predictable ways, and then everyone acts surprised. On the flip side, public pressure forces accountability. There are moments when disruption shakes loose outdated habits, and that energy can be useful. Still, without guardrails and follow through, momentum fades fast. In my view, acknowledging both sides actually makes the argument stronger instead of weaker. None of this is simple, but pretending it is makes it worse.",1
ai_0120,"I honestly think in politics, transparency would solve half the frustration. A lot of the conversation focuses on surface drama, but the deeper mechanics rarely get attention. When incentives are misaligned, people respond in predictable ways, and then everyone acts surprised. I get why some people argue that strong personalities sometimes push progress faster. There are moments when disruption shakes loose outdated habits, and that energy can be useful. Still, without guardrails and follow through, momentum fades fast. In my view, acknowledging both sides actually makes the argument stronger instead of weaker. It’s not glamorous, but boring systems usually win.",1
ai_0121,"My basic take is that in tech, consistent rules beat flashy reforms. A lot of the conversation focuses on surface drama, but the deeper mechanics rarely get attention. When incentives are misaligned, people respond in predictable ways, and then everyone acts surprised. That said, public pressure forces accountability. There are moments when disruption shakes loose outdated habits, and that energy can be useful. Still, without guardrails and follow through, momentum fades fast. In my view, acknowledging both sides actually makes the argument stronger instead of weaker. A little patience would probably calm things down.",1
ai_0122,"It seems clear to me that in health, consistent rules beat flashy reforms. A lot of the conversation focuses on surface drama, but the deeper mechanics rarely get attention. When incentives are misaligned, people respond in predictable ways, and then everyone acts surprised. To be fair, strong personalities sometimes push progress faster. There are moments when disruption shakes loose outdated habits, and that energy can be useful. Still, without guardrails and follow through, momentum fades fast. In my view, acknowledging both sides actually makes the argument stronger instead of weaker. We can disagree on tactics without denying the tradeoffs.",1
ai_0123,"I honestly think in sports, long term incentives matter more than loud debates. A lot of the conversation focuses on surface drama, but the deeper mechanics rarely get attention. When incentives are misaligned, people respond in predictable ways, and then everyone acts surprised. That said, public pressure forces accountability. There are moments when disruption shakes loose outdated habits, and that energy can be useful. Still, without guardrails and follow through, momentum fades fast. In my view, acknowledging both sides actually makes the argument stronger instead of weaker. A little patience would probably calm things down.",1
ai_0124,"My basic take is that in economy, execution is more important than branding. A lot of the conversation focuses on surface drama, but the deeper mechanics rarely get attention. When incentives are misaligned, people respond in predictable ways, and then everyone acts surprised. To be fair, public pressure forces accountability. There are moments when disruption shakes loose outdated habits, and that energy can be useful. Still, without guardrails and follow through, momentum fades fast. In my view, acknowledging both sides actually makes the argument stronger instead of weaker. We can disagree on tactics without denying the tradeoffs.",1
ai_0125,"I’d argue that in climate, consistent rules beat flashy reforms. A lot of the conversation focuses on surface drama, but the deeper mechanics rarely get attention. When incentives are misaligned, people respond in predictable ways, and then everyone acts surprised. On the flip side, strong personalities sometimes push progress faster. There are moments when disruption shakes loose outdated habits, and that energy can be useful. Still, without guardrails and follow through, momentum fades fast. In my view, acknowledging both sides actually makes the argument stronger instead of weaker. At the end of the day, steady progress beats chaos.",1
ai_0126,"It seems clear to me that in campus life, execution is more important than branding. A lot of the conversation focuses on surface drama, but the deeper mechanics rarely get attention. When incentives are misaligned, people respond in predictable ways, and then everyone acts surprised. That said, strong personalities sometimes push progress faster. There are moments when disruption shakes loose outdated habits, and that energy can be useful. Still, without guardrails and follow through, momentum fades fast. In my view, acknowledging both sides actually makes the argument stronger instead of weaker. We can disagree on tactics without denying the tradeoffs.",1
ai_0127,"My basic take is that in politics, structure drives outcomes more than individual willpower. A lot of the conversation focuses on surface drama, but the deeper mechanics rarely get attention. When incentives are misaligned, people respond in predictable ways, and then everyone acts surprised. The counterpoint is that rapid change can create innovation. There are moments when disruption shakes loose outdated habits, and that energy can be useful. Still, without guardrails and follow through, momentum fades fast. In my view, acknowledging both sides actually makes the argument stronger instead of weaker. We can disagree on tactics without denying the tradeoffs.",1
ai_0128,"I’d argue that in tech, execution is more important than branding. A lot of the conversation focuses on surface drama, but the deeper mechanics rarely get attention. When incentives are misaligned, people respond in predictable ways, and then everyone acts surprised. That said, short term wins can build momentum. There are moments when disruption shakes loose outdated habits, and that energy can be useful. Still, without guardrails and follow through, momentum fades fast. In my view, acknowledging both sides actually makes the argument stronger instead of weaker. It’s not glamorous, but boring systems usually win.",1
ai_0129,"I’m pretty convinced that in health, structure drives outcomes more than individual willpower. A lot of the conversation focuses on surface drama, but the deeper mechanics rarely get attention. When incentives are misaligned, people respond in predictable ways, and then everyone acts surprised. That said, short term wins can build momentum. There are moments when disruption shakes loose outdated habits, and that energy can be useful. Still, without guardrails and follow through, momentum fades fast. In my view, acknowledging both sides actually makes the argument stronger instead of weaker. It’s not glamorous, but boring systems usually win.",1
ai_0130,"My basic take is that in sports, transparency would solve half the frustration. A lot of the conversation focuses on surface drama, but the deeper mechanics rarely get attention. When incentives are misaligned, people respond in predictable ways, and then everyone acts surprised. On the flip side, public pressure forces accountability. There are moments when disruption shakes loose outdated habits, and that energy can be useful. Still, without guardrails and follow through, momentum fades fast. In my view, acknowledging both sides actually makes the argument stronger instead of weaker. At the end of the day, steady progress beats chaos.",1
ai_0131,"My basic take is that in economy, structure drives outcomes more than individual willpower. A lot of the conversation focuses on surface drama, but the deeper mechanics rarely get attention. When incentives are misaligned, people respond in predictable ways, and then everyone acts surprised. On the flip side, rapid change can create innovation. There are moments when disruption shakes loose outdated habits, and that energy can be useful. Still, without guardrails and follow through, momentum fades fast. In my view, acknowledging both sides actually makes the argument stronger instead of weaker. A little patience would probably calm things down.",1
ai_0132,"It seems clear to me that in climate, structure drives outcomes more than individual willpower. A lot of the conversation focuses on surface drama, but the deeper mechanics rarely get attention. When incentives are misaligned, people respond in predictable ways, and then everyone acts surprised. That said, public pressure forces accountability. There are moments when disruption shakes loose outdated habits, and that energy can be useful. Still, without guardrails and follow through, momentum fades fast. In my view, acknowledging both sides actually makes the argument stronger instead of weaker. At the end of the day, steady progress beats chaos.",1
ai_0133,"I honestly think in campus life, structure drives outcomes more than individual willpower. A lot of the conversation focuses on surface drama, but the deeper mechanics rarely get attention. When incentives are misaligned, people respond in predictable ways, and then everyone acts surprised. That said, strong personalities sometimes push progress faster. There are moments when disruption shakes loose outdated habits, and that energy can be useful. Still, without guardrails and follow through, momentum fades fast. In my view, acknowledging both sides actually makes the argument stronger instead of weaker. It’s not glamorous, but boring systems usually win.",1
ai_0134,"I’m pretty convinced that in politics, transparency would solve half the frustration. A lot of the conversation focuses on surface drama, but the deeper mechanics rarely get attention. When incentives are misaligned, people respond in predictable ways, and then everyone acts surprised. To be fair, short term wins can build momentum. There are moments when disruption shakes loose outdated habits, and that energy can be useful. Still, without guardrails and follow through, momentum fades fast. In my view, acknowledging both sides actually makes the argument stronger instead of weaker. We can disagree on tactics without denying the tradeoffs.",1
ai_0135,"It seems clear to me that in tech, consistent rules beat flashy reforms. A lot of the conversation focuses on surface drama, but the deeper mechanics rarely get attention. When incentives are misaligned, people respond in predictable ways, and then everyone acts surprised. On the flip side, rapid change can create innovation. There are moments when disruption shakes loose outdated habits, and that energy can be useful. Still, without guardrails and follow through, momentum fades fast. In my view, acknowledging both sides actually makes the argument stronger instead of weaker. We can disagree on tactics without denying the tradeoffs.",1
ai_0136,"I’d argue that in health, execution is more important than branding. A lot of the conversation focuses on surface drama, but the deeper mechanics rarely get attention. When incentives are misaligned, people respond in predictable ways, and then everyone acts surprised. That said, strong personalities sometimes push progress faster. There are moments when disruption shakes loose outdated habits, and that energy can be useful. Still, without guardrails and follow through, momentum fades fast. In my view, acknowledging both sides actually makes the argument stronger instead of weaker. None of this is simple, but pretending it is makes it worse.",1
ai_0137,"I’d argue that in sports, consistent rules beat flashy reforms. A lot of the conversation focuses on surface drama, but the deeper mechanics rarely get attention. When incentives are misaligned, people respond in predictable ways, and then everyone acts surprised. On the flip side, short term wins can build momentum. There are moments when disruption shakes loose outdated habits, and that energy can be useful. Still, without guardrails and follow through, momentum fades fast. In my view, acknowledging both sides actually makes the argument stronger instead of weaker. A little patience would probably calm things down.",1
ai_0138,"I honestly think in economy, structure drives outcomes more than individual willpower. A lot of the conversation focuses on surface drama, but the deeper mechanics rarely get attention. When incentives are misaligned, people respond in predictable ways, and then everyone acts surprised. To be fair, short term wins can build momentum. There are moments when disruption shakes loose outdated habits, and that energy can be useful. Still, without guardrails and follow through, momentum fades fast. In my view, acknowledging both sides actually makes the argument stronger instead of weaker. A little patience would probably calm things down.",1
ai_0139,"It seems clear to me that in climate, structure drives outcomes more than individual willpower. A lot of the conversation focuses on surface drama, but the deeper mechanics rarely get attention. When incentives are misaligned, people respond in predictable ways, and then everyone acts surprised. That said, rapid change can create innovation. There are moments when disruption shakes loose outdated habits, and that energy can be useful. Still, without guardrails and follow through, momentum fades fast. In my view, acknowledging both sides actually makes the argument stronger instead of weaker. A little patience would probably calm things down.",1
ai_0140,"I’d argue that in campus life, execution is more important than branding. A lot of the conversation focuses on surface drama, but the deeper mechanics rarely get attention. When incentives are misaligned, people respond in predictable ways, and then everyone acts surprised. That said, public pressure forces accountability. There are moments when disruption shakes loose outdated habits, and that energy can be useful. Still, without guardrails and follow through, momentum fades fast. In my view, acknowledging both sides actually makes the argument stronger instead of weaker. At the end of the day, steady progress beats chaos.",1
ai_0141,"It seems clear to me that in politics, structure drives outcomes more than individual willpower. A lot of the conversation focuses on surface drama, but the deeper mechanics rarely get attention. When incentives are misaligned, people respond in predictable ways, and then everyone acts surprised. To be fair, experimentation is necessary even if messy. There are moments when disruption shakes loose outdated habits, and that energy can be useful. Still, without guardrails and follow through, momentum fades fast. In my view, acknowledging both sides actually makes the argument stronger instead of weaker. We can disagree on tactics without denying the tradeoffs.",1
ai_0142,"I’m pretty convinced that in tech, transparency would solve half the frustration. A lot of the conversation focuses on surface drama, but the deeper mechanics rarely get attention. When incentives are misaligned, people respond in predictable ways, and then everyone acts surprised. On the flip side, experimentation is necessary even if messy. There are moments when disruption shakes loose outdated habits, and that energy can be useful. Still, without guardrails and follow through, momentum fades fast. In my view, acknowledging both sides actually makes the argument stronger instead of weaker. A little patience would probably calm things down.",1
ai_0143,"I honestly think in health, long term incentives matter more than loud debates. A lot of the conversation focuses on surface drama, but the deeper mechanics rarely get attention. When incentives are misaligned, people respond in predictable ways, and then everyone acts surprised. On the flip side, strong personalities sometimes push progress faster. There are moments when disruption shakes loose outdated habits, and that energy can be useful. Still, without guardrails and follow through, momentum fades fast. In my view, acknowledging both sides actually makes the argument stronger instead of weaker. We can disagree on tactics without denying the tradeoffs.",1
ai_0144,"I’d argue that in sports, execution is more important than branding. A lot of the conversation focuses on surface drama, but the deeper mechanics rarely get attention. When incentives are misaligned, people respond in predictable ways, and then everyone acts surprised. To be fair, short term wins can build momentum. There are moments when disruption shakes loose outdated habits, and that energy can be useful. Still, without guardrails and follow through, momentum fades fast. In my view, acknowledging both sides actually makes the argument stronger instead of weaker. A little patience would probably calm things down.",1
ai_0145,"My basic take is that in economy, long term incentives matter more than loud debates. A lot of the conversation focuses on surface drama, but the deeper mechanics rarely get attention. When incentives are misaligned, people respond in predictable ways, and then everyone acts surprised. To be fair, rapid change can create innovation. There are moments when disruption shakes loose outdated habits, and that energy can be useful. Still, without guardrails and follow through, momentum fades fast. In my view, acknowledging both sides actually makes the argument stronger instead of weaker. We can disagree on tactics without denying the tradeoffs.",1
ai_0146,"It seems clear to me that in climate, consistent rules beat flashy reforms. A lot of the conversation focuses on surface drama, but the deeper mechanics rarely get attention. When incentives are misaligned, people respond in predictable ways, and then everyone acts surprised. The counterpoint is that rapid change can create innovation. There are moments when disruption shakes loose outdated habits, and that energy can be useful. Still, without guardrails and follow through, momentum fades fast. In my view, acknowledging both sides actually makes the argument stronger instead of weaker. At the end of the day, steady progress beats chaos.",1
ai_0147,"I honestly think in campus life, structure drives outcomes more than individual willpower. A lot of the conversation focuses on surface drama, but the deeper mechanics rarely get attention. When incentives are misaligned, people respond in predictable ways, and then everyone acts surprised. To be fair, rapid change can create innovation. There are moments when disruption shakes loose outdated habits, and that energy can be useful. Still, without guardrails and follow through, momentum fades fast. In my view, acknowledging both sides actually makes the argument stronger instead of weaker. It’s not glamorous, but boring systems usually win.",1
ai_0148,"I honestly think in politics, transparency would solve half the frustration. A lot of the conversation focuses on surface drama, but the deeper mechanics rarely get attention. When incentives are misaligned, people respond in predictable ways, and then everyone acts surprised. I get why some people argue that experimentation is necessary even if messy. There are moments when disruption shakes loose outdated habits, and that energy can be useful. Still, without guardrails and follow through, momentum fades fast. In my view, acknowledging both sides actually makes the argument stronger instead of weaker. It’s not glamorous, but boring systems usually win.",1
ai_0149,"I’m pretty convinced that in tech, long term incentives matter more than loud debates. A lot of the conversation focuses on surface drama, but the deeper mechanics rarely get attention. When incentives are misaligned, people respond in predictable ways, and then everyone acts surprised. On the flip side, strong personalities sometimes push progress faster. There are moments when disruption shakes loose outdated habits, and that energy can be useful. Still, without guardrails and follow through, momentum fades fast. In my view, acknowledging both sides actually makes the argument stronger instead of weaker. At the end of the day, steady progress beats chaos.",1
ai_0150,"I’d argue that in health, consistent rules beat flashy reforms. A lot of the conversation focuses on surface drama, but the deeper mechanics rarely get attention. When incentives are misaligned, people respond in predictable ways, and then everyone acts surprised. On the flip side, short term wins can build momentum. There are moments when disruption shakes loose outdated habits, and that energy can be useful. Still, without guardrails and follow through, momentum fades fast. In my view, acknowledging both sides actually makes the argument stronger instead of weaker. None of this is simple, but pretending it is makes it worse.",1
ai_0151,"I’d argue that in sports, transparency would solve half the frustration. A lot of the conversation focuses on surface drama, but the deeper mechanics rarely get attention. When incentives are misaligned, people respond in predictable ways, and then everyone acts surprised. The counterpoint is that public pressure forces accountability. There are moments when disruption shakes loose outdated habits, and that energy can be useful. Still, without guardrails and follow through, momentum fades fast. In my view, acknowledging both sides actually makes the argument stronger instead of weaker. None of this is simple, but pretending it is makes it worse.",1
ai_0152,"I’d argue that in economy, execution is more important than branding. A lot of the conversation focuses on surface drama, but the deeper mechanics rarely get attention. When incentives are misaligned, people respond in predictable ways, and then everyone acts surprised. On the flip side, rapid change can create innovation. There are moments when disruption shakes loose outdated habits, and that energy can be useful. Still, without guardrails and follow through, momentum fades fast. In my view, acknowledging both sides actually makes the argument stronger instead of weaker. We can disagree on tactics without denying the tradeoffs.",1
ai_0153,"It seems clear to me that in climate, transparency would solve half the frustration. A lot of the conversation focuses on surface drama, but the deeper mechanics rarely get attention. When incentives are misaligned, people respond in predictable ways, and then everyone acts surprised. To be fair, public pressure forces accountability. There are moments when disruption shakes loose outdated habits, and that energy can be useful. Still, without guardrails and follow through, momentum fades fast. In my view, acknowledging both sides actually makes the argument stronger instead of weaker. None of this is simple, but pretending it is makes it worse.",1
ai_0154,"It seems clear to me that in campus life, consistent rules beat flashy reforms. A lot of the conversation focuses on surface drama, but the deeper mechanics rarely get attention. When incentives are misaligned, people respond in predictable ways, and then everyone acts surprised. I get why some people argue that experimentation is necessary even if messy. There are moments when disruption shakes loose outdated habits, and that energy can be useful. Still, without guardrails and follow through, momentum fades fast. In my view, acknowledging both sides actually makes the argument stronger instead of weaker. None of this is simple, but pretending it is makes it worse.",1
ai_0155,"I’d argue that in politics, transparency would solve half the frustration. A lot of the conversation focuses on surface drama, but the deeper mechanics rarely get attention. When incentives are misaligned, people respond in predictable ways, and then everyone acts surprised. That said, strong personalities sometimes push progress faster. There are moments when disruption shakes loose outdated habits, and that energy can be useful. Still, without guardrails and follow through, momentum fades fast. In my view, acknowledging both sides actually makes the argument stronger instead of weaker. At the end of the day, steady progress beats chaos.",1
ai_0156,"It seems clear to me that in tech, execution is more important than branding. A lot of the conversation focuses on surface drama, but the deeper mechanics rarely get attention. When incentives are misaligned, people respond in predictable ways, and then everyone acts surprised. To be fair, strong personalities sometimes push progress faster. There are moments when disruption shakes loose outdated habits, and that energy can be useful. Still, without guardrails and follow through, momentum fades fast. In my view, acknowledging both sides actually makes the argument stronger instead of weaker. At the end of the day, steady progress beats chaos.",1
ai_0157,"My basic take is that in health, execution is more important than branding. A lot of the conversation focuses on surface drama, but the deeper mechanics rarely get attention. When incentives are misaligned, people respond in predictable ways, and then everyone acts surprised. The counterpoint is that experimentation is necessary even if messy. There are moments when disruption shakes loose outdated habits, and that energy can be useful. Still, without guardrails and follow through, momentum fades fast. In my view, acknowledging both sides actually makes the argument stronger instead of weaker. None of this is simple, but pretending it is makes it worse.",1
ai_0158,"My basic take is that in sports, consistent rules beat flashy reforms. A lot of the conversation focuses on surface drama, but the deeper mechanics rarely get attention. When incentives are misaligned, people respond in predictable ways, and then everyone acts surprised. I get why some people argue that rapid change can create innovation. There are moments when disruption shakes loose outdated habits, and that energy can be useful. Still, without guardrails and follow through, momentum fades fast. In my view, acknowledging both sides actually makes the argument stronger instead of weaker. It’s not glamorous, but boring systems usually win.",1
ai_0159,"I honestly think in economy, execution is more important than branding. A lot of the conversation focuses on surface drama, but the deeper mechanics rarely get attention. When incentives are misaligned, people respond in predictable ways, and then everyone acts surprised. The counterpoint is that rapid change can create innovation. There are moments when disruption shakes loose outdated habits, and that energy can be useful. Still, without guardrails and follow through, momentum fades fast. In my view, acknowledging both sides actually makes the argument stronger instead of weaker. A little patience would probably calm things down.",1
ai_0160,"I’m pretty convinced that in climate, execution is more important than branding. A lot of the conversation focuses on surface drama, but the deeper mechanics rarely get attention. When incentives are misaligned, people respond in predictable ways, and then everyone acts surprised. I get why some people argue that rapid change can create innovation. There are moments when disruption shakes loose outdated habits, and that energy can be useful. Still, without guardrails and follow through, momentum fades fast. In my view, acknowledging both sides actually makes the argument stronger instead of weaker. It’s not glamorous, but boring systems usually win.",1
ai_0161,"I’d argue that in campus life, transparency would solve half the frustration. A lot of the conversation focuses on surface drama, but the deeper mechanics rarely get attention. When incentives are misaligned, people respond in predictable ways, and then everyone acts surprised. I get why some people argue that public pressure forces accountability. There are moments when disruption shakes loose outdated habits, and that energy can be useful. Still, without guardrails and follow through, momentum fades fast. In my view, acknowledging both sides actually makes the argument stronger instead of weaker. A little patience would probably calm things down.",1
ai_0162,"It seems clear to me that in politics, transparency would solve half the frustration. A lot of the conversation focuses on surface drama, but the deeper mechanics rarely get attention. When incentives are misaligned, people respond in predictable ways, and then everyone acts surprised. I get why some people argue that experimentation is necessary even if messy. There are moments when disruption shakes loose outdated habits, and that energy can be useful. Still, without guardrails and follow through, momentum fades fast. In my view, acknowledging both sides actually makes the argument stronger instead of weaker. None of this is simple, but pretending it is makes it worse.",1
ai_0163,"I’m pretty convinced that in tech, long term incentives matter more than loud debates. A lot of the conversation focuses on surface drama, but the deeper mechanics rarely get attention. When incentives are misaligned, people respond in predictable ways, and then everyone acts surprised. That said, strong personalities sometimes push progress faster. There are moments when disruption shakes loose outdated habits, and that energy can be useful. Still, without guardrails and follow through, momentum fades fast. In my view, acknowledging both sides actually makes the argument stronger instead of weaker. It’s not glamorous, but boring systems usually win.",1
ai_0164,"I’d argue that in health, structure drives outcomes more than individual willpower. A lot of the conversation focuses on surface drama, but the deeper mechanics rarely get attention. When incentives are misaligned, people respond in predictable ways, and then everyone acts surprised. To be fair, rapid change can create innovation. There are moments when disruption shakes loose outdated habits, and that energy can be useful. Still, without guardrails and follow through, momentum fades fast. In my view, acknowledging both sides actually makes the argument stronger instead of weaker. A little patience would probably calm things down.",1
ai_0165,"I’d argue that in sports, long term incentives matter more than loud debates. A lot of the conversation focuses on surface drama, but the deeper mechanics rarely get attention. When incentives are misaligned, people respond in predictable ways, and then everyone acts surprised. I get why some people argue that strong personalities sometimes push progress faster. There are moments when disruption shakes loose outdated habits, and that energy can be useful. Still, without guardrails and follow through, momentum fades fast. In my view, acknowledging both sides actually makes the argument stronger instead of weaker. None of this is simple, but pretending it is makes it worse.",1
ai_0166,"I’m pretty convinced that in economy, transparency would solve half the frustration. A lot of the conversation focuses on surface drama, but the deeper mechanics rarely get attention. When incentives are misaligned, people respond in predictable ways, and then everyone acts surprised. I get why some people argue that rapid change can create innovation. There are moments when disruption shakes loose outdated habits, and that energy can be useful. Still, without guardrails and follow through, momentum fades fast. In my view, acknowledging both sides actually makes the argument stronger instead of weaker. A little patience would probably calm things down.",1
ai_0167,"I’d argue that in climate, execution is more important than branding. A lot of the conversation focuses on surface drama, but the deeper mechanics rarely get attention. When incentives are misaligned, people respond in predictable ways, and then everyone acts surprised. To be fair, rapid change can create innovation. There are moments when disruption shakes loose outdated habits, and that energy can be useful. Still, without guardrails and follow through, momentum fades fast. In my view, acknowledging both sides actually makes the argument stronger instead of weaker. None of this is simple, but pretending it is makes it worse.",1
ai_0168,"I honestly think in campus life, consistent rules beat flashy reforms. A lot of the conversation focuses on surface drama, but the deeper mechanics rarely get attention. When incentives are misaligned, people respond in predictable ways, and then everyone acts surprised. I get why some people argue that experimentation is necessary even if messy. There are moments when disruption shakes loose outdated habits, and that energy can be useful. Still, without guardrails and follow through, momentum fades fast. In my view, acknowledging both sides actually makes the argument stronger instead of weaker. At the end of the day, steady progress beats chaos.",1
ai_0169,"It seems clear to me that in politics, execution is more important than branding. A lot of the conversation focuses on surface drama, but the deeper mechanics rarely get attention. When incentives are misaligned, people respond in predictable ways, and then everyone acts surprised. I get why some people argue that experimentation is necessary even if messy. There are moments when disruption shakes loose outdated habits, and that energy can be useful. Still, without guardrails and follow through, momentum fades fast. In my view, acknowledging both sides actually makes the argument stronger instead of weaker. At the end of the day, steady progress beats chaos.",1
ai_0170,"I honestly think in tech, structure drives outcomes more than individual willpower. A lot of the conversation focuses on surface drama, but the deeper mechanics rarely get attention. When incentives are misaligned, people respond in predictable ways, and then everyone acts surprised. That said, public pressure forces accountability. There are moments when disruption shakes loose outdated habits, and that energy can be useful. Still, without guardrails and follow through, momentum fades fast. In my view, acknowledging both sides actually makes the argument stronger instead of weaker. We can disagree on tactics without denying the tradeoffs.",1
ai_0171,"I’m pretty convinced that in health, execution is more important than branding. A lot of the conversation focuses on surface drama, but the deeper mechanics rarely get attention. When incentives are misaligned, people respond in predictable ways, and then everyone acts surprised. To be fair, rapid change can create innovation. There are moments when disruption shakes loose outdated habits, and that energy can be useful. Still, without guardrails and follow through, momentum fades fast. In my view, acknowledging both sides actually makes the argument stronger instead of weaker. It’s not glamorous, but boring systems usually win.",1
ai_0172,"I’m pretty convinced that in sports, structure drives outcomes more than individual willpower. A lot of the conversation focuses on surface drama, but the deeper mechanics rarely get attention. When incentives are misaligned, people respond in predictable ways, and then everyone acts surprised. On the flip side, public pressure forces accountability. There are moments when disruption shakes loose outdated habits, and that energy can be useful. Still, without guardrails and follow through, momentum fades fast. In my view, acknowledging both sides actually makes the argument stronger instead of weaker. A little patience would probably calm things down.",1
ai_0173,"I’d argue that in economy, execution is more important than branding. A lot of the conversation focuses on surface drama, but the deeper mechanics rarely get attention. When incentives are misaligned, people respond in predictable ways, and then everyone acts surprised. I get why some people argue that strong personalities sometimes push progress faster. There are moments when disruption shakes loose outdated habits, and that energy can be useful. Still, without guardrails and follow through, momentum fades fast. In my view, acknowledging both sides actually makes the argument stronger instead of weaker. At the end of the day, steady progress beats chaos.",1
ai_0174,"It seems clear to me that in climate, consistent rules beat flashy reforms. A lot of the conversation focuses on surface drama, but the deeper mechanics rarely get attention. When incentives are misaligned, people respond in predictable ways, and then everyone acts surprised. That said, public pressure forces accountability. There are moments when disruption shakes loose outdated habits, and that energy can be useful. Still, without guardrails and follow through, momentum fades fast. In my view, acknowledging both sides actually makes the argument stronger instead of weaker. We can disagree on tactics without denying the tradeoffs.",1
ai_0175,"I’d argue that in campus life, structure drives outcomes more than individual willpower. A lot of the conversation focuses on surface drama, but the deeper mechanics rarely get attention. When incentives are misaligned, people respond in predictable ways, and then everyone acts surprised. The counterpoint is that short term wins can build momentum. There are moments when disruption shakes loose outdated habits, and that energy can be useful. Still, without guardrails and follow through, momentum fades fast. In my view, acknowledging both sides actually makes the argument stronger instead of weaker. At the end of the day, steady progress beats chaos.",1
ai_0176,"My basic take is that in politics, consistent rules beat flashy reforms. A lot of the conversation focuses on surface drama, but the deeper mechanics rarely get attention. When incentives are misaligned, people respond in predictable ways, and then everyone acts surprised. The counterpoint is that experimentation is necessary even if messy. There are moments when disruption shakes loose outdated habits, and that energy can be useful. Still, without guardrails and follow through, momentum fades fast. In my view, acknowledging both sides actually makes the argument stronger instead of weaker. We can disagree on tactics without denying the tradeoffs.",1
ai_0177,"I’m pretty convinced that in tech, consistent rules beat flashy reforms. A lot of the conversation focuses on surface drama, but the deeper mechanics rarely get attention. When incentives are misaligned, people respond in predictable ways, and then everyone acts surprised. To be fair, strong personalities sometimes push progress faster. There are moments when disruption shakes loose outdated habits, and that energy can be useful. Still, without guardrails and follow through, momentum fades fast. In my view, acknowledging both sides actually makes the argument stronger instead of weaker. A little patience would probably calm things down.",1
ai_0178,"I honestly think in health, execution is more important than branding. A lot of the conversation focuses on surface drama, but the deeper mechanics rarely get attention. When incentives are misaligned, people respond in predictable ways, and then everyone acts surprised. That said, public pressure forces accountability. There are moments when disruption shakes loose outdated habits, and that energy can be useful. Still, without guardrails and follow through, momentum fades fast. In my view, acknowledging both sides actually makes the argument stronger instead of weaker. A little patience would probably calm things down.",1
ai_0179,"I’m pretty convinced that in sports, consistent rules beat flashy reforms. A lot of the conversation focuses on surface drama, but the deeper mechanics rarely get attention. When incentives are misaligned, people respond in predictable ways, and then everyone acts surprised. On the flip side, short term wins can build momentum. There are moments when disruption shakes loose outdated habits, and that energy can be useful. Still, without guardrails and follow through, momentum fades fast. In my view, acknowledging both sides actually makes the argument stronger instead of weaker. A little patience would probably calm things down.",1
ai_0180,"My basic take is that in economy, long term incentives matter more than loud debates. A lot of the conversation focuses on surface drama, but the deeper mechanics rarely get attention. When incentives are misaligned, people respond in predictable ways, and then everyone acts surprised. To be fair, strong personalities sometimes push progress faster. There are moments when disruption shakes loose outdated habits, and that energy can be useful. Still, without guardrails and follow through, momentum fades fast. In my view, acknowledging both sides actually makes the argument stronger instead of weaker. At the end of the day, steady progress beats chaos.",1
ai_0181,"My basic take is that in climate, execution is more important than branding. A lot of the conversation focuses on surface drama, but the deeper mechanics rarely get attention. When incentives are misaligned, people respond in predictable ways, and then everyone acts surprised. I get why some people argue that public pressure forces accountability. There are moments when disruption shakes loose outdated habits, and that energy can be useful. Still, without guardrails and follow through, momentum fades fast. In my view, acknowledging both sides actually makes the argument stronger instead of weaker. A little patience would probably calm things down.",1
ai_0182,"I honestly think in campus life, transparency would solve half the frustration. A lot of the conversation focuses on surface drama, but the deeper mechanics rarely get attention. When incentives are misaligned, people respond in predictable ways, and then everyone acts surprised. That said, experimentation is necessary even if messy. There are moments when disruption shakes loose outdated habits, and that energy can be useful. Still, without guardrails and follow through, momentum fades fast. In my view, acknowledging both sides actually makes the argument stronger instead of weaker. At the end of the day, steady progress beats chaos.",1
ai_0183,"I honestly think in politics, transparency would solve half the frustration. A lot of the conversation focuses on surface drama, but the deeper mechanics rarely get attention. When incentives are misaligned, people respond in predictable ways, and then everyone acts surprised. To be fair, short term wins can build momentum. There are moments when disruption shakes loose outdated habits, and that energy can be useful. Still, without guardrails and follow through, momentum fades fast. In my view, acknowledging both sides actually makes the argument stronger instead of weaker. We can disagree on tactics without denying the tradeoffs.",1
ai_0184,"I honestly think in tech, long term incentives matter more than loud debates. A lot of the conversation focuses on surface drama, but the deeper mechanics rarely get attention. When incentives are misaligned, people respond in predictable ways, and then everyone acts surprised. That said, rapid change can create innovation. There are moments when disruption shakes loose outdated habits, and that energy can be useful. Still, without guardrails and follow through, momentum fades fast. In my view, acknowledging both sides actually makes the argument stronger instead of weaker. None of this is simple, but pretending it is makes it worse.",1
ai_0185,"I’d argue that in health, consistent rules beat flashy reforms. A lot of the conversation focuses on surface drama, but the deeper mechanics rarely get attention. When incentives are misaligned, people respond in predictable ways, and then everyone acts surprised. I get why some people argue that short term wins can build momentum. There are moments when disruption shakes loose outdated habits, and that energy can be useful. Still, without guardrails and follow through, momentum fades fast. In my view, acknowledging both sides actually makes the argument stronger instead of weaker. None of this is simple, but pretending it is makes it worse.",1
ai_0186,"I’m pretty convinced that in sports, transparency would solve half the frustration. A lot of the conversation focuses on surface drama, but the deeper mechanics rarely get attention. When incentives are misaligned, people respond in predictable ways, and then everyone acts surprised. The counterpoint is that public pressure forces accountability. There are moments when disruption shakes loose outdated habits, and that energy can be useful. Still, without guardrails and follow through, momentum fades fast. In my view, acknowledging both sides actually makes the argument stronger instead of weaker. We can disagree on tactics without denying the tradeoffs.",1
ai_0187,"It seems clear to me that in economy, transparency would solve half the frustration. A lot of the conversation focuses on surface drama, but the deeper mechanics rarely get attention. When incentives are misaligned, people respond in predictable ways, and then everyone acts surprised. To be fair, short term wins can build momentum. There are moments when disruption shakes loose outdated habits, and that energy can be useful. Still, without guardrails and follow through, momentum fades fast. In my view, acknowledging both sides actually makes the argument stronger instead of weaker. A little patience would probably calm things down.",1
ai_0188,"It seems clear to me that in climate, execution is more important than branding. A lot of the conversation focuses on surface drama, but the deeper mechanics rarely get attention. When incentives are misaligned, people respond in predictable ways, and then everyone acts surprised. On the flip side, rapid change can create innovation. There are moments when disruption shakes loose outdated habits, and that energy can be useful. Still, without guardrails and follow through, momentum fades fast. In my view, acknowledging both sides actually makes the argument stronger instead of weaker. It’s not glamorous, but boring systems usually win.",1
ai_0189,"It seems clear to me that in campus life, transparency would solve half the frustration. A lot of the conversation focuses on surface drama, but the deeper mechanics rarely get attention. When incentives are misaligned, people respond in predictable ways, and then everyone acts surprised. I get why some people argue that strong personalities sometimes push progress faster. There are moments when disruption shakes loose outdated habits, and that energy can be useful. Still, without guardrails and follow through, momentum fades fast. In my view, acknowledging both sides actually makes the argument stronger instead of weaker. A little patience would probably calm things down.",1
ai_0190,"It seems clear to me that in politics, consistent rules beat flashy reforms. A lot of the conversation focuses on surface drama, but the deeper mechanics rarely get attention. When incentives are misaligned, people respond in predictable ways, and then everyone acts surprised. I get why some people argue that public pressure forces accountability. There are moments when disruption shakes loose outdated habits, and that energy can be useful. Still, without guardrails and follow through, momentum fades fast. In my view, acknowledging both sides actually makes the argument stronger instead of weaker. At the end of the day, steady progress beats chaos.",1
ai_0191,"I’d argue that in tech, execution is more important than branding. A lot of the conversation focuses on surface drama, but the deeper mechanics rarely get attention. When incentives are misaligned, people respond in predictable ways, and then everyone acts surprised. To be fair, strong personalities sometimes push progress faster. There are moments when disruption shakes loose outdated habits, and that energy can be useful. Still, without guardrails and follow through, momentum fades fast. In my view, acknowledging both sides actually makes the argument stronger instead of weaker. None of this is simple, but pretending it is makes it worse.",1
ai_0192,"I honestly think in health, execution is more important than branding. A lot of the conversation focuses on surface drama, but the deeper mechanics rarely get attention. When incentives are misaligned, people respond in predictable ways, and then everyone acts surprised. That said, strong personalities sometimes push progress faster. There are moments when disruption shakes loose outdated habits, and that energy can be useful. Still, without guardrails and follow through, momentum fades fast. In my view, acknowledging both sides actually makes the argument stronger instead of weaker. None of this is simple, but pretending it is makes it worse.",1
ai_0193,"My basic take is that in sports, consistent rules beat flashy reforms. A lot of the conversation focuses on surface drama, but the deeper mechanics rarely get attention. When incentives are misaligned, people respond in predictable ways, and then everyone acts surprised. On the flip side, strong personalities sometimes push progress faster. There are moments when disruption shakes loose outdated habits, and that energy can be useful. Still, without guardrails and follow through, momentum fades fast. In my view, acknowledging both sides actually makes the argument stronger instead of weaker. We can disagree on tactics without denying the tradeoffs.",1
ai_0194,"I’m pretty convinced that in economy, long term incentives matter more than loud debates. A lot of the conversation focuses on surface drama, but the deeper mechanics rarely get attention. When incentives are misaligned, people respond in predictable ways, and then everyone acts surprised. That said, public pressure forces accountability. There are moments when disruption shakes loose outdated habits, and that energy can be useful. Still, without guardrails and follow through, momentum fades fast. In my view, acknowledging both sides actually makes the argument stronger instead of weaker. At the end of the day, steady progress beats chaos.",1
ai_0195,"I’m pretty convinced that in climate, transparency would solve half the frustration. A lot of the conversation focuses on surface drama, but the deeper mechanics rarely get attention. When incentives are misaligned, people respond in predictable ways, and then everyone acts surprised. That said, short term wins can build momentum. There are moments when disruption shakes loose outdated habits, and that energy can be useful. Still, without guardrails and follow through, momentum fades fast. In my view, acknowledging both sides actually makes the argument stronger instead of weaker. None of this is simple, but pretending it is makes it worse.",1
ai_0196,"It seems clear to me that in campus life, long term incentives matter more than loud debates. A lot of the conversation focuses on surface drama, but the deeper mechanics rarely get attention. When incentives are misaligned, people respond in predictable ways, and then everyone acts surprised. I get why some people argue that short term wins can build momentum. There are moments when disruption shakes loose outdated habits, and that energy can be useful. Still, without guardrails and follow through, momentum fades fast. In my view, acknowledging both sides actually makes the argument stronger instead of weaker. At the end of the day, steady progress beats chaos.",1
ai_0197,"It seems clear to me that in politics, transparency would solve half the frustration. A lot of the conversation focuses on surface drama, but the deeper mechanics rarely get attention. When incentives are misaligned, people respond in predictable ways, and then everyone acts surprised. To be fair, public pressure forces accountability. There are moments when disruption shakes loose outdated habits, and that energy can be useful. Still, without guardrails and follow through, momentum fades fast. In my view, acknowledging both sides actually makes the argument stronger instead of weaker. A little patience would probably calm things down.",1
ai_0198,"My basic take is that in tech, long term incentives matter more than loud debates. A lot of the conversation focuses on surface drama, but the deeper mechanics rarely get attention. When incentives are misaligned, people respond in predictable ways, and then everyone acts surprised. I get why some people argue that public pressure forces accountability. There are moments when disruption shakes loose outdated habits, and that energy can be useful. Still, without guardrails and follow through, momentum fades fast. In my view, acknowledging both sides actually makes the argument stronger instead of weaker. None of this is simple, but pretending it is makes it worse.",1
ai_0199,"My basic take is that in health, long term incentives matter more than loud debates. A lot of the conversation focuses on surface drama, but the deeper mechanics rarely get attention. When incentives are misaligned, people respond in predictable ways, and then everyone acts surprised. That said, strong personalities sometimes push progress faster. There are moments when disruption shakes loose outdated habits, and that energy can be useful. Still, without guardrails and follow through, momentum fades fast. In my view, acknowledging both sides actually makes the argument stronger instead of weaker. A little patience would probably calm things down.",1
ai_0200,"I’d argue that in sports, execution is more important than branding. A lot of the conversation focuses on surface drama, but the deeper mechanics rarely get attention. When incentives are misaligned, people respond in predictable ways, and then everyone acts surprised. I get why some people argue that strong personalities sometimes push progress faster. There are moments when disruption shakes loose outdated habits, and that energy can be useful. Still, without guardrails and follow through, momentum fades fast. In my view, acknowledging both sides actually makes the argument stronger instead of weaker. None of this is simple, but pretending it is makes it worse.",1
ai_0201,"It seems clear to me that in economy, long term incentives matter more than loud debates. A lot of the conversation focuses on surface drama, but the deeper mechanics rarely get attention. When incentives are misaligned, people respond in predictable ways, and then everyone acts surprised. On the flip side, strong personalities sometimes push progress faster. There are moments when disruption shakes loose outdated habits, and that energy can be useful. Still, without guardrails and follow through, momentum fades fast. In my view, acknowledging both sides actually makes the argument stronger instead of weaker. We can disagree on tactics without denying the tradeoffs.",1
ai_0202,"I’m pretty convinced that in climate, transparency would solve half the frustration. A lot of the conversation focuses on surface drama, but the deeper mechanics rarely get attention. When incentives are misaligned, people respond in predictable ways, and then everyone acts surprised. On the flip side, strong personalities sometimes push progress faster. There are moments when disruption shakes loose outdated habits, and that energy can be useful. Still, without guardrails and follow through, momentum fades fast. In my view, acknowledging both sides actually makes the argument stronger instead of weaker. At the end of the day, steady progress beats chaos.",1
ai_0203,"It seems clear to me that in campus life, transparency would solve half the frustration. A lot of the conversation focuses on surface drama, but the deeper mechanics rarely get attention. When incentives are misaligned, people respond in predictable ways, and then everyone acts surprised. That said, experimentation is necessary even if messy. There are moments when disruption shakes loose outdated habits, and that energy can be useful. Still, without guardrails and follow through, momentum fades fast. In my view, acknowledging both sides actually makes the argument stronger instead of weaker. It’s not glamorous, but boring systems usually win.",1
ai_0204,"My basic take is that in politics, structure drives outcomes more than individual willpower. A lot of the conversation focuses on surface drama, but the deeper mechanics rarely get attention. When incentives are misaligned, people respond in predictable ways, and then everyone acts surprised. I get why some people argue that rapid change can create innovation. There are moments when disruption shakes loose outdated habits, and that energy can be useful. Still, without guardrails and follow through, momentum fades fast. In my view, acknowledging both sides actually makes the argument stronger instead of weaker. We can disagree on tactics without denying the tradeoffs.",1
ai_0205,"I’m pretty convinced that in tech, long term incentives matter more than loud debates. A lot of the conversation focuses on surface drama, but the deeper mechanics rarely get attention. When incentives are misaligned, people respond in predictable ways, and then everyone acts surprised. I get why some people argue that experimentation is necessary even if messy. There are moments when disruption shakes loose outdated habits, and that energy can be useful. Still, without guardrails and follow through, momentum fades fast. In my view, acknowledging both sides actually makes the argument stronger instead of weaker. We can disagree on tactics without denying the tradeoffs.",1
ai_0206,"I honestly think in health, long term incentives matter more than loud debates. A lot of the conversation focuses on surface drama, but the deeper mechanics rarely get attention. When incentives are misaligned, people respond in predictable ways, and then everyone acts surprised. I get why some people argue that experimentation is necessary even if messy. There are moments when disruption shakes loose outdated habits, and that energy can be useful. Still, without guardrails and follow through, momentum fades fast. In my view, acknowledging both sides actually makes the argument stronger instead of weaker. A little patience would probably calm things down.",1
ai_0207,"I’m pretty convinced that in sports, structure drives outcomes more than individual willpower. A lot of the conversation focuses on surface drama, but the deeper mechanics rarely get attention. When incentives are misaligned, people respond in predictable ways, and then everyone acts surprised. To be fair, experimentation is necessary even if messy. There are moments when disruption shakes loose outdated habits, and that energy can be useful. Still, without guardrails and follow through, momentum fades fast. In my view, acknowledging both sides actually makes the argument stronger instead of weaker. A little patience would probably calm things down.",1
ai_0208,"I’m pretty convinced that in economy, structure drives outcomes more than individual willpower. A lot of the conversation focuses on surface drama, but the deeper mechanics rarely get attention. When incentives are misaligned, people respond in predictable ways, and then everyone acts surprised. I get why some people argue that public pressure forces accountability. There are moments when disruption shakes loose outdated habits, and that energy can be useful. Still, without guardrails and follow through, momentum fades fast. In my view, acknowledging both sides actually makes the argument stronger instead of weaker. We can disagree on tactics without denying the tradeoffs.",1
ai_0209,"My basic take is that in climate, transparency would solve half the frustration. A lot of the conversation focuses on surface drama, but the deeper mechanics rarely get attention. When incentives are misaligned, people respond in predictable ways, and then everyone acts surprised. That said, public pressure forces accountability. There are moments when disruption shakes loose outdated habits, and that energy can be useful. Still, without guardrails and follow through, momentum fades fast. In my view, acknowledging both sides actually makes the argument stronger instead of weaker. None of this is simple, but pretending it is makes it worse.",1
ai_0210,"It seems clear to me that in campus life, transparency would solve half the frustration. A lot of the conversation focuses on surface drama, but the deeper mechanics rarely get attention. When incentives are misaligned, people respond in predictable ways, and then everyone acts surprised. To be fair, rapid change can create innovation. There are moments when disruption shakes loose outdated habits, and that energy can be useful. Still, without guardrails and follow through, momentum fades fast. In my view, acknowledging both sides actually makes the argument stronger instead of weaker. None of this is simple, but pretending it is makes it worse.",1
ai_0211,"I honestly think in politics, transparency would solve half the frustration. A lot of the conversation focuses on surface drama, but the deeper mechanics rarely get attention. When incentives are misaligned, people respond in predictable ways, and then everyone acts surprised. The counterpoint is that public pressure forces accountability. There are moments when disruption shakes loose outdated habits, and that energy can be useful. Still, without guardrails and follow through, momentum fades fast. In my view, acknowledging both sides actually makes the argument stronger instead of weaker. We can disagree on tactics without denying the tradeoffs.",1
ai_0212,"I’m pretty convinced that in tech, consistent rules beat flashy reforms. A lot of the conversation focuses on surface drama, but the deeper mechanics rarely get attention. When incentives are misaligned, people respond in predictable ways, and then everyone acts surprised. On the flip side, experimentation is necessary even if messy. There are moments when disruption shakes loose outdated habits, and that energy can be useful. Still, without guardrails and follow through, momentum fades fast. In my view, acknowledging both sides actually makes the argument stronger instead of weaker. A little patience would probably calm things down.",1
ai_0213,"It seems clear to me that in health, consistent rules beat flashy reforms. A lot of the conversation focuses on surface drama, but the deeper mechanics rarely get attention. When incentives are misaligned, people respond in predictable ways, and then everyone acts surprised. On the flip side, public pressure forces accountability. There are moments when disruption shakes loose outdated habits, and that energy can be useful. Still, without guardrails and follow through, momentum fades fast. In my view, acknowledging both sides actually makes the argument stronger instead of weaker. It’s not glamorous, but boring systems usually win.",1
ai_0214,"I’d argue that in sports, structure drives outcomes more than individual willpower. A lot of the conversation focuses on surface drama, but the deeper mechanics rarely get attention. When incentives are misaligned, people respond in predictable ways, and then everyone acts surprised. That said, rapid change can create innovation. There are moments when disruption shakes loose outdated habits, and that energy can be useful. Still, without guardrails and follow through, momentum fades fast. In my view, acknowledging both sides actually makes the argument stronger instead of weaker. We can disagree on tactics without denying the tradeoffs.",1
ai_0215,"I’m pretty convinced that in economy, long term incentives matter more than loud debates. A lot of the conversation focuses on surface drama, but the deeper mechanics rarely get attention. When incentives are misaligned, people respond in predictable ways, and then everyone acts surprised. The counterpoint is that experimentation is necessary even if messy. There are moments when disruption shakes loose outdated habits, and that energy can be useful. Still, without guardrails and follow through, momentum fades fast. In my view, acknowledging both sides actually makes the argument stronger instead of weaker. We can disagree on tactics without denying the tradeoffs.",1
ai_0216,"It seems clear to me that in climate, transparency would solve half the frustration. A lot of the conversation focuses on surface drama, but the deeper mechanics rarely get attention. When incentives are misaligned, people respond in predictable ways, and then everyone acts surprised. That said, rapid change can create innovation. There are moments when disruption shakes loose outdated habits, and that energy can be useful. Still, without guardrails and follow through, momentum fades fast. In my view, acknowledging both sides actually makes the argument stronger instead of weaker. None of this is simple, but pretending it is makes it worse.",1
ai_0217,"My basic take is that in campus life, structure drives outcomes more than individual willpower. A lot of the conversation focuses on surface drama, but the deeper mechanics rarely get attention. When incentives are misaligned, people respond in predictable ways, and then everyone acts surprised. The counterpoint is that experimentation is necessary even if messy. There are moments when disruption shakes loose outdated habits, and that energy can be useful. Still, without guardrails and follow through, momentum fades fast. In my view, acknowledging both sides actually makes the argument stronger instead of weaker. A little patience would probably calm things down.",1
ai_0218,"I honestly think in politics, long term incentives matter more than loud debates. A lot of the conversation focuses on surface drama, but the deeper mechanics rarely get attention. When incentives are misaligned, people respond in predictable ways, and then everyone acts surprised. On the flip side, rapid change can create innovation. There are moments when disruption shakes loose outdated habits, and that energy can be useful. Still, without guardrails and follow through, momentum fades fast. In my view, acknowledging both sides actually makes the argument stronger instead of weaker. It’s not glamorous, but boring systems usually win.",1
ai_0219,"It seems clear to me that in tech, execution is more important than branding. A lot of the conversation focuses on surface drama, but the deeper mechanics rarely get attention. When incentives are misaligned, people respond in predictable ways, and then everyone acts surprised. The counterpoint is that strong personalities sometimes push progress faster. There are moments when disruption shakes loose outdated habits, and that energy can be useful. Still, without guardrails and follow through, momentum fades fast. In my view, acknowledging both sides actually makes the argument stronger instead of weaker. A little patience would probably calm things down.",1
ai_0220,"I’m pretty convinced that in health, structure drives outcomes more than individual willpower. A lot of the conversation focuses on surface drama, but the deeper mechanics rarely get attention. When incentives are misaligned, people respond in predictable ways, and then everyone acts surprised. To be fair, public pressure forces accountability. There are moments when disruption shakes loose outdated habits, and that energy can be useful. Still, without guardrails and follow through, momentum fades fast. In my view, acknowledging both sides actually makes the argument stronger instead of weaker. It’s not glamorous, but boring systems usually win.",1
ai_0221,"It seems clear to me that in sports, transparency would solve half the frustration. A lot of the conversation focuses on surface drama, but the deeper mechanics rarely get attention. When incentives are misaligned, people respond in predictable ways, and then everyone acts surprised. To be fair, experimentation is necessary even if messy. There are moments when disruption shakes loose outdated habits, and that energy can be useful. Still, without guardrails and follow through, momentum fades fast. In my view, acknowledging both sides actually makes the argument stronger instead of weaker. It’s not glamorous, but boring systems usually win.",1
ai_0222,"I honestly think in economy, execution is more important than branding. A lot of the conversation focuses on surface drama, but the deeper mechanics rarely get attention. When incentives are misaligned, people respond in predictable ways, and then everyone acts surprised. On the flip side, rapid change can create innovation. There are moments when disruption shakes loose outdated habits, and that energy can be useful. Still, without guardrails and follow through, momentum fades fast. In my view, acknowledging both sides actually makes the argument stronger instead of weaker. None of this is simple, but pretending it is makes it worse.",1
ai_0223,"I honestly think in climate, long term incentives matter more than loud debates. A lot of the conversation focuses on surface drama, but the deeper mechanics rarely get attention. When incentives are misaligned, people respond in predictable ways, and then everyone acts surprised. To be fair, short term wins can build momentum. There are moments when disruption shakes loose outdated habits, and that energy can be useful. Still, without guardrails and follow through, momentum fades fast. In my view, acknowledging both sides actually makes the argument stronger instead of weaker. It’s not glamorous, but boring systems usually win.",1
ai_0224,"I’m pretty convinced that in campus life, consistent rules beat flashy reforms. A lot of the conversation focuses on surface drama, but the deeper mechanics rarely get attention. When incentives are misaligned, people respond in predictable ways, and then everyone acts surprised. I get why some people argue that experimentation is necessary even if messy. There are moments when disruption shakes loose outdated habits, and that energy can be useful. Still, without guardrails and follow through, momentum fades fast. In my view, acknowledging both sides actually makes the argument stronger instead of weaker. A little patience would probably calm things down.",1
ai_0225,"I honestly think in politics, consistent rules beat flashy reforms. A lot of the conversation focuses on surface drama, but the deeper mechanics rarely get attention. When incentives are misaligned, people respond in predictable ways, and then everyone acts surprised. The counterpoint is that experimentation is necessary even if messy. There are moments when disruption shakes loose outdated habits, and that energy can be useful. Still, without guardrails and follow through, momentum fades fast. In my view, acknowledging both sides actually makes the argument stronger instead of weaker. It’s not glamorous, but boring systems usually win.",1
ai_0226,"I’m pretty convinced that in tech, long term incentives matter more than loud debates. A lot of the conversation focuses on surface drama, but the deeper mechanics rarely get attention. When incentives are misaligned, people respond in predictable ways, and then everyone acts surprised. On the flip side, short term wins can build momentum. There are moments when disruption shakes loose outdated habits, and that energy can be useful. Still, without guardrails and follow through, momentum fades fast. In my view, acknowledging both sides actually makes the argument stronger instead of weaker. A little patience would probably calm things down.",1
ai_0227,"It seems clear to me that in health, consistent rules beat flashy reforms. A lot of the conversation focuses on surface drama, but the deeper mechanics rarely get attention. When incentives are misaligned, people respond in predictable ways, and then everyone acts surprised. The counterpoint is that experimentation is necessary even if messy. There are moments when disruption shakes loose outdated habits, and that energy can be useful. Still, without guardrails and follow through, momentum fades fast. In my view, acknowledging both sides actually makes the argument stronger instead of weaker. None of this is simple, but pretending it is makes it worse.",1
ai_0228,"I honestly think in sports, transparency would solve half the frustration. A lot of the conversation focuses on surface drama, but the deeper mechanics rarely get attention. When incentives are misaligned, people respond in predictable ways, and then everyone acts surprised. I get why some people argue that short term wins can build momentum. There are moments when disruption shakes loose outdated habits, and that energy can be useful. Still, without guardrails and follow through, momentum fades fast. In my view, acknowledging both sides actually makes the argument stronger instead of weaker. We can disagree on tactics without denying the tradeoffs.",1
ai_0229,"I honestly think in economy, transparency would solve half the frustration. A lot of the conversation focuses on surface drama, but the deeper mechanics rarely get attention. When incentives are misaligned, people respond in predictable ways, and then everyone acts surprised. The counterpoint is that strong personalities sometimes push progress faster. There are moments when disruption shakes loose outdated habits, and that energy can be useful. Still, without guardrails and follow through, momentum fades fast. In my view, acknowledging both sides actually makes the argument stronger instead of weaker. We can disagree on tactics without denying the tradeoffs.",1
ai_0230,"It seems clear to me that in climate, structure drives outcomes more than individual willpower. A lot of the conversation focuses on surface drama, but the deeper mechanics rarely get attention. When incentives are misaligned, people respond in predictable ways, and then everyone acts surprised. To be fair, short term wins can build momentum. There are moments when disruption shakes loose outdated habits, and that energy can be useful. Still, without guardrails and follow through, momentum fades fast. In my view, acknowledging both sides actually makes the argument stronger instead of weaker. A little patience would probably calm things down.",1
ai_0231,"My basic take is that in campus life, transparency would solve half the frustration. A lot of the conversation focuses on surface drama, but the deeper mechanics rarely get attention. When incentives are misaligned, people respond in predictable ways, and then everyone acts surprised. I get why some people argue that rapid change can create innovation. There are moments when disruption shakes loose outdated habits, and that energy can be useful. Still, without guardrails and follow through, momentum fades fast. In my view, acknowledging both sides actually makes the argument stronger instead of weaker. A little patience would probably calm things down.",1
ai_0232,"My basic take is that in politics, execution is more important than branding. A lot of the conversation focuses on surface drama, but the deeper mechanics rarely get attention. When incentives are misaligned, people respond in predictable ways, and then everyone acts surprised. I get why some people argue that rapid change can create innovation. There are moments when disruption shakes loose outdated habits, and that energy can be useful. Still, without guardrails and follow through, momentum fades fast. In my view, acknowledging both sides actually makes the argument stronger instead of weaker. We can disagree on tactics without denying the tradeoffs.",1
ai_0233,"I honestly think in tech, structure drives outcomes more than individual willpower. A lot of the conversation focuses on surface drama, but the deeper mechanics rarely get attention. When incentives are misaligned, people respond in predictable ways, and then everyone acts surprised. The counterpoint is that short term wins can build momentum. There are moments when disruption shakes loose outdated habits, and that energy can be useful. Still, without guardrails and follow through, momentum fades fast. In my view, acknowledging both sides actually makes the argument stronger instead of weaker. A little patience would probably calm things down.",1
ai_0234,"I’m pretty convinced that in health, consistent rules beat flashy reforms. A lot of the conversation focuses on surface drama, but the deeper mechanics rarely get attention. When incentives are misaligned, people respond in predictable ways, and then everyone acts surprised. I get why some people argue that strong personalities sometimes push progress faster. There are moments when disruption shakes loose outdated habits, and that energy can be useful. Still, without guardrails and follow through, momentum fades fast. In my view, acknowledging both sides actually makes the argument stronger instead of weaker. None of this is simple, but pretending it is makes it worse.",1
ai_0235,"It seems clear to me that in sports, consistent rules beat flashy reforms. A lot of the conversation focuses on surface drama, but the deeper mechanics rarely get attention. When incentives are misaligned, people respond in predictable ways, and then everyone acts surprised. To be fair, short term wins can build momentum. There are moments when disruption shakes loose outdated habits, and that energy can be useful. Still, without guardrails and follow through, momentum fades fast. In my view, acknowledging both sides actually makes the argument stronger instead of weaker. We can disagree on tactics without denying the tradeoffs.",1
ai_0236,"It seems clear to me that in economy, execution is more important than branding. A lot of the conversation focuses on surface drama, but the deeper mechanics rarely get attention. When incentives are misaligned, people respond in predictable ways, and then everyone acts surprised. The counterpoint is that short term wins can build momentum. There are moments when disruption shakes loose outdated habits, and that energy can be useful. Still, without guardrails and follow through, momentum fades fast. In my view, acknowledging both sides actually makes the argument stronger instead of weaker. None of this is simple, but pretending it is makes it worse.",1
ai_0237,"It seems clear to me that in climate, structure drives outcomes more than individual willpower. A lot of the conversation focuses on surface drama, but the deeper mechanics rarely get attention. When incentives are misaligned, people respond in predictable ways, and then everyone acts surprised. On the flip side, strong personalities sometimes push progress faster. There are moments when disruption shakes loose outdated habits, and that energy can be useful. Still, without guardrails and follow through, momentum fades fast. In my view, acknowledging both sides actually makes the argument stronger instead of weaker. It’s not glamorous, but boring systems usually win.",1
ai_0238,"It seems clear to me that in campus life, structure drives outcomes more than individual willpower. A lot of the conversation focuses on surface drama, but the deeper mechanics rarely get attention. When incentives are misaligned, people respond in predictable ways, and then everyone acts surprised. That said, short term wins can build momentum. There are moments when disruption shakes loose outdated habits, and that energy can be useful. Still, without guardrails and follow through, momentum fades fast. In my view, acknowledging both sides actually makes the argument stronger instead of weaker. None of this is simple, but pretending it is makes it worse.",1
ai_0239,"My basic take is that in politics, consistent rules beat flashy reforms. A lot of the conversation focuses on surface drama, but the deeper mechanics rarely get attention. When incentives are misaligned, people respond in predictable ways, and then everyone acts surprised. The counterpoint is that strong personalities sometimes push progress faster. There are moments when disruption shakes loose outdated habits, and that energy can be useful. Still, without guardrails and follow through, momentum fades fast. In my view, acknowledging both sides actually makes the argument stronger instead of weaker. At the end of the day, steady progress beats chaos.",1
ai_0240,"It seems clear to me that in tech, execution is more important than branding. A lot of the conversation focuses on surface drama, but the deeper mechanics rarely get attention. When incentives are misaligned, people respond in predictable ways, and then everyone acts surprised. On the flip side, experimentation is necessary even if messy. There are moments when disruption shakes loose outdated habits, and that energy can be useful. Still, without guardrails and follow through, momentum fades fast. In my view, acknowledging both sides actually makes the argument stronger instead of weaker. At the end of the day, steady progress beats chaos.",1
ai_0241,"I’d argue that in health, long term incentives matter more than loud debates. A lot of the conversation focuses on surface drama, but the deeper mechanics rarely get attention. When incentives are misaligned, people respond in predictable ways, and then everyone acts surprised. The counterpoint is that short term wins can build momentum. There are moments when disruption shakes loose outdated habits, and that energy can be useful. Still, without guardrails and follow through, momentum fades fast. In my view, acknowledging both sides actually makes the argument stronger instead of weaker. A little patience would probably calm things down.",1
ai_0242,"I honestly think in sports, structure drives outcomes more than individual willpower. A lot of the conversation focuses on surface drama, but the deeper mechanics rarely get attention. When incentives are misaligned, people respond in predictable ways, and then everyone acts surprised. The counterpoint is that experimentation is necessary even if messy. There are moments when disruption shakes loose outdated habits, and that energy can be useful. Still, without guardrails and follow through, momentum fades fast. In my view, acknowledging both sides actually makes the argument stronger instead of weaker. At the end of the day, steady progress beats chaos.",1
ai_0243,"It seems clear to me that in economy, consistent rules beat flashy reforms. A lot of the conversation focuses on surface drama, but the deeper mechanics rarely get attention. When incentives are misaligned, people respond in predictable ways, and then everyone acts surprised. The counterpoint is that strong personalities sometimes push progress faster. There are moments when disruption shakes loose outdated habits, and that energy can be useful. Still, without guardrails and follow through, momentum fades fast. In my view, acknowledging both sides actually makes the argument stronger instead of weaker. At the end of the day, steady progress beats chaos.",1
ai_0244,"It seems clear to me that in climate, execution is more important than branding. A lot of the conversation focuses on surface drama, but the deeper mechanics rarely get attention. When incentives are misaligned, people respond in predictable ways, and then everyone acts surprised. The counterpoint is that public pressure forces accountability. There are moments when disruption shakes loose outdated habits, and that energy can be useful. Still, without guardrails and follow through, momentum fades fast. In my view, acknowledging both sides actually makes the argument stronger instead of weaker. We can disagree on tactics without denying the tradeoffs.",1
ai_0245,"I’d argue that in campus life, long term incentives matter more than loud debates. A lot of the conversation focuses on surface drama, but the deeper mechanics rarely get attention. When incentives are misaligned, people respond in predictable ways, and then everyone acts surprised. I get why some people argue that experimentation is necessary even if messy. There are moments when disruption shakes loose outdated habits, and that energy can be useful. Still, without guardrails and follow through, momentum fades fast. In my view, acknowledging both sides actually makes the argument stronger instead of weaker. A little patience would probably calm things down.",1
ai_0246,"It seems clear to me that in politics, structure drives outcomes more than individual willpower. A lot of the conversation focuses on surface drama, but the deeper mechanics rarely get attention. When incentives are misaligned, people respond in predictable ways, and then everyone acts surprised. To be fair, strong personalities sometimes push progress faster. There are moments when disruption shakes loose outdated habits, and that energy can be useful. Still, without guardrails and follow through, momentum fades fast. In my view, acknowledging both sides actually makes the argument stronger instead of weaker. It’s not glamorous, but boring systems usually win.",1
ai_0247,"I honestly think in tech, consistent rules beat flashy reforms. A lot of the conversation focuses on surface drama, but the deeper mechanics rarely get attention. When incentives are misaligned, people respond in predictable ways, and then everyone acts surprised. I get why some people argue that public pressure forces accountability. There are moments when disruption shakes loose outdated habits, and that energy can be useful. Still, without guardrails and follow through, momentum fades fast. In my view, acknowledging both sides actually makes the argument stronger instead of weaker. A little patience would probably calm things down.",1
ai_0248,"I’m pretty convinced that in health, execution is more important than branding. A lot of the conversation focuses on surface drama, but the deeper mechanics rarely get attention. When incentives are misaligned, people respond in predictable ways, and then everyone acts surprised. That said, experimentation is necessary even if messy. There are moments when disruption shakes loose outdated habits, and that energy can be useful. Still, without guardrails and follow through, momentum fades fast. In my view, acknowledging both sides actually makes the argument stronger instead of weaker. At the end of the day, steady progress beats chaos.",1
ai_0249,"My basic take is that in sports, execution is more important than branding. A lot of the conversation focuses on surface drama, but the deeper mechanics rarely get attention. When incentives are misaligned, people respond in predictable ways, and then everyone acts surprised. To be fair, rapid change can create innovation. There are moments when disruption shakes loose outdated habits, and that energy can be useful. Still, without guardrails and follow through, momentum fades fast. In my view, acknowledging both sides actually makes the argument stronger instead of weaker. We can disagree on tactics without denying the tradeoffs.",1
ai_0250,"My basic take is that in economy, transparency would solve half the frustration. A lot of the conversation focuses on surface drama, but the deeper mechanics rarely get attention. When incentives are misaligned, people respond in predictable ways, and then everyone acts surprised. I get why some people argue that strong personalities sometimes push progress faster. There are moments when disruption shakes loose outdated habits, and that energy can be useful. Still, without guardrails and follow through, momentum fades fast. In my view, acknowledging both sides actually makes the argument stronger instead of weaker. At the end of the day, steady progress beats chaos.",1
ai_0251,"I honestly think in climate, transparency would solve half the frustration. A lot of the conversation focuses on surface drama, but the deeper mechanics rarely get attention. When incentives are misaligned, people respond in predictable ways, and then everyone acts surprised. To be fair, experimentation is necessary even if messy. There are moments when disruption shakes loose outdated habits, and that energy can be useful. Still, without guardrails and follow through, momentum fades fast. In my view, acknowledging both sides actually makes the argument stronger instead of weaker. A little patience would probably calm things down.",1
ai_0252,"My basic take is that in campus life, long term incentives matter more than loud debates. A lot of the conversation focuses on surface drama, but the deeper mechanics rarely get attention. When incentives are misaligned, people respond in predictable ways, and then everyone acts surprised. The counterpoint is that strong personalities sometimes push progress faster. There are moments when disruption shakes loose outdated habits, and that energy can be useful. Still, without guardrails and follow through, momentum fades fast. In my view, acknowledging both sides actually makes the argument stronger instead of weaker. It’s not glamorous, but boring systems usually win.",1
ai_0253,"I honestly think in politics, consistent rules beat flashy reforms. A lot of the conversation focuses on surface drama, but the deeper mechanics rarely get attention. When incentives are misaligned, people respond in predictable ways, and then everyone acts surprised. To be fair, rapid change can create innovation. There are moments when disruption shakes loose outdated habits, and that energy can be useful. Still, without guardrails and follow through, momentum fades fast. In my view, acknowledging both sides actually makes the argument stronger instead of weaker. We can disagree on tactics without denying the tradeoffs.",1
ai_0254,"I honestly think in tech, structure drives outcomes more than individual willpower. A lot of the conversation focuses on surface drama, but the deeper mechanics rarely get attention. When incentives are misaligned, people respond in predictable ways, and then everyone acts surprised. The counterpoint is that strong personalities sometimes push progress faster. There are moments when disruption shakes loose outdated habits, and that energy can be useful. Still, without guardrails and follow through, momentum fades fast. In my view, acknowledging both sides actually makes the argument stronger instead of weaker. We can disagree on tactics without denying the tradeoffs.",1
ai_0255,"I’m pretty convinced that in health, execution is more important than branding. A lot of the conversation focuses on surface drama, but the deeper mechanics rarely get attention. When incentives are misaligned, people respond in predictable ways, and then everyone acts surprised. The counterpoint is that strong personalities sometimes push progress faster. There are moments when disruption shakes loose outdated habits, and that energy can be useful. Still, without guardrails and follow through, momentum fades fast. In my view, acknowledging both sides actually makes the argument stronger instead of weaker. It’s not glamorous, but boring systems usually win.",1
ai_0256,"It seems clear to me that in sports, structure drives outcomes more than individual willpower. A lot of the conversation focuses on surface drama, but the deeper mechanics rarely get attention. When incentives are misaligned, people respond in predictable ways, and then everyone acts surprised. The counterpoint is that strong personalities sometimes push progress faster. There are moments when disruption shakes loose outdated habits, and that energy can be useful. Still, without guardrails and follow through, momentum fades fast. In my view, acknowledging both sides actually makes the argument stronger instead of weaker. A little patience would probably calm things down.",1
ai_0257,"I honestly think in economy, transparency would solve half the frustration. A lot of the conversation focuses on surface drama, but the deeper mechanics rarely get attention. When incentives are misaligned, people respond in predictable ways, and then everyone acts surprised. The counterpoint is that short term wins can build momentum. There are moments when disruption shakes loose outdated habits, and that energy can be useful. Still, without guardrails and follow through, momentum fades fast. In my view, acknowledging both sides actually makes the argument stronger instead of weaker. None of this is simple, but pretending it is makes it worse.",1
ai_0258,"My basic take is that in climate, long term incentives matter more than loud debates. A lot of the conversation focuses on surface drama, but the deeper mechanics rarely get attention. When incentives are misaligned, people respond in predictable ways, and then everyone acts surprised. To be fair, strong personalities sometimes push progress faster. There are moments when disruption shakes loose outdated habits, and that energy can be useful. Still, without guardrails and follow through, momentum fades fast. In my view, acknowledging both sides actually makes the argument stronger instead of weaker. It’s not glamorous, but boring systems usually win.",1
ai_0259,"I’d argue that in campus life, execution is more important than branding. A lot of the conversation focuses on surface drama, but the deeper mechanics rarely get attention. When incentives are misaligned, people respond in predictable ways, and then everyone acts surprised. To be fair, short term wins can build momentum. There are moments when disruption shakes loose outdated habits, and that energy can be useful. Still, without guardrails and follow through, momentum fades fast. In my view, acknowledging both sides actually makes the argument stronger instead of weaker. At the end of the day, steady progress beats chaos.",1
ai_0260,"I’d argue that in politics, execution is more important than branding. A lot of the conversation focuses on surface drama, but the deeper mechanics rarely get attention. When incentives are misaligned, people respond in predictable ways, and then everyone acts surprised. On the flip side, rapid change can create innovation. There are moments when disruption shakes loose outdated habits, and that energy can be useful. Still, without guardrails and follow through, momentum fades fast. In my view, acknowledging both sides actually makes the argument stronger instead of weaker. It’s not glamorous, but boring systems usually win.",1
ai_0261,"My basic take is that in tech, structure drives outcomes more than individual willpower. A lot of the conversation focuses on surface drama, but the deeper mechanics rarely get attention. When incentives are misaligned, people respond in predictable ways, and then everyone acts surprised. That said, rapid change can create innovation. There are moments when disruption shakes loose outdated habits, and that energy can be useful. Still, without guardrails and follow through, momentum fades fast. In my view, acknowledging both sides actually makes the argument stronger instead of weaker. A little patience would probably calm things down.",1
ai_0262,"My basic take is that in health, consistent rules beat flashy reforms. A lot of the conversation focuses on surface drama, but the deeper mechanics rarely get attention. When incentives are misaligned, people respond in predictable ways, and then everyone acts surprised. That said, public pressure forces accountability. There are moments when disruption shakes loose outdated habits, and that energy can be useful. Still, without guardrails and follow through, momentum fades fast. In my view, acknowledging both sides actually makes the argument stronger instead of weaker. None of this is simple, but pretending it is makes it worse.",1
ai_0263,"I’d argue that in sports, transparency would solve half the frustration. A lot of the conversation focuses on surface drama, but the deeper mechanics rarely get attention. When incentives are misaligned, people respond in predictable ways, and then everyone acts surprised. That said, public pressure forces accountability. There are moments when disruption shakes loose outdated habits, and that energy can be useful. Still, without guardrails and follow through, momentum fades fast. In my view, acknowledging both sides actually makes the argument stronger instead of weaker. We can disagree on tactics without denying the tradeoffs.",1
ai_0264,"I’d argue that in economy, long term incentives matter more than loud debates. A lot of the conversation focuses on surface drama, but the deeper mechanics rarely get attention. When incentives are misaligned, people respond in predictable ways, and then everyone acts surprised. I get why some people argue that public pressure forces accountability. There are moments when disruption shakes loose outdated habits, and that energy can be useful. Still, without guardrails and follow through, momentum fades fast. In my view, acknowledging both sides actually makes the argument stronger instead of weaker. At the end of the day, steady progress beats chaos.",1
ai_0265,"My basic take is that in climate, execution is more important than branding. A lot of the conversation focuses on surface drama, but the deeper mechanics rarely get attention. When incentives are misaligned, people respond in predictable ways, and then everyone acts surprised. The counterpoint is that rapid change can create innovation. There are moments when disruption shakes loose outdated habits, and that energy can be useful. Still, without guardrails and follow through, momentum fades fast. In my view, acknowledging both sides actually makes the argument stronger instead of weaker. A little patience would probably calm things down.",1
ai_0266,"I honestly think in campus life, long term incentives matter more than loud debates. A lot of the conversation focuses on surface drama, but the deeper mechanics rarely get attention. When incentives are misaligned, people respond in predictable ways, and then everyone acts surprised. That said, public pressure forces accountability. There are moments when disruption shakes loose outdated habits, and that energy can be useful. Still, without guardrails and follow through, momentum fades fast. In my view, acknowledging both sides actually makes the argument stronger instead of weaker. At the end of the day, steady progress beats chaos.",1
ai_0267,"I’d argue that in politics, structure drives outcomes more than individual willpower. A lot of the conversation focuses on surface drama, but the deeper mechanics rarely get attention. When incentives are misaligned, people respond in predictable ways, and then everyone acts surprised. On the flip side, experimentation is necessary even if messy. There are moments when disruption shakes loose outdated habits, and that energy can be useful. Still, without guardrails and follow through, momentum fades fast. In my view, acknowledging both sides actually makes the argument stronger instead of weaker. We can disagree on tactics without denying the tradeoffs.",1
ai_0268,"I’m pretty convinced that in tech, consistent rules beat flashy reforms. A lot of the conversation focuses on surface drama, but the deeper mechanics rarely get attention. When incentives are misaligned, people respond in predictable ways, and then everyone acts surprised. The counterpoint is that experimentation is necessary even if messy. There are moments when disruption shakes loose outdated habits, and that energy can be useful. Still, without guardrails and follow through, momentum fades fast. In my view, acknowledging both sides actually makes the argument stronger instead of weaker. We can disagree on tactics without denying the tradeoffs.",1
ai_0269,"My basic take is that in health, transparency would solve half the frustration. A lot of the conversation focuses on surface drama, but the deeper mechanics rarely get attention. When incentives are misaligned, people respond in predictable ways, and then everyone acts surprised. To be fair, short term wins can build momentum. There are moments when disruption shakes loose outdated habits, and that energy can be useful. Still, without guardrails and follow through, momentum fades fast. In my view, acknowledging both sides actually makes the argument stronger instead of weaker. None of this is simple, but pretending it is makes it worse.",1
ai_0270,"My basic take is that in sports, long term incentives matter more than loud debates. A lot of the conversation focuses on surface drama, but the deeper mechanics rarely get attention. When incentives are misaligned, people respond in predictable ways, and then everyone acts surprised. To be fair, rapid change can create innovation. There are moments when disruption shakes loose outdated habits, and that energy can be useful. Still, without guardrails and follow through, momentum fades fast. In my view, acknowledging both sides actually makes the argument stronger instead of weaker. It’s not glamorous, but boring systems usually win.",1
ai_0271,"I’d argue that in economy, transparency would solve half the frustration. A lot of the conversation focuses on surface drama, but the deeper mechanics rarely get attention. When incentives are misaligned, people respond in predictable ways, and then everyone acts surprised. To be fair, rapid change can create innovation. There are moments when disruption shakes loose outdated habits, and that energy can be useful. Still, without guardrails and follow through, momentum fades fast. In my view, acknowledging both sides actually makes the argument stronger instead of weaker. It’s not glamorous, but boring systems usually win.",1
ai_0272,"My basic take is that in climate, transparency would solve half the frustration. A lot of the conversation focuses on surface drama, but the deeper mechanics rarely get attention. When incentives are misaligned, people respond in predictable ways, and then everyone acts surprised. To be fair, rapid change can create innovation. There are moments when disruption shakes loose outdated habits, and that energy can be useful. Still, without guardrails and follow through, momentum fades fast. In my view, acknowledging both sides actually makes the argument stronger instead of weaker. None of this is simple, but pretending it is makes it worse.",1
ai_0273,"I’d argue that in campus life, structure drives outcomes more than individual willpower. A lot of the conversation focuses on surface drama, but the deeper mechanics rarely get attention. When incentives are misaligned, people respond in predictable ways, and then everyone acts surprised. I get why some people argue that strong personalities sometimes push progress faster. There are moments when disruption shakes loose outdated habits, and that energy can be useful. Still, without guardrails and follow through, momentum fades fast. In my view, acknowledging both sides actually makes the argument stronger instead of weaker. None of this is simple, but pretending it is makes it worse.",1
ai_0274,"I’d argue that in politics, execution is more important than branding. A lot of the conversation focuses on surface drama, but the deeper mechanics rarely get attention. When incentives are misaligned, people respond in predictable ways, and then everyone acts surprised. I get why some people argue that experimentation is necessary even if messy. There are moments when disruption shakes loose outdated habits, and that energy can be useful. Still, without guardrails and follow through, momentum fades fast. In my view, acknowledging both sides actually makes the argument stronger instead of weaker. At the end of the day, steady progress beats chaos.",1
ai_0275,"It seems clear to me that in tech, structure drives outcomes more than individual willpower. A lot of the conversation focuses on surface drama, but the deeper mechanics rarely get attention. When incentives are misaligned, people respond in predictable ways, and then everyone acts surprised. The counterpoint is that short term wins can build momentum. There are moments when disruption shakes loose outdated habits, and that energy can be useful. Still, without guardrails and follow through, momentum fades fast. In my view, acknowledging both sides actually makes the argument stronger instead of weaker. None of this is simple, but pretending it is makes it worse.",1
ai_0276,"I’m pretty convinced that in health, consistent rules beat flashy reforms. A lot of the conversation focuses on surface drama, but the deeper mechanics rarely get attention. When incentives are misaligned, people respond in predictable ways, and then everyone acts surprised. The counterpoint is that experimentation is necessary even if messy. There are moments when disruption shakes loose outdated habits, and that energy can be useful. Still, without guardrails and follow through, momentum fades fast. In my view, acknowledging both sides actually makes the argument stronger instead of weaker. We can disagree on tactics without denying the tradeoffs.",1
ai_0277,"My basic take is that in sports, execution is more important than branding. A lot of the conversation focuses on surface drama, but the deeper mechanics rarely get attention. When incentives are misaligned, people respond in predictable ways, and then everyone acts surprised. To be fair, public pressure forces accountability. There are moments when disruption shakes loose outdated habits, and that energy can be useful. Still, without guardrails and follow through, momentum fades fast. In my view, acknowledging both sides actually makes the argument stronger instead of weaker. We can disagree on tactics without denying the tradeoffs.",1
ai_0278,"My basic take is that in economy, transparency would solve half the frustration. A lot of the conversation focuses on surface drama, but the deeper mechanics rarely get attention. When incentives are misaligned, people respond in predictable ways, and then everyone acts surprised. On the flip side, strong personalities sometimes push progress faster. There are moments when disruption shakes loose outdated habits, and that energy can be useful. Still, without guardrails and follow through, momentum fades fast. In my view, acknowledging both sides actually makes the argument stronger instead of weaker. We can disagree on tactics without denying the tradeoffs.",1
ai_0279,"I’d argue that in climate, execution is more important than branding. A lot of the conversation focuses on surface drama, but the deeper mechanics rarely get attention. When incentives are misaligned, people respond in predictable ways, and then everyone acts surprised. The counterpoint is that public pressure forces accountability. There are moments when disruption shakes loose outdated habits, and that energy can be useful. Still, without guardrails and follow through, momentum fades fast. In my view, acknowledging both sides actually makes the argument stronger instead of weaker. At the end of the day, steady progress beats chaos.",1
ai_0280,"It seems clear to me that in campus life, long term incentives matter more than loud debates. A lot of the conversation focuses on surface drama, but the deeper mechanics rarely get attention. When incentives are misaligned, people respond in predictable ways, and then everyone acts surprised. That said, short term wins can build momentum. There are moments when disruption shakes loose outdated habits, and that energy can be useful. Still, without guardrails and follow through, momentum fades fast. In my view, acknowledging both sides actually makes the argument stronger instead of weaker. We can disagree on tactics without denying the tradeoffs.",1
ai_0281,"I’m pretty convinced that in politics, structure drives outcomes more than individual willpower. A lot of the conversation focuses on surface drama, but the deeper mechanics rarely get attention. When incentives are misaligned, people respond in predictable ways, and then everyone acts surprised. I get why some people argue that experimentation is necessary even if messy. There are moments when disruption shakes loose outdated habits, and that energy can be useful. Still, without guardrails and follow through, momentum fades fast. In my view, acknowledging both sides actually makes the argument stronger instead of weaker. It’s not glamorous, but boring systems usually win.",1
ai_0282,"I’m pretty convinced that in tech, consistent rules beat flashy reforms. A lot of the conversation focuses on surface drama, but the deeper mechanics rarely get attention. When incentives are misaligned, people respond in predictable ways, and then everyone acts surprised. On the flip side, experimentation is necessary even if messy. There are moments when disruption shakes loose outdated habits, and that energy can be useful. Still, without guardrails and follow through, momentum fades fast. In my view, acknowledging both sides actually makes the argument stronger instead of weaker. At the end of the day, steady progress beats chaos.",1
ai_0283,"My basic take is that in health, consistent rules beat flashy reforms. A lot of the conversation focuses on surface drama, but the deeper mechanics rarely get attention. When incentives are misaligned, people respond in predictable ways, and then everyone acts surprised. To be fair, short term wins can build momentum. There are moments when disruption shakes loose outdated habits, and that energy can be useful. Still, without guardrails and follow through, momentum fades fast. In my view, acknowledging both sides actually makes the argument stronger instead of weaker. A little patience would probably calm things down.",1
ai_0284,"My basic take is that in sports, structure drives outcomes more than individual willpower. A lot of the conversation focuses on surface drama, but the deeper mechanics rarely get attention. When incentives are misaligned, people respond in predictable ways, and then everyone acts surprised. To be fair, experimentation is necessary even if messy. There are moments when disruption shakes loose outdated habits, and that energy can be useful. Still, without guardrails and follow through, momentum fades fast. In my view, acknowledging both sides actually makes the argument stronger instead of weaker. We can disagree on tactics without denying the tradeoffs.",1
ai_0285,"I’m pretty convinced that in economy, consistent rules beat flashy reforms. A lot of the conversation focuses on surface drama, but the deeper mechanics rarely get attention. When incentives are misaligned, people respond in predictable ways, and then everyone acts surprised. I get why some people argue that rapid change can create innovation. There are moments when disruption shakes loose outdated habits, and that energy can be useful. Still, without guardrails and follow through, momentum fades fast. In my view, acknowledging both sides actually makes the argument stronger instead of weaker. A little patience would probably calm things down.",1
ai_0286,"I honestly think in climate, long term incentives matter more than loud debates. A lot of the conversation focuses on surface drama, but the deeper mechanics rarely get attention. When incentives are misaligned, people respond in predictable ways, and then everyone acts surprised. I get why some people argue that rapid change can create innovation. There are moments when disruption shakes loose outdated habits, and that energy can be useful. Still, without guardrails and follow through, momentum fades fast. In my view, acknowledging both sides actually makes the argument stronger instead of weaker. At the end of the day, steady progress beats chaos.",1
ai_0287,"It seems clear to me that in campus life, structure drives outcomes more than individual willpower. A lot of the conversation focuses on surface drama, but the deeper mechanics rarely get attention. When incentives are misaligned, people respond in predictable ways, and then everyone acts surprised. That said, short term wins can build momentum. There are moments when disruption shakes loose outdated habits, and that energy can be useful. Still, without guardrails and follow through, momentum fades fast. In my view, acknowledging both sides actually makes the argument stronger instead of weaker. It’s not glamorous, but boring systems usually win.",1
ai_0288,"I’m pretty convinced that in politics, structure drives outcomes more than individual willpower. A lot of the conversation focuses on surface drama, but the deeper mechanics rarely get attention. When incentives are misaligned, people respond in predictable ways, and then everyone acts surprised. On the flip side, short term wins can build momentum. There are moments when disruption shakes loose outdated habits, and that energy can be useful. Still, without guardrails and follow through, momentum fades fast. In my view, acknowledging both sides actually makes the argument stronger instead of weaker. At the end of the day, steady progress beats chaos.",1
ai_0289,"My basic take is that in tech, structure drives outcomes more than individual willpower. A lot of the conversation focuses on surface drama, but the deeper mechanics rarely get attention. When incentives are misaligned, people respond in predictable ways, and then everyone acts surprised. That said, experimentation is necessary even if messy. There are moments when disruption shakes loose outdated habits, and that energy can be useful. Still, without guardrails and follow through, momentum fades fast. In my view, acknowledging both sides actually makes the argument stronger instead of weaker. At the end of the day, steady progress beats chaos.",1
ai_0290,"It seems clear to me that in health, execution is more important than branding. A lot of the conversation focuses on surface drama, but the deeper mechanics rarely get attention. When incentives are misaligned, people respond in predictable ways, and then everyone acts surprised. That said, public pressure forces accountability. There are moments when disruption shakes loose outdated habits, and that energy can be useful. Still, without guardrails and follow through, momentum fades fast. In my view, acknowledging both sides actually makes the argument stronger instead of weaker. A little patience would probably calm things down.",1
ai_0291,"It seems clear to me that in sports, execution is more important than branding. A lot of the conversation focuses on surface drama, but the deeper mechanics rarely get attention. When incentives are misaligned, people respond in predictable ways, and then everyone acts surprised. On the flip side, strong personalities sometimes push progress faster. There are moments when disruption shakes loose outdated habits, and that energy can be useful. Still, without guardrails and follow through, momentum fades fast. In my view, acknowledging both sides actually makes the argument stronger instead of weaker. A little patience would probably calm things down.",1
ai_0292,"It seems clear to me that in economy, long term incentives matter more than loud debates. A lot of the conversation focuses on surface drama, but the deeper mechanics rarely get attention. When incentives are misaligned, people respond in predictable ways, and then everyone acts surprised. The counterpoint is that rapid change can create innovation. There are moments when disruption shakes loose outdated habits, and that energy can be useful. Still, without guardrails and follow through, momentum fades fast. In my view, acknowledging both sides actually makes the argument stronger instead of weaker. At the end of the day, steady progress beats chaos.",1
ai_0293,"My basic take is that in climate, consistent rules beat flashy reforms. A lot of the conversation focuses on surface drama, but the deeper mechanics rarely get attention. When incentives are misaligned, people respond in predictable ways, and then everyone acts surprised. The counterpoint is that rapid change can create innovation. There are moments when disruption shakes loose outdated habits, and that energy can be useful. Still, without guardrails and follow through, momentum fades fast. In my view, acknowledging both sides actually makes the argument stronger instead of weaker. A little patience would probably calm things down.",1
ai_0294,"I’m pretty convinced that in campus life, transparency would solve half the frustration. A lot of the conversation focuses on surface drama, but the deeper mechanics rarely get attention. When incentives are misaligned, people respond in predictable ways, and then everyone acts surprised. The counterpoint is that experimentation is necessary even if messy. There are moments when disruption shakes loose outdated habits, and that energy can be useful. Still, without guardrails and follow through, momentum fades fast. In my view, acknowledging both sides actually makes the argument stronger instead of weaker. None of this is simple, but pretending it is makes it worse.",1
ai_0295,"My basic take is that in politics, consistent rules beat flashy reforms. A lot of the conversation focuses on surface drama, but the deeper mechanics rarely get attention. When incentives are misaligned, people respond in predictable ways, and then everyone acts surprised. The counterpoint is that strong personalities sometimes push progress faster. There are moments when disruption shakes loose outdated habits, and that energy can be useful. Still, without guardrails and follow through, momentum fades fast. In my view, acknowledging both sides actually makes the argument stronger instead of weaker. We can disagree on tactics without denying the tradeoffs.",1
ai_0296,"My basic take is that in tech, transparency would solve half the frustration. A lot of the conversation focuses on surface drama, but the deeper mechanics rarely get attention. When incentives are misaligned, people respond in predictable ways, and then everyone acts surprised. The counterpoint is that rapid change can create innovation. There are moments when disruption shakes loose outdated habits, and that energy can be useful. Still, without guardrails and follow through, momentum fades fast. In my view, acknowledging both sides actually makes the argument stronger instead of weaker. It’s not glamorous, but boring systems usually win.",1
ai_0297,"I’m pretty convinced that in health, execution is more important than branding. A lot of the conversation focuses on surface drama, but the deeper mechanics rarely get attention. When incentives are misaligned, people respond in predictable ways, and then everyone acts surprised. That said, rapid change can create innovation. There are moments when disruption shakes loose outdated habits, and that energy can be useful. Still, without guardrails and follow through, momentum fades fast. In my view, acknowledging both sides actually makes the argument stronger instead of weaker. None of this is simple, but pretending it is makes it worse.",1
ai_0298,"I’m pretty convinced that in sports, long term incentives matter more than loud debates. A lot of the conversation focuses on surface drama, but the deeper mechanics rarely get attention. When incentives are misaligned, people respond in predictable ways, and then everyone acts surprised. On the flip side, rapid change can create innovation. There are moments when disruption shakes loose outdated habits, and that energy can be useful. Still, without guardrails and follow through, momentum fades fast. In my view, acknowledging both sides actually makes the argument stronger instead of weaker. None of this is simple, but pretending it is makes it worse.",1
ai_0299,"I’d argue that in economy, execution is more important than branding. A lot of the conversation focuses on surface drama, but the deeper mechanics rarely get attention. When incentives are misaligned, people respond in predictable ways, and then everyone acts surprised. To be fair, short term wins can build momentum. There are moments when disruption shakes loose outdated habits, and that energy can be useful. Still, without guardrails and follow through, momentum fades fast. In my view, acknowledging both sides actually makes the argument stronger instead of weaker. At the end of the day, steady progress beats chaos.",1
ai_0300,"I’m pretty convinced that in climate, consistent rules beat flashy reforms. A lot of the conversation focuses on surface drama, but the deeper mechanics rarely get attention. When incentives are misaligned, people respond in predictable ways, and then everyone acts surprised. The counterpoint is that public pressure forces accountability. There are moments when disruption shakes loose outdated habits, and that energy can be useful. Still, without guardrails and follow through, momentum fades fast. In my view, acknowledging both sides actually makes the argument stronger instead of weaker. It’s not glamorous, but boring systems usually win.",1
ai_0301,"I’d argue that in campus life, execution is more important than branding. A lot of the conversation focuses on surface drama, but the deeper mechanics rarely get attention. When incentives are misaligned, people respond in predictable ways, and then everyone acts surprised. I get why some people argue that strong personalities sometimes push progress faster. There are moments when disruption shakes loose outdated habits, and that energy can be useful. Still, without guardrails and follow through, momentum fades fast. In my view, acknowledging both sides actually makes the argument stronger instead of weaker. At the end of the day, steady progress beats chaos.",1
ai_0302,"I honestly think in politics, transparency would solve half the frustration. A lot of the conversation focuses on surface drama, but the deeper mechanics rarely get attention. When incentives are misaligned, people respond in predictable ways, and then everyone acts surprised. On the flip side, public pressure forces accountability. There are moments when disruption shakes loose outdated habits, and that energy can be useful. Still, without guardrails and follow through, momentum fades fast. In my view, acknowledging both sides actually makes the argument stronger instead of weaker. We can disagree on tactics without denying the tradeoffs.",1
ai_0303,"I’m pretty convinced that in tech, structure drives outcomes more than individual willpower. A lot of the conversation focuses on surface drama, but the deeper mechanics rarely get attention. When incentives are misaligned, people respond in predictable ways, and then everyone acts surprised. The counterpoint is that rapid change can create innovation. There are moments when disruption shakes loose outdated habits, and that energy can be useful. Still, without guardrails and follow through, momentum fades fast. In my view, acknowledging both sides actually makes the argument stronger instead of weaker. It’s not glamorous, but boring systems usually win.",1
ai_0304,"I’m pretty convinced that in health, execution is more important than branding. A lot of the conversation focuses on surface drama, but the deeper mechanics rarely get attention. When incentives are misaligned, people respond in predictable ways, and then everyone acts surprised. That said, strong personalities sometimes push progress faster. There are moments when disruption shakes loose outdated habits, and that energy can be useful. Still, without guardrails and follow through, momentum fades fast. In my view, acknowledging both sides actually makes the argument stronger instead of weaker. None of this is simple, but pretending it is makes it worse.",1
ai_0305,"I’d argue that in sports, execution is more important than branding. A lot of the conversation focuses on surface drama, but the deeper mechanics rarely get attention. When incentives are misaligned, people respond in predictable ways, and then everyone acts surprised. That said, public pressure forces accountability. There are moments when disruption shakes loose outdated habits, and that energy can be useful. Still, without guardrails and follow through, momentum fades fast. In my view, acknowledging both sides actually makes the argument stronger instead of weaker. None of this is simple, but pretending it is makes it worse.",1
ai_0306,"I’m pretty convinced that in economy, transparency would solve half the frustration. A lot of the conversation focuses on surface drama, but the deeper mechanics rarely get attention. When incentives are misaligned, people respond in predictable ways, and then everyone acts surprised. On the flip side, strong personalities sometimes push progress faster. There are moments when disruption shakes loose outdated habits, and that energy can be useful. Still, without guardrails and follow through, momentum fades fast. In my view, acknowledging both sides actually makes the argument stronger instead of weaker. We can disagree on tactics without denying the tradeoffs.",1
ai_0307,"It seems clear to me that in climate, execution is more important than branding. A lot of the conversation focuses on surface drama, but the deeper mechanics rarely get attention. When incentives are misaligned, people respond in predictable ways, and then everyone acts surprised. The counterpoint is that experimentation is necessary even if messy. There are moments when disruption shakes loose outdated habits, and that energy can be useful. Still, without guardrails and follow through, momentum fades fast. In my view, acknowledging both sides actually makes the argument stronger instead of weaker. We can disagree on tactics without denying the tradeoffs.",1
ai_0308,"I’d argue that in campus life, consistent rules beat flashy reforms. A lot of the conversation focuses on surface drama, but the deeper mechanics rarely get attention. When incentives are misaligned, people respond in predictable ways, and then everyone acts surprised. On the flip side, experimentation is necessary even if messy. There are moments when disruption shakes loose outdated habits, and that energy can be useful. Still, without guardrails and follow through, momentum fades fast. In my view, acknowledging both sides actually makes the argument stronger instead of weaker. It’s not glamorous, but boring systems usually win.",1
ai_0309,"I honestly think in politics, long term incentives matter more than loud debates. A lot of the conversation focuses on surface drama, but the deeper mechanics rarely get attention. When incentives are misaligned, people respond in predictable ways, and then everyone acts surprised. That said, rapid change can create innovation. There are moments when disruption shakes loose outdated habits, and that energy can be useful. Still, without guardrails and follow through, momentum fades fast. In my view, acknowledging both sides actually makes the argument stronger instead of weaker. It’s not glamorous, but boring systems usually win.",1
ai_0310,"I’m pretty convinced that in tech, execution is more important than branding. A lot of the conversation focuses on surface drama, but the deeper mechanics rarely get attention. When incentives are misaligned, people respond in predictable ways, and then everyone acts surprised. The counterpoint is that strong personalities sometimes push progress faster. There are moments when disruption shakes loose outdated habits, and that energy can be useful. Still, without guardrails and follow through, momentum fades fast. In my view, acknowledging both sides actually makes the argument stronger instead of weaker. None of this is simple, but pretending it is makes it worse.",1
ai_0311,"I’m pretty convinced that in health, execution is more important than branding. A lot of the conversation focuses on surface drama, but the deeper mechanics rarely get attention. When incentives are misaligned, people respond in predictable ways, and then everyone acts surprised. The counterpoint is that short term wins can build momentum. There are moments when disruption shakes loose outdated habits, and that energy can be useful. Still, without guardrails and follow through, momentum fades fast. In my view, acknowledging both sides actually makes the argument stronger instead of weaker. We can disagree on tactics without denying the tradeoffs.",1
ai_0312,"I’m pretty convinced that in sports, structure drives outcomes more than individual willpower. A lot of the conversation focuses on surface drama, but the deeper mechanics rarely get attention. When incentives are misaligned, people respond in predictable ways, and then everyone acts surprised. I get why some people argue that strong personalities sometimes push progress faster. There are moments when disruption shakes loose outdated habits, and that energy can be useful. Still, without guardrails and follow through, momentum fades fast. In my view, acknowledging both sides actually makes the argument stronger instead of weaker. None of this is simple, but pretending it is makes it worse.",1
ai_0313,"My basic take is that in economy, execution is more important than branding. A lot of the conversation focuses on surface drama, but the deeper mechanics rarely get attention. When incentives are misaligned, people respond in predictable ways, and then everyone acts surprised. On the flip side, rapid change can create innovation. There are moments when disruption shakes loose outdated habits, and that energy can be useful. Still, without guardrails and follow through, momentum fades fast. In my view, acknowledging both sides actually makes the argument stronger instead of weaker. A little patience would probably calm things down.",1
ai_0314,"My basic take is that in climate, transparency would solve half the frustration. A lot of the conversation focuses on surface drama, but the deeper mechanics rarely get attention. When incentives are misaligned, people respond in predictable ways, and then everyone acts surprised. To be fair, short term wins can build momentum. There are moments when disruption shakes loose outdated habits, and that energy can be useful. Still, without guardrails and follow through, momentum fades fast. In my view, acknowledging both sides actually makes the argument stronger instead of weaker. We can disagree on tactics without denying the tradeoffs.",1
ai_0315,"It seems clear to me that in campus life, consistent rules beat flashy reforms. A lot of the conversation focuses on surface drama, but the deeper mechanics rarely get attention. When incentives are misaligned, people respond in predictable ways, and then everyone acts surprised. That said, short term wins can build momentum. There are moments when disruption shakes loose outdated habits, and that energy can be useful. Still, without guardrails and follow through, momentum fades fast. In my view, acknowledging both sides actually makes the argument stronger instead of weaker. None of this is simple, but pretending it is makes it worse.",1
ai_0316,"I’d argue that in politics, structure drives outcomes more than individual willpower. A lot of the conversation focuses on surface drama, but the deeper mechanics rarely get attention. When incentives are misaligned, people respond in predictable ways, and then everyone acts surprised. That said, short term wins can build momentum. There are moments when disruption shakes loose outdated habits, and that energy can be useful. Still, without guardrails and follow through, momentum fades fast. In my view, acknowledging both sides actually makes the argument stronger instead of weaker. It’s not glamorous, but boring systems usually win.",1
ai_0317,"It seems clear to me that in tech, consistent rules beat flashy reforms. A lot of the conversation focuses on surface drama, but the deeper mechanics rarely get attention. When incentives are misaligned, people respond in predictable ways, and then everyone acts surprised. The counterpoint is that public pressure forces accountability. There are moments when disruption shakes loose outdated habits, and that energy can be useful. Still, without guardrails and follow through, momentum fades fast. In my view, acknowledging both sides actually makes the argument stronger instead of weaker. None of this is simple, but pretending it is makes it worse.",1
ai_0318,"It seems clear to me that in health, long term incentives matter more than loud debates. A lot of the conversation focuses on surface drama, but the deeper mechanics rarely get attention. When incentives are misaligned, people respond in predictable ways, and then everyone acts surprised. That said, experimentation is necessary even if messy. There are moments when disruption shakes loose outdated habits, and that energy can be useful. Still, without guardrails and follow through, momentum fades fast. In my view, acknowledging both sides actually makes the argument stronger instead of weaker. A little patience would probably calm things down.",1
ai_0319,"I’d argue that in sports, consistent rules beat flashy reforms. A lot of the conversation focuses on surface drama, but the deeper mechanics rarely get attention. When incentives are misaligned, people respond in predictable ways, and then everyone acts surprised. To be fair, rapid change can create innovation. There are moments when disruption shakes loose outdated habits, and that energy can be useful. Still, without guardrails and follow through, momentum fades fast. In my view, acknowledging both sides actually makes the argument stronger instead of weaker. It’s not glamorous, but boring systems usually win.",1
ai_0320,"My basic take is that in economy, execution is more important than branding. A lot of the conversation focuses on surface drama, but the deeper mechanics rarely get attention. When incentives are misaligned, people respond in predictable ways, and then everyone acts surprised. To be fair, public pressure forces accountability. There are moments when disruption shakes loose outdated habits, and that energy can be useful. Still, without guardrails and follow through, momentum fades fast. In my view, acknowledging both sides actually makes the argument stronger instead of weaker. None of this is simple, but pretending it is makes it worse.",1
ai_0321,"My basic take is that in climate, execution is more important than branding. A lot of the conversation focuses on surface drama, but the deeper mechanics rarely get attention. When incentives are misaligned, people respond in predictable ways, and then everyone acts surprised. I get why some people argue that rapid change can create innovation. There are moments when disruption shakes loose outdated habits, and that energy can be useful. Still, without guardrails and follow through, momentum fades fast. In my view, acknowledging both sides actually makes the argument stronger instead of weaker. A little patience would probably calm things down.",1
ai_0322,"I’m pretty convinced that in campus life, execution is more important than branding. A lot of the conversation focuses on surface drama, but the deeper mechanics rarely get attention. When incentives are misaligned, people respond in predictable ways, and then everyone acts surprised. That said, public pressure forces accountability. There are moments when disruption shakes loose outdated habits, and that energy can be useful. Still, without guardrails and follow through, momentum fades fast. In my view, acknowledging both sides actually makes the argument stronger instead of weaker. We can disagree on tactics without denying the tradeoffs.",1
ai_0323,"I’d argue that in politics, long term incentives matter more than loud debates. A lot of the conversation focuses on surface drama, but the deeper mechanics rarely get attention. When incentives are misaligned, people respond in predictable ways, and then everyone acts surprised. The counterpoint is that strong personalities sometimes push progress faster. There are moments when disruption shakes loose outdated habits, and that energy can be useful. Still, without guardrails and follow through, momentum fades fast. In my view, acknowledging both sides actually makes the argument stronger instead of weaker. It’s not glamorous, but boring systems usually win.",1
ai_0324,"I’d argue that in tech, structure drives outcomes more than individual willpower. A lot of the conversation focuses on surface drama, but the deeper mechanics rarely get attention. When incentives are misaligned, people respond in predictable ways, and then everyone acts surprised. I get why some people argue that experimentation is necessary even if messy. There are moments when disruption shakes loose outdated habits, and that energy can be useful. Still, without guardrails and follow through, momentum fades fast. In my view, acknowledging both sides actually makes the argument stronger instead of weaker. A little patience would probably calm things down.",1
ai_0325,"I honestly think in health, transparency would solve half the frustration. A lot of the conversation focuses on surface drama, but the deeper mechanics rarely get attention. When incentives are misaligned, people respond in predictable ways, and then everyone acts surprised. That said, public pressure forces accountability. There are moments when disruption shakes loose outdated habits, and that energy can be useful. Still, without guardrails and follow through, momentum fades fast. In my view, acknowledging both sides actually makes the argument stronger instead of weaker. A little patience would probably calm things down.",1
ai_0326,"I’d argue that in sports, long term incentives matter more than loud debates. A lot of the conversation focuses on surface drama, but the deeper mechanics rarely get attention. When incentives are misaligned, people respond in predictable ways, and then everyone acts surprised. On the flip side, experimentation is necessary even if messy. There are moments when disruption shakes loose outdated habits, and that energy can be useful. Still, without guardrails and follow through, momentum fades fast. In my view, acknowledging both sides actually makes the argument stronger instead of weaker. At the end of the day, steady progress beats chaos.",1
ai_0327,"It seems clear to me that in economy, consistent rules beat flashy reforms. A lot of the conversation focuses on surface drama, but the deeper mechanics rarely get attention. When incentives are misaligned, people respond in predictable ways, and then everyone acts surprised. That said, experimentation is necessary even if messy. There are moments when disruption shakes loose outdated habits, and that energy can be useful. Still, without guardrails and follow through, momentum fades fast. In my view, acknowledging both sides actually makes the argument stronger instead of weaker. It’s not glamorous, but boring systems usually win.",1
ai_0328,"I’m pretty convinced that in climate, structure drives outcomes more than individual willpower. A lot of the conversation focuses on surface drama, but the deeper mechanics rarely get attention. When incentives are misaligned, people respond in predictable ways, and then everyone acts surprised. I get why some people argue that rapid change can create innovation. There are moments when disruption shakes loose outdated habits, and that energy can be useful. Still, without guardrails and follow through, momentum fades fast. In my view, acknowledging both sides actually makes the argument stronger instead of weaker. We can disagree on tactics without denying the tradeoffs.",1
ai_0329,"My basic take is that in campus life, long term incentives matter more than loud debates. A lot of the conversation focuses on surface drama, but the deeper mechanics rarely get attention. When incentives are misaligned, people respond in predictable ways, and then everyone acts surprised. The counterpoint is that strong personalities sometimes push progress faster. There are moments when disruption shakes loose outdated habits, and that energy can be useful. Still, without guardrails and follow through, momentum fades fast. In my view, acknowledging both sides actually makes the argument stronger instead of weaker. We can disagree on tactics without denying the tradeoffs.",1
ai_0330,"It seems clear to me that in politics, transparency would solve half the frustration. A lot of the conversation focuses on surface drama, but the deeper mechanics rarely get attention. When incentives are misaligned, people respond in predictable ways, and then everyone acts surprised. On the flip side, public pressure forces accountability. There are moments when disruption shakes loose outdated habits, and that energy can be useful. Still, without guardrails and follow through, momentum fades fast. In my view, acknowledging both sides actually makes the argument stronger instead of weaker. It’s not glamorous, but boring systems usually win.",1
ai_0331,"I’d argue that in tech, long term incentives matter more than loud debates. A lot of the conversation focuses on surface drama, but the deeper mechanics rarely get attention. When incentives are misaligned, people respond in predictable ways, and then everyone acts surprised. The counterpoint is that strong personalities sometimes push progress faster. There are moments when disruption shakes loose outdated habits, and that energy can be useful. Still, without guardrails and follow through, momentum fades fast. In my view, acknowledging both sides actually makes the argument stronger instead of weaker. A little patience would probably calm things down.",1
ai_0332,"I’d argue that in health, long term incentives matter more than loud debates. A lot of the conversation focuses on surface drama, but the deeper mechanics rarely get attention. When incentives are misaligned, people respond in predictable ways, and then everyone acts surprised. That said, rapid change can create innovation. There are moments when disruption shakes loose outdated habits, and that energy can be useful. Still, without guardrails and follow through, momentum fades fast. In my view, acknowledging both sides actually makes the argument stronger instead of weaker. None of this is simple, but pretending it is makes it worse.",1
ai_0333,"My basic take is that in sports, consistent rules beat flashy reforms. A lot of the conversation focuses on surface drama, but the deeper mechanics rarely get attention. When incentives are misaligned, people respond in predictable ways, and then everyone acts surprised. To be fair, short term wins can build momentum. There are moments when disruption shakes loose outdated habits, and that energy can be useful. Still, without guardrails and follow through, momentum fades fast. In my view, acknowledging both sides actually makes the argument stronger instead of weaker. We can disagree on tactics without denying the tradeoffs.",1
ai_0334,"I’m pretty convinced that in economy, consistent rules beat flashy reforms. A lot of the conversation focuses on surface drama, but the deeper mechanics rarely get attention. When incentives are misaligned, people respond in predictable ways, and then everyone acts surprised. The counterpoint is that experimentation is necessary even if messy. There are moments when disruption shakes loose outdated habits, and that energy can be useful. Still, without guardrails and follow through, momentum fades fast. In my view, acknowledging both sides actually makes the argument stronger instead of weaker. A little patience would probably calm things down.",1
ai_0335,"I honestly think in climate, transparency would solve half the frustration. A lot of the conversation focuses on surface drama, but the deeper mechanics rarely get attention. When incentives are misaligned, people respond in predictable ways, and then everyone acts surprised. On the flip side, experimentation is necessary even if messy. There are moments when disruption shakes loose outdated habits, and that energy can be useful. Still, without guardrails and follow through, momentum fades fast. In my view, acknowledging both sides actually makes the argument stronger instead of weaker. None of this is simple, but pretending it is makes it worse.",1
ai_0336,"I’m pretty convinced that in campus life, consistent rules beat flashy reforms. A lot of the conversation focuses on surface drama, but the deeper mechanics rarely get attention. When incentives are misaligned, people respond in predictable ways, and then everyone acts surprised. I get why some people argue that strong personalities sometimes push progress faster. There are moments when disruption shakes loose outdated habits, and that energy can be useful. Still, without guardrails and follow through, momentum fades fast. In my view, acknowledging both sides actually makes the argument stronger instead of weaker. At the end of the day, steady progress beats chaos.",1
ai_0337,"I honestly think in politics, execution is more important than branding. A lot of the conversation focuses on surface drama, but the deeper mechanics rarely get attention. When incentives are misaligned, people respond in predictable ways, and then everyone acts surprised. On the flip side, experimentation is necessary even if messy. There are moments when disruption shakes loose outdated habits, and that energy can be useful. Still, without guardrails and follow through, momentum fades fast. In my view, acknowledging both sides actually makes the argument stronger instead of weaker. A little patience would probably calm things down.",1
ai_0338,"I’m pretty convinced that in tech, execution is more important than branding. A lot of the conversation focuses on surface drama, but the deeper mechanics rarely get attention. When incentives are misaligned, people respond in predictable ways, and then everyone acts surprised. The counterpoint is that rapid change can create innovation. There are moments when disruption shakes loose outdated habits, and that energy can be useful. Still, without guardrails and follow through, momentum fades fast. In my view, acknowledging both sides actually makes the argument stronger instead of weaker. A little patience would probably calm things down.",1
ai_0339,"My basic take is that in health, execution is more important than branding. A lot of the conversation focuses on surface drama, but the deeper mechanics rarely get attention. When incentives are misaligned, people respond in predictable ways, and then everyone acts surprised. That said, rapid change can create innovation. There are moments when disruption shakes loose outdated habits, and that energy can be useful. Still, without guardrails and follow through, momentum fades fast. In my view, acknowledging both sides actually makes the argument stronger instead of weaker. It’s not glamorous, but boring systems usually win.",1
ai_0340,"I’d argue that in sports, long term incentives matter more than loud debates. A lot of the conversation focuses on surface drama, but the deeper mechanics rarely get attention. When incentives are misaligned, people respond in predictable ways, and then everyone acts surprised. To be fair, rapid change can create innovation. There are moments when disruption shakes loose outdated habits, and that energy can be useful. Still, without guardrails and follow through, momentum fades fast. In my view, acknowledging both sides actually makes the argument stronger instead of weaker. We can disagree on tactics without denying the tradeoffs.",1
ai_0341,"I’d argue that in economy, transparency would solve half the frustration. A lot of the conversation focuses on surface drama, but the deeper mechanics rarely get attention. When incentives are misaligned, people respond in predictable ways, and then everyone acts surprised. To be fair, experimentation is necessary even if messy. There are moments when disruption shakes loose outdated habits, and that energy can be useful. Still, without guardrails and follow through, momentum fades fast. In my view, acknowledging both sides actually makes the argument stronger instead of weaker. None of this is simple, but pretending it is makes it worse.",1
ai_0342,"I’d argue that in climate, execution is more important than branding. A lot of the conversation focuses on surface drama, but the deeper mechanics rarely get attention. When incentives are misaligned, people respond in predictable ways, and then everyone acts surprised. I get why some people argue that experimentation is necessary even if messy. There are moments when disruption shakes loose outdated habits, and that energy can be useful. Still, without guardrails and follow through, momentum fades fast. In my view, acknowledging both sides actually makes the argument stronger instead of weaker. None of this is simple, but pretending it is makes it worse.",1
ai_0343,"My basic take is that in campus life, structure drives outcomes more than individual willpower. A lot of the conversation focuses on surface drama, but the deeper mechanics rarely get attention. When incentives are misaligned, people respond in predictable ways, and then everyone acts surprised. The counterpoint is that experimentation is necessary even if messy. There are moments when disruption shakes loose outdated habits, and that energy can be useful. Still, without guardrails and follow through, momentum fades fast. In my view, acknowledging both sides actually makes the argument stronger instead of weaker. It’s not glamorous, but boring systems usually win.",1
ai_0344,"I honestly think in politics, execution is more important than branding. A lot of the conversation focuses on surface drama, but the deeper mechanics rarely get attention. When incentives are misaligned, people respond in predictable ways, and then everyone acts surprised. The counterpoint is that short term wins can build momentum. There are moments when disruption shakes loose outdated habits, and that energy can be useful. Still, without guardrails and follow through, momentum fades fast. In my view, acknowledging both sides actually makes the argument stronger instead of weaker. We can disagree on tactics without denying the tradeoffs.",1
ai_0345,"It seems clear to me that in tech, long term incentives matter more than loud debates. A lot of the conversation focuses on surface drama, but the deeper mechanics rarely get attention. When incentives are misaligned, people respond in predictable ways, and then everyone acts surprised. To be fair, public pressure forces accountability. There are moments when disruption shakes loose outdated habits, and that energy can be useful. Still, without guardrails and follow through, momentum fades fast. In my view, acknowledging both sides actually makes the argument stronger instead of weaker. We can disagree on tactics without denying the tradeoffs.",1
ai_0346,"It seems clear to me that in health, consistent rules beat flashy reforms. A lot of the conversation focuses on surface drama, but the deeper mechanics rarely get attention. When incentives are misaligned, people respond in predictable ways, and then everyone acts surprised. The counterpoint is that experimentation is necessary even if messy. There are moments when disruption shakes loose outdated habits, and that energy can be useful. Still, without guardrails and follow through, momentum fades fast. In my view, acknowledging both sides actually makes the argument stronger instead of weaker. It’s not glamorous, but boring systems usually win.",1
ai_0347,"It seems clear to me that in sports, transparency would solve half the frustration. A lot of the conversation focuses on surface drama, but the deeper mechanics rarely get attention. When incentives are misaligned, people respond in predictable ways, and then everyone acts surprised. The counterpoint is that experimentation is necessary even if messy. There are moments when disruption shakes loose outdated habits, and that energy can be useful. Still, without guardrails and follow through, momentum fades fast. In my view, acknowledging both sides actually makes the argument stronger instead of weaker. A little patience would probably calm things down.",1
ai_0348,"I’m pretty convinced that in economy, consistent rules beat flashy reforms. A lot of the conversation focuses on surface drama, but the deeper mechanics rarely get attention. When incentives are misaligned, people respond in predictable ways, and then everyone acts surprised. I get why some people argue that rapid change can create innovation. There are moments when disruption shakes loose outdated habits, and that energy can be useful. Still, without guardrails and follow through, momentum fades fast. In my view, acknowledging both sides actually makes the argument stronger instead of weaker. At the end of the day, steady progress beats chaos.",1
ai_0349,"I’m pretty convinced that in climate, transparency would solve half the frustration. A lot of the conversation focuses on surface drama, but the deeper mechanics rarely get attention. When incentives are misaligned, people respond in predictable ways, and then everyone acts surprised. On the flip side, rapid change can create innovation. There are moments when disruption shakes loose outdated habits, and that energy can be useful. Still, without guardrails and follow through, momentum fades fast. In my view, acknowledging both sides actually makes the argument stronger instead of weaker. A little patience would probably calm things down.",1
ai_0350,"I honestly think in campus life, structure drives outcomes more than individual willpower. A lot of the conversation focuses on surface drama, but the deeper mechanics rarely get attention. When incentives are misaligned, people respond in predictable ways, and then everyone acts surprised. I get why some people argue that public pressure forces accountability. There are moments when disruption shakes loose outdated habits, and that energy can be useful. Still, without guardrails and follow through, momentum fades fast. In my view, acknowledging both sides actually makes the argument stronger instead of weaker. It’s not glamorous, but boring systems usually win.",1
ai_0351,"I’d argue that in politics, transparency would solve half the frustration. A lot of the conversation focuses on surface drama, but the deeper mechanics rarely get attention. When incentives are misaligned, people respond in predictable ways, and then everyone acts surprised. That said, rapid change can create innovation. There are moments when disruption shakes loose outdated habits, and that energy can be useful. Still, without guardrails and follow through, momentum fades fast. In my view, acknowledging both sides actually makes the argument stronger instead of weaker. At the end of the day, steady progress beats chaos.",1
ai_0352,"It seems clear to me that in tech, structure drives outcomes more than individual willpower. A lot of the conversation focuses on surface drama, but the deeper mechanics rarely get attention. When incentives are misaligned, people respond in predictable ways, and then everyone acts surprised. On the flip side, rapid change can create innovation. There are moments when disruption shakes loose outdated habits, and that energy can be useful. Still, without guardrails and follow through, momentum fades fast. In my view, acknowledging both sides actually makes the argument stronger instead of weaker. We can disagree on tactics without denying the tradeoffs.",1
ai_0353,"I’d argue that in health, structure drives outcomes more than individual willpower. A lot of the conversation focuses on surface drama, but the deeper mechanics rarely get attention. When incentives are misaligned, people respond in predictable ways, and then everyone acts surprised. That said, strong personalities sometimes push progress faster. There are moments when disruption shakes loose outdated habits, and that energy can be useful. Still, without guardrails and follow through, momentum fades fast. In my view, acknowledging both sides actually makes the argument stronger instead of weaker. At the end of the day, steady progress beats chaos.",1
ai_0354,"I honestly think in sports, long term incentives matter more than loud debates. A lot of the conversation focuses on surface drama, but the deeper mechanics rarely get attention. When incentives are misaligned, people respond in predictable ways, and then everyone acts surprised. To be fair, strong personalities sometimes push progress faster. There are moments when disruption shakes loose outdated habits, and that energy can be useful. Still, without guardrails and follow through, momentum fades fast. In my view, acknowledging both sides actually makes the argument stronger instead of weaker. It’s not glamorous, but boring systems usually win.",1
ai_0355,"I’m pretty convinced that in economy, consistent rules beat flashy reforms. A lot of the conversation focuses on surface drama, but the deeper mechanics rarely get attention. When incentives are misaligned, people respond in predictable ways, and then everyone acts surprised. To be fair, strong personalities sometimes push progress faster. There are moments when disruption shakes loose outdated habits, and that energy can be useful. Still, without guardrails and follow through, momentum fades fast. In my view, acknowledging both sides actually makes the argument stronger instead of weaker. A little patience would probably calm things down.",1
ai_0356,"I’d argue that in climate, consistent rules beat flashy reforms. A lot of the conversation focuses on surface drama, but the deeper mechanics rarely get attention. When incentives are misaligned, people respond in predictable ways, and then everyone acts surprised. On the flip side, experimentation is necessary even if messy. There are moments when disruption shakes loose outdated habits, and that energy can be useful. Still, without guardrails and follow through, momentum fades fast. In my view, acknowledging both sides actually makes the argument stronger instead of weaker. A little patience would probably calm things down.",1
ai_0357,"It seems clear to me that in campus life, transparency would solve half the frustration. A lot of the conversation focuses on surface drama, but the deeper mechanics rarely get attention. When incentives are misaligned, people respond in predictable ways, and then everyone acts surprised. I get why some people argue that short term wins can build momentum. There are moments when disruption shakes loose outdated habits, and that energy can be useful. Still, without guardrails and follow through, momentum fades fast. In my view, acknowledging both sides actually makes the argument stronger instead of weaker. At the end of the day, steady progress beats chaos.",1
ai_0358,"It seems clear to me that in politics, structure drives outcomes more than individual willpower. A lot of the conversation focuses on surface drama, but the deeper mechanics rarely get attention. When incentives are misaligned, people respond in predictable ways, and then everyone acts surprised. To be fair, strong personalities sometimes push progress faster. There are moments when disruption shakes loose outdated habits, and that energy can be useful. Still, without guardrails and follow through, momentum fades fast. In my view, acknowledging both sides actually makes the argument stronger instead of weaker. It’s not glamorous, but boring systems usually win.",1
ai_0359,"It seems clear to me that in tech, structure drives outcomes more than individual willpower. A lot of the conversation focuses on surface drama, but the deeper mechanics rarely get attention. When incentives are misaligned, people respond in predictable ways, and then everyone acts surprised. I get why some people argue that public pressure forces accountability. There are moments when disruption shakes loose outdated habits, and that energy can be useful. Still, without guardrails and follow through, momentum fades fast. In my view, acknowledging both sides actually makes the argument stronger instead of weaker. None of this is simple, but pretending it is makes it worse.",1
ai_0360,"I honestly think in health, consistent rules beat flashy reforms. A lot of the conversation focuses on surface drama, but the deeper mechanics rarely get attention. When incentives are misaligned, people respond in predictable ways, and then everyone acts surprised. To be fair, rapid change can create innovation. There are moments when disruption shakes loose outdated habits, and that energy can be useful. Still, without guardrails and follow through, momentum fades fast. In my view, acknowledging both sides actually makes the argument stronger instead of weaker. It’s not glamorous, but boring systems usually win.",1
ai_0361,"I honestly think in sports, transparency would solve half the frustration. A lot of the conversation focuses on surface drama, but the deeper mechanics rarely get attention. When incentives are misaligned, people respond in predictable ways, and then everyone acts surprised. On the flip side, experimentation is necessary even if messy. There are moments when disruption shakes loose outdated habits, and that energy can be useful. Still, without guardrails and follow through, momentum fades fast. In my view, acknowledging both sides actually makes the argument stronger instead of weaker. At the end of the day, steady progress beats chaos.",1
ai_0362,"My basic take is that in economy, structure drives outcomes more than individual willpower. A lot of the conversation focuses on surface drama, but the deeper mechanics rarely get attention. When incentives are misaligned, people respond in predictable ways, and then everyone acts surprised. To be fair, rapid change can create innovation. There are moments when disruption shakes loose outdated habits, and that energy can be useful. Still, without guardrails and follow through, momentum fades fast. In my view, acknowledging both sides actually makes the argument stronger instead of weaker. It’s not glamorous, but boring systems usually win.",1
ai_0363,"I’m pretty convinced that in climate, long term incentives matter more than loud debates. A lot of the conversation focuses on surface drama, but the deeper mechanics rarely get attention. When incentives are misaligned, people respond in predictable ways, and then everyone acts surprised. On the flip side, strong personalities sometimes push progress faster. There are moments when disruption shakes loose outdated habits, and that energy can be useful. Still, without guardrails and follow through, momentum fades fast. In my view, acknowledging both sides actually makes the argument stronger instead of weaker. None of this is simple, but pretending it is makes it worse.",1
ai_0364,"My basic take is that in campus life, transparency would solve half the frustration. A lot of the conversation focuses on surface drama, but the deeper mechanics rarely get attention. When incentives are misaligned, people respond in predictable ways, and then everyone acts surprised. To be fair, short term wins can build momentum. There are moments when disruption shakes loose outdated habits, and that energy can be useful. Still, without guardrails and follow through, momentum fades fast. In my view, acknowledging both sides actually makes the argument stronger instead of weaker. It’s not glamorous, but boring systems usually win.",1
ai_0365,"I honestly think in politics, structure drives outcomes more than individual willpower. A lot of the conversation focuses on surface drama, but the deeper mechanics rarely get attention. When incentives are misaligned, people respond in predictable ways, and then everyone acts surprised. I get why some people argue that public pressure forces accountability. There are moments when disruption shakes loose outdated habits, and that energy can be useful. Still, without guardrails and follow through, momentum fades fast. In my view, acknowledging both sides actually makes the argument stronger instead of weaker. None of this is simple, but pretending it is makes it worse.",1
ai_0366,"I’m pretty convinced that in tech, long term incentives matter more than loud debates. A lot of the conversation focuses on surface drama, but the deeper mechanics rarely get attention. When incentives are misaligned, people respond in predictable ways, and then everyone acts surprised. I get why some people argue that short term wins can build momentum. There are moments when disruption shakes loose outdated habits, and that energy can be useful. Still, without guardrails and follow through, momentum fades fast. In my view, acknowledging both sides actually makes the argument stronger instead of weaker. A little patience would probably calm things down.",1
ai_0367,"I’m pretty convinced that in health, execution is more important than branding. A lot of the conversation focuses on surface drama, but the deeper mechanics rarely get attention. When incentives are misaligned, people respond in predictable ways, and then everyone acts surprised. To be fair, rapid change can create innovation. There are moments when disruption shakes loose outdated habits, and that energy can be useful. Still, without guardrails and follow through, momentum fades fast. In my view, acknowledging both sides actually makes the argument stronger instead of weaker. At the end of the day, steady progress beats chaos.",1
ai_0368,"I’m pretty convinced that in sports, structure drives outcomes more than individual willpower. A lot of the conversation focuses on surface drama, but the deeper mechanics rarely get attention. When incentives are misaligned, people respond in predictable ways, and then everyone acts surprised. I get why some people argue that short term wins can build momentum. There are moments when disruption shakes loose outdated habits, and that energy can be useful. Still, without guardrails and follow through, momentum fades fast. In my view, acknowledging both sides actually makes the argument stronger instead of weaker. At the end of the day, steady progress beats chaos.",1
ai_0369,"I honestly think in economy, structure drives outcomes more than individual willpower. A lot of the conversation focuses on surface drama, but the deeper mechanics rarely get attention. When incentives are misaligned, people respond in predictable ways, and then everyone acts surprised. To be fair, public pressure forces accountability. There are moments when disruption shakes loose outdated habits, and that energy can be useful. Still, without guardrails and follow through, momentum fades fast. In my view, acknowledging both sides actually makes the argument stronger instead of weaker. None of this is simple, but pretending it is makes it worse.",1
ai_0370,"I’d argue that in climate, structure drives outcomes more than individual willpower. A lot of the conversation focuses on surface drama, but the deeper mechanics rarely get attention. When incentives are misaligned, people respond in predictable ways, and then everyone acts surprised. I get why some people argue that rapid change can create innovation. There are moments when disruption shakes loose outdated habits, and that energy can be useful. Still, without guardrails and follow through, momentum fades fast. In my view, acknowledging both sides actually makes the argument stronger instead of weaker. It’s not glamorous, but boring systems usually win.",1
ai_0371,"It seems clear to me that in campus life, long term incentives matter more than loud debates. A lot of the conversation focuses on surface drama, but the deeper mechanics rarely get attention. When incentives are misaligned, people respond in predictable ways, and then everyone acts surprised. On the flip side, strong personalities sometimes push progress faster. There are moments when disruption shakes loose outdated habits, and that energy can be useful. Still, without guardrails and follow through, momentum fades fast. In my view, acknowledging both sides actually makes the argument stronger instead of weaker. It’s not glamorous, but boring systems usually win.",1
ai_0372,"I’d argue that in politics, long term incentives matter more than loud debates. A lot of the conversation focuses on surface drama, but the deeper mechanics rarely get attention. When incentives are misaligned, people respond in predictable ways, and then everyone acts surprised. The counterpoint is that public pressure forces accountability. There are moments when disruption shakes loose outdated habits, and that energy can be useful. Still, without guardrails and follow through, momentum fades fast. In my view, acknowledging both sides actually makes the argument stronger instead of weaker. A little patience would probably calm things down.",1
ai_0373,"I’m pretty convinced that in tech, transparency would solve half the frustration. A lot of the conversation focuses on surface drama, but the deeper mechanics rarely get attention. When incentives are misaligned, people respond in predictable ways, and then everyone acts surprised. To be fair, public pressure forces accountability. There are moments when disruption shakes loose outdated habits, and that energy can be useful. Still, without guardrails and follow through, momentum fades fast. In my view, acknowledging both sides actually makes the argument stronger instead of weaker. We can disagree on tactics without denying the tradeoffs.",1
ai_0374,"It seems clear to me that in health, consistent rules beat flashy reforms. A lot of the conversation focuses on surface drama, but the deeper mechanics rarely get attention. When incentives are misaligned, people respond in predictable ways, and then everyone acts surprised. The counterpoint is that short term wins can build momentum. There are moments when disruption shakes loose outdated habits, and that energy can be useful. Still, without guardrails and follow through, momentum fades fast. In my view, acknowledging both sides actually makes the argument stronger instead of weaker. At the end of the day, steady progress beats chaos.",1
ai_0375,"It seems clear to me that in sports, long term incentives matter more than loud debates. A lot of the conversation focuses on surface drama, but the deeper mechanics rarely get attention. When incentives are misaligned, people respond in predictable ways, and then everyone acts surprised. On the flip side, rapid change can create innovation. There are moments when disruption shakes loose outdated habits, and that energy can be useful. Still, without guardrails and follow through, momentum fades fast. In my view, acknowledging both sides actually makes the argument stronger instead of weaker. None of this is simple, but pretending it is makes it worse.",1
ai_0376,"I honestly think in economy, consistent rules beat flashy reforms. A lot of the conversation focuses on surface drama, but the deeper mechanics rarely get attention. When incentives are misaligned, people respond in predictable ways, and then everyone acts surprised. The counterpoint is that strong personalities sometimes push progress faster. There are moments when disruption shakes loose outdated habits, and that energy can be useful. Still, without guardrails and follow through, momentum fades fast. In my view, acknowledging both sides actually makes the argument stronger instead of weaker. None of this is simple, but pretending it is makes it worse.",1
ai_0377,"I honestly think in climate, transparency would solve half the frustration. A lot of the conversation focuses on surface drama, but the deeper mechanics rarely get attention. When incentives are misaligned, people respond in predictable ways, and then everyone acts surprised. To be fair, strong personalities sometimes push progress faster. There are moments when disruption shakes loose outdated habits, and that energy can be useful. Still, without guardrails and follow through, momentum fades fast. In my view, acknowledging both sides actually makes the argument stronger instead of weaker. It’s not glamorous, but boring systems usually win.",1
ai_0378,"I honestly think in campus life, transparency would solve half the frustration. A lot of the conversation focuses on surface drama, but the deeper mechanics rarely get attention. When incentives are misaligned, people respond in predictable ways, and then everyone acts surprised. That said, rapid change can create innovation. There are moments when disruption shakes loose outdated habits, and that energy can be useful. Still, without guardrails and follow through, momentum fades fast. In my view, acknowledging both sides actually makes the argument stronger instead of weaker. It’s not glamorous, but boring systems usually win.",1
ai_0379,"I honestly think in politics, consistent rules beat flashy reforms. A lot of the conversation focuses on surface drama, but the deeper mechanics rarely get attention. When incentives are misaligned, people respond in predictable ways, and then everyone acts surprised. To be fair, short term wins can build momentum. There are moments when disruption shakes loose outdated habits, and that energy can be useful. Still, without guardrails and follow through, momentum fades fast. In my view, acknowledging both sides actually makes the argument stronger instead of weaker. We can disagree on tactics without denying the tradeoffs.",1
ai_0380,"It seems clear to me that in tech, long term incentives matter more than loud debates. A lot of the conversation focuses on surface drama, but the deeper mechanics rarely get attention. When incentives are misaligned, people respond in predictable ways, and then everyone acts surprised. On the flip side, short term wins can build momentum. There are moments when disruption shakes loose outdated habits, and that energy can be useful. Still, without guardrails and follow through, momentum fades fast. In my view, acknowledging both sides actually makes the argument stronger instead of weaker. At the end of the day, steady progress beats chaos.",1
ai_0381,"My basic take is that in health, transparency would solve half the frustration. A lot of the conversation focuses on surface drama, but the deeper mechanics rarely get attention. When incentives are misaligned, people respond in predictable ways, and then everyone acts surprised. I get why some people argue that rapid change can create innovation. There are moments when disruption shakes loose outdated habits, and that energy can be useful. Still, without guardrails and follow through, momentum fades fast. In my view, acknowledging both sides actually makes the argument stronger instead of weaker. At the end of the day, steady progress beats chaos.",1
ai_0382,"I’m pretty convinced that in sports, structure drives outcomes more than individual willpower. A lot of the conversation focuses on surface drama, but the deeper mechanics rarely get attention. When incentives are misaligned, people respond in predictable ways, and then everyone acts surprised. To be fair, rapid change can create innovation. There are moments when disruption shakes loose outdated habits, and that energy can be useful. Still, without guardrails and follow through, momentum fades fast. In my view, acknowledging both sides actually makes the argument stronger instead of weaker. At the end of the day, steady progress beats chaos.",1
ai_0383,"My basic take is that in economy, execution is more important than branding. A lot of the conversation focuses on surface drama, but the deeper mechanics rarely get attention. When incentives are misaligned, people respond in predictable ways, and then everyone acts surprised. That said, rapid change can create innovation. There are moments when disruption shakes loose outdated habits, and that energy can be useful. Still, without guardrails and follow through, momentum fades fast. In my view, acknowledging both sides actually makes the argument stronger instead of weaker. A little patience would probably calm things down.",1
ai_0384,"It seems clear to me that in climate, long term incentives matter more than loud debates. A lot of the conversation focuses on surface drama, but the deeper mechanics rarely get attention. When incentives are misaligned, people respond in predictable ways, and then everyone acts surprised. On the flip side, public pressure forces accountability. There are moments when disruption shakes loose outdated habits, and that energy can be useful. Still, without guardrails and follow through, momentum fades fast. In my view, acknowledging both sides actually makes the argument stronger instead of weaker. We can disagree on tactics without denying the tradeoffs.",1
ai_0385,"My basic take is that in campus life, consistent rules beat flashy reforms. A lot of the conversation focuses on surface drama, but the deeper mechanics rarely get attention. When incentives are misaligned, people respond in predictable ways, and then everyone acts surprised. The counterpoint is that rapid change can create innovation. There are moments when disruption shakes loose outdated habits, and that energy can be useful. Still, without guardrails and follow through, momentum fades fast. In my view, acknowledging both sides actually makes the argument stronger instead of weaker. None of this is simple, but pretending it is makes it worse.",1
ai_0386,"I’m pretty convinced that in politics, execution is more important than branding. A lot of the conversation focuses on surface drama, but the deeper mechanics rarely get attention. When incentives are misaligned, people respond in predictable ways, and then everyone acts surprised. The counterpoint is that experimentation is necessary even if messy. There are moments when disruption shakes loose outdated habits, and that energy can be useful. Still, without guardrails and follow through, momentum fades fast. In my view, acknowledging both sides actually makes the argument stronger instead of weaker. None of this is simple, but pretending it is makes it worse.",1
ai_0387,"I’d argue that in tech, execution is more important than branding. A lot of the conversation focuses on surface drama, but the deeper mechanics rarely get attention. When incentives are misaligned, people respond in predictable ways, and then everyone acts surprised. To be fair, public pressure forces accountability. There are moments when disruption shakes loose outdated habits, and that energy can be useful. Still, without guardrails and follow through, momentum fades fast. In my view, acknowledging both sides actually makes the argument stronger instead of weaker. We can disagree on tactics without denying the tradeoffs.",1
ai_0388,"My basic take is that in health, consistent rules beat flashy reforms. A lot of the conversation focuses on surface drama, but the deeper mechanics rarely get attention. When incentives are misaligned, people respond in predictable ways, and then everyone acts surprised. The counterpoint is that short term wins can build momentum. There are moments when disruption shakes loose outdated habits, and that energy can be useful. Still, without guardrails and follow through, momentum fades fast. In my view, acknowledging both sides actually makes the argument stronger instead of weaker. None of this is simple, but pretending it is makes it worse.",1
ai_0389,"I honestly think in sports, execution is more important than branding. A lot of the conversation focuses on surface drama, but the deeper mechanics rarely get attention. When incentives are misaligned, people respond in predictable ways, and then everyone acts surprised. That said, public pressure forces accountability. There are moments when disruption shakes loose outdated habits, and that energy can be useful. Still, without guardrails and follow through, momentum fades fast. In my view, acknowledging both sides actually makes the argument stronger instead of weaker. A little patience would probably calm things down.",1
ai_0390,"It seems clear to me that in economy, consistent rules beat flashy reforms. A lot of the conversation focuses on surface drama, but the deeper mechanics rarely get attention. When incentives are misaligned, people respond in predictable ways, and then everyone acts surprised. The counterpoint is that short term wins can build momentum. There are moments when disruption shakes loose outdated habits, and that energy can be useful. Still, without guardrails and follow through, momentum fades fast. In my view, acknowledging both sides actually makes the argument stronger instead of weaker. We can disagree on tactics without denying the tradeoffs.",1
ai_0391,"I honestly think in climate, execution is more important than branding. A lot of the conversation focuses on surface drama, but the deeper mechanics rarely get attention. When incentives are misaligned, people respond in predictable ways, and then everyone acts surprised. That said, short term wins can build momentum. There are moments when disruption shakes loose outdated habits, and that energy can be useful. Still, without guardrails and follow through, momentum fades fast. In my view, acknowledging both sides actually makes the argument stronger instead of weaker. It’s not glamorous, but boring systems usually win.",1
ai_0392,"I’d argue that in campus life, consistent rules beat flashy reforms. A lot of the conversation focuses on surface drama, but the deeper mechanics rarely get attention. When incentives are misaligned, people respond in predictable ways, and then everyone acts surprised. The counterpoint is that public pressure forces accountability. There are moments when disruption shakes loose outdated habits, and that energy can be useful. Still, without guardrails and follow through, momentum fades fast. In my view, acknowledging both sides actually makes the argument stronger instead of weaker. None of this is simple, but pretending it is makes it worse.",1
ai_0393,"My basic take is that in politics, long term incentives matter more than loud debates. A lot of the conversation focuses on surface drama, but the deeper mechanics rarely get attention. When incentives are misaligned, people respond in predictable ways, and then everyone acts surprised. To be fair, public pressure forces accountability. There are moments when disruption shakes loose outdated habits, and that energy can be useful. Still, without guardrails and follow through, momentum fades fast. In my view, acknowledging both sides actually makes the argument stronger instead of weaker. It’s not glamorous, but boring systems usually win.",1
ai_0394,"I’d argue that in tech, consistent rules beat flashy reforms. A lot of the conversation focuses on surface drama, but the deeper mechanics rarely get attention. When incentives are misaligned, people respond in predictable ways, and then everyone acts surprised. I get why some people argue that strong personalities sometimes push progress faster. There are moments when disruption shakes loose outdated habits, and that energy can be useful. Still, without guardrails and follow through, momentum fades fast. In my view, acknowledging both sides actually makes the argument stronger instead of weaker. It’s not glamorous, but boring systems usually win.",1
ai_0395,"It seems clear to me that in health, consistent rules beat flashy reforms. A lot of the conversation focuses on surface drama, but the deeper mechanics rarely get attention. When incentives are misaligned, people respond in predictable ways, and then everyone acts surprised. I get why some people argue that experimentation is necessary even if messy. There are moments when disruption shakes loose outdated habits, and that energy can be useful. Still, without guardrails and follow through, momentum fades fast. In my view, acknowledging both sides actually makes the argument stronger instead of weaker. At the end of the day, steady progress beats chaos.",1
ai_0396,"I’d argue that in sports, long term incentives matter more than loud debates. A lot of the conversation focuses on surface drama, but the deeper mechanics rarely get attention. When incentives are misaligned, people respond in predictable ways, and then everyone acts surprised. To be fair, strong personalities sometimes push progress faster. There are moments when disruption shakes loose outdated habits, and that energy can be useful. Still, without guardrails and follow through, momentum fades fast. In my view, acknowledging both sides actually makes the argument stronger instead of weaker. A little patience would probably calm things down.",1
ai_0397,"My basic take is that in economy, transparency would solve half the frustration. A lot of the conversation focuses on surface drama, but the deeper mechanics rarely get attention. When incentives are misaligned, people respond in predictable ways, and then everyone acts surprised. I get why some people argue that experimentation is necessary even if messy. There are moments when disruption shakes loose outdated habits, and that energy can be useful. Still, without guardrails and follow through, momentum fades fast. In my view, acknowledging both sides actually makes the argument stronger instead of weaker. It’s not glamorous, but boring systems usually win.",1
ai_0398,"It seems clear to me that in climate, execution is more important than branding. A lot of the conversation focuses on surface drama, but the deeper mechanics rarely get attention. When incentives are misaligned, people respond in predictable ways, and then everyone acts surprised. The counterpoint is that experimentation is necessary even if messy. There are moments when disruption shakes loose outdated habits, and that energy can be useful. Still, without guardrails and follow through, momentum fades fast. In my view, acknowledging both sides actually makes the argument stronger instead of weaker. We can disagree on tactics without denying the tradeoffs.",1
ai_0399,"I honestly think in campus life, long term incentives matter more than loud debates. A lot of the conversation focuses on surface drama, but the deeper mechanics rarely get attention. When incentives are misaligned, people respond in predictable ways, and then everyone acts surprised. The counterpoint is that short term wins can build momentum. There are moments when disruption shakes loose outdated habits, and that energy can be useful. Still, without guardrails and follow through, momentum fades fast. In my view, acknowledging both sides actually makes the argument stronger instead of weaker. We can disagree on tactics without denying the tradeoffs.",1
ai_0400,"I’m pretty convinced that in politics, structure drives outcomes more than individual willpower. A lot of the conversation focuses on surface drama, but the deeper mechanics rarely get attention. When incentives are misaligned, people respond in predictable ways, and then everyone acts surprised. That said, experimentation is necessary even if messy. There are moments when disruption shakes loose outdated habits, and that energy can be useful. Still, without guardrails and follow through, momentum fades fast. In my view, acknowledging both sides actually makes the argument stronger instead of weaker. A little patience would probably calm things down.",1
ai_0401,"I’d argue that in tech, execution is more important than branding. A lot of the conversation focuses on surface drama, but the deeper mechanics rarely get attention. When incentives are misaligned, people respond in predictable ways, and then everyone acts surprised. On the flip side, strong personalities sometimes push progress faster. There are moments when disruption shakes loose outdated habits, and that energy can be useful. Still, without guardrails and follow through, momentum fades fast. In my view, acknowledging both sides actually makes the argument stronger instead of weaker. A little patience would probably calm things down.",1
ai_0402,"I’d argue that in health, consistent rules beat flashy reforms. A lot of the conversation focuses on surface drama, but the deeper mechanics rarely get attention. When incentives are misaligned, people respond in predictable ways, and then everyone acts surprised. That said, rapid change can create innovation. There are moments when disruption shakes loose outdated habits, and that energy can be useful. Still, without guardrails and follow through, momentum fades fast. In my view, acknowledging both sides actually makes the argument stronger instead of weaker. None of this is simple, but pretending it is makes it worse.",1
ai_0403,"I’m pretty convinced that in sports, structure drives outcomes more than individual willpower. A lot of the conversation focuses on surface drama, but the deeper mechanics rarely get attention. When incentives are misaligned, people respond in predictable ways, and then everyone acts surprised. The counterpoint is that strong personalities sometimes push progress faster. There are moments when disruption shakes loose outdated habits, and that energy can be useful. Still, without guardrails and follow through, momentum fades fast. In my view, acknowledging both sides actually makes the argument stronger instead of weaker. It’s not glamorous, but boring systems usually win.",1
ai_0404,"My basic take is that in economy, long term incentives matter more than loud debates. A lot of the conversation focuses on surface drama, but the deeper mechanics rarely get attention. When incentives are misaligned, people respond in predictable ways, and then everyone acts surprised. I get why some people argue that strong personalities sometimes push progress faster. There are moments when disruption shakes loose outdated habits, and that energy can be useful. Still, without guardrails and follow through, momentum fades fast. In my view, acknowledging both sides actually makes the argument stronger instead of weaker. We can disagree on tactics without denying the tradeoffs.",1
ai_0405,"I’d argue that in climate, structure drives outcomes more than individual willpower. A lot of the conversation focuses on surface drama, but the deeper mechanics rarely get attention. When incentives are misaligned, people respond in predictable ways, and then everyone acts surprised. The counterpoint is that experimentation is necessary even if messy. There are moments when disruption shakes loose outdated habits, and that energy can be useful. Still, without guardrails and follow through, momentum fades fast. In my view, acknowledging both sides actually makes the argument stronger instead of weaker. None of this is simple, but pretending it is makes it worse.",1
ai_0406,"I honestly think in campus life, execution is more important than branding. A lot of the conversation focuses on surface drama, but the deeper mechanics rarely get attention. When incentives are misaligned, people respond in predictable ways, and then everyone acts surprised. The counterpoint is that rapid change can create innovation. There are moments when disruption shakes loose outdated habits, and that energy can be useful. Still, without guardrails and follow through, momentum fades fast. In my view, acknowledging both sides actually makes the argument stronger instead of weaker. We can disagree on tactics without denying the tradeoffs.",1
ai_0407,"It seems clear to me that in politics, structure drives outcomes more than individual willpower. A lot of the conversation focuses on surface drama, but the deeper mechanics rarely get attention. When incentives are misaligned, people respond in predictable ways, and then everyone acts surprised. The counterpoint is that rapid change can create innovation. There are moments when disruption shakes loose outdated habits, and that energy can be useful. Still, without guardrails and follow through, momentum fades fast. In my view, acknowledging both sides actually makes the argument stronger instead of weaker. We can disagree on tactics without denying the tradeoffs.",1
ai_0408,"I’m pretty convinced that in tech, long term incentives matter more than loud debates. A lot of the conversation focuses on surface drama, but the deeper mechanics rarely get attention. When incentives are misaligned, people respond in predictable ways, and then everyone acts surprised. I get why some people argue that rapid change can create innovation. There are moments when disruption shakes loose outdated habits, and that energy can be useful. Still, without guardrails and follow through, momentum fades fast. In my view, acknowledging both sides actually makes the argument stronger instead of weaker. None of this is simple, but pretending it is makes it worse.",1
ai_0409,"It seems clear to me that in health, transparency would solve half the frustration. A lot of the conversation focuses on surface drama, but the deeper mechanics rarely get attention. When incentives are misaligned, people respond in predictable ways, and then everyone acts surprised. On the flip side, short term wins can build momentum. There are moments when disruption shakes loose outdated habits, and that energy can be useful. Still, without guardrails and follow through, momentum fades fast. In my view, acknowledging both sides actually makes the argument stronger instead of weaker. It’s not glamorous, but boring systems usually win.",1
ai_0410,"I honestly think in sports, execution is more important than branding. A lot of the conversation focuses on surface drama, but the deeper mechanics rarely get attention. When incentives are misaligned, people respond in predictable ways, and then everyone acts surprised. The counterpoint is that rapid change can create innovation. There are moments when disruption shakes loose outdated habits, and that energy can be useful. Still, without guardrails and follow through, momentum fades fast. In my view, acknowledging both sides actually makes the argument stronger instead of weaker. None of this is simple, but pretending it is makes it worse.",1
ai_0411,"I’m pretty convinced that in economy, structure drives outcomes more than individual willpower. A lot of the conversation focuses on surface drama, but the deeper mechanics rarely get attention. When incentives are misaligned, people respond in predictable ways, and then everyone acts surprised. On the flip side, rapid change can create innovation. There are moments when disruption shakes loose outdated habits, and that energy can be useful. Still, without guardrails and follow through, momentum fades fast. In my view, acknowledging both sides actually makes the argument stronger instead of weaker. None of this is simple, but pretending it is makes it worse.",1
ai_0412,"I’m pretty convinced that in climate, consistent rules beat flashy reforms. A lot of the conversation focuses on surface drama, but the deeper mechanics rarely get attention. When incentives are misaligned, people respond in predictable ways, and then everyone acts surprised. I get why some people argue that public pressure forces accountability. There are moments when disruption shakes loose outdated habits, and that energy can be useful. Still, without guardrails and follow through, momentum fades fast. In my view, acknowledging both sides actually makes the argument stronger instead of weaker. We can disagree on tactics without denying the tradeoffs.",1
ai_0413,"It seems clear to me that in campus life, execution is more important than branding. A lot of the conversation focuses on surface drama, but the deeper mechanics rarely get attention. When incentives are misaligned, people respond in predictable ways, and then everyone acts surprised. That said, experimentation is necessary even if messy. There are moments when disruption shakes loose outdated habits, and that energy can be useful. Still, without guardrails and follow through, momentum fades fast. In my view, acknowledging both sides actually makes the argument stronger instead of weaker. None of this is simple, but pretending it is makes it worse.",1
ai_0414,"It seems clear to me that in politics, structure drives outcomes more than individual willpower. A lot of the conversation focuses on surface drama, but the deeper mechanics rarely get attention. When incentives are misaligned, people respond in predictable ways, and then everyone acts surprised. That said, experimentation is necessary even if messy. There are moments when disruption shakes loose outdated habits, and that energy can be useful. Still, without guardrails and follow through, momentum fades fast. In my view, acknowledging both sides actually makes the argument stronger instead of weaker. We can disagree on tactics without denying the tradeoffs.",1
ai_0415,"I’m pretty convinced that in tech, long term incentives matter more than loud debates. A lot of the conversation focuses on surface drama, but the deeper mechanics rarely get attention. When incentives are misaligned, people respond in predictable ways, and then everyone acts surprised. To be fair, experimentation is necessary even if messy. There are moments when disruption shakes loose outdated habits, and that energy can be useful. Still, without guardrails and follow through, momentum fades fast. In my view, acknowledging both sides actually makes the argument stronger instead of weaker. None of this is simple, but pretending it is makes it worse.",1
ai_0416,"It seems clear to me that in health, execution is more important than branding. A lot of the conversation focuses on surface drama, but the deeper mechanics rarely get attention. When incentives are misaligned, people respond in predictable ways, and then everyone acts surprised. The counterpoint is that strong personalities sometimes push progress faster. There are moments when disruption shakes loose outdated habits, and that energy can be useful. Still, without guardrails and follow through, momentum fades fast. In my view, acknowledging both sides actually makes the argument stronger instead of weaker. A little patience would probably calm things down.",1
ai_0417,"My basic take is that in sports, structure drives outcomes more than individual willpower. A lot of the conversation focuses on surface drama, but the deeper mechanics rarely get attention. When incentives are misaligned, people respond in predictable ways, and then everyone acts surprised. That said, experimentation is necessary even if messy. There are moments when disruption shakes loose outdated habits, and that energy can be useful. Still, without guardrails and follow through, momentum fades fast. In my view, acknowledging both sides actually makes the argument stronger instead of weaker. A little patience would probably calm things down.",1
ai_0418,"I’m pretty convinced that in economy, consistent rules beat flashy reforms. A lot of the conversation focuses on surface drama, but the deeper mechanics rarely get attention. When incentives are misaligned, people respond in predictable ways, and then everyone acts surprised. The counterpoint is that experimentation is necessary even if messy. There are moments when disruption shakes loose outdated habits, and that energy can be useful. Still, without guardrails and follow through, momentum fades fast. In my view, acknowledging both sides actually makes the argument stronger instead of weaker. It’s not glamorous, but boring systems usually win.",1
ai_0419,"I’d argue that in climate, consistent rules beat flashy reforms. A lot of the conversation focuses on surface drama, but the deeper mechanics rarely get attention. When incentives are misaligned, people respond in predictable ways, and then everyone acts surprised. That said, short term wins can build momentum. There are moments when disruption shakes loose outdated habits, and that energy can be useful. Still, without guardrails and follow through, momentum fades fast. In my view, acknowledging both sides actually makes the argument stronger instead of weaker. A little patience would probably calm things down.",1
ai_0420,"It seems clear to me that in campus life, consistent rules beat flashy reforms. A lot of the conversation focuses on surface drama, but the deeper mechanics rarely get attention. When incentives are misaligned, people respond in predictable ways, and then everyone acts surprised. I get why some people argue that rapid change can create innovation. There are moments when disruption shakes loose outdated habits, and that energy can be useful. Still, without guardrails and follow through, momentum fades fast. In my view, acknowledging both sides actually makes the argument stronger instead of weaker. None of this is simple, but pretending it is makes it worse.",1
ai_0421,"My basic take is that in politics, structure drives outcomes more than individual willpower. A lot of the conversation focuses on surface drama, but the deeper mechanics rarely get attention. When incentives are misaligned, people respond in predictable ways, and then everyone acts surprised. The counterpoint is that experimentation is necessary even if messy. There are moments when disruption shakes loose outdated habits, and that energy can be useful. Still, without guardrails and follow through, momentum fades fast. In my view, acknowledging both sides actually makes the argument stronger instead of weaker. None of this is simple, but pretending it is makes it worse.",1
ai_0422,"I honestly think in tech, structure drives outcomes more than individual willpower. A lot of the conversation focuses on surface drama, but the deeper mechanics rarely get attention. When incentives are misaligned, people respond in predictable ways, and then everyone acts surprised. That said, strong personalities sometimes push progress faster. There are moments when disruption shakes loose outdated habits, and that energy can be useful. Still, without guardrails and follow through, momentum fades fast. In my view, acknowledging both sides actually makes the argument stronger instead of weaker. We can disagree on tactics without denying the tradeoffs.",1
ai_0423,"I honestly think in health, consistent rules beat flashy reforms. A lot of the conversation focuses on surface drama, but the deeper mechanics rarely get attention. When incentives are misaligned, people respond in predictable ways, and then everyone acts surprised. To be fair, experimentation is necessary even if messy. There are moments when disruption shakes loose outdated habits, and that energy can be useful. Still, without guardrails and follow through, momentum fades fast. In my view, acknowledging both sides actually makes the argument stronger instead of weaker. None of this is simple, but pretending it is makes it worse.",1
ai_0424,"It seems clear to me that in sports, long term incentives matter more than loud debates. A lot of the conversation focuses on surface drama, but the deeper mechanics rarely get attention. When incentives are misaligned, people respond in predictable ways, and then everyone acts surprised. I get why some people argue that short term wins can build momentum. There are moments when disruption shakes loose outdated habits, and that energy can be useful. Still, without guardrails and follow through, momentum fades fast. In my view, acknowledging both sides actually makes the argument stronger instead of weaker. We can disagree on tactics without denying the tradeoffs.",1
ai_0425,"I’d argue that in economy, long term incentives matter more than loud debates. A lot of the conversation focuses on surface drama, but the deeper mechanics rarely get attention. When incentives are misaligned, people respond in predictable ways, and then everyone acts surprised. On the flip side, rapid change can create innovation. There are moments when disruption shakes loose outdated habits, and that energy can be useful. Still, without guardrails and follow through, momentum fades fast. In my view, acknowledging both sides actually makes the argument stronger instead of weaker. A little patience would probably calm things down.",1
ai_0426,"I honestly think in climate, execution is more important than branding. A lot of the conversation focuses on surface drama, but the deeper mechanics rarely get attention. When incentives are misaligned, people respond in predictable ways, and then everyone acts surprised. The counterpoint is that short term wins can build momentum. There are moments when disruption shakes loose outdated habits, and that energy can be useful. Still, without guardrails and follow through, momentum fades fast. In my view, acknowledging both sides actually makes the argument stronger instead of weaker. It’s not glamorous, but boring systems usually win.",1
ai_0427,"I honestly think in campus life, transparency would solve half the frustration. A lot of the conversation focuses on surface drama, but the deeper mechanics rarely get attention. When incentives are misaligned, people respond in predictable ways, and then everyone acts surprised. That said, strong personalities sometimes push progress faster. There are moments when disruption shakes loose outdated habits, and that energy can be useful. Still, without guardrails and follow through, momentum fades fast. In my view, acknowledging both sides actually makes the argument stronger instead of weaker. It’s not glamorous, but boring systems usually win.",1
ai_0428,"I’d argue that in politics, long term incentives matter more than loud debates. A lot of the conversation focuses on surface drama, but the deeper mechanics rarely get attention. When incentives are misaligned, people respond in predictable ways, and then everyone acts surprised. To be fair, rapid change can create innovation. There are moments when disruption shakes loose outdated habits, and that energy can be useful. Still, without guardrails and follow through, momentum fades fast. In my view, acknowledging both sides actually makes the argument stronger instead of weaker. A little patience would probably calm things down.",1
ai_0429,"I’d argue that in tech, long term incentives matter more than loud debates. A lot of the conversation focuses on surface drama, but the deeper mechanics rarely get attention. When incentives are misaligned, people respond in predictable ways, and then everyone acts surprised. To be fair, rapid change can create innovation. There are moments when disruption shakes loose outdated habits, and that energy can be useful. Still, without guardrails and follow through, momentum fades fast. In my view, acknowledging both sides actually makes the argument stronger instead of weaker. At the end of the day, steady progress beats chaos.",1
ai_0430,"I’d argue that in health, execution is more important than branding. A lot of the conversation focuses on surface drama, but the deeper mechanics rarely get attention. When incentives are misaligned, people respond in predictable ways, and then everyone acts surprised. To be fair, rapid change can create innovation. There are moments when disruption shakes loose outdated habits, and that energy can be useful. Still, without guardrails and follow through, momentum fades fast. In my view, acknowledging both sides actually makes the argument stronger instead of weaker. It’s not glamorous, but boring systems usually win.",1
ai_0431,"I’m pretty convinced that in sports, consistent rules beat flashy reforms. A lot of the conversation focuses on surface drama, but the deeper mechanics rarely get attention. When incentives are misaligned, people respond in predictable ways, and then everyone acts surprised. I get why some people argue that strong personalities sometimes push progress faster. There are moments when disruption shakes loose outdated habits, and that energy can be useful. Still, without guardrails and follow through, momentum fades fast. In my view, acknowledging both sides actually makes the argument stronger instead of weaker. We can disagree on tactics without denying the tradeoffs.",1
ai_0432,"I’m pretty convinced that in economy, consistent rules beat flashy reforms. A lot of the conversation focuses on surface drama, but the deeper mechanics rarely get attention. When incentives are misaligned, people respond in predictable ways, and then everyone acts surprised. To be fair, public pressure forces accountability. There are moments when disruption shakes loose outdated habits, and that energy can be useful. Still, without guardrails and follow through, momentum fades fast. In my view, acknowledging both sides actually makes the argument stronger instead of weaker. None of this is simple, but pretending it is makes it worse.",1
ai_0433,"My basic take is that in climate, structure drives outcomes more than individual willpower. A lot of the conversation focuses on surface drama, but the deeper mechanics rarely get attention. When incentives are misaligned, people respond in predictable ways, and then everyone acts surprised. To be fair, experimentation is necessary even if messy. There are moments when disruption shakes loose outdated habits, and that energy can be useful. Still, without guardrails and follow through, momentum fades fast. In my view, acknowledging both sides actually makes the argument stronger instead of weaker. We can disagree on tactics without denying the tradeoffs.",1
ai_0434,"I’d argue that in campus life, long term incentives matter more than loud debates. A lot of the conversation focuses on surface drama, but the deeper mechanics rarely get attention. When incentives are misaligned, people respond in predictable ways, and then everyone acts surprised. The counterpoint is that public pressure forces accountability. There are moments when disruption shakes loose outdated habits, and that energy can be useful. Still, without guardrails and follow through, momentum fades fast. In my view, acknowledging both sides actually makes the argument stronger instead of weaker. At the end of the day, steady progress beats chaos.",1
ai_0435,"My basic take is that in politics, long term incentives matter more than loud debates. A lot of the conversation focuses on surface drama, but the deeper mechanics rarely get attention. When incentives are misaligned, people respond in predictable ways, and then everyone acts surprised. The counterpoint is that experimentation is necessary even if messy. There are moments when disruption shakes loose outdated habits, and that energy can be useful. Still, without guardrails and follow through, momentum fades fast. In my view, acknowledging both sides actually makes the argument stronger instead of weaker. It’s not glamorous, but boring systems usually win.",1
ai_0436,"I’m pretty convinced that in tech, consistent rules beat flashy reforms. A lot of the conversation focuses on surface drama, but the deeper mechanics rarely get attention. When incentives are misaligned, people respond in predictable ways, and then everyone acts surprised. To be fair, strong personalities sometimes push progress faster. There are moments when disruption shakes loose outdated habits, and that energy can be useful. Still, without guardrails and follow through, momentum fades fast. In my view, acknowledging both sides actually makes the argument stronger instead of weaker. A little patience would probably calm things down.",1
ai_0437,"I’d argue that in health, consistent rules beat flashy reforms. A lot of the conversation focuses on surface drama, but the deeper mechanics rarely get attention. When incentives are misaligned, people respond in predictable ways, and then everyone acts surprised. I get why some people argue that experimentation is necessary even if messy. There are moments when disruption shakes loose outdated habits, and that energy can be useful. Still, without guardrails and follow through, momentum fades fast. In my view, acknowledging both sides actually makes the argument stronger instead of weaker. We can disagree on tactics without denying the tradeoffs.",1
ai_0438,"I’m pretty convinced that in sports, transparency would solve half the frustration. A lot of the conversation focuses on surface drama, but the deeper mechanics rarely get attention. When incentives are misaligned, people respond in predictable ways, and then everyone acts surprised. The counterpoint is that experimentation is necessary even if messy. There are moments when disruption shakes loose outdated habits, and that energy can be useful. Still, without guardrails and follow through, momentum fades fast. In my view, acknowledging both sides actually makes the argument stronger instead of weaker. A little patience would probably calm things down.",1
ai_0439,"My basic take is that in economy, structure drives outcomes more than individual willpower. A lot of the conversation focuses on surface drama, but the deeper mechanics rarely get attention. When incentives are misaligned, people respond in predictable ways, and then everyone acts surprised. To be fair, public pressure forces accountability. There are moments when disruption shakes loose outdated habits, and that energy can be useful. Still, without guardrails and follow through, momentum fades fast. In my view, acknowledging both sides actually makes the argument stronger instead of weaker. A little patience would probably calm things down.",1
ai_0440,"I’d argue that in climate, long term incentives matter more than loud debates. A lot of the conversation focuses on surface drama, but the deeper mechanics rarely get attention. When incentives are misaligned, people respond in predictable ways, and then everyone acts surprised. That said, strong personalities sometimes push progress faster. There are moments when disruption shakes loose outdated habits, and that energy can be useful. Still, without guardrails and follow through, momentum fades fast. In my view, acknowledging both sides actually makes the argument stronger instead of weaker. A little patience would probably calm things down.",1
ai_0441,"I honestly think in campus life, consistent rules beat flashy reforms. A lot of the conversation focuses on surface drama, but the deeper mechanics rarely get attention. When incentives are misaligned, people respond in predictable ways, and then everyone acts surprised. That said, experimentation is necessary even if messy. There are moments when disruption shakes loose outdated habits, and that energy can be useful. Still, without guardrails and follow through, momentum fades fast. In my view, acknowledging both sides actually makes the argument stronger instead of weaker. None of this is simple, but pretending it is makes it worse.",1
ai_0442,"My basic take is that in politics, execution is more important than branding. A lot of the conversation focuses on surface drama, but the deeper mechanics rarely get attention. When incentives are misaligned, people respond in predictable ways, and then everyone acts surprised. The counterpoint is that public pressure forces accountability. There are moments when disruption shakes loose outdated habits, and that energy can be useful. Still, without guardrails and follow through, momentum fades fast. In my view, acknowledging both sides actually makes the argument stronger instead of weaker. At the end of the day, steady progress beats chaos.",1
ai_0443,"It seems clear to me that in tech, long term incentives matter more than loud debates. A lot of the conversation focuses on surface drama, but the deeper mechanics rarely get attention. When incentives are misaligned, people respond in predictable ways, and then everyone acts surprised. The counterpoint is that public pressure forces accountability. There are moments when disruption shakes loose outdated habits, and that energy can be useful. Still, without guardrails and follow through, momentum fades fast. In my view, acknowledging both sides actually makes the argument stronger instead of weaker. We can disagree on tactics without denying the tradeoffs.",1
ai_0444,"I honestly think in health, structure drives outcomes more than individual willpower. A lot of the conversation focuses on surface drama, but the deeper mechanics rarely get attention. When incentives are misaligned, people respond in predictable ways, and then everyone acts surprised. To be fair, short term wins can build momentum. There are moments when disruption shakes loose outdated habits, and that energy can be useful. Still, without guardrails and follow through, momentum fades fast. In my view, acknowledging both sides actually makes the argument stronger instead of weaker. At the end of the day, steady progress beats chaos.",1
ai_0445,"My basic take is that in sports, execution is more important than branding. A lot of the conversation focuses on surface drama, but the deeper mechanics rarely get attention. When incentives are misaligned, people respond in predictable ways, and then everyone acts surprised. The counterpoint is that rapid change can create innovation. There are moments when disruption shakes loose outdated habits, and that energy can be useful. Still, without guardrails and follow through, momentum fades fast. In my view, acknowledging both sides actually makes the argument stronger instead of weaker. At the end of the day, steady progress beats chaos.",1
ai_0446,"I’d argue that in economy, consistent rules beat flashy reforms. A lot of the conversation focuses on surface drama, but the deeper mechanics rarely get attention. When incentives are misaligned, people respond in predictable ways, and then everyone acts surprised. That said, rapid change can create innovation. There are moments when disruption shakes loose outdated habits, and that energy can be useful. Still, without guardrails and follow through, momentum fades fast. In my view, acknowledging both sides actually makes the argument stronger instead of weaker. It’s not glamorous, but boring systems usually win.",1
ai_0447,"I’d argue that in climate, consistent rules beat flashy reforms. A lot of the conversation focuses on surface drama, but the deeper mechanics rarely get attention. When incentives are misaligned, people respond in predictable ways, and then everyone acts surprised. On the flip side, experimentation is necessary even if messy. There are moments when disruption shakes loose outdated habits, and that energy can be useful. Still, without guardrails and follow through, momentum fades fast. In my view, acknowledging both sides actually makes the argument stronger instead of weaker. At the end of the day, steady progress beats chaos.",1
ai_0448,"I’d argue that in campus life, transparency would solve half the frustration. A lot of the conversation focuses on surface drama, but the deeper mechanics rarely get attention. When incentives are misaligned, people respond in predictable ways, and then everyone acts surprised. The counterpoint is that short term wins can build momentum. There are moments when disruption shakes loose outdated habits, and that energy can be useful. Still, without guardrails and follow through, momentum fades fast. In my view, acknowledging both sides actually makes the argument stronger instead of weaker. A little patience would probably calm things down.",1
ai_0449,"I honestly think in politics, structure drives outcomes more than individual willpower. A lot of the conversation focuses on surface drama, but the deeper mechanics rarely get attention. When incentives are misaligned, people respond in predictable ways, and then everyone acts surprised. The counterpoint is that experimentation is necessary even if messy. There are moments when disruption shakes loose outdated habits, and that energy can be useful. Still, without guardrails and follow through, momentum fades fast. In my view, acknowledging both sides actually makes the argument stronger instead of weaker. We can disagree on tactics without denying the tradeoffs.",1
ai_0450,"I honestly think in tech, long term incentives matter more than loud debates. A lot of the conversation focuses on surface drama, but the deeper mechanics rarely get attention. When incentives are misaligned, people respond in predictable ways, and then everyone acts surprised. On the flip side, strong personalities sometimes push progress faster. There are moments when disruption shakes loose outdated habits, and that energy can be useful. Still, without guardrails and follow through, momentum fades fast. In my view, acknowledging both sides actually makes the argument stronger instead of weaker. We can disagree on tactics without denying the tradeoffs.",1
ai_0451,"I’m pretty convinced that in health, structure drives outcomes more than individual willpower. A lot of the conversation focuses on surface drama, but the deeper mechanics rarely get attention. When incentives are misaligned, people respond in predictable ways, and then everyone acts surprised. That said, strong personalities sometimes push progress faster. There are moments when disruption shakes loose outdated habits, and that energy can be useful. Still, without guardrails and follow through, momentum fades fast. In my view, acknowledging both sides actually makes the argument stronger instead of weaker. A little patience would probably calm things down.",1
ai_0452,"It seems clear to me that in sports, transparency would solve half the frustration. A lot of the conversation focuses on surface drama, but the deeper mechanics rarely get attention. When incentives are misaligned, people respond in predictable ways, and then everyone acts surprised. To be fair, experimentation is necessary even if messy. There are moments when disruption shakes loose outdated habits, and that energy can be useful. Still, without guardrails and follow through, momentum fades fast. In my view, acknowledging both sides actually makes the argument stronger instead of weaker. It’s not glamorous, but boring systems usually win.",1
ai_0453,"It seems clear to me that in economy, transparency would solve half the frustration. A lot of the conversation focuses on surface drama, but the deeper mechanics rarely get attention. When incentives are misaligned, people respond in predictable ways, and then everyone acts surprised. That said, experimentation is necessary even if messy. There are moments when disruption shakes loose outdated habits, and that energy can be useful. Still, without guardrails and follow through, momentum fades fast. In my view, acknowledging both sides actually makes the argument stronger instead of weaker. At the end of the day, steady progress beats chaos.",1
ai_0454,"I’d argue that in climate, consistent rules beat flashy reforms. A lot of the conversation focuses on surface drama, but the deeper mechanics rarely get attention. When incentives are misaligned, people respond in predictable ways, and then everyone acts surprised. On the flip side, rapid change can create innovation. There are moments when disruption shakes loose outdated habits, and that energy can be useful. Still, without guardrails and follow through, momentum fades fast. In my view, acknowledging both sides actually makes the argument stronger instead of weaker. None of this is simple, but pretending it is makes it worse.",1
ai_0455,"It seems clear to me that in campus life, long term incentives matter more than loud debates. A lot of the conversation focuses on surface drama, but the deeper mechanics rarely get attention. When incentives are misaligned, people respond in predictable ways, and then everyone acts surprised. The counterpoint is that short term wins can build momentum. There are moments when disruption shakes loose outdated habits, and that energy can be useful. Still, without guardrails and follow through, momentum fades fast. In my view, acknowledging both sides actually makes the argument stronger instead of weaker. We can disagree on tactics without denying the tradeoffs.",1
ai_0456,"My basic take is that in politics, transparency would solve half the frustration. A lot of the conversation focuses on surface drama, but the deeper mechanics rarely get attention. When incentives are misaligned, people respond in predictable ways, and then everyone acts surprised. On the flip side, strong personalities sometimes push progress faster. There are moments when disruption shakes loose outdated habits, and that energy can be useful. Still, without guardrails and follow through, momentum fades fast. In my view, acknowledging both sides actually makes the argument stronger instead of weaker. A little patience would probably calm things down.",1
ai_0457,"It seems clear to me that in tech, consistent rules beat flashy reforms. A lot of the conversation focuses on surface drama, but the deeper mechanics rarely get attention. When incentives are misaligned, people respond in predictable ways, and then everyone acts surprised. The counterpoint is that rapid change can create innovation. There are moments when disruption shakes loose outdated habits, and that energy can be useful. Still, without guardrails and follow through, momentum fades fast. In my view, acknowledging both sides actually makes the argument stronger instead of weaker. It’s not glamorous, but boring systems usually win.",1
ai_0458,"I’m pretty convinced that in health, long term incentives matter more than loud debates. A lot of the conversation focuses on surface drama, but the deeper mechanics rarely get attention. When incentives are misaligned, people respond in predictable ways, and then everyone acts surprised. On the flip side, experimentation is necessary even if messy. There are moments when disruption shakes loose outdated habits, and that energy can be useful. Still, without guardrails and follow through, momentum fades fast. In my view, acknowledging both sides actually makes the argument stronger instead of weaker. At the end of the day, steady progress beats chaos.",1
ai_0459,"I’d argue that in sports, consistent rules beat flashy reforms. A lot of the conversation focuses on surface drama, but the deeper mechanics rarely get attention. When incentives are misaligned, people respond in predictable ways, and then everyone acts surprised. That said, public pressure forces accountability. There are moments when disruption shakes loose outdated habits, and that energy can be useful. Still, without guardrails and follow through, momentum fades fast. In my view, acknowledging both sides actually makes the argument stronger instead of weaker. A little patience would probably calm things down.",1
ai_0460,"My basic take is that in economy, consistent rules beat flashy reforms. A lot of the conversation focuses on surface drama, but the deeper mechanics rarely get attention. When incentives are misaligned, people respond in predictable ways, and then everyone acts surprised. The counterpoint is that short term wins can build momentum. There are moments when disruption shakes loose outdated habits, and that energy can be useful. Still, without guardrails and follow through, momentum fades fast. In my view, acknowledging both sides actually makes the argument stronger instead of weaker. At the end of the day, steady progress beats chaos.",1
ai_0461,"I’d argue that in climate, long term incentives matter more than loud debates. A lot of the conversation focuses on surface drama, but the deeper mechanics rarely get attention. When incentives are misaligned, people respond in predictable ways, and then everyone acts surprised. On the flip side, public pressure forces accountability. There are moments when disruption shakes loose outdated habits, and that energy can be useful. Still, without guardrails and follow through, momentum fades fast. In my view, acknowledging both sides actually makes the argument stronger instead of weaker. It’s not glamorous, but boring systems usually win.",1
ai_0462,"My basic take is that in campus life, long term incentives matter more than loud debates. A lot of the conversation focuses on surface drama, but the deeper mechanics rarely get attention. When incentives are misaligned, people respond in predictable ways, and then everyone acts surprised. The counterpoint is that experimentation is necessary even if messy. There are moments when disruption shakes loose outdated habits, and that energy can be useful. Still, without guardrails and follow through, momentum fades fast. In my view, acknowledging both sides actually makes the argument stronger instead of weaker. A little patience would probably calm things down.",1
ai_0463,"I’m pretty convinced that in politics, transparency would solve half the frustration. A lot of the conversation focuses on surface drama, but the deeper mechanics rarely get attention. When incentives are misaligned, people respond in predictable ways, and then everyone acts surprised. That said, rapid change can create innovation. There are moments when disruption shakes loose outdated habits, and that energy can be useful. Still, without guardrails and follow through, momentum fades fast. In my view, acknowledging both sides actually makes the argument stronger instead of weaker. We can disagree on tactics without denying the tradeoffs.",1
ai_0464,"I’d argue that in tech, consistent rules beat flashy reforms. A lot of the conversation focuses on surface drama, but the deeper mechanics rarely get attention. When incentives are misaligned, people respond in predictable ways, and then everyone acts surprised. I get why some people argue that strong personalities sometimes push progress faster. There are moments when disruption shakes loose outdated habits, and that energy can be useful. Still, without guardrails and follow through, momentum fades fast. In my view, acknowledging both sides actually makes the argument stronger instead of weaker. None of this is simple, but pretending it is makes it worse.",1
ai_0465,"It seems clear to me that in health, transparency would solve half the frustration. A lot of the conversation focuses on surface drama, but the deeper mechanics rarely get attention. When incentives are misaligned, people respond in predictable ways, and then everyone acts surprised. On the flip side, rapid change can create innovation. There are moments when disruption shakes loose outdated habits, and that energy can be useful. Still, without guardrails and follow through, momentum fades fast. In my view, acknowledging both sides actually makes the argument stronger instead of weaker. At the end of the day, steady progress beats chaos.",1
ai_0466,"My basic take is that in sports, structure drives outcomes more than individual willpower. A lot of the conversation focuses on surface drama, but the deeper mechanics rarely get attention. When incentives are misaligned, people respond in predictable ways, and then everyone acts surprised. To be fair, short term wins can build momentum. There are moments when disruption shakes loose outdated habits, and that energy can be useful. Still, without guardrails and follow through, momentum fades fast. In my view, acknowledging both sides actually makes the argument stronger instead of weaker. It’s not glamorous, but boring systems usually win.",1
ai_0467,"My basic take is that in economy, execution is more important than branding. A lot of the conversation focuses on surface drama, but the deeper mechanics rarely get attention. When incentives are misaligned, people respond in predictable ways, and then everyone acts surprised. I get why some people argue that strong personalities sometimes push progress faster. There are moments when disruption shakes loose outdated habits, and that energy can be useful. Still, without guardrails and follow through, momentum fades fast. In my view, acknowledging both sides actually makes the argument stronger instead of weaker. A little patience would probably calm things down.",1
ai_0468,"I honestly think in climate, consistent rules beat flashy reforms. A lot of the conversation focuses on surface drama, but the deeper mechanics rarely get attention. When incentives are misaligned, people respond in predictable ways, and then everyone acts surprised. To be fair, experimentation is necessary even if messy. There are moments when disruption shakes loose outdated habits, and that energy can be useful. Still, without guardrails and follow through, momentum fades fast. In my view, acknowledging both sides actually makes the argument stronger instead of weaker. We can disagree on tactics without denying the tradeoffs.",1
ai_0469,"My basic take is that in campus life, consistent rules beat flashy reforms. A lot of the conversation focuses on surface drama, but the deeper mechanics rarely get attention. When incentives are misaligned, people respond in predictable ways, and then everyone acts surprised. To be fair, experimentation is necessary even if messy. There are moments when disruption shakes loose outdated habits, and that energy can be useful. Still, without guardrails and follow through, momentum fades fast. In my view, acknowledging both sides actually makes the argument stronger instead of weaker. At the end of the day, steady progress beats chaos.",1
ai_0470,"It seems clear to me that in politics, consistent rules beat flashy reforms. A lot of the conversation focuses on surface drama, but the deeper mechanics rarely get attention. When incentives are misaligned, people respond in predictable ways, and then everyone acts surprised. The counterpoint is that rapid change can create innovation. There are moments when disruption shakes loose outdated habits, and that energy can be useful. Still, without guardrails and follow through, momentum fades fast. In my view, acknowledging both sides actually makes the argument stronger instead of weaker. None of this is simple, but pretending it is makes it worse.",1
ai_0471,"I’m pretty convinced that in tech, consistent rules beat flashy reforms. A lot of the conversation focuses on surface drama, but the deeper mechanics rarely get attention. When incentives are misaligned, people respond in predictable ways, and then everyone acts surprised. The counterpoint is that short term wins can build momentum. There are moments when disruption shakes loose outdated habits, and that energy can be useful. Still, without guardrails and follow through, momentum fades fast. In my view, acknowledging both sides actually makes the argument stronger instead of weaker. We can disagree on tactics without denying the tradeoffs.",1
ai_0472,"I honestly think in health, execution is more important than branding. A lot of the conversation focuses on surface drama, but the deeper mechanics rarely get attention. When incentives are misaligned, people respond in predictable ways, and then everyone acts surprised. The counterpoint is that public pressure forces accountability. There are moments when disruption shakes loose outdated habits, and that energy can be useful. Still, without guardrails and follow through, momentum fades fast. In my view, acknowledging both sides actually makes the argument stronger instead of weaker. At the end of the day, steady progress beats chaos.",1
ai_0473,"I’d argue that in sports, transparency would solve half the frustration. A lot of the conversation focuses on surface drama, but the deeper mechanics rarely get attention. When incentives are misaligned, people respond in predictable ways, and then everyone acts surprised. I get why some people argue that rapid change can create innovation. There are moments when disruption shakes loose outdated habits, and that energy can be useful. Still, without guardrails and follow through, momentum fades fast. In my view, acknowledging both sides actually makes the argument stronger instead of weaker. It’s not glamorous, but boring systems usually win.",1
ai_0474,"I honestly think in economy, execution is more important than branding. A lot of the conversation focuses on surface drama, but the deeper mechanics rarely get attention. When incentives are misaligned, people respond in predictable ways, and then everyone acts surprised. That said, short term wins can build momentum. There are moments when disruption shakes loose outdated habits, and that energy can be useful. Still, without guardrails and follow through, momentum fades fast. In my view, acknowledging both sides actually makes the argument stronger instead of weaker. We can disagree on tactics without denying the tradeoffs.",1
ai_0475,"I’d argue that in climate, structure drives outcomes more than individual willpower. A lot of the conversation focuses on surface drama, but the deeper mechanics rarely get attention. When incentives are misaligned, people respond in predictable ways, and then everyone acts surprised. That said, rapid change can create innovation. There are moments when disruption shakes loose outdated habits, and that energy can be useful. Still, without guardrails and follow through, momentum fades fast. In my view, acknowledging both sides actually makes the argument stronger instead of weaker. None of this is simple, but pretending it is makes it worse.",1
ai_0476,"I’d argue that in campus life, consistent rules beat flashy reforms. A lot of the conversation focuses on surface drama, but the deeper mechanics rarely get attention. When incentives are misaligned, people respond in predictable ways, and then everyone acts surprised. That said, short term wins can build momentum. There are moments when disruption shakes loose outdated habits, and that energy can be useful. Still, without guardrails and follow through, momentum fades fast. In my view, acknowledging both sides actually makes the argument stronger instead of weaker. A little patience would probably calm things down.",1
ai_0477,"It seems clear to me that in politics, structure drives outcomes more than individual willpower. A lot of the conversation focuses on surface drama, but the deeper mechanics rarely get attention. When incentives are misaligned, people respond in predictable ways, and then everyone acts surprised. To be fair, rapid change can create innovation. There are moments when disruption shakes loose outdated habits, and that energy can be useful. Still, without guardrails and follow through, momentum fades fast. In my view, acknowledging both sides actually makes the argument stronger instead of weaker. A little patience would probably calm things down.",1
ai_0478,"I’m pretty convinced that in tech, transparency would solve half the frustration. A lot of the conversation focuses on surface drama, but the deeper mechanics rarely get attention. When incentives are misaligned, people respond in predictable ways, and then everyone acts surprised. The counterpoint is that rapid change can create innovation. There are moments when disruption shakes loose outdated habits, and that energy can be useful. Still, without guardrails and follow through, momentum fades fast. In my view, acknowledging both sides actually makes the argument stronger instead of weaker. None of this is simple, but pretending it is makes it worse.",1
ai_0479,"I honestly think in health, transparency would solve half the frustration. A lot of the conversation focuses on surface drama, but the deeper mechanics rarely get attention. When incentives are misaligned, people respond in predictable ways, and then everyone acts surprised. To be fair, short term wins can build momentum. There are moments when disruption shakes loose outdated habits, and that energy can be useful. Still, without guardrails and follow through, momentum fades fast. In my view, acknowledging both sides actually makes the argument stronger instead of weaker. None of this is simple, but pretending it is makes it worse.",1
ai_0480,"I honestly think in sports, consistent rules beat flashy reforms. A lot of the conversation focuses on surface drama, but the deeper mechanics rarely get attention. When incentives are misaligned, people respond in predictable ways, and then everyone acts surprised. On the flip side, rapid change can create innovation. There are moments when disruption shakes loose outdated habits, and that energy can be useful. Still, without guardrails and follow through, momentum fades fast. In my view, acknowledging both sides actually makes the argument stronger instead of weaker. A little patience would probably calm things down.",1
ai_0481,"My basic take is that in economy, transparency would solve half the frustration. A lot of the conversation focuses on surface drama, but the deeper mechanics rarely get attention. When incentives are misaligned, people respond in predictable ways, and then everyone acts surprised. I get why some people argue that experimentation is necessary even if messy. There are moments when disruption shakes loose outdated habits, and that energy can be useful. Still, without guardrails and follow through, momentum fades fast. In my view, acknowledging both sides actually makes the argument stronger instead of weaker. We can disagree on tactics without denying the tradeoffs.",1
ai_0482,"I’m pretty convinced that in climate, consistent rules beat flashy reforms. A lot of the conversation focuses on surface drama, but the deeper mechanics rarely get attention. When incentives are misaligned, people respond in predictable ways, and then everyone acts surprised. The counterpoint is that public pressure forces accountability. There are moments when disruption shakes loose outdated habits, and that energy can be useful. Still, without guardrails and follow through, momentum fades fast. In my view, acknowledging both sides actually makes the argument stronger instead of weaker. We can disagree on tactics without denying the tradeoffs.",1
ai_0483,"I’m pretty convinced that in campus life, consistent rules beat flashy reforms. A lot of the conversation focuses on surface drama, but the deeper mechanics rarely get attention. When incentives are misaligned, people respond in predictable ways, and then everyone acts surprised. That said, short term wins can build momentum. There are moments when disruption shakes loose outdated habits, and that energy can be useful. Still, without guardrails and follow through, momentum fades fast. In my view, acknowledging both sides actually makes the argument stronger instead of weaker. A little patience would probably calm things down.",1
ai_0484,"My basic take is that in politics, structure drives outcomes more than individual willpower. A lot of the conversation focuses on surface drama, but the deeper mechanics rarely get attention. When incentives are misaligned, people respond in predictable ways, and then everyone acts surprised. The counterpoint is that rapid change can create innovation. There are moments when disruption shakes loose outdated habits, and that energy can be useful. Still, without guardrails and follow through, momentum fades fast. In my view, acknowledging both sides actually makes the argument stronger instead of weaker. None of this is simple, but pretending it is makes it worse.",1
ai_0485,"I honestly think in tech, consistent rules beat flashy reforms. A lot of the conversation focuses on surface drama, but the deeper mechanics rarely get attention. When incentives are misaligned, people respond in predictable ways, and then everyone acts surprised. On the flip side, short term wins can build momentum. There are moments when disruption shakes loose outdated habits, and that energy can be useful. Still, without guardrails and follow through, momentum fades fast. In my view, acknowledging both sides actually makes the argument stronger instead of weaker. A little patience would probably calm things down.",1
ai_0486,"I’d argue that in health, execution is more important than branding. A lot of the conversation focuses on surface drama, but the deeper mechanics rarely get attention. When incentives are misaligned, people respond in predictable ways, and then everyone acts surprised. I get why some people argue that rapid change can create innovation. There are moments when disruption shakes loose outdated habits, and that energy can be useful. Still, without guardrails and follow through, momentum fades fast. In my view, acknowledging both sides actually makes the argument stronger instead of weaker. It’s not glamorous, but boring systems usually win.",1
ai_0487,"I’d argue that in sports, structure drives outcomes more than individual willpower. A lot of the conversation focuses on surface drama, but the deeper mechanics rarely get attention. When incentives are misaligned, people respond in predictable ways, and then everyone acts surprised. On the flip side, rapid change can create innovation. There are moments when disruption shakes loose outdated habits, and that energy can be useful. Still, without guardrails and follow through, momentum fades fast. In my view, acknowledging both sides actually makes the argument stronger instead of weaker. At the end of the day, steady progress beats chaos.",1
ai_0488,"My basic take is that in economy, execution is more important than branding. A lot of the conversation focuses on surface drama, but the deeper mechanics rarely get attention. When incentives are misaligned, people respond in predictable ways, and then everyone acts surprised. That said, rapid change can create innovation. There are moments when disruption shakes loose outdated habits, and that energy can be useful. Still, without guardrails and follow through, momentum fades fast. In my view, acknowledging both sides actually makes the argument stronger instead of weaker. A little patience would probably calm things down.",1
ai_0489,"I’d argue that in climate, execution is more important than branding. A lot of the conversation focuses on surface drama, but the deeper mechanics rarely get attention. When incentives are misaligned, people respond in predictable ways, and then everyone acts surprised. On the flip side, experimentation is necessary even if messy. There are moments when disruption shakes loose outdated habits, and that energy can be useful. Still, without guardrails and follow through, momentum fades fast. In my view, acknowledging both sides actually makes the argument stronger instead of weaker. A little patience would probably calm things down.",1
ai_0490,"I’d argue that in campus life, structure drives outcomes more than individual willpower. A lot of the conversation focuses on surface drama, but the deeper mechanics rarely get attention. When incentives are misaligned, people respond in predictable ways, and then everyone acts surprised. On the flip side, short term wins can build momentum. There are moments when disruption shakes loose outdated habits, and that energy can be useful. Still, without guardrails and follow through, momentum fades fast. In my view, acknowledging both sides actually makes the argument stronger instead of weaker. At the end of the day, steady progress beats chaos.",1
ai_0491,"My basic take is that in politics, structure drives outcomes more than individual willpower. A lot of the conversation focuses on surface drama, but the deeper mechanics rarely get attention. When incentives are misaligned, people respond in predictable ways, and then everyone acts surprised. On the flip side, strong personalities sometimes push progress faster. There are moments when disruption shakes loose outdated habits, and that energy can be useful. Still, without guardrails and follow through, momentum fades fast. In my view, acknowledging both sides actually makes the argument stronger instead of weaker. We can disagree on tactics without denying the tradeoffs.",1
ai_0492,"I honestly think in tech, long term incentives matter more than loud debates. A lot of the conversation focuses on surface drama, but the deeper mechanics rarely get attention. When incentives are misaligned, people respond in predictable ways, and then everyone acts surprised. On the flip side, rapid change can create innovation. There are moments when disruption shakes loose outdated habits, and that energy can be useful. Still, without guardrails and follow through, momentum fades fast. In my view, acknowledging both sides actually makes the argument stronger instead of weaker. At the end of the day, steady progress beats chaos.",1
ai_0493,"My basic take is that in health, transparency would solve half the frustration. A lot of the conversation focuses on surface drama, but the deeper mechanics rarely get attention. When incentives are misaligned, people respond in predictable ways, and then everyone acts surprised. On the flip side, strong personalities sometimes push progress faster. There are moments when disruption shakes loose outdated habits, and that energy can be useful. Still, without guardrails and follow through, momentum fades fast. In my view, acknowledging both sides actually makes the argument stronger instead of weaker. A little patience would probably calm things down.",1
ai_0494,"It seems clear to me that in sports, long term incentives matter more than loud debates. A lot of the conversation focuses on surface drama, but the deeper mechanics rarely get attention. When incentives are misaligned, people respond in predictable ways, and then everyone acts surprised. To be fair, short term wins can build momentum. There are moments when disruption shakes loose outdated habits, and that energy can be useful. Still, without guardrails and follow through, momentum fades fast. In my view, acknowledging both sides actually makes the argument stronger instead of weaker. We can disagree on tactics without denying the tradeoffs.",1
ai_0495,"I’d argue that in economy, structure drives outcomes more than individual willpower. A lot of the conversation focuses on surface drama, but the deeper mechanics rarely get attention. When incentives are misaligned, people respond in predictable ways, and then everyone acts surprised. The counterpoint is that rapid change can create innovation. There are moments when disruption shakes loose outdated habits, and that energy can be useful. Still, without guardrails and follow through, momentum fades fast. In my view, acknowledging both sides actually makes the argument stronger instead of weaker. We can disagree on tactics without denying the tradeoffs.",1
ai_0496,"It seems clear to me that in climate, execution is more important than branding. A lot of the conversation focuses on surface drama, but the deeper mechanics rarely get attention. When incentives are misaligned, people respond in predictable ways, and then everyone acts surprised. To be fair, strong personalities sometimes push progress faster. There are moments when disruption shakes loose outdated habits, and that energy can be useful. Still, without guardrails and follow through, momentum fades fast. In my view, acknowledging both sides actually makes the argument stronger instead of weaker. We can disagree on tactics without denying the tradeoffs.",1
ai_0497,"I’m pretty convinced that in campus life, long term incentives matter more than loud debates. A lot of the conversation focuses on surface drama, but the deeper mechanics rarely get attention. When incentives are misaligned, people respond in predictable ways, and then everyone acts surprised. The counterpoint is that experimentation is necessary even if messy. There are moments when disruption shakes loose outdated habits, and that energy can be useful. Still, without guardrails and follow through, momentum fades fast. In my view, acknowledging both sides actually makes the argument stronger instead of weaker. We can disagree on tactics without denying the tradeoffs.",1
ai_0498,"I’d argue that in politics, structure drives outcomes more than individual willpower. A lot of the conversation focuses on surface drama, but the deeper mechanics rarely get attention. When incentives are misaligned, people respond in predictable ways, and then everyone acts surprised. The counterpoint is that rapid change can create innovation. There are moments when disruption shakes loose outdated habits, and that energy can be useful. Still, without guardrails and follow through, momentum fades fast. In my view, acknowledging both sides actually makes the argument stronger instead of weaker. We can disagree on tactics without denying the tradeoffs.",1
ai_0499,"I honestly think in tech, long term incentives matter more than loud debates. A lot of the conversation focuses on surface drama, but the deeper mechanics rarely get attention. When incentives are misaligned, people respond in predictable ways, and then everyone acts surprised. On the flip side, experimentation is necessary even if messy. There are moments when disruption shakes loose outdated habits, and that energy can be useful. Still, without guardrails and follow through, momentum fades fast. In my view, acknowledging both sides actually makes the argument stronger instead of weaker. A little patience would probably calm things down.",1
ai_0500,"I honestly think in health, consistent rules beat flashy reforms. A lot of the conversation focuses on surface drama, but the deeper mechanics rarely get attention. When incentives are misaligned, people respond in predictable ways, and then everyone acts surprised. To be fair, rapid change can create innovation. There are moments when disruption shakes loose outdated habits, and that energy can be useful. Still, without guardrails and follow through, momentum fades fast. In my view, acknowledging both sides actually makes the argument stronger instead of weaker. We can disagree on tactics without denying the tradeoffs.",1
ai_0501,"My basic take is that in sports, long term incentives matter more than loud debates. A lot of the conversation focuses on surface drama, but the deeper mechanics rarely get attention. When incentives are misaligned, people respond in predictable ways, and then everyone acts surprised. That said, rapid change can create innovation. There are moments when disruption shakes loose outdated habits, and that energy can be useful. Still, without guardrails and follow through, momentum fades fast. In my view, acknowledging both sides actually makes the argument stronger instead of weaker. We can disagree on tactics without denying the tradeoffs.",1
ai_0502,"I honestly think in economy, execution is more important than branding. A lot of the conversation focuses on surface drama, but the deeper mechanics rarely get attention. When incentives are misaligned, people respond in predictable ways, and then everyone acts surprised. On the flip side, public pressure forces accountability. There are moments when disruption shakes loose outdated habits, and that energy can be useful. Still, without guardrails and follow through, momentum fades fast. In my view, acknowledging both sides actually makes the argument stronger instead of weaker. It’s not glamorous, but boring systems usually win.",1
ai_0503,"I’m pretty convinced that in climate, execution is more important than branding. A lot of the conversation focuses on surface drama, but the deeper mechanics rarely get attention. When incentives are misaligned, people respond in predictable ways, and then everyone acts surprised. To be fair, public pressure forces accountability. There are moments when disruption shakes loose outdated habits, and that energy can be useful. Still, without guardrails and follow through, momentum fades fast. In my view, acknowledging both sides actually makes the argument stronger instead of weaker. At the end of the day, steady progress beats chaos.",1
ai_0504,"I’m pretty convinced that in campus life, transparency would solve half the frustration. A lot of the conversation focuses on surface drama, but the deeper mechanics rarely get attention. When incentives are misaligned, people respond in predictable ways, and then everyone acts surprised. I get why some people argue that public pressure forces accountability. There are moments when disruption shakes loose outdated habits, and that energy can be useful. Still, without guardrails and follow through, momentum fades fast. In my view, acknowledging both sides actually makes the argument stronger instead of weaker. At the end of the day, steady progress beats chaos.",1
ai_0505,"I honestly think in politics, transparency would solve half the frustration. A lot of the conversation focuses on surface drama, but the deeper mechanics rarely get attention. When incentives are misaligned, people respond in predictable ways, and then everyone acts surprised. The counterpoint is that public pressure forces accountability. There are moments when disruption shakes loose outdated habits, and that energy can be useful. Still, without guardrails and follow through, momentum fades fast. In my view, acknowledging both sides actually makes the argument stronger instead of weaker. None of this is simple, but pretending it is makes it worse.",1
ai_0506,"I’d argue that in tech, transparency would solve half the frustration. A lot of the conversation focuses on surface drama, but the deeper mechanics rarely get attention. When incentives are misaligned, people respond in predictable ways, and then everyone acts surprised. That said, short term wins can build momentum. There are moments when disruption shakes loose outdated habits, and that energy can be useful. Still, without guardrails and follow through, momentum fades fast. In my view, acknowledging both sides actually makes the argument stronger instead of weaker. A little patience would probably calm things down.",1
ai_0507,"My basic take is that in health, transparency would solve half the frustration. A lot of the conversation focuses on surface drama, but the deeper mechanics rarely get attention. When incentives are misaligned, people respond in predictable ways, and then everyone acts surprised. That said, short term wins can build momentum. There are moments when disruption shakes loose outdated habits, and that energy can be useful. Still, without guardrails and follow through, momentum fades fast. In my view, acknowledging both sides actually makes the argument stronger instead of weaker. None of this is simple, but pretending it is makes it worse.",1
ai_0508,"I honestly think in sports, long term incentives matter more than loud debates. A lot of the conversation focuses on surface drama, but the deeper mechanics rarely get attention. When incentives are misaligned, people respond in predictable ways, and then everyone acts surprised. That said, short term wins can build momentum. There are moments when disruption shakes loose outdated habits, and that energy can be useful. Still, without guardrails and follow through, momentum fades fast. In my view, acknowledging both sides actually makes the argument stronger instead of weaker. We can disagree on tactics without denying the tradeoffs.",1
ai_0509,"I honestly think in economy, long term incentives matter more than loud debates. A lot of the conversation focuses on surface drama, but the deeper mechanics rarely get attention. When incentives are misaligned, people respond in predictable ways, and then everyone acts surprised. That said, rapid change can create innovation. There are moments when disruption shakes loose outdated habits, and that energy can be useful. Still, without guardrails and follow through, momentum fades fast. In my view, acknowledging both sides actually makes the argument stronger instead of weaker. At the end of the day, steady progress beats chaos.",1
ai_0510,"I’m pretty convinced that in climate, execution is more important than branding. A lot of the conversation focuses on surface drama, but the deeper mechanics rarely get attention. When incentives are misaligned, people respond in predictable ways, and then everyone acts surprised. On the flip side, rapid change can create innovation. There are moments when disruption shakes loose outdated habits, and that energy can be useful. Still, without guardrails and follow through, momentum fades fast. In my view, acknowledging both sides actually makes the argument stronger instead of weaker. It’s not glamorous, but boring systems usually win.",1
ai_0511,"I honestly think in campus life, execution is more important than branding. A lot of the conversation focuses on surface drama, but the deeper mechanics rarely get attention. When incentives are misaligned, people respond in predictable ways, and then everyone acts surprised. That said, strong personalities sometimes push progress faster. There are moments when disruption shakes loose outdated habits, and that energy can be useful. Still, without guardrails and follow through, momentum fades fast. In my view, acknowledging both sides actually makes the argument stronger instead of weaker. At the end of the day, steady progress beats chaos.",1
ai_0512,"I’d argue that in politics, long term incentives matter more than loud debates. A lot of the conversation focuses on surface drama, but the deeper mechanics rarely get attention. When incentives are misaligned, people respond in predictable ways, and then everyone acts surprised. That said, short term wins can build momentum. There are moments when disruption shakes loose outdated habits, and that energy can be useful. Still, without guardrails and follow through, momentum fades fast. In my view, acknowledging both sides actually makes the argument stronger instead of weaker. At the end of the day, steady progress beats chaos.",1
ai_0513,"I’d argue that in tech, consistent rules beat flashy reforms. A lot of the conversation focuses on surface drama, but the deeper mechanics rarely get attention. When incentives are misaligned, people respond in predictable ways, and then everyone acts surprised. To be fair, rapid change can create innovation. There are moments when disruption shakes loose outdated habits, and that energy can be useful. Still, without guardrails and follow through, momentum fades fast. In my view, acknowledging both sides actually makes the argument stronger instead of weaker. A little patience would probably calm things down.",1
ai_0514,"I’d argue that in health, consistent rules beat flashy reforms. A lot of the conversation focuses on surface drama, but the deeper mechanics rarely get attention. When incentives are misaligned, people respond in predictable ways, and then everyone acts surprised. I get why some people argue that experimentation is necessary even if messy. There are moments when disruption shakes loose outdated habits, and that energy can be useful. Still, without guardrails and follow through, momentum fades fast. In my view, acknowledging both sides actually makes the argument stronger instead of weaker. It’s not glamorous, but boring systems usually win.",1
ai_0515,"I’m pretty convinced that in sports, structure drives outcomes more than individual willpower. A lot of the conversation focuses on surface drama, but the deeper mechanics rarely get attention. When incentives are misaligned, people respond in predictable ways, and then everyone acts surprised. That said, experimentation is necessary even if messy. There are moments when disruption shakes loose outdated habits, and that energy can be useful. Still, without guardrails and follow through, momentum fades fast. In my view, acknowledging both sides actually makes the argument stronger instead of weaker. None of this is simple, but pretending it is makes it worse.",1
ai_0516,"I’m pretty convinced that in economy, transparency would solve half the frustration. A lot of the conversation focuses on surface drama, but the deeper mechanics rarely get attention. When incentives are misaligned, people respond in predictable ways, and then everyone acts surprised. The counterpoint is that strong personalities sometimes push progress faster. There are moments when disruption shakes loose outdated habits, and that energy can be useful. Still, without guardrails and follow through, momentum fades fast. In my view, acknowledging both sides actually makes the argument stronger instead of weaker. A little patience would probably calm things down.",1
ai_0517,"I’m pretty convinced that in climate, long term incentives matter more than loud debates. A lot of the conversation focuses on surface drama, but the deeper mechanics rarely get attention. When incentives are misaligned, people respond in predictable ways, and then everyone acts surprised. That said, experimentation is necessary even if messy. There are moments when disruption shakes loose outdated habits, and that energy can be useful. Still, without guardrails and follow through, momentum fades fast. In my view, acknowledging both sides actually makes the argument stronger instead of weaker. A little patience would probably calm things down.",1
ai_0518,"I’d argue that in campus life, consistent rules beat flashy reforms. A lot of the conversation focuses on surface drama, but the deeper mechanics rarely get attention. When incentives are misaligned, people respond in predictable ways, and then everyone acts surprised. On the flip side, public pressure forces accountability. There are moments when disruption shakes loose outdated habits, and that energy can be useful. Still, without guardrails and follow through, momentum fades fast. In my view, acknowledging both sides actually makes the argument stronger instead of weaker. At the end of the day, steady progress beats chaos.",1
ai_0519,"I’m pretty convinced that in politics, long term incentives matter more than loud debates. A lot of the conversation focuses on surface drama, but the deeper mechanics rarely get attention. When incentives are misaligned, people respond in predictable ways, and then everyone acts surprised. To be fair, experimentation is necessary even if messy. There are moments when disruption shakes loose outdated habits, and that energy can be useful. Still, without guardrails and follow through, momentum fades fast. In my view, acknowledging both sides actually makes the argument stronger instead of weaker. It’s not glamorous, but boring systems usually win.",1
ai_0520,"It seems clear to me that in tech, long term incentives matter more than loud debates. A lot of the conversation focuses on surface drama, but the deeper mechanics rarely get attention. When incentives are misaligned, people respond in predictable ways, and then everyone acts surprised. The counterpoint is that experimentation is necessary even if messy. There are moments when disruption shakes loose outdated habits, and that energy can be useful. Still, without guardrails and follow through, momentum fades fast. In my view, acknowledging both sides actually makes the argument stronger instead of weaker. None of this is simple, but pretending it is makes it worse.",1
ai_0521,"I honestly think in health, structure drives outcomes more than individual willpower. A lot of the conversation focuses on surface drama, but the deeper mechanics rarely get attention. When incentives are misaligned, people respond in predictable ways, and then everyone acts surprised. That said, short term wins can build momentum. There are moments when disruption shakes loose outdated habits, and that energy can be useful. Still, without guardrails and follow through, momentum fades fast. In my view, acknowledging both sides actually makes the argument stronger instead of weaker. None of this is simple, but pretending it is makes it worse.",1
ai_0522,"I honestly think in sports, structure drives outcomes more than individual willpower. A lot of the conversation focuses on surface drama, but the deeper mechanics rarely get attention. When incentives are misaligned, people respond in predictable ways, and then everyone acts surprised. To be fair, short term wins can build momentum. There are moments when disruption shakes loose outdated habits, and that energy can be useful. Still, without guardrails and follow through, momentum fades fast. In my view, acknowledging both sides actually makes the argument stronger instead of weaker. A little patience would probably calm things down.",1
ai_0523,"I honestly think in economy, transparency would solve half the frustration. A lot of the conversation focuses on surface drama, but the deeper mechanics rarely get attention. When incentives are misaligned, people respond in predictable ways, and then everyone acts surprised. To be fair, public pressure forces accountability. There are moments when disruption shakes loose outdated habits, and that energy can be useful. Still, without guardrails and follow through, momentum fades fast. In my view, acknowledging both sides actually makes the argument stronger instead of weaker. We can disagree on tactics without denying the tradeoffs.",1
ai_0524,"It seems clear to me that in climate, transparency would solve half the frustration. A lot of the conversation focuses on surface drama, but the deeper mechanics rarely get attention. When incentives are misaligned, people respond in predictable ways, and then everyone acts surprised. To be fair, short term wins can build momentum. There are moments when disruption shakes loose outdated habits, and that energy can be useful. Still, without guardrails and follow through, momentum fades fast. In my view, acknowledging both sides actually makes the argument stronger instead of weaker. At the end of the day, steady progress beats chaos.",1
ai_0525,"I honestly think in campus life, transparency would solve half the frustration. A lot of the conversation focuses on surface drama, but the deeper mechanics rarely get attention. When incentives are misaligned, people respond in predictable ways, and then everyone acts surprised. I get why some people argue that strong personalities sometimes push progress faster. There are moments when disruption shakes loose outdated habits, and that energy can be useful. Still, without guardrails and follow through, momentum fades fast. In my view, acknowledging both sides actually makes the argument stronger instead of weaker. We can disagree on tactics without denying the tradeoffs.",1
ai_0526,"I’m pretty convinced that in politics, long term incentives matter more than loud debates. A lot of the conversation focuses on surface drama, but the deeper mechanics rarely get attention. When incentives are misaligned, people respond in predictable ways, and then everyone acts surprised. To be fair, public pressure forces accountability. There are moments when disruption shakes loose outdated habits, and that energy can be useful. Still, without guardrails and follow through, momentum fades fast. In my view, acknowledging both sides actually makes the argument stronger instead of weaker. At the end of the day, steady progress beats chaos.",1
ai_0527,"I honestly think in tech, consistent rules beat flashy reforms. A lot of the conversation focuses on surface drama, but the deeper mechanics rarely get attention. When incentives are misaligned, people respond in predictable ways, and then everyone acts surprised. That said, public pressure forces accountability. There are moments when disruption shakes loose outdated habits, and that energy can be useful. Still, without guardrails and follow through, momentum fades fast. In my view, acknowledging both sides actually makes the argument stronger instead of weaker. It’s not glamorous, but boring systems usually win.",1
ai_0528,"I honestly think in health, long term incentives matter more than loud debates. A lot of the conversation focuses on surface drama, but the deeper mechanics rarely get attention. When incentives are misaligned, people respond in predictable ways, and then everyone acts surprised. On the flip side, strong personalities sometimes push progress faster. There are moments when disruption shakes loose outdated habits, and that energy can be useful. Still, without guardrails and follow through, momentum fades fast. In my view, acknowledging both sides actually makes the argument stronger instead of weaker. It’s not glamorous, but boring systems usually win.",1
ai_0529,"I honestly think in sports, execution is more important than branding. A lot of the conversation focuses on surface drama, but the deeper mechanics rarely get attention. When incentives are misaligned, people respond in predictable ways, and then everyone acts surprised. I get why some people argue that strong personalities sometimes push progress faster. There are moments when disruption shakes loose outdated habits, and that energy can be useful. Still, without guardrails and follow through, momentum fades fast. In my view, acknowledging both sides actually makes the argument stronger instead of weaker. It’s not glamorous, but boring systems usually win.",1
ai_0530,"My basic take is that in economy, consistent rules beat flashy reforms. A lot of the conversation focuses on surface drama, but the deeper mechanics rarely get attention. When incentives are misaligned, people respond in predictable ways, and then everyone acts surprised. I get why some people argue that public pressure forces accountability. There are moments when disruption shakes loose outdated habits, and that energy can be useful. Still, without guardrails and follow through, momentum fades fast. In my view, acknowledging both sides actually makes the argument stronger instead of weaker. It’s not glamorous, but boring systems usually win.",1
ai_0531,"I honestly think in climate, execution is more important than branding. A lot of the conversation focuses on surface drama, but the deeper mechanics rarely get attention. When incentives are misaligned, people respond in predictable ways, and then everyone acts surprised. On the flip side, short term wins can build momentum. There are moments when disruption shakes loose outdated habits, and that energy can be useful. Still, without guardrails and follow through, momentum fades fast. In my view, acknowledging both sides actually makes the argument stronger instead of weaker. We can disagree on tactics without denying the tradeoffs.",1
ai_0532,"I honestly think in campus life, consistent rules beat flashy reforms. A lot of the conversation focuses on surface drama, but the deeper mechanics rarely get attention. When incentives are misaligned, people respond in predictable ways, and then everyone acts surprised. That said, rapid change can create innovation. There are moments when disruption shakes loose outdated habits, and that energy can be useful. Still, without guardrails and follow through, momentum fades fast. In my view, acknowledging both sides actually makes the argument stronger instead of weaker. A little patience would probably calm things down.",1
ai_0533,"I’d argue that in politics, execution is more important than branding. A lot of the conversation focuses on surface drama, but the deeper mechanics rarely get attention. When incentives are misaligned, people respond in predictable ways, and then everyone acts surprised. The counterpoint is that rapid change can create innovation. There are moments when disruption shakes loose outdated habits, and that energy can be useful. Still, without guardrails and follow through, momentum fades fast. In my view, acknowledging both sides actually makes the argument stronger instead of weaker. We can disagree on tactics without denying the tradeoffs.",1
ai_0534,"I honestly think in tech, long term incentives matter more than loud debates. A lot of the conversation focuses on surface drama, but the deeper mechanics rarely get attention. When incentives are misaligned, people respond in predictable ways, and then everyone acts surprised. On the flip side, experimentation is necessary even if messy. There are moments when disruption shakes loose outdated habits, and that energy can be useful. Still, without guardrails and follow through, momentum fades fast. In my view, acknowledging both sides actually makes the argument stronger instead of weaker. At the end of the day, steady progress beats chaos.",1
ai_0535,"My basic take is that in health, transparency would solve half the frustration. A lot of the conversation focuses on surface drama, but the deeper mechanics rarely get attention. When incentives are misaligned, people respond in predictable ways, and then everyone acts surprised. To be fair, short term wins can build momentum. There are moments when disruption shakes loose outdated habits, and that energy can be useful. Still, without guardrails and follow through, momentum fades fast. In my view, acknowledging both sides actually makes the argument stronger instead of weaker. At the end of the day, steady progress beats chaos.",1
ai_0536,"I’m pretty convinced that in sports, structure drives outcomes more than individual willpower. A lot of the conversation focuses on surface drama, but the deeper mechanics rarely get attention. When incentives are misaligned, people respond in predictable ways, and then everyone acts surprised. That said, rapid change can create innovation. There are moments when disruption shakes loose outdated habits, and that energy can be useful. Still, without guardrails and follow through, momentum fades fast. In my view, acknowledging both sides actually makes the argument stronger instead of weaker. It’s not glamorous, but boring systems usually win.",1
ai_0537,"I’m pretty convinced that in economy, structure drives outcomes more than individual willpower. A lot of the conversation focuses on surface drama, but the deeper mechanics rarely get attention. When incentives are misaligned, people respond in predictable ways, and then everyone acts surprised. The counterpoint is that rapid change can create innovation. There are moments when disruption shakes loose outdated habits, and that energy can be useful. Still, without guardrails and follow through, momentum fades fast. In my view, acknowledging both sides actually makes the argument stronger instead of weaker. None of this is simple, but pretending it is makes it worse.",1
ai_0538,"I’d argue that in climate, execution is more important than branding. A lot of the conversation focuses on surface drama, but the deeper mechanics rarely get attention. When incentives are misaligned, people respond in predictable ways, and then everyone acts surprised. The counterpoint is that strong personalities sometimes push progress faster. There are moments when disruption shakes loose outdated habits, and that energy can be useful. Still, without guardrails and follow through, momentum fades fast. In my view, acknowledging both sides actually makes the argument stronger instead of weaker. None of this is simple, but pretending it is makes it worse.",1
ai_0539,"It seems clear to me that in campus life, consistent rules beat flashy reforms. A lot of the conversation focuses on surface drama, but the deeper mechanics rarely get attention. When incentives are misaligned, people respond in predictable ways, and then everyone acts surprised. To be fair, short term wins can build momentum. There are moments when disruption shakes loose outdated habits, and that energy can be useful. Still, without guardrails and follow through, momentum fades fast. In my view, acknowledging both sides actually makes the argument stronger instead of weaker. A little patience would probably calm things down.",1
ai_0540,"It seems clear to me that in politics, structure drives outcomes more than individual willpower. A lot of the conversation focuses on surface drama, but the deeper mechanics rarely get attention. When incentives are misaligned, people respond in predictable ways, and then everyone acts surprised. To be fair, rapid change can create innovation. There are moments when disruption shakes loose outdated habits, and that energy can be useful. Still, without guardrails and follow through, momentum fades fast. In my view, acknowledging both sides actually makes the argument stronger instead of weaker. It’s not glamorous, but boring systems usually win.",1
ai_0541,"I honestly think in tech, structure drives outcomes more than individual willpower. A lot of the conversation focuses on surface drama, but the deeper mechanics rarely get attention. When incentives are misaligned, people respond in predictable ways, and then everyone acts surprised. To be fair, experimentation is necessary even if messy. There are moments when disruption shakes loose outdated habits, and that energy can be useful. Still, without guardrails and follow through, momentum fades fast. In my view, acknowledging both sides actually makes the argument stronger instead of weaker. None of this is simple, but pretending it is makes it worse.",1
ai_0542,"It seems clear to me that in health, transparency would solve half the frustration. A lot of the conversation focuses on surface drama, but the deeper mechanics rarely get attention. When incentives are misaligned, people respond in predictable ways, and then everyone acts surprised. That said, short term wins can build momentum. There are moments when disruption shakes loose outdated habits, and that energy can be useful. Still, without guardrails and follow through, momentum fades fast. In my view, acknowledging both sides actually makes the argument stronger instead of weaker. At the end of the day, steady progress beats chaos.",1
ai_0543,"I honestly think in sports, long term incentives matter more than loud debates. A lot of the conversation focuses on surface drama, but the deeper mechanics rarely get attention. When incentives are misaligned, people respond in predictable ways, and then everyone acts surprised. I get why some people argue that experimentation is necessary even if messy. There are moments when disruption shakes loose outdated habits, and that energy can be useful. Still, without guardrails and follow through, momentum fades fast. In my view, acknowledging both sides actually makes the argument stronger instead of weaker. It’s not glamorous, but boring systems usually win.",1
ai_0544,"I honestly think in economy, structure drives outcomes more than individual willpower. A lot of the conversation focuses on surface drama, but the deeper mechanics rarely get attention. When incentives are misaligned, people respond in predictable ways, and then everyone acts surprised. The counterpoint is that rapid change can create innovation. There are moments when disruption shakes loose outdated habits, and that energy can be useful. Still, without guardrails and follow through, momentum fades fast. In my view, acknowledging both sides actually makes the argument stronger instead of weaker. At the end of the day, steady progress beats chaos.",1
ai_0545,"I’m pretty convinced that in climate, structure drives outcomes more than individual willpower. A lot of the conversation focuses on surface drama, but the deeper mechanics rarely get attention. When incentives are misaligned, people respond in predictable ways, and then everyone acts surprised. To be fair, rapid change can create innovation. There are moments when disruption shakes loose outdated habits, and that energy can be useful. Still, without guardrails and follow through, momentum fades fast. In my view, acknowledging both sides actually makes the argument stronger instead of weaker. We can disagree on tactics without denying the tradeoffs.",1
ai_0546,"I’m pretty convinced that in campus life, consistent rules beat flashy reforms. A lot of the conversation focuses on surface drama, but the deeper mechanics rarely get attention. When incentives are misaligned, people respond in predictable ways, and then everyone acts surprised. I get why some people argue that public pressure forces accountability. There are moments when disruption shakes loose outdated habits, and that energy can be useful. Still, without guardrails and follow through, momentum fades fast. In my view, acknowledging both sides actually makes the argument stronger instead of weaker. We can disagree on tactics without denying the tradeoffs.",1
ai_0547,"I honestly think in politics, structure drives outcomes more than individual willpower. A lot of the conversation focuses on surface drama, but the deeper mechanics rarely get attention. When incentives are misaligned, people respond in predictable ways, and then everyone acts surprised. On the flip side, public pressure forces accountability. There are moments when disruption shakes loose outdated habits, and that energy can be useful. Still, without guardrails and follow through, momentum fades fast. In my view, acknowledging both sides actually makes the argument stronger instead of weaker. A little patience would probably calm things down.",1
ai_0548,"I honestly think in tech, transparency would solve half the frustration. A lot of the conversation focuses on surface drama, but the deeper mechanics rarely get attention. When incentives are misaligned, people respond in predictable ways, and then everyone acts surprised. That said, rapid change can create innovation. There are moments when disruption shakes loose outdated habits, and that energy can be useful. Still, without guardrails and follow through, momentum fades fast. In my view, acknowledging both sides actually makes the argument stronger instead of weaker. A little patience would probably calm things down.",1
ai_0549,"It seems clear to me that in health, long term incentives matter more than loud debates. A lot of the conversation focuses on surface drama, but the deeper mechanics rarely get attention. When incentives are misaligned, people respond in predictable ways, and then everyone acts surprised. On the flip side, experimentation is necessary even if messy. There are moments when disruption shakes loose outdated habits, and that energy can be useful. Still, without guardrails and follow through, momentum fades fast. In my view, acknowledging both sides actually makes the argument stronger instead of weaker. We can disagree on tactics without denying the tradeoffs.",1
ai_0550,"I’m pretty convinced that in sports, structure drives outcomes more than individual willpower. A lot of the conversation focuses on surface drama, but the deeper mechanics rarely get attention. When incentives are misaligned, people respond in predictable ways, and then everyone acts surprised. On the flip side, experimentation is necessary even if messy. There are moments when disruption shakes loose outdated habits, and that energy can be useful. Still, without guardrails and follow through, momentum fades fast. In my view, acknowledging both sides actually makes the argument stronger instead of weaker. None of this is simple, but pretending it is makes it worse.",1
ai_0551,"My basic take is that in economy, consistent rules beat flashy reforms. A lot of the conversation focuses on surface drama, but the deeper mechanics rarely get attention. When incentives are misaligned, people respond in predictable ways, and then everyone acts surprised. That said, experimentation is necessary even if messy. There are moments when disruption shakes loose outdated habits, and that energy can be useful. Still, without guardrails and follow through, momentum fades fast. In my view, acknowledging both sides actually makes the argument stronger instead of weaker. A little patience would probably calm things down.",1
ai_0552,"I’m pretty convinced that in climate, structure drives outcomes more than individual willpower. A lot of the conversation focuses on surface drama, but the deeper mechanics rarely get attention. When incentives are misaligned, people respond in predictable ways, and then everyone acts surprised. To be fair, short term wins can build momentum. There are moments when disruption shakes loose outdated habits, and that energy can be useful. Still, without guardrails and follow through, momentum fades fast. In my view, acknowledging both sides actually makes the argument stronger instead of weaker. It’s not glamorous, but boring systems usually win.",1
ai_0553,"I honestly think in campus life, consistent rules beat flashy reforms. A lot of the conversation focuses on surface drama, but the deeper mechanics rarely get attention. When incentives are misaligned, people respond in predictable ways, and then everyone acts surprised. To be fair, experimentation is necessary even if messy. There are moments when disruption shakes loose outdated habits, and that energy can be useful. Still, without guardrails and follow through, momentum fades fast. In my view, acknowledging both sides actually makes the argument stronger instead of weaker. None of this is simple, but pretending it is makes it worse.",1
ai_0554,"My basic take is that in politics, execution is more important than branding. A lot of the conversation focuses on surface drama, but the deeper mechanics rarely get attention. When incentives are misaligned, people respond in predictable ways, and then everyone acts surprised. I get why some people argue that public pressure forces accountability. There are moments when disruption shakes loose outdated habits, and that energy can be useful. Still, without guardrails and follow through, momentum fades fast. In my view, acknowledging both sides actually makes the argument stronger instead of weaker. At the end of the day, steady progress beats chaos.",1
ai_0555,"I honestly think in tech, consistent rules beat flashy reforms. A lot of the conversation focuses on surface drama, but the deeper mechanics rarely get attention. When incentives are misaligned, people respond in predictable ways, and then everyone acts surprised. On the flip side, public pressure forces accountability. There are moments when disruption shakes loose outdated habits, and that energy can be useful. Still, without guardrails and follow through, momentum fades fast. In my view, acknowledging both sides actually makes the argument stronger instead of weaker. It’s not glamorous, but boring systems usually win.",1
ai_0556,"I’d argue that in health, consistent rules beat flashy reforms. A lot of the conversation focuses on surface drama, but the deeper mechanics rarely get attention. When incentives are misaligned, people respond in predictable ways, and then everyone acts surprised. To be fair, strong personalities sometimes push progress faster. There are moments when disruption shakes loose outdated habits, and that energy can be useful. Still, without guardrails and follow through, momentum fades fast. In my view, acknowledging both sides actually makes the argument stronger instead of weaker. At the end of the day, steady progress beats chaos.",1
ai_0557,"My basic take is that in sports, structure drives outcomes more than individual willpower. A lot of the conversation focuses on surface drama, but the deeper mechanics rarely get attention. When incentives are misaligned, people respond in predictable ways, and then everyone acts surprised. On the flip side, rapid change can create innovation. There are moments when disruption shakes loose outdated habits, and that energy can be useful. Still, without guardrails and follow through, momentum fades fast. In my view, acknowledging both sides actually makes the argument stronger instead of weaker. None of this is simple, but pretending it is makes it worse.",1
ai_0558,"It seems clear to me that in economy, structure drives outcomes more than individual willpower. A lot of the conversation focuses on surface drama, but the deeper mechanics rarely get attention. When incentives are misaligned, people respond in predictable ways, and then everyone acts surprised. To be fair, public pressure forces accountability. There are moments when disruption shakes loose outdated habits, and that energy can be useful. Still, without guardrails and follow through, momentum fades fast. In my view, acknowledging both sides actually makes the argument stronger instead of weaker. None of this is simple, but pretending it is makes it worse.",1
ai_0559,"I’d argue that in climate, transparency would solve half the frustration. A lot of the conversation focuses on surface drama, but the deeper mechanics rarely get attention. When incentives are misaligned, people respond in predictable ways, and then everyone acts surprised. That said, experimentation is necessary even if messy. There are moments when disruption shakes loose outdated habits, and that energy can be useful. Still, without guardrails and follow through, momentum fades fast. In my view, acknowledging both sides actually makes the argument stronger instead of weaker. A little patience would probably calm things down.",1
ai_0560,"My basic take is that in campus life, transparency would solve half the frustration. A lot of the conversation focuses on surface drama, but the deeper mechanics rarely get attention. When incentives are misaligned, people respond in predictable ways, and then everyone acts surprised. To be fair, strong personalities sometimes push progress faster. There are moments when disruption shakes loose outdated habits, and that energy can be useful. Still, without guardrails and follow through, momentum fades fast. In my view, acknowledging both sides actually makes the argument stronger instead of weaker. It’s not glamorous, but boring systems usually win.",1
ai_0561,"It seems clear to me that in politics, structure drives outcomes more than individual willpower. A lot of the conversation focuses on surface drama, but the deeper mechanics rarely get attention. When incentives are misaligned, people respond in predictable ways, and then everyone acts surprised. That said, strong personalities sometimes push progress faster. There are moments when disruption shakes loose outdated habits, and that energy can be useful. Still, without guardrails and follow through, momentum fades fast. In my view, acknowledging both sides actually makes the argument stronger instead of weaker. A little patience would probably calm things down.",1
ai_0562,"I’m pretty convinced that in tech, long term incentives matter more than loud debates. A lot of the conversation focuses on surface drama, but the deeper mechanics rarely get attention. When incentives are misaligned, people respond in predictable ways, and then everyone acts surprised. On the flip side, rapid change can create innovation. There are moments when disruption shakes loose outdated habits, and that energy can be useful. Still, without guardrails and follow through, momentum fades fast. In my view, acknowledging both sides actually makes the argument stronger instead of weaker. None of this is simple, but pretending it is makes it worse.",1
ai_0563,"It seems clear to me that in health, consistent rules beat flashy reforms. A lot of the conversation focuses on surface drama, but the deeper mechanics rarely get attention. When incentives are misaligned, people respond in predictable ways, and then everyone acts surprised. That said, experimentation is necessary even if messy. There are moments when disruption shakes loose outdated habits, and that energy can be useful. Still, without guardrails and follow through, momentum fades fast. In my view, acknowledging both sides actually makes the argument stronger instead of weaker. We can disagree on tactics without denying the tradeoffs.",1
ai_0564,"I’d argue that in sports, transparency would solve half the frustration. A lot of the conversation focuses on surface drama, but the deeper mechanics rarely get attention. When incentives are misaligned, people respond in predictable ways, and then everyone acts surprised. That said, rapid change can create innovation. There are moments when disruption shakes loose outdated habits, and that energy can be useful. Still, without guardrails and follow through, momentum fades fast. In my view, acknowledging both sides actually makes the argument stronger instead of weaker. It’s not glamorous, but boring systems usually win.",1
ai_0565,"My basic take is that in economy, consistent rules beat flashy reforms. A lot of the conversation focuses on surface drama, but the deeper mechanics rarely get attention. When incentives are misaligned, people respond in predictable ways, and then everyone acts surprised. On the flip side, strong personalities sometimes push progress faster. There are moments when disruption shakes loose outdated habits, and that energy can be useful. Still, without guardrails and follow through, momentum fades fast. In my view, acknowledging both sides actually makes the argument stronger instead of weaker. None of this is simple, but pretending it is makes it worse.",1
ai_0566,"It seems clear to me that in climate, transparency would solve half the frustration. A lot of the conversation focuses on surface drama, but the deeper mechanics rarely get attention. When incentives are misaligned, people respond in predictable ways, and then everyone acts surprised. To be fair, strong personalities sometimes push progress faster. There are moments when disruption shakes loose outdated habits, and that energy can be useful. Still, without guardrails and follow through, momentum fades fast. In my view, acknowledging both sides actually makes the argument stronger instead of weaker. None of this is simple, but pretending it is makes it worse.",1
ai_0567,"I honestly think in campus life, consistent rules beat flashy reforms. A lot of the conversation focuses on surface drama, but the deeper mechanics rarely get attention. When incentives are misaligned, people respond in predictable ways, and then everyone acts surprised. The counterpoint is that strong personalities sometimes push progress faster. There are moments when disruption shakes loose outdated habits, and that energy can be useful. Still, without guardrails and follow through, momentum fades fast. In my view, acknowledging both sides actually makes the argument stronger instead of weaker. A little patience would probably calm things down.",1
ai_0568,"I honestly think in politics, execution is more important than branding. A lot of the conversation focuses on surface drama, but the deeper mechanics rarely get attention. When incentives are misaligned, people respond in predictable ways, and then everyone acts surprised. To be fair, rapid change can create innovation. There are moments when disruption shakes loose outdated habits, and that energy can be useful. Still, without guardrails and follow through, momentum fades fast. In my view, acknowledging both sides actually makes the argument stronger instead of weaker. It’s not glamorous, but boring systems usually win.",1
ai_0569,"I honestly think in tech, long term incentives matter more than loud debates. A lot of the conversation focuses on surface drama, but the deeper mechanics rarely get attention. When incentives are misaligned, people respond in predictable ways, and then everyone acts surprised. I get why some people argue that short term wins can build momentum. There are moments when disruption shakes loose outdated habits, and that energy can be useful. Still, without guardrails and follow through, momentum fades fast. In my view, acknowledging both sides actually makes the argument stronger instead of weaker. It’s not glamorous, but boring systems usually win.",1
ai_0570,"I honestly think in health, long term incentives matter more than loud debates. A lot of the conversation focuses on surface drama, but the deeper mechanics rarely get attention. When incentives are misaligned, people respond in predictable ways, and then everyone acts surprised. The counterpoint is that experimentation is necessary even if messy. There are moments when disruption shakes loose outdated habits, and that energy can be useful. Still, without guardrails and follow through, momentum fades fast. In my view, acknowledging both sides actually makes the argument stronger instead of weaker. None of this is simple, but pretending it is makes it worse.",1
ai_0571,"I’m pretty convinced that in sports, transparency would solve half the frustration. A lot of the conversation focuses on surface drama, but the deeper mechanics rarely get attention. When incentives are misaligned, people respond in predictable ways, and then everyone acts surprised. That said, experimentation is necessary even if messy. There are moments when disruption shakes loose outdated habits, and that energy can be useful. Still, without guardrails and follow through, momentum fades fast. In my view, acknowledging both sides actually makes the argument stronger instead of weaker. A little patience would probably calm things down.",1
ai_0572,"I honestly think in economy, long term incentives matter more than loud debates. A lot of the conversation focuses on surface drama, but the deeper mechanics rarely get attention. When incentives are misaligned, people respond in predictable ways, and then everyone acts surprised. That said, short term wins can build momentum. There are moments when disruption shakes loose outdated habits, and that energy can be useful. Still, without guardrails and follow through, momentum fades fast. In my view, acknowledging both sides actually makes the argument stronger instead of weaker. A little patience would probably calm things down.",1
ai_0573,"I honestly think in climate, long term incentives matter more than loud debates. A lot of the conversation focuses on surface drama, but the deeper mechanics rarely get attention. When incentives are misaligned, people respond in predictable ways, and then everyone acts surprised. I get why some people argue that public pressure forces accountability. There are moments when disruption shakes loose outdated habits, and that energy can be useful. Still, without guardrails and follow through, momentum fades fast. In my view, acknowledging both sides actually makes the argument stronger instead of weaker. It’s not glamorous, but boring systems usually win.",1
ai_0574,"I’d argue that in campus life, execution is more important than branding. A lot of the conversation focuses on surface drama, but the deeper mechanics rarely get attention. When incentives are misaligned, people respond in predictable ways, and then everyone acts surprised. On the flip side, short term wins can build momentum. There are moments when disruption shakes loose outdated habits, and that energy can be useful. Still, without guardrails and follow through, momentum fades fast. In my view, acknowledging both sides actually makes the argument stronger instead of weaker. It’s not glamorous, but boring systems usually win.",1
ai_0575,"I’d argue that in politics, execution is more important than branding. A lot of the conversation focuses on surface drama, but the deeper mechanics rarely get attention. When incentives are misaligned, people respond in predictable ways, and then everyone acts surprised. I get why some people argue that short term wins can build momentum. There are moments when disruption shakes loose outdated habits, and that energy can be useful. Still, without guardrails and follow through, momentum fades fast. In my view, acknowledging both sides actually makes the argument stronger instead of weaker. It’s not glamorous, but boring systems usually win.",1
ai_0576,"It seems clear to me that in tech, consistent rules beat flashy reforms. A lot of the conversation focuses on surface drama, but the deeper mechanics rarely get attention. When incentives are misaligned, people respond in predictable ways, and then everyone acts surprised. That said, public pressure forces accountability. There are moments when disruption shakes loose outdated habits, and that energy can be useful. Still, without guardrails and follow through, momentum fades fast. In my view, acknowledging both sides actually makes the argument stronger instead of weaker. A little patience would probably calm things down.",1
ai_0577,"I’m pretty convinced that in health, execution is more important than branding. A lot of the conversation focuses on surface drama, but the deeper mechanics rarely get attention. When incentives are misaligned, people respond in predictable ways, and then everyone acts surprised. That said, short term wins can build momentum. There are moments when disruption shakes loose outdated habits, and that energy can be useful. Still, without guardrails and follow through, momentum fades fast. In my view, acknowledging both sides actually makes the argument stronger instead of weaker. None of this is simple, but pretending it is makes it worse.",1
ai_0578,"It seems clear to me that in sports, transparency would solve half the frustration. A lot of the conversation focuses on surface drama, but the deeper mechanics rarely get attention. When incentives are misaligned, people respond in predictable ways, and then everyone acts surprised. On the flip side, strong personalities sometimes push progress faster. There are moments when disruption shakes loose outdated habits, and that energy can be useful. Still, without guardrails and follow through, momentum fades fast. In my view, acknowledging both sides actually makes the argument stronger instead of weaker. We can disagree on tactics without denying the tradeoffs.",1
ai_0579,"I honestly think in economy, consistent rules beat flashy reforms. A lot of the conversation focuses on surface drama, but the deeper mechanics rarely get attention. When incentives are misaligned, people respond in predictable ways, and then everyone acts surprised. To be fair, strong personalities sometimes push progress faster. There are moments when disruption shakes loose outdated habits, and that energy can be useful. Still, without guardrails and follow through, momentum fades fast. In my view, acknowledging both sides actually makes the argument stronger instead of weaker. We can disagree on tactics without denying the tradeoffs.",1
ai_0580,"It seems clear to me that in climate, consistent rules beat flashy reforms. A lot of the conversation focuses on surface drama, but the deeper mechanics rarely get attention. When incentives are misaligned, people respond in predictable ways, and then everyone acts surprised. To be fair, strong personalities sometimes push progress faster. There are moments when disruption shakes loose outdated habits, and that energy can be useful. Still, without guardrails and follow through, momentum fades fast. In my view, acknowledging both sides actually makes the argument stronger instead of weaker. We can disagree on tactics without denying the tradeoffs.",1
ai_0581,"I’m pretty convinced that in campus life, execution is more important than branding. A lot of the conversation focuses on surface drama, but the deeper mechanics rarely get attention. When incentives are misaligned, people respond in predictable ways, and then everyone acts surprised. I get why some people argue that experimentation is necessary even if messy. There are moments when disruption shakes loose outdated habits, and that energy can be useful. Still, without guardrails and follow through, momentum fades fast. In my view, acknowledging both sides actually makes the argument stronger instead of weaker. None of this is simple, but pretending it is makes it worse.",1
ai_0582,"I honestly think in politics, structure drives outcomes more than individual willpower. A lot of the conversation focuses on surface drama, but the deeper mechanics rarely get attention. When incentives are misaligned, people respond in predictable ways, and then everyone acts surprised. That said, short term wins can build momentum. There are moments when disruption shakes loose outdated habits, and that energy can be useful. Still, without guardrails and follow through, momentum fades fast. In my view, acknowledging both sides actually makes the argument stronger instead of weaker. It’s not glamorous, but boring systems usually win.",1
ai_0583,"My basic take is that in tech, long term incentives matter more than loud debates. A lot of the conversation focuses on surface drama, but the deeper mechanics rarely get attention. When incentives are misaligned, people respond in predictable ways, and then everyone acts surprised. On the flip side, short term wins can build momentum. There are moments when disruption shakes loose outdated habits, and that energy can be useful. Still, without guardrails and follow through, momentum fades fast. In my view, acknowledging both sides actually makes the argument stronger instead of weaker. None of this is simple, but pretending it is makes it worse.",1
ai_0584,"I honestly think in health, long term incentives matter more than loud debates. A lot of the conversation focuses on surface drama, but the deeper mechanics rarely get attention. When incentives are misaligned, people respond in predictable ways, and then everyone acts surprised. The counterpoint is that public pressure forces accountability. There are moments when disruption shakes loose outdated habits, and that energy can be useful. Still, without guardrails and follow through, momentum fades fast. In my view, acknowledging both sides actually makes the argument stronger instead of weaker. A little patience would probably calm things down.",1
ai_0585,"I honestly think in sports, structure drives outcomes more than individual willpower. A lot of the conversation focuses on surface drama, but the deeper mechanics rarely get attention. When incentives are misaligned, people respond in predictable ways, and then everyone acts surprised. The counterpoint is that rapid change can create innovation. There are moments when disruption shakes loose outdated habits, and that energy can be useful. Still, without guardrails and follow through, momentum fades fast. In my view, acknowledging both sides actually makes the argument stronger instead of weaker. It’s not glamorous, but boring systems usually win.",1
ai_0586,"I’d argue that in economy, long term incentives matter more than loud debates. A lot of the conversation focuses on surface drama, but the deeper mechanics rarely get attention. When incentives are misaligned, people respond in predictable ways, and then everyone acts surprised. To be fair, experimentation is necessary even if messy. There are moments when disruption shakes loose outdated habits, and that energy can be useful. Still, without guardrails and follow through, momentum fades fast. In my view, acknowledging both sides actually makes the argument stronger instead of weaker. It’s not glamorous, but boring systems usually win.",1
ai_0587,"I’d argue that in climate, long term incentives matter more than loud debates. A lot of the conversation focuses on surface drama, but the deeper mechanics rarely get attention. When incentives are misaligned, people respond in predictable ways, and then everyone acts surprised. The counterpoint is that experimentation is necessary even if messy. There are moments when disruption shakes loose outdated habits, and that energy can be useful. Still, without guardrails and follow through, momentum fades fast. In my view, acknowledging both sides actually makes the argument stronger instead of weaker. A little patience would probably calm things down.",1
ai_0588,"It seems clear to me that in campus life, execution is more important than branding. A lot of the conversation focuses on surface drama, but the deeper mechanics rarely get attention. When incentives are misaligned, people respond in predictable ways, and then everyone acts surprised. On the flip side, public pressure forces accountability. There are moments when disruption shakes loose outdated habits, and that energy can be useful. Still, without guardrails and follow through, momentum fades fast. In my view, acknowledging both sides actually makes the argument stronger instead of weaker. At the end of the day, steady progress beats chaos.",1
ai_0589,"My basic take is that in politics, long term incentives matter more than loud debates. A lot of the conversation focuses on surface drama, but the deeper mechanics rarely get attention. When incentives are misaligned, people respond in predictable ways, and then everyone acts surprised. The counterpoint is that strong personalities sometimes push progress faster. There are moments when disruption shakes loose outdated habits, and that energy can be useful. Still, without guardrails and follow through, momentum fades fast. In my view, acknowledging both sides actually makes the argument stronger instead of weaker. A little patience would probably calm things down.",1
ai_0590,"I’d argue that in tech, transparency would solve half the frustration. A lot of the conversation focuses on surface drama, but the deeper mechanics rarely get attention. When incentives are misaligned, people respond in predictable ways, and then everyone acts surprised. I get why some people argue that strong personalities sometimes push progress faster. There are moments when disruption shakes loose outdated habits, and that energy can be useful. Still, without guardrails and follow through, momentum fades fast. In my view, acknowledging both sides actually makes the argument stronger instead of weaker. None of this is simple, but pretending it is makes it worse.",1
ai_0591,"I’m pretty convinced that in health, structure drives outcomes more than individual willpower. A lot of the conversation focuses on surface drama, but the deeper mechanics rarely get attention. When incentives are misaligned, people respond in predictable ways, and then everyone acts surprised. That said, strong personalities sometimes push progress faster. There are moments when disruption shakes loose outdated habits, and that energy can be useful. Still, without guardrails and follow through, momentum fades fast. In my view, acknowledging both sides actually makes the argument stronger instead of weaker. A little patience would probably calm things down.",1
ai_0592,"My basic take is that in sports, structure drives outcomes more than individual willpower. A lot of the conversation focuses on surface drama, but the deeper mechanics rarely get attention. When incentives are misaligned, people respond in predictable ways, and then everyone acts surprised. That said, experimentation is necessary even if messy. There are moments when disruption shakes loose outdated habits, and that energy can be useful. Still, without guardrails and follow through, momentum fades fast. In my view, acknowledging both sides actually makes the argument stronger instead of weaker. None of this is simple, but pretending it is makes it worse.",1
ai_0593,"It seems clear to me that in economy, consistent rules beat flashy reforms. A lot of the conversation focuses on surface drama, but the deeper mechanics rarely get attention. When incentives are misaligned, people respond in predictable ways, and then everyone acts surprised. On the flip side, rapid change can create innovation. There are moments when disruption shakes loose outdated habits, and that energy can be useful. Still, without guardrails and follow through, momentum fades fast. In my view, acknowledging both sides actually makes the argument stronger instead of weaker. We can disagree on tactics without denying the tradeoffs.",1
ai_0594,"My basic take is that in climate, execution is more important than branding. A lot of the conversation focuses on surface drama, but the deeper mechanics rarely get attention. When incentives are misaligned, people respond in predictable ways, and then everyone acts surprised. To be fair, rapid change can create innovation. There are moments when disruption shakes loose outdated habits, and that energy can be useful. Still, without guardrails and follow through, momentum fades fast. In my view, acknowledging both sides actually makes the argument stronger instead of weaker. It’s not glamorous, but boring systems usually win.",1
ai_0595,"I’d argue that in campus life, transparency would solve half the frustration. A lot of the conversation focuses on surface drama, but the deeper mechanics rarely get attention. When incentives are misaligned, people respond in predictable ways, and then everyone acts surprised. On the flip side, short term wins can build momentum. There are moments when disruption shakes loose outdated habits, and that energy can be useful. Still, without guardrails and follow through, momentum fades fast. In my view, acknowledging both sides actually makes the argument stronger instead of weaker. We can disagree on tactics without denying the tradeoffs.",1
ai_0596,"It seems clear to me that in politics, consistent rules beat flashy reforms. A lot of the conversation focuses on surface drama, but the deeper mechanics rarely get attention. When incentives are misaligned, people respond in predictable ways, and then everyone acts surprised. I get why some people argue that public pressure forces accountability. There are moments when disruption shakes loose outdated habits, and that energy can be useful. Still, without guardrails and follow through, momentum fades fast. In my view, acknowledging both sides actually makes the argument stronger instead of weaker. At the end of the day, steady progress beats chaos.",1
ai_0597,"I honestly think in tech, long term incentives matter more than loud debates. A lot of the conversation focuses on surface drama, but the deeper mechanics rarely get attention. When incentives are misaligned, people respond in predictable ways, and then everyone acts surprised. That said, rapid change can create innovation. There are moments when disruption shakes loose outdated habits, and that energy can be useful. Still, without guardrails and follow through, momentum fades fast. In my view, acknowledging both sides actually makes the argument stronger instead of weaker. It’s not glamorous, but boring systems usually win.",1
ai_0598,"I honestly think in health, transparency would solve half the frustration. A lot of the conversation focuses on surface drama, but the deeper mechanics rarely get attention. When incentives are misaligned, people respond in predictable ways, and then everyone acts surprised. I get why some people argue that strong personalities sometimes push progress faster. There are moments when disruption shakes loose outdated habits, and that energy can be useful. Still, without guardrails and follow through, momentum fades fast. In my view, acknowledging both sides actually makes the argument stronger instead of weaker. We can disagree on tactics without denying the tradeoffs.",1
ai_0599,"It seems clear to me that in sports, execution is more important than branding. A lot of the conversation focuses on surface drama, but the deeper mechanics rarely get attention. When incentives are misaligned, people respond in predictable ways, and then everyone acts surprised. To be fair, rapid change can create innovation. There are moments when disruption shakes loose outdated habits, and that energy can be useful. Still, without guardrails and follow through, momentum fades fast. In my view, acknowledging both sides actually makes the argument stronger instead of weaker. At the end of the day, steady progress beats chaos.",1
ai_0600,"I honestly think in economy, long term incentives matter more than loud debates. A lot of the conversation focuses on surface drama, but the deeper mechanics rarely get attention. When incentives are misaligned, people respond in predictable ways, and then everyone acts surprised. To be fair, experimentation is necessary even if messy. There are moments when disruption shakes loose outdated habits, and that energy can be useful. Still, without guardrails and follow through, momentum fades fast. In my view, acknowledging both sides actually makes the argument stronger instead of weaker. It’s not glamorous, but boring systems usually win.",1
ai_0601,"I’m pretty convinced that in climate, structure drives outcomes more than individual willpower. A lot of the conversation focuses on surface drama, but the deeper mechanics rarely get attention. When incentives are misaligned, people respond in predictable ways, and then everyone acts surprised. On the flip side, strong personalities sometimes push progress faster. There are moments when disruption shakes loose outdated habits, and that energy can be useful. Still, without guardrails and follow through, momentum fades fast. In my view, acknowledging both sides actually makes the argument stronger instead of weaker. At the end of the day, steady progress beats chaos.",1
ai_0602,"My basic take is that in campus life, consistent rules beat flashy reforms. A lot of the conversation focuses on surface drama, but the deeper mechanics rarely get attention. When incentives are misaligned, people respond in predictable ways, and then everyone acts surprised. On the flip side, strong personalities sometimes push progress faster. There are moments when disruption shakes loose outdated habits, and that energy can be useful. Still, without guardrails and follow through, momentum fades fast. In my view, acknowledging both sides actually makes the argument stronger instead of weaker. It’s not glamorous, but boring systems usually win.",1
ai_0603,"My basic take is that in politics, transparency would solve half the frustration. A lot of the conversation focuses on surface drama, but the deeper mechanics rarely get attention. When incentives are misaligned, people respond in predictable ways, and then everyone acts surprised. To be fair, short term wins can build momentum. There are moments when disruption shakes loose outdated habits, and that energy can be useful. Still, without guardrails and follow through, momentum fades fast. In my view, acknowledging both sides actually makes the argument stronger instead of weaker. At the end of the day, steady progress beats chaos.",1
ai_0604,"I’m pretty convinced that in tech, long term incentives matter more than loud debates. A lot of the conversation focuses on surface drama, but the deeper mechanics rarely get attention. When incentives are misaligned, people respond in predictable ways, and then everyone acts surprised. To be fair, rapid change can create innovation. There are moments when disruption shakes loose outdated habits, and that energy can be useful. Still, without guardrails and follow through, momentum fades fast. In my view, acknowledging both sides actually makes the argument stronger instead of weaker. None of this is simple, but pretending it is makes it worse.",1
ai_0605,"I’m pretty convinced that in health, execution is more important than branding. A lot of the conversation focuses on surface drama, but the deeper mechanics rarely get attention. When incentives are misaligned, people respond in predictable ways, and then everyone acts surprised. On the flip side, experimentation is necessary even if messy. There are moments when disruption shakes loose outdated habits, and that energy can be useful. Still, without guardrails and follow through, momentum fades fast. In my view, acknowledging both sides actually makes the argument stronger instead of weaker. It’s not glamorous, but boring systems usually win.",1
ai_0606,"I’d argue that in sports, long term incentives matter more than loud debates. A lot of the conversation focuses on surface drama, but the deeper mechanics rarely get attention. When incentives are misaligned, people respond in predictable ways, and then everyone acts surprised. The counterpoint is that strong personalities sometimes push progress faster. There are moments when disruption shakes loose outdated habits, and that energy can be useful. Still, without guardrails and follow through, momentum fades fast. In my view, acknowledging both sides actually makes the argument stronger instead of weaker. We can disagree on tactics without denying the tradeoffs.",1
ai_0607,"I honestly think in economy, consistent rules beat flashy reforms. A lot of the conversation focuses on surface drama, but the deeper mechanics rarely get attention. When incentives are misaligned, people respond in predictable ways, and then everyone acts surprised. On the flip side, public pressure forces accountability. There are moments when disruption shakes loose outdated habits, and that energy can be useful. Still, without guardrails and follow through, momentum fades fast. In my view, acknowledging both sides actually makes the argument stronger instead of weaker. It’s not glamorous, but boring systems usually win.",1
ai_0608,"My basic take is that in climate, transparency would solve half the frustration. A lot of the conversation focuses on surface drama, but the deeper mechanics rarely get attention. When incentives are misaligned, people respond in predictable ways, and then everyone acts surprised. That said, strong personalities sometimes push progress faster. There are moments when disruption shakes loose outdated habits, and that energy can be useful. Still, without guardrails and follow through, momentum fades fast. In my view, acknowledging both sides actually makes the argument stronger instead of weaker. It’s not glamorous, but boring systems usually win.",1
ai_0609,"My basic take is that in campus life, consistent rules beat flashy reforms. A lot of the conversation focuses on surface drama, but the deeper mechanics rarely get attention. When incentives are misaligned, people respond in predictable ways, and then everyone acts surprised. That said, strong personalities sometimes push progress faster. There are moments when disruption shakes loose outdated habits, and that energy can be useful. Still, without guardrails and follow through, momentum fades fast. In my view, acknowledging both sides actually makes the argument stronger instead of weaker. At the end of the day, steady progress beats chaos.",1
ai_0610,"I’m pretty convinced that in politics, long term incentives matter more than loud debates. A lot of the conversation focuses on surface drama, but the deeper mechanics rarely get attention. When incentives are misaligned, people respond in predictable ways, and then everyone acts surprised. I get why some people argue that short term wins can build momentum. There are moments when disruption shakes loose outdated habits, and that energy can be useful. Still, without guardrails and follow through, momentum fades fast. In my view, acknowledging both sides actually makes the argument stronger instead of weaker. None of this is simple, but pretending it is makes it worse.",1
ai_0611,"It seems clear to me that in tech, consistent rules beat flashy reforms. A lot of the conversation focuses on surface drama, but the deeper mechanics rarely get attention. When incentives are misaligned, people respond in predictable ways, and then everyone acts surprised. The counterpoint is that public pressure forces accountability. There are moments when disruption shakes loose outdated habits, and that energy can be useful. Still, without guardrails and follow through, momentum fades fast. In my view, acknowledging both sides actually makes the argument stronger instead of weaker. A little patience would probably calm things down.",1
ai_0612,"I honestly think in health, consistent rules beat flashy reforms. A lot of the conversation focuses on surface drama, but the deeper mechanics rarely get attention. When incentives are misaligned, people respond in predictable ways, and then everyone acts surprised. The counterpoint is that short term wins can build momentum. There are moments when disruption shakes loose outdated habits, and that energy can be useful. Still, without guardrails and follow through, momentum fades fast. In my view, acknowledging both sides actually makes the argument stronger instead of weaker. None of this is simple, but pretending it is makes it worse.",1
ai_0613,"My basic take is that in sports, consistent rules beat flashy reforms. A lot of the conversation focuses on surface drama, but the deeper mechanics rarely get attention. When incentives are misaligned, people respond in predictable ways, and then everyone acts surprised. I get why some people argue that short term wins can build momentum. There are moments when disruption shakes loose outdated habits, and that energy can be useful. Still, without guardrails and follow through, momentum fades fast. In my view, acknowledging both sides actually makes the argument stronger instead of weaker. It’s not glamorous, but boring systems usually win.",1
ai_0614,"I’d argue that in economy, transparency would solve half the frustration. A lot of the conversation focuses on surface drama, but the deeper mechanics rarely get attention. When incentives are misaligned, people respond in predictable ways, and then everyone acts surprised. To be fair, strong personalities sometimes push progress faster. There are moments when disruption shakes loose outdated habits, and that energy can be useful. Still, without guardrails and follow through, momentum fades fast. In my view, acknowledging both sides actually makes the argument stronger instead of weaker. It’s not glamorous, but boring systems usually win.",1
ai_0615,"It seems clear to me that in climate, structure drives outcomes more than individual willpower. A lot of the conversation focuses on surface drama, but the deeper mechanics rarely get attention. When incentives are misaligned, people respond in predictable ways, and then everyone acts surprised. That said, public pressure forces accountability. There are moments when disruption shakes loose outdated habits, and that energy can be useful. Still, without guardrails and follow through, momentum fades fast. In my view, acknowledging both sides actually makes the argument stronger instead of weaker. At the end of the day, steady progress beats chaos.",1
ai_0616,"It seems clear to me that in campus life, execution is more important than branding. A lot of the conversation focuses on surface drama, but the deeper mechanics rarely get attention. When incentives are misaligned, people respond in predictable ways, and then everyone acts surprised. That said, experimentation is necessary even if messy. There are moments when disruption shakes loose outdated habits, and that energy can be useful. Still, without guardrails and follow through, momentum fades fast. In my view, acknowledging both sides actually makes the argument stronger instead of weaker. At the end of the day, steady progress beats chaos.",1
ai_0617,"I’d argue that in politics, consistent rules beat flashy reforms. A lot of the conversation focuses on surface drama, but the deeper mechanics rarely get attention. When incentives are misaligned, people respond in predictable ways, and then everyone acts surprised. On the flip side, public pressure forces accountability. There are moments when disruption shakes loose outdated habits, and that energy can be useful. Still, without guardrails and follow through, momentum fades fast. In my view, acknowledging both sides actually makes the argument stronger instead of weaker. We can disagree on tactics without denying the tradeoffs.",1
ai_0618,"I honestly think in tech, long term incentives matter more than loud debates. A lot of the conversation focuses on surface drama, but the deeper mechanics rarely get attention. When incentives are misaligned, people respond in predictable ways, and then everyone acts surprised. On the flip side, strong personalities sometimes push progress faster. There are moments when disruption shakes loose outdated habits, and that energy can be useful. Still, without guardrails and follow through, momentum fades fast. In my view, acknowledging both sides actually makes the argument stronger instead of weaker. It’s not glamorous, but boring systems usually win.",1
ai_0619,"My basic take is that in health, consistent rules beat flashy reforms. A lot of the conversation focuses on surface drama, but the deeper mechanics rarely get attention. When incentives are misaligned, people respond in predictable ways, and then everyone acts surprised. To be fair, experimentation is necessary even if messy. There are moments when disruption shakes loose outdated habits, and that energy can be useful. Still, without guardrails and follow through, momentum fades fast. In my view, acknowledging both sides actually makes the argument stronger instead of weaker. It’s not glamorous, but boring systems usually win.",1
ai_0620,"It seems clear to me that in sports, execution is more important than branding. A lot of the conversation focuses on surface drama, but the deeper mechanics rarely get attention. When incentives are misaligned, people respond in predictable ways, and then everyone acts surprised. On the flip side, strong personalities sometimes push progress faster. There are moments when disruption shakes loose outdated habits, and that energy can be useful. Still, without guardrails and follow through, momentum fades fast. In my view, acknowledging both sides actually makes the argument stronger instead of weaker. It’s not glamorous, but boring systems usually win.",1
ai_0621,"I’d argue that in economy, structure drives outcomes more than individual willpower. A lot of the conversation focuses on surface drama, but the deeper mechanics rarely get attention. When incentives are misaligned, people respond in predictable ways, and then everyone acts surprised. That said, public pressure forces accountability. There are moments when disruption shakes loose outdated habits, and that energy can be useful. Still, without guardrails and follow through, momentum fades fast. In my view, acknowledging both sides actually makes the argument stronger instead of weaker. It’s not glamorous, but boring systems usually win.",1
ai_0622,"I’m pretty convinced that in climate, long term incentives matter more than loud debates. A lot of the conversation focuses on surface drama, but the deeper mechanics rarely get attention. When incentives are misaligned, people respond in predictable ways, and then everyone acts surprised. That said, strong personalities sometimes push progress faster. There are moments when disruption shakes loose outdated habits, and that energy can be useful. Still, without guardrails and follow through, momentum fades fast. In my view, acknowledging both sides actually makes the argument stronger instead of weaker. A little patience would probably calm things down.",1
ai_0623,"My basic take is that in campus life, transparency would solve half the frustration. A lot of the conversation focuses on surface drama, but the deeper mechanics rarely get attention. When incentives are misaligned, people respond in predictable ways, and then everyone acts surprised. On the flip side, public pressure forces accountability. There are moments when disruption shakes loose outdated habits, and that energy can be useful. Still, without guardrails and follow through, momentum fades fast. In my view, acknowledging both sides actually makes the argument stronger instead of weaker. A little patience would probably calm things down.",1
ai_0624,"I honestly think in politics, structure drives outcomes more than individual willpower. A lot of the conversation focuses on surface drama, but the deeper mechanics rarely get attention. When incentives are misaligned, people respond in predictable ways, and then everyone acts surprised. The counterpoint is that strong personalities sometimes push progress faster. There are moments when disruption shakes loose outdated habits, and that energy can be useful. Still, without guardrails and follow through, momentum fades fast. In my view, acknowledging both sides actually makes the argument stronger instead of weaker. It’s not glamorous, but boring systems usually win.",1
ai_0625,"I’m pretty convinced that in tech, structure drives outcomes more than individual willpower. A lot of the conversation focuses on surface drama, but the deeper mechanics rarely get attention. When incentives are misaligned, people respond in predictable ways, and then everyone acts surprised. That said, experimentation is necessary even if messy. There are moments when disruption shakes loose outdated habits, and that energy can be useful. Still, without guardrails and follow through, momentum fades fast. In my view, acknowledging both sides actually makes the argument stronger instead of weaker. We can disagree on tactics without denying the tradeoffs.",1
ai_0626,"I honestly think in health, consistent rules beat flashy reforms. A lot of the conversation focuses on surface drama, but the deeper mechanics rarely get attention. When incentives are misaligned, people respond in predictable ways, and then everyone acts surprised. On the flip side, public pressure forces accountability. There are moments when disruption shakes loose outdated habits, and that energy can be useful. Still, without guardrails and follow through, momentum fades fast. In my view, acknowledging both sides actually makes the argument stronger instead of weaker. A little patience would probably calm things down.",1
ai_0627,"I’m pretty convinced that in sports, transparency would solve half the frustration. A lot of the conversation focuses on surface drama, but the deeper mechanics rarely get attention. When incentives are misaligned, people respond in predictable ways, and then everyone acts surprised. The counterpoint is that public pressure forces accountability. There are moments when disruption shakes loose outdated habits, and that energy can be useful. Still, without guardrails and follow through, momentum fades fast. In my view, acknowledging both sides actually makes the argument stronger instead of weaker. At the end of the day, steady progress beats chaos.",1
ai_0628,"My basic take is that in economy, consistent rules beat flashy reforms. A lot of the conversation focuses on surface drama, but the deeper mechanics rarely get attention. When incentives are misaligned, people respond in predictable ways, and then everyone acts surprised. On the flip side, rapid change can create innovation. There are moments when disruption shakes loose outdated habits, and that energy can be useful. Still, without guardrails and follow through, momentum fades fast. In my view, acknowledging both sides actually makes the argument stronger instead of weaker. At the end of the day, steady progress beats chaos.",1
ai_0629,"I’d argue that in climate, execution is more important than branding. A lot of the conversation focuses on surface drama, but the deeper mechanics rarely get attention. When incentives are misaligned, people respond in predictable ways, and then everyone acts surprised. On the flip side, strong personalities sometimes push progress faster. There are moments when disruption shakes loose outdated habits, and that energy can be useful. Still, without guardrails and follow through, momentum fades fast. In my view, acknowledging both sides actually makes the argument stronger instead of weaker. We can disagree on tactics without denying the tradeoffs.",1
ai_0630,"I’m pretty convinced that in campus life, transparency would solve half the frustration. A lot of the conversation focuses on surface drama, but the deeper mechanics rarely get attention. When incentives are misaligned, people respond in predictable ways, and then everyone acts surprised. On the flip side, public pressure forces accountability. There are moments when disruption shakes loose outdated habits, and that energy can be useful. Still, without guardrails and follow through, momentum fades fast. In my view, acknowledging both sides actually makes the argument stronger instead of weaker. At the end of the day, steady progress beats chaos.",1
ai_0631,"I honestly think in politics, transparency would solve half the frustration. A lot of the conversation focuses on surface drama, but the deeper mechanics rarely get attention. When incentives are misaligned, people respond in predictable ways, and then everyone acts surprised. The counterpoint is that public pressure forces accountability. There are moments when disruption shakes loose outdated habits, and that energy can be useful. Still, without guardrails and follow through, momentum fades fast. In my view, acknowledging both sides actually makes the argument stronger instead of weaker. At the end of the day, steady progress beats chaos.",1
ai_0632,"I’m pretty convinced that in tech, structure drives outcomes more than individual willpower. A lot of the conversation focuses on surface drama, but the deeper mechanics rarely get attention. When incentives are misaligned, people respond in predictable ways, and then everyone acts surprised. On the flip side, strong personalities sometimes push progress faster. There are moments when disruption shakes loose outdated habits, and that energy can be useful. Still, without guardrails and follow through, momentum fades fast. In my view, acknowledging both sides actually makes the argument stronger instead of weaker. A little patience would probably calm things down.",1
ai_0633,"I honestly think in health, execution is more important than branding. A lot of the conversation focuses on surface drama, but the deeper mechanics rarely get attention. When incentives are misaligned, people respond in predictable ways, and then everyone acts surprised. The counterpoint is that short term wins can build momentum. There are moments when disruption shakes loose outdated habits, and that energy can be useful. Still, without guardrails and follow through, momentum fades fast. In my view, acknowledging both sides actually makes the argument stronger instead of weaker. A little patience would probably calm things down.",1
ai_0634,"I’d argue that in sports, execution is more important than branding. A lot of the conversation focuses on surface drama, but the deeper mechanics rarely get attention. When incentives are misaligned, people respond in predictable ways, and then everyone acts surprised. On the flip side, rapid change can create innovation. There are moments when disruption shakes loose outdated habits, and that energy can be useful. Still, without guardrails and follow through, momentum fades fast. In my view, acknowledging both sides actually makes the argument stronger instead of weaker. A little patience would probably calm things down.",1
ai_0635,"It seems clear to me that in economy, execution is more important than branding. A lot of the conversation focuses on surface drama, but the deeper mechanics rarely get attention. When incentives are misaligned, people respond in predictable ways, and then everyone acts surprised. That said, rapid change can create innovation. There are moments when disruption shakes loose outdated habits, and that energy can be useful. Still, without guardrails and follow through, momentum fades fast. In my view, acknowledging both sides actually makes the argument stronger instead of weaker. At the end of the day, steady progress beats chaos.",1
ai_0636,"I honestly think in climate, long term incentives matter more than loud debates. A lot of the conversation focuses on surface drama, but the deeper mechanics rarely get attention. When incentives are misaligned, people respond in predictable ways, and then everyone acts surprised. That said, rapid change can create innovation. There are moments when disruption shakes loose outdated habits, and that energy can be useful. Still, without guardrails and follow through, momentum fades fast. In my view, acknowledging both sides actually makes the argument stronger instead of weaker. At the end of the day, steady progress beats chaos.",1
ai_0637,"My basic take is that in campus life, structure drives outcomes more than individual willpower. A lot of the conversation focuses on surface drama, but the deeper mechanics rarely get attention. When incentives are misaligned, people respond in predictable ways, and then everyone acts surprised. To be fair, public pressure forces accountability. There are moments when disruption shakes loose outdated habits, and that energy can be useful. Still, without guardrails and follow through, momentum fades fast. In my view, acknowledging both sides actually makes the argument stronger instead of weaker. A little patience would probably calm things down.",1
ai_0638,"My basic take is that in politics, structure drives outcomes more than individual willpower. A lot of the conversation focuses on surface drama, but the deeper mechanics rarely get attention. When incentives are misaligned, people respond in predictable ways, and then everyone acts surprised. I get why some people argue that short term wins can build momentum. There are moments when disruption shakes loose outdated habits, and that energy can be useful. Still, without guardrails and follow through, momentum fades fast. In my view, acknowledging both sides actually makes the argument stronger instead of weaker. None of this is simple, but pretending it is makes it worse.",1
ai_0639,"It seems clear to me that in tech, transparency would solve half the frustration. A lot of the conversation focuses on surface drama, but the deeper mechanics rarely get attention. When incentives are misaligned, people respond in predictable ways, and then everyone acts surprised. That said, rapid change can create innovation. There are moments when disruption shakes loose outdated habits, and that energy can be useful. Still, without guardrails and follow through, momentum fades fast. In my view, acknowledging both sides actually makes the argument stronger instead of weaker. A little patience would probably calm things down.",1
ai_0640,"I honestly think in health, consistent rules beat flashy reforms. A lot of the conversation focuses on surface drama, but the deeper mechanics rarely get attention. When incentives are misaligned, people respond in predictable ways, and then everyone acts surprised. I get why some people argue that public pressure forces accountability. There are moments when disruption shakes loose outdated habits, and that energy can be useful. Still, without guardrails and follow through, momentum fades fast. In my view, acknowledging both sides actually makes the argument stronger instead of weaker. It’s not glamorous, but boring systems usually win.",1
ai_0641,"I’m pretty convinced that in sports, transparency would solve half the frustration. A lot of the conversation focuses on surface drama, but the deeper mechanics rarely get attention. When incentives are misaligned, people respond in predictable ways, and then everyone acts surprised. To be fair, short term wins can build momentum. There are moments when disruption shakes loose outdated habits, and that energy can be useful. Still, without guardrails and follow through, momentum fades fast. In my view, acknowledging both sides actually makes the argument stronger instead of weaker. It’s not glamorous, but boring systems usually win.",1
ai_0642,"I’d argue that in economy, structure drives outcomes more than individual willpower. A lot of the conversation focuses on surface drama, but the deeper mechanics rarely get attention. When incentives are misaligned, people respond in predictable ways, and then everyone acts surprised. The counterpoint is that experimentation is necessary even if messy. There are moments when disruption shakes loose outdated habits, and that energy can be useful. Still, without guardrails and follow through, momentum fades fast. In my view, acknowledging both sides actually makes the argument stronger instead of weaker. It’s not glamorous, but boring systems usually win.",1
ai_0643,"I’m pretty convinced that in climate, structure drives outcomes more than individual willpower. A lot of the conversation focuses on surface drama, but the deeper mechanics rarely get attention. When incentives are misaligned, people respond in predictable ways, and then everyone acts surprised. To be fair, experimentation is necessary even if messy. There are moments when disruption shakes loose outdated habits, and that energy can be useful. Still, without guardrails and follow through, momentum fades fast. In my view, acknowledging both sides actually makes the argument stronger instead of weaker. We can disagree on tactics without denying the tradeoffs.",1
ai_0644,"I’d argue that in campus life, structure drives outcomes more than individual willpower. A lot of the conversation focuses on surface drama, but the deeper mechanics rarely get attention. When incentives are misaligned, people respond in predictable ways, and then everyone acts surprised. On the flip side, short term wins can build momentum. There are moments when disruption shakes loose outdated habits, and that energy can be useful. Still, without guardrails and follow through, momentum fades fast. In my view, acknowledging both sides actually makes the argument stronger instead of weaker. It’s not glamorous, but boring systems usually win.",1
ai_0645,"I honestly think in politics, consistent rules beat flashy reforms. A lot of the conversation focuses on surface drama, but the deeper mechanics rarely get attention. When incentives are misaligned, people respond in predictable ways, and then everyone acts surprised. The counterpoint is that public pressure forces accountability. There are moments when disruption shakes loose outdated habits, and that energy can be useful. Still, without guardrails and follow through, momentum fades fast. In my view, acknowledging both sides actually makes the argument stronger instead of weaker. None of this is simple, but pretending it is makes it worse.",1
ai_0646,"It seems clear to me that in tech, long term incentives matter more than loud debates. A lot of the conversation focuses on surface drama, but the deeper mechanics rarely get attention. When incentives are misaligned, people respond in predictable ways, and then everyone acts surprised. To be fair, experimentation is necessary even if messy. There are moments when disruption shakes loose outdated habits, and that energy can be useful. Still, without guardrails and follow through, momentum fades fast. In my view, acknowledging both sides actually makes the argument stronger instead of weaker. A little patience would probably calm things down.",1
ai_0647,"My basic take is that in health, transparency would solve half the frustration. A lot of the conversation focuses on surface drama, but the deeper mechanics rarely get attention. When incentives are misaligned, people respond in predictable ways, and then everyone acts surprised. On the flip side, experimentation is necessary even if messy. There are moments when disruption shakes loose outdated habits, and that energy can be useful. Still, without guardrails and follow through, momentum fades fast. In my view, acknowledging both sides actually makes the argument stronger instead of weaker. We can disagree on tactics without denying the tradeoffs.",1
ai_0648,"My basic take is that in sports, consistent rules beat flashy reforms. A lot of the conversation focuses on surface drama, but the deeper mechanics rarely get attention. When incentives are misaligned, people respond in predictable ways, and then everyone acts surprised. The counterpoint is that experimentation is necessary even if messy. There are moments when disruption shakes loose outdated habits, and that energy can be useful. Still, without guardrails and follow through, momentum fades fast. In my view, acknowledging both sides actually makes the argument stronger instead of weaker. None of this is simple, but pretending it is makes it worse.",1
ai_0649,"I honestly think in economy, long term incentives matter more than loud debates. A lot of the conversation focuses on surface drama, but the deeper mechanics rarely get attention. When incentives are misaligned, people respond in predictable ways, and then everyone acts surprised. That said, short term wins can build momentum. There are moments when disruption shakes loose outdated habits, and that energy can be useful. Still, without guardrails and follow through, momentum fades fast. In my view, acknowledging both sides actually makes the argument stronger instead of weaker. A little patience would probably calm things down.",1
ai_0650,"I’m pretty convinced that in climate, structure drives outcomes more than individual willpower. A lot of the conversation focuses on surface drama, but the deeper mechanics rarely get attention. When incentives are misaligned, people respond in predictable ways, and then everyone acts surprised. That said, public pressure forces accountability. There are moments when disruption shakes loose outdated habits, and that energy can be useful. Still, without guardrails and follow through, momentum fades fast. In my view, acknowledging both sides actually makes the argument stronger instead of weaker. We can disagree on tactics without denying the tradeoffs.",1
ai_0651,"I’m pretty convinced that in campus life, transparency would solve half the frustration. A lot of the conversation focuses on surface drama, but the deeper mechanics rarely get attention. When incentives are misaligned, people respond in predictable ways, and then everyone acts surprised. The counterpoint is that public pressure forces accountability. There are moments when disruption shakes loose outdated habits, and that energy can be useful. Still, without guardrails and follow through, momentum fades fast. In my view, acknowledging both sides actually makes the argument stronger instead of weaker. A little patience would probably calm things down.",1
ai_0652,"I’d argue that in politics, structure drives outcomes more than individual willpower. A lot of the conversation focuses on surface drama, but the deeper mechanics rarely get attention. When incentives are misaligned, people respond in predictable ways, and then everyone acts surprised. That said, strong personalities sometimes push progress faster. There are moments when disruption shakes loose outdated habits, and that energy can be useful. Still, without guardrails and follow through, momentum fades fast. In my view, acknowledging both sides actually makes the argument stronger instead of weaker. At the end of the day, steady progress beats chaos.",1
ai_0653,"I’d argue that in tech, transparency would solve half the frustration. A lot of the conversation focuses on surface drama, but the deeper mechanics rarely get attention. When incentives are misaligned, people respond in predictable ways, and then everyone acts surprised. The counterpoint is that experimentation is necessary even if messy. There are moments when disruption shakes loose outdated habits, and that energy can be useful. Still, without guardrails and follow through, momentum fades fast. In my view, acknowledging both sides actually makes the argument stronger instead of weaker. None of this is simple, but pretending it is makes it worse.",1
ai_0654,"It seems clear to me that in health, transparency would solve half the frustration. A lot of the conversation focuses on surface drama, but the deeper mechanics rarely get attention. When incentives are misaligned, people respond in predictable ways, and then everyone acts surprised. I get why some people argue that strong personalities sometimes push progress faster. There are moments when disruption shakes loose outdated habits, and that energy can be useful. Still, without guardrails and follow through, momentum fades fast. In my view, acknowledging both sides actually makes the argument stronger instead of weaker. A little patience would probably calm things down.",1
ai_0655,"I’m pretty convinced that in sports, transparency would solve half the frustration. A lot of the conversation focuses on surface drama, but the deeper mechanics rarely get attention. When incentives are misaligned, people respond in predictable ways, and then everyone acts surprised. I get why some people argue that public pressure forces accountability. There are moments when disruption shakes loose outdated habits, and that energy can be useful. Still, without guardrails and follow through, momentum fades fast. In my view, acknowledging both sides actually makes the argument stronger instead of weaker. It’s not glamorous, but boring systems usually win.",1
ai_0656,"My basic take is that in economy, structure drives outcomes more than individual willpower. A lot of the conversation focuses on surface drama, but the deeper mechanics rarely get attention. When incentives are misaligned, people respond in predictable ways, and then everyone acts surprised. I get why some people argue that short term wins can build momentum. There are moments when disruption shakes loose outdated habits, and that energy can be useful. Still, without guardrails and follow through, momentum fades fast. In my view, acknowledging both sides actually makes the argument stronger instead of weaker. We can disagree on tactics without denying the tradeoffs.",1
ai_0657,"It seems clear to me that in climate, transparency would solve half the frustration. A lot of the conversation focuses on surface drama, but the deeper mechanics rarely get attention. When incentives are misaligned, people respond in predictable ways, and then everyone acts surprised. To be fair, rapid change can create innovation. There are moments when disruption shakes loose outdated habits, and that energy can be useful. Still, without guardrails and follow through, momentum fades fast. In my view, acknowledging both sides actually makes the argument stronger instead of weaker. None of this is simple, but pretending it is makes it worse.",1
ai_0658,"I’d argue that in campus life, long term incentives matter more than loud debates. A lot of the conversation focuses on surface drama, but the deeper mechanics rarely get attention. When incentives are misaligned, people respond in predictable ways, and then everyone acts surprised. On the flip side, strong personalities sometimes push progress faster. There are moments when disruption shakes loose outdated habits, and that energy can be useful. Still, without guardrails and follow through, momentum fades fast. In my view, acknowledging both sides actually makes the argument stronger instead of weaker. None of this is simple, but pretending it is makes it worse.",1
ai_0659,"I honestly think in politics, execution is more important than branding. A lot of the conversation focuses on surface drama, but the deeper mechanics rarely get attention. When incentives are misaligned, people respond in predictable ways, and then everyone acts surprised. The counterpoint is that public pressure forces accountability. There are moments when disruption shakes loose outdated habits, and that energy can be useful. Still, without guardrails and follow through, momentum fades fast. In my view, acknowledging both sides actually makes the argument stronger instead of weaker. A little patience would probably calm things down.",1
ai_0660,"I’d argue that in tech, execution is more important than branding. A lot of the conversation focuses on surface drama, but the deeper mechanics rarely get attention. When incentives are misaligned, people respond in predictable ways, and then everyone acts surprised. That said, rapid change can create innovation. There are moments when disruption shakes loose outdated habits, and that energy can be useful. Still, without guardrails and follow through, momentum fades fast. In my view, acknowledging both sides actually makes the argument stronger instead of weaker. At the end of the day, steady progress beats chaos.",1
ai_0661,"My basic take is that in health, consistent rules beat flashy reforms. A lot of the conversation focuses on surface drama, but the deeper mechanics rarely get attention. When incentives are misaligned, people respond in predictable ways, and then everyone acts surprised. On the flip side, rapid change can create innovation. There are moments when disruption shakes loose outdated habits, and that energy can be useful. Still, without guardrails and follow through, momentum fades fast. In my view, acknowledging both sides actually makes the argument stronger instead of weaker. We can disagree on tactics without denying the tradeoffs.",1
ai_0662,"My basic take is that in sports, long term incentives matter more than loud debates. A lot of the conversation focuses on surface drama, but the deeper mechanics rarely get attention. When incentives are misaligned, people respond in predictable ways, and then everyone acts surprised. On the flip side, short term wins can build momentum. There are moments when disruption shakes loose outdated habits, and that energy can be useful. Still, without guardrails and follow through, momentum fades fast. In my view, acknowledging both sides actually makes the argument stronger instead of weaker. At the end of the day, steady progress beats chaos.",1
ai_0663,"It seems clear to me that in economy, structure drives outcomes more than individual willpower. A lot of the conversation focuses on surface drama, but the deeper mechanics rarely get attention. When incentives are misaligned, people respond in predictable ways, and then everyone acts surprised. On the flip side, public pressure forces accountability. There are moments when disruption shakes loose outdated habits, and that energy can be useful. Still, without guardrails and follow through, momentum fades fast. In my view, acknowledging both sides actually makes the argument stronger instead of weaker. None of this is simple, but pretending it is makes it worse.",1
ai_0664,"I’m pretty convinced that in climate, long term incentives matter more than loud debates. A lot of the conversation focuses on surface drama, but the deeper mechanics rarely get attention. When incentives are misaligned, people respond in predictable ways, and then everyone acts surprised. I get why some people argue that public pressure forces accountability. There are moments when disruption shakes loose outdated habits, and that energy can be useful. Still, without guardrails and follow through, momentum fades fast. In my view, acknowledging both sides actually makes the argument stronger instead of weaker. It’s not glamorous, but boring systems usually win.",1
ai_0665,"My basic take is that in campus life, consistent rules beat flashy reforms. A lot of the conversation focuses on surface drama, but the deeper mechanics rarely get attention. When incentives are misaligned, people respond in predictable ways, and then everyone acts surprised. The counterpoint is that short term wins can build momentum. There are moments when disruption shakes loose outdated habits, and that energy can be useful. Still, without guardrails and follow through, momentum fades fast. In my view, acknowledging both sides actually makes the argument stronger instead of weaker. None of this is simple, but pretending it is makes it worse.",1
ai_0666,"I’m pretty convinced that in politics, transparency would solve half the frustration. A lot of the conversation focuses on surface drama, but the deeper mechanics rarely get attention. When incentives are misaligned, people respond in predictable ways, and then everyone acts surprised. The counterpoint is that experimentation is necessary even if messy. There are moments when disruption shakes loose outdated habits, and that energy can be useful. Still, without guardrails and follow through, momentum fades fast. In my view, acknowledging both sides actually makes the argument stronger instead of weaker. A little patience would probably calm things down.",1
ai_0667,"It seems clear to me that in tech, structure drives outcomes more than individual willpower. A lot of the conversation focuses on surface drama, but the deeper mechanics rarely get attention. When incentives are misaligned, people respond in predictable ways, and then everyone acts surprised. That said, experimentation is necessary even if messy. There are moments when disruption shakes loose outdated habits, and that energy can be useful. Still, without guardrails and follow through, momentum fades fast. In my view, acknowledging both sides actually makes the argument stronger instead of weaker. None of this is simple, but pretending it is makes it worse.",1
ai_0668,"My basic take is that in health, structure drives outcomes more than individual willpower. A lot of the conversation focuses on surface drama, but the deeper mechanics rarely get attention. When incentives are misaligned, people respond in predictable ways, and then everyone acts surprised. On the flip side, short term wins can build momentum. There are moments when disruption shakes loose outdated habits, and that energy can be useful. Still, without guardrails and follow through, momentum fades fast. In my view, acknowledging both sides actually makes the argument stronger instead of weaker. A little patience would probably calm things down.",1
ai_0669,"I’d argue that in sports, long term incentives matter more than loud debates. A lot of the conversation focuses on surface drama, but the deeper mechanics rarely get attention. When incentives are misaligned, people respond in predictable ways, and then everyone acts surprised. The counterpoint is that short term wins can build momentum. There are moments when disruption shakes loose outdated habits, and that energy can be useful. Still, without guardrails and follow through, momentum fades fast. In my view, acknowledging both sides actually makes the argument stronger instead of weaker. A little patience would probably calm things down.",1
ai_0670,"It seems clear to me that in economy, execution is more important than branding. A lot of the conversation focuses on surface drama, but the deeper mechanics rarely get attention. When incentives are misaligned, people respond in predictable ways, and then everyone acts surprised. On the flip side, public pressure forces accountability. There are moments when disruption shakes loose outdated habits, and that energy can be useful. Still, without guardrails and follow through, momentum fades fast. In my view, acknowledging both sides actually makes the argument stronger instead of weaker. At the end of the day, steady progress beats chaos.",1
ai_0671,"I’m pretty convinced that in climate, long term incentives matter more than loud debates. A lot of the conversation focuses on surface drama, but the deeper mechanics rarely get attention. When incentives are misaligned, people respond in predictable ways, and then everyone acts surprised. I get why some people argue that experimentation is necessary even if messy. There are moments when disruption shakes loose outdated habits, and that energy can be useful. Still, without guardrails and follow through, momentum fades fast. In my view, acknowledging both sides actually makes the argument stronger instead of weaker. A little patience would probably calm things down.",1
ai_0672,"I honestly think in campus life, long term incentives matter more than loud debates. A lot of the conversation focuses on surface drama, but the deeper mechanics rarely get attention. When incentives are misaligned, people respond in predictable ways, and then everyone acts surprised. That said, rapid change can create innovation. There are moments when disruption shakes loose outdated habits, and that energy can be useful. Still, without guardrails and follow through, momentum fades fast. In my view, acknowledging both sides actually makes the argument stronger instead of weaker. At the end of the day, steady progress beats chaos.",1
ai_0673,"I’d argue that in politics, transparency would solve half the frustration. A lot of the conversation focuses on surface drama, but the deeper mechanics rarely get attention. When incentives are misaligned, people respond in predictable ways, and then everyone acts surprised. I get why some people argue that rapid change can create innovation. There are moments when disruption shakes loose outdated habits, and that energy can be useful. Still, without guardrails and follow through, momentum fades fast. In my view, acknowledging both sides actually makes the argument stronger instead of weaker. A little patience would probably calm things down.",1
ai_0674,"It seems clear to me that in tech, execution is more important than branding. A lot of the conversation focuses on surface drama, but the deeper mechanics rarely get attention. When incentives are misaligned, people respond in predictable ways, and then everyone acts surprised. The counterpoint is that experimentation is necessary even if messy. There are moments when disruption shakes loose outdated habits, and that energy can be useful. Still, without guardrails and follow through, momentum fades fast. In my view, acknowledging both sides actually makes the argument stronger instead of weaker. We can disagree on tactics without denying the tradeoffs.",1
ai_0675,"I’m pretty convinced that in health, structure drives outcomes more than individual willpower. A lot of the conversation focuses on surface drama, but the deeper mechanics rarely get attention. When incentives are misaligned, people respond in predictable ways, and then everyone acts surprised. On the flip side, experimentation is necessary even if messy. There are moments when disruption shakes loose outdated habits, and that energy can be useful. Still, without guardrails and follow through, momentum fades fast. In my view, acknowledging both sides actually makes the argument stronger instead of weaker. We can disagree on tactics without denying the tradeoffs.",1
ai_0676,"I’m pretty convinced that in sports, consistent rules beat flashy reforms. A lot of the conversation focuses on surface drama, but the deeper mechanics rarely get attention. When incentives are misaligned, people respond in predictable ways, and then everyone acts surprised. The counterpoint is that experimentation is necessary even if messy. There are moments when disruption shakes loose outdated habits, and that energy can be useful. Still, without guardrails and follow through, momentum fades fast. In my view, acknowledging both sides actually makes the argument stronger instead of weaker. At the end of the day, steady progress beats chaos.",1
ai_0677,"I’m pretty convinced that in economy, transparency would solve half the frustration. A lot of the conversation focuses on surface drama, but the deeper mechanics rarely get attention. When incentives are misaligned, people respond in predictable ways, and then everyone acts surprised. The counterpoint is that strong personalities sometimes push progress faster. There are moments when disruption shakes loose outdated habits, and that energy can be useful. Still, without guardrails and follow through, momentum fades fast. In my view, acknowledging both sides actually makes the argument stronger instead of weaker. A little patience would probably calm things down.",1
ai_0678,"It seems clear to me that in climate, structure drives outcomes more than individual willpower. A lot of the conversation focuses on surface drama, but the deeper mechanics rarely get attention. When incentives are misaligned, people respond in predictable ways, and then everyone acts surprised. On the flip side, experimentation is necessary even if messy. There are moments when disruption shakes loose outdated habits, and that energy can be useful. Still, without guardrails and follow through, momentum fades fast. In my view, acknowledging both sides actually makes the argument stronger instead of weaker. At the end of the day, steady progress beats chaos.",1
ai_0679,"It seems clear to me that in campus life, transparency would solve half the frustration. A lot of the conversation focuses on surface drama, but the deeper mechanics rarely get attention. When incentives are misaligned, people respond in predictable ways, and then everyone acts surprised. On the flip side, public pressure forces accountability. There are moments when disruption shakes loose outdated habits, and that energy can be useful. Still, without guardrails and follow through, momentum fades fast. In my view, acknowledging both sides actually makes the argument stronger instead of weaker. A little patience would probably calm things down.",1
ai_0680,"It seems clear to me that in politics, consistent rules beat flashy reforms. A lot of the conversation focuses on surface drama, but the deeper mechanics rarely get attention. When incentives are misaligned, people respond in predictable ways, and then everyone acts surprised. To be fair, experimentation is necessary even if messy. There are moments when disruption shakes loose outdated habits, and that energy can be useful. Still, without guardrails and follow through, momentum fades fast. In my view, acknowledging both sides actually makes the argument stronger instead of weaker. A little patience would probably calm things down.",1
ai_0681,"I’d argue that in tech, execution is more important than branding. A lot of the conversation focuses on surface drama, but the deeper mechanics rarely get attention. When incentives are misaligned, people respond in predictable ways, and then everyone acts surprised. On the flip side, rapid change can create innovation. There are moments when disruption shakes loose outdated habits, and that energy can be useful. Still, without guardrails and follow through, momentum fades fast. In my view, acknowledging both sides actually makes the argument stronger instead of weaker. We can disagree on tactics without denying the tradeoffs.",1
ai_0682,"I honestly think in health, structure drives outcomes more than individual willpower. A lot of the conversation focuses on surface drama, but the deeper mechanics rarely get attention. When incentives are misaligned, people respond in predictable ways, and then everyone acts surprised. That said, short term wins can build momentum. There are moments when disruption shakes loose outdated habits, and that energy can be useful. Still, without guardrails and follow through, momentum fades fast. In my view, acknowledging both sides actually makes the argument stronger instead of weaker. At the end of the day, steady progress beats chaos.",1
ai_0683,"I honestly think in sports, execution is more important than branding. A lot of the conversation focuses on surface drama, but the deeper mechanics rarely get attention. When incentives are misaligned, people respond in predictable ways, and then everyone acts surprised. To be fair, short term wins can build momentum. There are moments when disruption shakes loose outdated habits, and that energy can be useful. Still, without guardrails and follow through, momentum fades fast. In my view, acknowledging both sides actually makes the argument stronger instead of weaker. We can disagree on tactics without denying the tradeoffs.",1
ai_0684,"It seems clear to me that in economy, consistent rules beat flashy reforms. A lot of the conversation focuses on surface drama, but the deeper mechanics rarely get attention. When incentives are misaligned, people respond in predictable ways, and then everyone acts surprised. To be fair, rapid change can create innovation. There are moments when disruption shakes loose outdated habits, and that energy can be useful. Still, without guardrails and follow through, momentum fades fast. In my view, acknowledging both sides actually makes the argument stronger instead of weaker. We can disagree on tactics without denying the tradeoffs.",1
ai_0685,"It seems clear to me that in climate, consistent rules beat flashy reforms. A lot of the conversation focuses on surface drama, but the deeper mechanics rarely get attention. When incentives are misaligned, people respond in predictable ways, and then everyone acts surprised. On the flip side, short term wins can build momentum. There are moments when disruption shakes loose outdated habits, and that energy can be useful. Still, without guardrails and follow through, momentum fades fast. In my view, acknowledging both sides actually makes the argument stronger instead of weaker. It’s not glamorous, but boring systems usually win.",1
ai_0686,"I’m pretty convinced that in campus life, transparency would solve half the frustration. A lot of the conversation focuses on surface drama, but the deeper mechanics rarely get attention. When incentives are misaligned, people respond in predictable ways, and then everyone acts surprised. On the flip side, rapid change can create innovation. There are moments when disruption shakes loose outdated habits, and that energy can be useful. Still, without guardrails and follow through, momentum fades fast. In my view, acknowledging both sides actually makes the argument stronger instead of weaker. It’s not glamorous, but boring systems usually win.",1
ai_0687,"I’d argue that in politics, consistent rules beat flashy reforms. A lot of the conversation focuses on surface drama, but the deeper mechanics rarely get attention. When incentives are misaligned, people respond in predictable ways, and then everyone acts surprised. That said, strong personalities sometimes push progress faster. There are moments when disruption shakes loose outdated habits, and that energy can be useful. Still, without guardrails and follow through, momentum fades fast. In my view, acknowledging both sides actually makes the argument stronger instead of weaker. We can disagree on tactics without denying the tradeoffs.",1
ai_0688,"I’m pretty convinced that in tech, structure drives outcomes more than individual willpower. A lot of the conversation focuses on surface drama, but the deeper mechanics rarely get attention. When incentives are misaligned, people respond in predictable ways, and then everyone acts surprised. That said, experimentation is necessary even if messy. There are moments when disruption shakes loose outdated habits, and that energy can be useful. Still, without guardrails and follow through, momentum fades fast. In my view, acknowledging both sides actually makes the argument stronger instead of weaker. At the end of the day, steady progress beats chaos.",1
ai_0689,"I’d argue that in health, execution is more important than branding. A lot of the conversation focuses on surface drama, but the deeper mechanics rarely get attention. When incentives are misaligned, people respond in predictable ways, and then everyone acts surprised. To be fair, rapid change can create innovation. There are moments when disruption shakes loose outdated habits, and that energy can be useful. Still, without guardrails and follow through, momentum fades fast. In my view, acknowledging both sides actually makes the argument stronger instead of weaker. We can disagree on tactics without denying the tradeoffs.",1
ai_0690,"I honestly think in sports, structure drives outcomes more than individual willpower. A lot of the conversation focuses on surface drama, but the deeper mechanics rarely get attention. When incentives are misaligned, people respond in predictable ways, and then everyone acts surprised. I get why some people argue that short term wins can build momentum. There are moments when disruption shakes loose outdated habits, and that energy can be useful. Still, without guardrails and follow through, momentum fades fast. In my view, acknowledging both sides actually makes the argument stronger instead of weaker. We can disagree on tactics without denying the tradeoffs.",1
ai_0691,"It seems clear to me that in economy, transparency would solve half the frustration. A lot of the conversation focuses on surface drama, but the deeper mechanics rarely get attention. When incentives are misaligned, people respond in predictable ways, and then everyone acts surprised. I get why some people argue that public pressure forces accountability. There are moments when disruption shakes loose outdated habits, and that energy can be useful. Still, without guardrails and follow through, momentum fades fast. In my view, acknowledging both sides actually makes the argument stronger instead of weaker. None of this is simple, but pretending it is makes it worse.",1
ai_0692,"My basic take is that in climate, structure drives outcomes more than individual willpower. A lot of the conversation focuses on surface drama, but the deeper mechanics rarely get attention. When incentives are misaligned, people respond in predictable ways, and then everyone acts surprised. On the flip side, experimentation is necessary even if messy. There are moments when disruption shakes loose outdated habits, and that energy can be useful. Still, without guardrails and follow through, momentum fades fast. In my view, acknowledging both sides actually makes the argument stronger instead of weaker. We can disagree on tactics without denying the tradeoffs.",1
ai_0693,"It seems clear to me that in campus life, long term incentives matter more than loud debates. A lot of the conversation focuses on surface drama, but the deeper mechanics rarely get attention. When incentives are misaligned, people respond in predictable ways, and then everyone acts surprised. The counterpoint is that public pressure forces accountability. There are moments when disruption shakes loose outdated habits, and that energy can be useful. Still, without guardrails and follow through, momentum fades fast. In my view, acknowledging both sides actually makes the argument stronger instead of weaker. A little patience would probably calm things down.",1
ai_0694,"I honestly think in politics, structure drives outcomes more than individual willpower. A lot of the conversation focuses on surface drama, but the deeper mechanics rarely get attention. When incentives are misaligned, people respond in predictable ways, and then everyone acts surprised. On the flip side, short term wins can build momentum. There are moments when disruption shakes loose outdated habits, and that energy can be useful. Still, without guardrails and follow through, momentum fades fast. In my view, acknowledging both sides actually makes the argument stronger instead of weaker. We can disagree on tactics without denying the tradeoffs.",1
ai_0695,"I honestly think in tech, long term incentives matter more than loud debates. A lot of the conversation focuses on surface drama, but the deeper mechanics rarely get attention. When incentives are misaligned, people respond in predictable ways, and then everyone acts surprised. That said, experimentation is necessary even if messy. There are moments when disruption shakes loose outdated habits, and that energy can be useful. Still, without guardrails and follow through, momentum fades fast. In my view, acknowledging both sides actually makes the argument stronger instead of weaker. At the end of the day, steady progress beats chaos.",1
ai_0696,"My basic take is that in health, transparency would solve half the frustration. A lot of the conversation focuses on surface drama, but the deeper mechanics rarely get attention. When incentives are misaligned, people respond in predictable ways, and then everyone acts surprised. That said, rapid change can create innovation. There are moments when disruption shakes loose outdated habits, and that energy can be useful. Still, without guardrails and follow through, momentum fades fast. In my view, acknowledging both sides actually makes the argument stronger instead of weaker. At the end of the day, steady progress beats chaos.",1
ai_0697,"It seems clear to me that in sports, consistent rules beat flashy reforms. A lot of the conversation focuses on surface drama, but the deeper mechanics rarely get attention. When incentives are misaligned, people respond in predictable ways, and then everyone acts surprised. The counterpoint is that short term wins can build momentum. There are moments when disruption shakes loose outdated habits, and that energy can be useful. Still, without guardrails and follow through, momentum fades fast. In my view, acknowledging both sides actually makes the argument stronger instead of weaker. A little patience would probably calm things down.",1
ai_0698,"My basic take is that in economy, consistent rules beat flashy reforms. A lot of the conversation focuses on surface drama, but the deeper mechanics rarely get attention. When incentives are misaligned, people respond in predictable ways, and then everyone acts surprised. That said, experimentation is necessary even if messy. There are moments when disruption shakes loose outdated habits, and that energy can be useful. Still, without guardrails and follow through, momentum fades fast. In my view, acknowledging both sides actually makes the argument stronger instead of weaker. At the end of the day, steady progress beats chaos.",1
ai_0699,"It seems clear to me that in climate, execution is more important than branding. A lot of the conversation focuses on surface drama, but the deeper mechanics rarely get attention. When incentives are misaligned, people respond in predictable ways, and then everyone acts surprised. On the flip side, public pressure forces accountability. There are moments when disruption shakes loose outdated habits, and that energy can be useful. Still, without guardrails and follow through, momentum fades fast. In my view, acknowledging both sides actually makes the argument stronger instead of weaker. None of this is simple, but pretending it is makes it worse.",1
ai_0700,"My basic take is that in campus life, consistent rules beat flashy reforms. A lot of the conversation focuses on surface drama, but the deeper mechanics rarely get attention. When incentives are misaligned, people respond in predictable ways, and then everyone acts surprised. I get why some people argue that experimentation is necessary even if messy. There are moments when disruption shakes loose outdated habits, and that energy can be useful. Still, without guardrails and follow through, momentum fades fast. In my view, acknowledging both sides actually makes the argument stronger instead of weaker. We can disagree on tactics without denying the tradeoffs.",1
ai_0701,"My basic take is that in politics, transparency would solve half the frustration. A lot of the conversation focuses on surface drama, but the deeper mechanics rarely get attention. When incentives are misaligned, people respond in predictable ways, and then everyone acts surprised. To be fair, rapid change can create innovation. There are moments when disruption shakes loose outdated habits, and that energy can be useful. Still, without guardrails and follow through, momentum fades fast. In my view, acknowledging both sides actually makes the argument stronger instead of weaker. It’s not glamorous, but boring systems usually win.",1
ai_0702,"I honestly think in tech, consistent rules beat flashy reforms. A lot of the conversation focuses on surface drama, but the deeper mechanics rarely get attention. When incentives are misaligned, people respond in predictable ways, and then everyone acts surprised. The counterpoint is that strong personalities sometimes push progress faster. There are moments when disruption shakes loose outdated habits, and that energy can be useful. Still, without guardrails and follow through, momentum fades fast. In my view, acknowledging both sides actually makes the argument stronger instead of weaker. None of this is simple, but pretending it is makes it worse.",1
ai_0703,"My basic take is that in health, transparency would solve half the frustration. A lot of the conversation focuses on surface drama, but the deeper mechanics rarely get attention. When incentives are misaligned, people respond in predictable ways, and then everyone acts surprised. The counterpoint is that experimentation is necessary even if messy. There are moments when disruption shakes loose outdated habits, and that energy can be useful. Still, without guardrails and follow through, momentum fades fast. In my view, acknowledging both sides actually makes the argument stronger instead of weaker. At the end of the day, steady progress beats chaos.",1
ai_0704,"I honestly think in sports, structure drives outcomes more than individual willpower. A lot of the conversation focuses on surface drama, but the deeper mechanics rarely get attention. When incentives are misaligned, people respond in predictable ways, and then everyone acts surprised. That said, rapid change can create innovation. There are moments when disruption shakes loose outdated habits, and that energy can be useful. Still, without guardrails and follow through, momentum fades fast. In my view, acknowledging both sides actually makes the argument stronger instead of weaker. It’s not glamorous, but boring systems usually win.",1
ai_0705,"I honestly think in economy, execution is more important than branding. A lot of the conversation focuses on surface drama, but the deeper mechanics rarely get attention. When incentives are misaligned, people respond in predictable ways, and then everyone acts surprised. That said, short term wins can build momentum. There are moments when disruption shakes loose outdated habits, and that energy can be useful. Still, without guardrails and follow through, momentum fades fast. In my view, acknowledging both sides actually makes the argument stronger instead of weaker. It’s not glamorous, but boring systems usually win.",1
ai_0706,"I’d argue that in climate, transparency would solve half the frustration. A lot of the conversation focuses on surface drama, but the deeper mechanics rarely get attention. When incentives are misaligned, people respond in predictable ways, and then everyone acts surprised. On the flip side, public pressure forces accountability. There are moments when disruption shakes loose outdated habits, and that energy can be useful. Still, without guardrails and follow through, momentum fades fast. In my view, acknowledging both sides actually makes the argument stronger instead of weaker. None of this is simple, but pretending it is makes it worse.",1
ai_0707,"My basic take is that in campus life, structure drives outcomes more than individual willpower. A lot of the conversation focuses on surface drama, but the deeper mechanics rarely get attention. When incentives are misaligned, people respond in predictable ways, and then everyone acts surprised. That said, short term wins can build momentum. There are moments when disruption shakes loose outdated habits, and that energy can be useful. Still, without guardrails and follow through, momentum fades fast. In my view, acknowledging both sides actually makes the argument stronger instead of weaker. A little patience would probably calm things down.",1
ai_0708,"I’m pretty convinced that in politics, consistent rules beat flashy reforms. A lot of the conversation focuses on surface drama, but the deeper mechanics rarely get attention. When incentives are misaligned, people respond in predictable ways, and then everyone acts surprised. To be fair, public pressure forces accountability. There are moments when disruption shakes loose outdated habits, and that energy can be useful. Still, without guardrails and follow through, momentum fades fast. In my view, acknowledging both sides actually makes the argument stronger instead of weaker. It’s not glamorous, but boring systems usually win.",1
ai_0709,"I’m pretty convinced that in tech, transparency would solve half the frustration. A lot of the conversation focuses on surface drama, but the deeper mechanics rarely get attention. When incentives are misaligned, people respond in predictable ways, and then everyone acts surprised. I get why some people argue that public pressure forces accountability. There are moments when disruption shakes loose outdated habits, and that energy can be useful. Still, without guardrails and follow through, momentum fades fast. In my view, acknowledging both sides actually makes the argument stronger instead of weaker. We can disagree on tactics without denying the tradeoffs.",1
ai_0710,"It seems clear to me that in health, execution is more important than branding. A lot of the conversation focuses on surface drama, but the deeper mechanics rarely get attention. When incentives are misaligned, people respond in predictable ways, and then everyone acts surprised. That said, experimentation is necessary even if messy. There are moments when disruption shakes loose outdated habits, and that energy can be useful. Still, without guardrails and follow through, momentum fades fast. In my view, acknowledging both sides actually makes the argument stronger instead of weaker. A little patience would probably calm things down.",1
ai_0711,"I honestly think in sports, long term incentives matter more than loud debates. A lot of the conversation focuses on surface drama, but the deeper mechanics rarely get attention. When incentives are misaligned, people respond in predictable ways, and then everyone acts surprised. On the flip side, short term wins can build momentum. There are moments when disruption shakes loose outdated habits, and that energy can be useful. Still, without guardrails and follow through, momentum fades fast. In my view, acknowledging both sides actually makes the argument stronger instead of weaker. None of this is simple, but pretending it is makes it worse.",1
ai_0712,"I’m pretty convinced that in economy, consistent rules beat flashy reforms. A lot of the conversation focuses on surface drama, but the deeper mechanics rarely get attention. When incentives are misaligned, people respond in predictable ways, and then everyone acts surprised. The counterpoint is that short term wins can build momentum. There are moments when disruption shakes loose outdated habits, and that energy can be useful. Still, without guardrails and follow through, momentum fades fast. In my view, acknowledging both sides actually makes the argument stronger instead of weaker. None of this is simple, but pretending it is makes it worse.",1
ai_0713,"My basic take is that in climate, long term incentives matter more than loud debates. A lot of the conversation focuses on surface drama, but the deeper mechanics rarely get attention. When incentives are misaligned, people respond in predictable ways, and then everyone acts surprised. The counterpoint is that short term wins can build momentum. There are moments when disruption shakes loose outdated habits, and that energy can be useful. Still, without guardrails and follow through, momentum fades fast. In my view, acknowledging both sides actually makes the argument stronger instead of weaker. None of this is simple, but pretending it is makes it worse.",1
ai_0714,"It seems clear to me that in campus life, transparency would solve half the frustration. A lot of the conversation focuses on surface drama, but the deeper mechanics rarely get attention. When incentives are misaligned, people respond in predictable ways, and then everyone acts surprised. To be fair, experimentation is necessary even if messy. There are moments when disruption shakes loose outdated habits, and that energy can be useful. Still, without guardrails and follow through, momentum fades fast. In my view, acknowledging both sides actually makes the argument stronger instead of weaker. None of this is simple, but pretending it is makes it worse.",1
ai_0715,"My basic take is that in politics, execution is more important than branding. A lot of the conversation focuses on surface drama, but the deeper mechanics rarely get attention. When incentives are misaligned, people respond in predictable ways, and then everyone acts surprised. To be fair, strong personalities sometimes push progress faster. There are moments when disruption shakes loose outdated habits, and that energy can be useful. Still, without guardrails and follow through, momentum fades fast. In my view, acknowledging both sides actually makes the argument stronger instead of weaker. It’s not glamorous, but boring systems usually win.",1
ai_0716,"I’m pretty convinced that in tech, long term incentives matter more than loud debates. A lot of the conversation focuses on surface drama, but the deeper mechanics rarely get attention. When incentives are misaligned, people respond in predictable ways, and then everyone acts surprised. To be fair, rapid change can create innovation. There are moments when disruption shakes loose outdated habits, and that energy can be useful. Still, without guardrails and follow through, momentum fades fast. In my view, acknowledging both sides actually makes the argument stronger instead of weaker. It’s not glamorous, but boring systems usually win.",1
ai_0717,"I’d argue that in health, consistent rules beat flashy reforms. A lot of the conversation focuses on surface drama, but the deeper mechanics rarely get attention. When incentives are misaligned, people respond in predictable ways, and then everyone acts surprised. To be fair, public pressure forces accountability. There are moments when disruption shakes loose outdated habits, and that energy can be useful. Still, without guardrails and follow through, momentum fades fast. In my view, acknowledging both sides actually makes the argument stronger instead of weaker. None of this is simple, but pretending it is makes it worse.",1
ai_0718,"It seems clear to me that in sports, execution is more important than branding. A lot of the conversation focuses on surface drama, but the deeper mechanics rarely get attention. When incentives are misaligned, people respond in predictable ways, and then everyone acts surprised. The counterpoint is that public pressure forces accountability. There are moments when disruption shakes loose outdated habits, and that energy can be useful. Still, without guardrails and follow through, momentum fades fast. In my view, acknowledging both sides actually makes the argument stronger instead of weaker. None of this is simple, but pretending it is makes it worse.",1
ai_0719,"I’d argue that in economy, structure drives outcomes more than individual willpower. A lot of the conversation focuses on surface drama, but the deeper mechanics rarely get attention. When incentives are misaligned, people respond in predictable ways, and then everyone acts surprised. I get why some people argue that strong personalities sometimes push progress faster. There are moments when disruption shakes loose outdated habits, and that energy can be useful. Still, without guardrails and follow through, momentum fades fast. In my view, acknowledging both sides actually makes the argument stronger instead of weaker. None of this is simple, but pretending it is makes it worse.",1
ai_0720,"My basic take is that in climate, structure drives outcomes more than individual willpower. A lot of the conversation focuses on surface drama, but the deeper mechanics rarely get attention. When incentives are misaligned, people respond in predictable ways, and then everyone acts surprised. The counterpoint is that experimentation is necessary even if messy. There are moments when disruption shakes loose outdated habits, and that energy can be useful. Still, without guardrails and follow through, momentum fades fast. In my view, acknowledging both sides actually makes the argument stronger instead of weaker. A little patience would probably calm things down.",1
ai_0721,"I’m pretty convinced that in campus life, execution is more important than branding. A lot of the conversation focuses on surface drama, but the deeper mechanics rarely get attention. When incentives are misaligned, people respond in predictable ways, and then everyone acts surprised. To be fair, public pressure forces accountability. There are moments when disruption shakes loose outdated habits, and that energy can be useful. Still, without guardrails and follow through, momentum fades fast. In my view, acknowledging both sides actually makes the argument stronger instead of weaker. None of this is simple, but pretending it is makes it worse.",1
ai_0722,"It seems clear to me that in politics, execution is more important than branding. A lot of the conversation focuses on surface drama, but the deeper mechanics rarely get attention. When incentives are misaligned, people respond in predictable ways, and then everyone acts surprised. To be fair, experimentation is necessary even if messy. There are moments when disruption shakes loose outdated habits, and that energy can be useful. Still, without guardrails and follow through, momentum fades fast. In my view, acknowledging both sides actually makes the argument stronger instead of weaker. A little patience would probably calm things down.",1
ai_0723,"My basic take is that in tech, execution is more important than branding. A lot of the conversation focuses on surface drama, but the deeper mechanics rarely get attention. When incentives are misaligned, people respond in predictable ways, and then everyone acts surprised. On the flip side, experimentation is necessary even if messy. There are moments when disruption shakes loose outdated habits, and that energy can be useful. Still, without guardrails and follow through, momentum fades fast. In my view, acknowledging both sides actually makes the argument stronger instead of weaker. We can disagree on tactics without denying the tradeoffs.",1
ai_0724,"I’d argue that in health, consistent rules beat flashy reforms. A lot of the conversation focuses on surface drama, but the deeper mechanics rarely get attention. When incentives are misaligned, people respond in predictable ways, and then everyone acts surprised. On the flip side, rapid change can create innovation. There are moments when disruption shakes loose outdated habits, and that energy can be useful. Still, without guardrails and follow through, momentum fades fast. In my view, acknowledging both sides actually makes the argument stronger instead of weaker. We can disagree on tactics without denying the tradeoffs.",1
ai_0725,"It seems clear to me that in sports, execution is more important than branding. A lot of the conversation focuses on surface drama, but the deeper mechanics rarely get attention. When incentives are misaligned, people respond in predictable ways, and then everyone acts surprised. I get why some people argue that public pressure forces accountability. There are moments when disruption shakes loose outdated habits, and that energy can be useful. Still, without guardrails and follow through, momentum fades fast. In my view, acknowledging both sides actually makes the argument stronger instead of weaker. A little patience would probably calm things down.",1
ai_0726,"It seems clear to me that in economy, long term incentives matter more than loud debates. A lot of the conversation focuses on surface drama, but the deeper mechanics rarely get attention. When incentives are misaligned, people respond in predictable ways, and then everyone acts surprised. The counterpoint is that short term wins can build momentum. There are moments when disruption shakes loose outdated habits, and that energy can be useful. Still, without guardrails and follow through, momentum fades fast. In my view, acknowledging both sides actually makes the argument stronger instead of weaker. We can disagree on tactics without denying the tradeoffs.",1
ai_0727,"I’m pretty convinced that in climate, execution is more important than branding. A lot of the conversation focuses on surface drama, but the deeper mechanics rarely get attention. When incentives are misaligned, people respond in predictable ways, and then everyone acts surprised. I get why some people argue that experimentation is necessary even if messy. There are moments when disruption shakes loose outdated habits, and that energy can be useful. Still, without guardrails and follow through, momentum fades fast. In my view, acknowledging both sides actually makes the argument stronger instead of weaker. At the end of the day, steady progress beats chaos.",1
ai_0728,"I’d argue that in campus life, long term incentives matter more than loud debates. A lot of the conversation focuses on surface drama, but the deeper mechanics rarely get attention. When incentives are misaligned, people respond in predictable ways, and then everyone acts surprised. The counterpoint is that short term wins can build momentum. There are moments when disruption shakes loose outdated habits, and that energy can be useful. Still, without guardrails and follow through, momentum fades fast. In my view, acknowledging both sides actually makes the argument stronger instead of weaker. None of this is simple, but pretending it is makes it worse.",1
ai_0729,"I’d argue that in politics, transparency would solve half the frustration. A lot of the conversation focuses on surface drama, but the deeper mechanics rarely get attention. When incentives are misaligned, people respond in predictable ways, and then everyone acts surprised. The counterpoint is that experimentation is necessary even if messy. There are moments when disruption shakes loose outdated habits, and that energy can be useful. Still, without guardrails and follow through, momentum fades fast. In my view, acknowledging both sides actually makes the argument stronger instead of weaker. At the end of the day, steady progress beats chaos.",1
ai_0730,"I honestly think in tech, consistent rules beat flashy reforms. A lot of the conversation focuses on surface drama, but the deeper mechanics rarely get attention. When incentives are misaligned, people respond in predictable ways, and then everyone acts surprised. On the flip side, public pressure forces accountability. There are moments when disruption shakes loose outdated habits, and that energy can be useful. Still, without guardrails and follow through, momentum fades fast. In my view, acknowledging both sides actually makes the argument stronger instead of weaker. A little patience would probably calm things down.",1
ai_0731,"My basic take is that in health, execution is more important than branding. A lot of the conversation focuses on surface drama, but the deeper mechanics rarely get attention. When incentives are misaligned, people respond in predictable ways, and then everyone acts surprised. To be fair, short term wins can build momentum. There are moments when disruption shakes loose outdated habits, and that energy can be useful. Still, without guardrails and follow through, momentum fades fast. In my view, acknowledging both sides actually makes the argument stronger instead of weaker. It’s not glamorous, but boring systems usually win.",1
ai_0732,"I’d argue that in sports, structure drives outcomes more than individual willpower. A lot of the conversation focuses on surface drama, but the deeper mechanics rarely get attention. When incentives are misaligned, people respond in predictable ways, and then everyone acts surprised. To be fair, rapid change can create innovation. There are moments when disruption shakes loose outdated habits, and that energy can be useful. Still, without guardrails and follow through, momentum fades fast. In my view, acknowledging both sides actually makes the argument stronger instead of weaker. A little patience would probably calm things down.",1
ai_0733,"I’m pretty convinced that in economy, structure drives outcomes more than individual willpower. A lot of the conversation focuses on surface drama, but the deeper mechanics rarely get attention. When incentives are misaligned, people respond in predictable ways, and then everyone acts surprised. That said, public pressure forces accountability. There are moments when disruption shakes loose outdated habits, and that energy can be useful. Still, without guardrails and follow through, momentum fades fast. In my view, acknowledging both sides actually makes the argument stronger instead of weaker. We can disagree on tactics without denying the tradeoffs.",1
ai_0734,"I honestly think in climate, consistent rules beat flashy reforms. A lot of the conversation focuses on surface drama, but the deeper mechanics rarely get attention. When incentives are misaligned, people respond in predictable ways, and then everyone acts surprised. To be fair, short term wins can build momentum. There are moments when disruption shakes loose outdated habits, and that energy can be useful. Still, without guardrails and follow through, momentum fades fast. In my view, acknowledging both sides actually makes the argument stronger instead of weaker. None of this is simple, but pretending it is makes it worse.",1
ai_0735,"I’d argue that in campus life, transparency would solve half the frustration. A lot of the conversation focuses on surface drama, but the deeper mechanics rarely get attention. When incentives are misaligned, people respond in predictable ways, and then everyone acts surprised. The counterpoint is that public pressure forces accountability. There are moments when disruption shakes loose outdated habits, and that energy can be useful. Still, without guardrails and follow through, momentum fades fast. In my view, acknowledging both sides actually makes the argument stronger instead of weaker. A little patience would probably calm things down.",1
ai_0736,"I’m pretty convinced that in politics, long term incentives matter more than loud debates. A lot of the conversation focuses on surface drama, but the deeper mechanics rarely get attention. When incentives are misaligned, people respond in predictable ways, and then everyone acts surprised. On the flip side, strong personalities sometimes push progress faster. There are moments when disruption shakes loose outdated habits, and that energy can be useful. Still, without guardrails and follow through, momentum fades fast. In my view, acknowledging both sides actually makes the argument stronger instead of weaker. A little patience would probably calm things down.",1
ai_0737,"I honestly think in tech, execution is more important than branding. A lot of the conversation focuses on surface drama, but the deeper mechanics rarely get attention. When incentives are misaligned, people respond in predictable ways, and then everyone acts surprised. I get why some people argue that rapid change can create innovation. There are moments when disruption shakes loose outdated habits, and that energy can be useful. Still, without guardrails and follow through, momentum fades fast. In my view, acknowledging both sides actually makes the argument stronger instead of weaker. None of this is simple, but pretending it is makes it worse.",1
ai_0738,"It seems clear to me that in health, consistent rules beat flashy reforms. A lot of the conversation focuses on surface drama, but the deeper mechanics rarely get attention. When incentives are misaligned, people respond in predictable ways, and then everyone acts surprised. The counterpoint is that strong personalities sometimes push progress faster. There are moments when disruption shakes loose outdated habits, and that energy can be useful. Still, without guardrails and follow through, momentum fades fast. In my view, acknowledging both sides actually makes the argument stronger instead of weaker. It’s not glamorous, but boring systems usually win.",1
ai_0739,"I honestly think in sports, transparency would solve half the frustration. A lot of the conversation focuses on surface drama, but the deeper mechanics rarely get attention. When incentives are misaligned, people respond in predictable ways, and then everyone acts surprised. I get why some people argue that public pressure forces accountability. There are moments when disruption shakes loose outdated habits, and that energy can be useful. Still, without guardrails and follow through, momentum fades fast. In my view, acknowledging both sides actually makes the argument stronger instead of weaker. A little patience would probably calm things down.",1
ai_0740,"I’m pretty convinced that in economy, structure drives outcomes more than individual willpower. A lot of the conversation focuses on surface drama, but the deeper mechanics rarely get attention. When incentives are misaligned, people respond in predictable ways, and then everyone acts surprised. The counterpoint is that strong personalities sometimes push progress faster. There are moments when disruption shakes loose outdated habits, and that energy can be useful. Still, without guardrails and follow through, momentum fades fast. In my view, acknowledging both sides actually makes the argument stronger instead of weaker. It’s not glamorous, but boring systems usually win.",1
ai_0741,"I’d argue that in climate, transparency would solve half the frustration. A lot of the conversation focuses on surface drama, but the deeper mechanics rarely get attention. When incentives are misaligned, people respond in predictable ways, and then everyone acts surprised. The counterpoint is that short term wins can build momentum. There are moments when disruption shakes loose outdated habits, and that energy can be useful. Still, without guardrails and follow through, momentum fades fast. In my view, acknowledging both sides actually makes the argument stronger instead of weaker. A little patience would probably calm things down.",1
ai_0742,"I’m pretty convinced that in campus life, execution is more important than branding. A lot of the conversation focuses on surface drama, but the deeper mechanics rarely get attention. When incentives are misaligned, people respond in predictable ways, and then everyone acts surprised. That said, public pressure forces accountability. There are moments when disruption shakes loose outdated habits, and that energy can be useful. Still, without guardrails and follow through, momentum fades fast. In my view, acknowledging both sides actually makes the argument stronger instead of weaker. At the end of the day, steady progress beats chaos.",1
ai_0743,"My basic take is that in politics, structure drives outcomes more than individual willpower. A lot of the conversation focuses on surface drama, but the deeper mechanics rarely get attention. When incentives are misaligned, people respond in predictable ways, and then everyone acts surprised. The counterpoint is that strong personalities sometimes push progress faster. There are moments when disruption shakes loose outdated habits, and that energy can be useful. Still, without guardrails and follow through, momentum fades fast. In my view, acknowledging both sides actually makes the argument stronger instead of weaker. We can disagree on tactics without denying the tradeoffs.",1
ai_0744,"I honestly think in tech, structure drives outcomes more than individual willpower. A lot of the conversation focuses on surface drama, but the deeper mechanics rarely get attention. When incentives are misaligned, people respond in predictable ways, and then everyone acts surprised. The counterpoint is that strong personalities sometimes push progress faster. There are moments when disruption shakes loose outdated habits, and that energy can be useful. Still, without guardrails and follow through, momentum fades fast. In my view, acknowledging both sides actually makes the argument stronger instead of weaker. At the end of the day, steady progress beats chaos.",1
ai_0745,"I’m pretty convinced that in health, consistent rules beat flashy reforms. A lot of the conversation focuses on surface drama, but the deeper mechanics rarely get attention. When incentives are misaligned, people respond in predictable ways, and then everyone acts surprised. I get why some people argue that strong personalities sometimes push progress faster. There are moments when disruption shakes loose outdated habits, and that energy can be useful. Still, without guardrails and follow through, momentum fades fast. In my view, acknowledging both sides actually makes the argument stronger instead of weaker. At the end of the day, steady progress beats chaos.",1
ai_0746,"I’d argue that in sports, consistent rules beat flashy reforms. A lot of the conversation focuses on surface drama, but the deeper mechanics rarely get attention. When incentives are misaligned, people respond in predictable ways, and then everyone acts surprised. I get why some people argue that rapid change can create innovation. There are moments when disruption shakes loose outdated habits, and that energy can be useful. Still, without guardrails and follow through, momentum fades fast. In my view, acknowledging both sides actually makes the argument stronger instead of weaker. It’s not glamorous, but boring systems usually win.",1
ai_0747,"I’d argue that in economy, long term incentives matter more than loud debates. A lot of the conversation focuses on surface drama, but the deeper mechanics rarely get attention. When incentives are misaligned, people respond in predictable ways, and then everyone acts surprised. To be fair, experimentation is necessary even if messy. There are moments when disruption shakes loose outdated habits, and that energy can be useful. Still, without guardrails and follow through, momentum fades fast. In my view, acknowledging both sides actually makes the argument stronger instead of weaker. A little patience would probably calm things down.",1
ai_0748,"My basic take is that in climate, long term incentives matter more than loud debates. A lot of the conversation focuses on surface drama, but the deeper mechanics rarely get attention. When incentives are misaligned, people respond in predictable ways, and then everyone acts surprised. On the flip side, rapid change can create innovation. There are moments when disruption shakes loose outdated habits, and that energy can be useful. Still, without guardrails and follow through, momentum fades fast. In my view, acknowledging both sides actually makes the argument stronger instead of weaker. None of this is simple, but pretending it is makes it worse.",1
ai_0749,"I honestly think in campus life, consistent rules beat flashy reforms. A lot of the conversation focuses on surface drama, but the deeper mechanics rarely get attention. When incentives are misaligned, people respond in predictable ways, and then everyone acts surprised. To be fair, rapid change can create innovation. There are moments when disruption shakes loose outdated habits, and that energy can be useful. Still, without guardrails and follow through, momentum fades fast. In my view, acknowledging both sides actually makes the argument stronger instead of weaker. None of this is simple, but pretending it is makes it worse.",1
ai_0750,"My basic take is that in politics, transparency would solve half the frustration. A lot of the conversation focuses on surface drama, but the deeper mechanics rarely get attention. When incentives are misaligned, people respond in predictable ways, and then everyone acts surprised. I get why some people argue that public pressure forces accountability. There are moments when disruption shakes loose outdated habits, and that energy can be useful. Still, without guardrails and follow through, momentum fades fast. In my view, acknowledging both sides actually makes the argument stronger instead of weaker. It’s not glamorous, but boring systems usually win.",1
ai_0751,"I’m pretty convinced that in tech, execution is more important than branding. A lot of the conversation focuses on surface drama, but the deeper mechanics rarely get attention. When incentives are misaligned, people respond in predictable ways, and then everyone acts surprised. That said, short term wins can build momentum. There are moments when disruption shakes loose outdated habits, and that energy can be useful. Still, without guardrails and follow through, momentum fades fast. In my view, acknowledging both sides actually makes the argument stronger instead of weaker. A little patience would probably calm things down.",1
ai_0752,"My basic take is that in health, long term incentives matter more than loud debates. A lot of the conversation focuses on surface drama, but the deeper mechanics rarely get attention. When incentives are misaligned, people respond in predictable ways, and then everyone acts surprised. The counterpoint is that rapid change can create innovation. There are moments when disruption shakes loose outdated habits, and that energy can be useful. Still, without guardrails and follow through, momentum fades fast. In my view, acknowledging both sides actually makes the argument stronger instead of weaker. It’s not glamorous, but boring systems usually win.",1
ai_0753,"I’m pretty convinced that in sports, structure drives outcomes more than individual willpower. A lot of the conversation focuses on surface drama, but the deeper mechanics rarely get attention. When incentives are misaligned, people respond in predictable ways, and then everyone acts surprised. To be fair, experimentation is necessary even if messy. There are moments when disruption shakes loose outdated habits, and that energy can be useful. Still, without guardrails and follow through, momentum fades fast. In my view, acknowledging both sides actually makes the argument stronger instead of weaker. A little patience would probably calm things down.",1
ai_0754,"I honestly think in economy, consistent rules beat flashy reforms. A lot of the conversation focuses on surface drama, but the deeper mechanics rarely get attention. When incentives are misaligned, people respond in predictable ways, and then everyone acts surprised. The counterpoint is that experimentation is necessary even if messy. There are moments when disruption shakes loose outdated habits, and that energy can be useful. Still, without guardrails and follow through, momentum fades fast. In my view, acknowledging both sides actually makes the argument stronger instead of weaker. None of this is simple, but pretending it is makes it worse.",1
ai_0755,"My basic take is that in climate, long term incentives matter more than loud debates. A lot of the conversation focuses on surface drama, but the deeper mechanics rarely get attention. When incentives are misaligned, people respond in predictable ways, and then everyone acts surprised. The counterpoint is that experimentation is necessary even if messy. There are moments when disruption shakes loose outdated habits, and that energy can be useful. Still, without guardrails and follow through, momentum fades fast. In my view, acknowledging both sides actually makes the argument stronger instead of weaker. We can disagree on tactics without denying the tradeoffs.",1
ai_0756,"I’m pretty convinced that in campus life, structure drives outcomes more than individual willpower. A lot of the conversation focuses on surface drama, but the deeper mechanics rarely get attention. When incentives are misaligned, people respond in predictable ways, and then everyone acts surprised. To be fair, strong personalities sometimes push progress faster. There are moments when disruption shakes loose outdated habits, and that energy can be useful. Still, without guardrails and follow through, momentum fades fast. In my view, acknowledging both sides actually makes the argument stronger instead of weaker. None of this is simple, but pretending it is makes it worse.",1
ai_0757,"I’d argue that in politics, structure drives outcomes more than individual willpower. A lot of the conversation focuses on surface drama, but the deeper mechanics rarely get attention. When incentives are misaligned, people respond in predictable ways, and then everyone acts surprised. The counterpoint is that short term wins can build momentum. There are moments when disruption shakes loose outdated habits, and that energy can be useful. Still, without guardrails and follow through, momentum fades fast. In my view, acknowledging both sides actually makes the argument stronger instead of weaker. None of this is simple, but pretending it is makes it worse.",1
ai_0758,"I’d argue that in tech, transparency would solve half the frustration. A lot of the conversation focuses on surface drama, but the deeper mechanics rarely get attention. When incentives are misaligned, people respond in predictable ways, and then everyone acts surprised. To be fair, rapid change can create innovation. There are moments when disruption shakes loose outdated habits, and that energy can be useful. Still, without guardrails and follow through, momentum fades fast. In my view, acknowledging both sides actually makes the argument stronger instead of weaker. At the end of the day, steady progress beats chaos.",1
ai_0759,"I’m pretty convinced that in health, execution is more important than branding. A lot of the conversation focuses on surface drama, but the deeper mechanics rarely get attention. When incentives are misaligned, people respond in predictable ways, and then everyone acts surprised. On the flip side, experimentation is necessary even if messy. There are moments when disruption shakes loose outdated habits, and that energy can be useful. Still, without guardrails and follow through, momentum fades fast. In my view, acknowledging both sides actually makes the argument stronger instead of weaker. A little patience would probably calm things down.",1
ai_0760,"It seems clear to me that in sports, consistent rules beat flashy reforms. A lot of the conversation focuses on surface drama, but the deeper mechanics rarely get attention. When incentives are misaligned, people respond in predictable ways, and then everyone acts surprised. To be fair, strong personalities sometimes push progress faster. There are moments when disruption shakes loose outdated habits, and that energy can be useful. Still, without guardrails and follow through, momentum fades fast. In my view, acknowledging both sides actually makes the argument stronger instead of weaker. We can disagree on tactics without denying the tradeoffs.",1
ai_0761,"I’m pretty convinced that in economy, structure drives outcomes more than individual willpower. A lot of the conversation focuses on surface drama, but the deeper mechanics rarely get attention. When incentives are misaligned, people respond in predictable ways, and then everyone acts surprised. I get why some people argue that short term wins can build momentum. There are moments when disruption shakes loose outdated habits, and that energy can be useful. Still, without guardrails and follow through, momentum fades fast. In my view, acknowledging both sides actually makes the argument stronger instead of weaker. We can disagree on tactics without denying the tradeoffs.",1
ai_0762,"I’m pretty convinced that in climate, structure drives outcomes more than individual willpower. A lot of the conversation focuses on surface drama, but the deeper mechanics rarely get attention. When incentives are misaligned, people respond in predictable ways, and then everyone acts surprised. The counterpoint is that public pressure forces accountability. There are moments when disruption shakes loose outdated habits, and that energy can be useful. Still, without guardrails and follow through, momentum fades fast. In my view, acknowledging both sides actually makes the argument stronger instead of weaker. We can disagree on tactics without denying the tradeoffs.",1
ai_0763,"I’m pretty convinced that in campus life, execution is more important than branding. A lot of the conversation focuses on surface drama, but the deeper mechanics rarely get attention. When incentives are misaligned, people respond in predictable ways, and then everyone acts surprised. The counterpoint is that short term wins can build momentum. There are moments when disruption shakes loose outdated habits, and that energy can be useful. Still, without guardrails and follow through, momentum fades fast. In my view, acknowledging both sides actually makes the argument stronger instead of weaker. It’s not glamorous, but boring systems usually win.",1
ai_0764,"I’m pretty convinced that in politics, execution is more important than branding. A lot of the conversation focuses on surface drama, but the deeper mechanics rarely get attention. When incentives are misaligned, people respond in predictable ways, and then everyone acts surprised. To be fair, public pressure forces accountability. There are moments when disruption shakes loose outdated habits, and that energy can be useful. Still, without guardrails and follow through, momentum fades fast. In my view, acknowledging both sides actually makes the argument stronger instead of weaker. We can disagree on tactics without denying the tradeoffs.",1
ai_0765,"It seems clear to me that in tech, structure drives outcomes more than individual willpower. A lot of the conversation focuses on surface drama, but the deeper mechanics rarely get attention. When incentives are misaligned, people respond in predictable ways, and then everyone acts surprised. To be fair, public pressure forces accountability. There are moments when disruption shakes loose outdated habits, and that energy can be useful. Still, without guardrails and follow through, momentum fades fast. In my view, acknowledging both sides actually makes the argument stronger instead of weaker. It’s not glamorous, but boring systems usually win.",1
ai_0766,"It seems clear to me that in health, transparency would solve half the frustration. A lot of the conversation focuses on surface drama, but the deeper mechanics rarely get attention. When incentives are misaligned, people respond in predictable ways, and then everyone acts surprised. To be fair, experimentation is necessary even if messy. There are moments when disruption shakes loose outdated habits, and that energy can be useful. Still, without guardrails and follow through, momentum fades fast. In my view, acknowledging both sides actually makes the argument stronger instead of weaker. It’s not glamorous, but boring systems usually win.",1
ai_0767,"My basic take is that in sports, structure drives outcomes more than individual willpower. A lot of the conversation focuses on surface drama, but the deeper mechanics rarely get attention. When incentives are misaligned, people respond in predictable ways, and then everyone acts surprised. To be fair, public pressure forces accountability. There are moments when disruption shakes loose outdated habits, and that energy can be useful. Still, without guardrails and follow through, momentum fades fast. In my view, acknowledging both sides actually makes the argument stronger instead of weaker. It’s not glamorous, but boring systems usually win.",1
ai_0768,"It seems clear to me that in economy, long term incentives matter more than loud debates. A lot of the conversation focuses on surface drama, but the deeper mechanics rarely get attention. When incentives are misaligned, people respond in predictable ways, and then everyone acts surprised. That said, public pressure forces accountability. There are moments when disruption shakes loose outdated habits, and that energy can be useful. Still, without guardrails and follow through, momentum fades fast. In my view, acknowledging both sides actually makes the argument stronger instead of weaker. A little patience would probably calm things down.",1
ai_0769,"My basic take is that in climate, transparency would solve half the frustration. A lot of the conversation focuses on surface drama, but the deeper mechanics rarely get attention. When incentives are misaligned, people respond in predictable ways, and then everyone acts surprised. The counterpoint is that strong personalities sometimes push progress faster. There are moments when disruption shakes loose outdated habits, and that energy can be useful. Still, without guardrails and follow through, momentum fades fast. In my view, acknowledging both sides actually makes the argument stronger instead of weaker. It’s not glamorous, but boring systems usually win.",1
ai_0770,"I’m pretty convinced that in campus life, structure drives outcomes more than individual willpower. A lot of the conversation focuses on surface drama, but the deeper mechanics rarely get attention. When incentives are misaligned, people respond in predictable ways, and then everyone acts surprised. On the flip side, public pressure forces accountability. There are moments when disruption shakes loose outdated habits, and that energy can be useful. Still, without guardrails and follow through, momentum fades fast. In my view, acknowledging both sides actually makes the argument stronger instead of weaker. We can disagree on tactics without denying the tradeoffs.",1
ai_0771,"I’m pretty convinced that in politics, long term incentives matter more than loud debates. A lot of the conversation focuses on surface drama, but the deeper mechanics rarely get attention. When incentives are misaligned, people respond in predictable ways, and then everyone acts surprised. The counterpoint is that public pressure forces accountability. There are moments when disruption shakes loose outdated habits, and that energy can be useful. Still, without guardrails and follow through, momentum fades fast. In my view, acknowledging both sides actually makes the argument stronger instead of weaker. We can disagree on tactics without denying the tradeoffs.",1
ai_0772,"I’m pretty convinced that in tech, structure drives outcomes more than individual willpower. A lot of the conversation focuses on surface drama, but the deeper mechanics rarely get attention. When incentives are misaligned, people respond in predictable ways, and then everyone acts surprised. That said, short term wins can build momentum. There are moments when disruption shakes loose outdated habits, and that energy can be useful. Still, without guardrails and follow through, momentum fades fast. In my view, acknowledging both sides actually makes the argument stronger instead of weaker. It’s not glamorous, but boring systems usually win.",1
ai_0773,"My basic take is that in health, long term incentives matter more than loud debates. A lot of the conversation focuses on surface drama, but the deeper mechanics rarely get attention. When incentives are misaligned, people respond in predictable ways, and then everyone acts surprised. I get why some people argue that short term wins can build momentum. There are moments when disruption shakes loose outdated habits, and that energy can be useful. Still, without guardrails and follow through, momentum fades fast. In my view, acknowledging both sides actually makes the argument stronger instead of weaker. None of this is simple, but pretending it is makes it worse.",1
ai_0774,"It seems clear to me that in sports, structure drives outcomes more than individual willpower. A lot of the conversation focuses on surface drama, but the deeper mechanics rarely get attention. When incentives are misaligned, people respond in predictable ways, and then everyone acts surprised. The counterpoint is that rapid change can create innovation. There are moments when disruption shakes loose outdated habits, and that energy can be useful. Still, without guardrails and follow through, momentum fades fast. In my view, acknowledging both sides actually makes the argument stronger instead of weaker. We can disagree on tactics without denying the tradeoffs.",1
ai_0775,"I’d argue that in economy, transparency would solve half the frustration. A lot of the conversation focuses on surface drama, but the deeper mechanics rarely get attention. When incentives are misaligned, people respond in predictable ways, and then everyone acts surprised. The counterpoint is that strong personalities sometimes push progress faster. There are moments when disruption shakes loose outdated habits, and that energy can be useful. Still, without guardrails and follow through, momentum fades fast. In my view, acknowledging both sides actually makes the argument stronger instead of weaker. None of this is simple, but pretending it is makes it worse.",1
ai_0776,"It seems clear to me that in climate, execution is more important than branding. A lot of the conversation focuses on surface drama, but the deeper mechanics rarely get attention. When incentives are misaligned, people respond in predictable ways, and then everyone acts surprised. To be fair, rapid change can create innovation. There are moments when disruption shakes loose outdated habits, and that energy can be useful. Still, without guardrails and follow through, momentum fades fast. In my view, acknowledging both sides actually makes the argument stronger instead of weaker. It’s not glamorous, but boring systems usually win.",1
ai_0777,"My basic take is that in campus life, long term incentives matter more than loud debates. A lot of the conversation focuses on surface drama, but the deeper mechanics rarely get attention. When incentives are misaligned, people respond in predictable ways, and then everyone acts surprised. To be fair, rapid change can create innovation. There are moments when disruption shakes loose outdated habits, and that energy can be useful. Still, without guardrails and follow through, momentum fades fast. In my view, acknowledging both sides actually makes the argument stronger instead of weaker. At the end of the day, steady progress beats chaos.",1
ai_0778,"I’m pretty convinced that in politics, execution is more important than branding. A lot of the conversation focuses on surface drama, but the deeper mechanics rarely get attention. When incentives are misaligned, people respond in predictable ways, and then everyone acts surprised. I get why some people argue that rapid change can create innovation. There are moments when disruption shakes loose outdated habits, and that energy can be useful. Still, without guardrails and follow through, momentum fades fast. In my view, acknowledging both sides actually makes the argument stronger instead of weaker. A little patience would probably calm things down.",1
ai_0779,"I’m pretty convinced that in tech, consistent rules beat flashy reforms. A lot of the conversation focuses on surface drama, but the deeper mechanics rarely get attention. When incentives are misaligned, people respond in predictable ways, and then everyone acts surprised. On the flip side, public pressure forces accountability. There are moments when disruption shakes loose outdated habits, and that energy can be useful. Still, without guardrails and follow through, momentum fades fast. In my view, acknowledging both sides actually makes the argument stronger instead of weaker. None of this is simple, but pretending it is makes it worse.",1
ai_0780,"I’d argue that in health, execution is more important than branding. A lot of the conversation focuses on surface drama, but the deeper mechanics rarely get attention. When incentives are misaligned, people respond in predictable ways, and then everyone acts surprised. On the flip side, rapid change can create innovation. There are moments when disruption shakes loose outdated habits, and that energy can be useful. Still, without guardrails and follow through, momentum fades fast. In my view, acknowledging both sides actually makes the argument stronger instead of weaker. We can disagree on tactics without denying the tradeoffs.",1
ai_0781,"I honestly think in sports, long term incentives matter more than loud debates. A lot of the conversation focuses on surface drama, but the deeper mechanics rarely get attention. When incentives are misaligned, people respond in predictable ways, and then everyone acts surprised. I get why some people argue that public pressure forces accountability. There are moments when disruption shakes loose outdated habits, and that energy can be useful. Still, without guardrails and follow through, momentum fades fast. In my view, acknowledging both sides actually makes the argument stronger instead of weaker. A little patience would probably calm things down.",1
ai_0782,"I’m pretty convinced that in economy, long term incentives matter more than loud debates. A lot of the conversation focuses on surface drama, but the deeper mechanics rarely get attention. When incentives are misaligned, people respond in predictable ways, and then everyone acts surprised. That said, public pressure forces accountability. There are moments when disruption shakes loose outdated habits, and that energy can be useful. Still, without guardrails and follow through, momentum fades fast. In my view, acknowledging both sides actually makes the argument stronger instead of weaker. It’s not glamorous, but boring systems usually win.",1
ai_0783,"It seems clear to me that in climate, structure drives outcomes more than individual willpower. A lot of the conversation focuses on surface drama, but the deeper mechanics rarely get attention. When incentives are misaligned, people respond in predictable ways, and then everyone acts surprised. To be fair, experimentation is necessary even if messy. There are moments when disruption shakes loose outdated habits, and that energy can be useful. Still, without guardrails and follow through, momentum fades fast. In my view, acknowledging both sides actually makes the argument stronger instead of weaker. None of this is simple, but pretending it is makes it worse.",1
ai_0784,"I’m pretty convinced that in campus life, long term incentives matter more than loud debates. A lot of the conversation focuses on surface drama, but the deeper mechanics rarely get attention. When incentives are misaligned, people respond in predictable ways, and then everyone acts surprised. The counterpoint is that strong personalities sometimes push progress faster. There are moments when disruption shakes loose outdated habits, and that energy can be useful. Still, without guardrails and follow through, momentum fades fast. In my view, acknowledging both sides actually makes the argument stronger instead of weaker. At the end of the day, steady progress beats chaos.",1
ai_0785,"I honestly think in politics, execution is more important than branding. A lot of the conversation focuses on surface drama, but the deeper mechanics rarely get attention. When incentives are misaligned, people respond in predictable ways, and then everyone acts surprised. That said, rapid change can create innovation. There are moments when disruption shakes loose outdated habits, and that energy can be useful. Still, without guardrails and follow through, momentum fades fast. In my view, acknowledging both sides actually makes the argument stronger instead of weaker. At the end of the day, steady progress beats chaos.",1
ai_0786,"I honestly think in tech, long term incentives matter more than loud debates. A lot of the conversation focuses on surface drama, but the deeper mechanics rarely get attention. When incentives are misaligned, people respond in predictable ways, and then everyone acts surprised. That said, rapid change can create innovation. There are moments when disruption shakes loose outdated habits, and that energy can be useful. Still, without guardrails and follow through, momentum fades fast. In my view, acknowledging both sides actually makes the argument stronger instead of weaker. It’s not glamorous, but boring systems usually win.",1
ai_0787,"I’d argue that in health, consistent rules beat flashy reforms. A lot of the conversation focuses on surface drama, but the deeper mechanics rarely get attention. When incentives are misaligned, people respond in predictable ways, and then everyone acts surprised. I get why some people argue that public pressure forces accountability. There are moments when disruption shakes loose outdated habits, and that energy can be useful. Still, without guardrails and follow through, momentum fades fast. In my view, acknowledging both sides actually makes the argument stronger instead of weaker. It’s not glamorous, but boring systems usually win.",1
ai_0788,"It seems clear to me that in sports, execution is more important than branding. A lot of the conversation focuses on surface drama, but the deeper mechanics rarely get attention. When incentives are misaligned, people respond in predictable ways, and then everyone acts surprised. On the flip side, rapid change can create innovation. There are moments when disruption shakes loose outdated habits, and that energy can be useful. Still, without guardrails and follow through, momentum fades fast. In my view, acknowledging both sides actually makes the argument stronger instead of weaker. A little patience would probably calm things down.",1
ai_0789,"My basic take is that in economy, long term incentives matter more than loud debates. A lot of the conversation focuses on surface drama, but the deeper mechanics rarely get attention. When incentives are misaligned, people respond in predictable ways, and then everyone acts surprised. To be fair, strong personalities sometimes push progress faster. There are moments when disruption shakes loose outdated habits, and that energy can be useful. Still, without guardrails and follow through, momentum fades fast. In my view, acknowledging both sides actually makes the argument stronger instead of weaker. None of this is simple, but pretending it is makes it worse.",1
ai_0790,"It seems clear to me that in climate, long term incentives matter more than loud debates. A lot of the conversation focuses on surface drama, but the deeper mechanics rarely get attention. When incentives are misaligned, people respond in predictable ways, and then everyone acts surprised. The counterpoint is that public pressure forces accountability. There are moments when disruption shakes loose outdated habits, and that energy can be useful. Still, without guardrails and follow through, momentum fades fast. In my view, acknowledging both sides actually makes the argument stronger instead of weaker. None of this is simple, but pretending it is makes it worse.",1
ai_0791,"It seems clear to me that in campus life, execution is more important than branding. A lot of the conversation focuses on surface drama, but the deeper mechanics rarely get attention. When incentives are misaligned, people respond in predictable ways, and then everyone acts surprised. To be fair, strong personalities sometimes push progress faster. There are moments when disruption shakes loose outdated habits, and that energy can be useful. Still, without guardrails and follow through, momentum fades fast. In my view, acknowledging both sides actually makes the argument stronger instead of weaker. We can disagree on tactics without denying the tradeoffs.",1
ai_0792,"I’m pretty convinced that in politics, transparency would solve half the frustration. A lot of the conversation focuses on surface drama, but the deeper mechanics rarely get attention. When incentives are misaligned, people respond in predictable ways, and then everyone acts surprised. To be fair, rapid change can create innovation. There are moments when disruption shakes loose outdated habits, and that energy can be useful. Still, without guardrails and follow through, momentum fades fast. In my view, acknowledging both sides actually makes the argument stronger instead of weaker. None of this is simple, but pretending it is makes it worse.",1
ai_0793,"I’d argue that in tech, execution is more important than branding. A lot of the conversation focuses on surface drama, but the deeper mechanics rarely get attention. When incentives are misaligned, people respond in predictable ways, and then everyone acts surprised. I get why some people argue that short term wins can build momentum. There are moments when disruption shakes loose outdated habits, and that energy can be useful. Still, without guardrails and follow through, momentum fades fast. In my view, acknowledging both sides actually makes the argument stronger instead of weaker. A little patience would probably calm things down.",1
ai_0794,"I’d argue that in health, long term incentives matter more than loud debates. A lot of the conversation focuses on surface drama, but the deeper mechanics rarely get attention. When incentives are misaligned, people respond in predictable ways, and then everyone acts surprised. To be fair, short term wins can build momentum. There are moments when disruption shakes loose outdated habits, and that energy can be useful. Still, without guardrails and follow through, momentum fades fast. In my view, acknowledging both sides actually makes the argument stronger instead of weaker. A little patience would probably calm things down.",1
ai_0795,"It seems clear to me that in sports, structure drives outcomes more than individual willpower. A lot of the conversation focuses on surface drama, but the deeper mechanics rarely get attention. When incentives are misaligned, people respond in predictable ways, and then everyone acts surprised. I get why some people argue that strong personalities sometimes push progress faster. There are moments when disruption shakes loose outdated habits, and that energy can be useful. Still, without guardrails and follow through, momentum fades fast. In my view, acknowledging both sides actually makes the argument stronger instead of weaker. None of this is simple, but pretending it is makes it worse.",1
ai_0796,"I’m pretty convinced that in economy, structure drives outcomes more than individual willpower. A lot of the conversation focuses on surface drama, but the deeper mechanics rarely get attention. When incentives are misaligned, people respond in predictable ways, and then everyone acts surprised. I get why some people argue that strong personalities sometimes push progress faster. There are moments when disruption shakes loose outdated habits, and that energy can be useful. Still, without guardrails and follow through, momentum fades fast. In my view, acknowledging both sides actually makes the argument stronger instead of weaker. It’s not glamorous, but boring systems usually win.",1
ai_0797,"I’m pretty convinced that in climate, transparency would solve half the frustration. A lot of the conversation focuses on surface drama, but the deeper mechanics rarely get attention. When incentives are misaligned, people respond in predictable ways, and then everyone acts surprised. That said, experimentation is necessary even if messy. There are moments when disruption shakes loose outdated habits, and that energy can be useful. Still, without guardrails and follow through, momentum fades fast. In my view, acknowledging both sides actually makes the argument stronger instead of weaker. At the end of the day, steady progress beats chaos.",1
ai_0798,"I’d argue that in campus life, long term incentives matter more than loud debates. A lot of the conversation focuses on surface drama, but the deeper mechanics rarely get attention. When incentives are misaligned, people respond in predictable ways, and then everyone acts surprised. To be fair, rapid change can create innovation. There are moments when disruption shakes loose outdated habits, and that energy can be useful. Still, without guardrails and follow through, momentum fades fast. In my view, acknowledging both sides actually makes the argument stronger instead of weaker. A little patience would probably calm things down.",1
ai_0799,"I’d argue that in politics, transparency would solve half the frustration. A lot of the conversation focuses on surface drama, but the deeper mechanics rarely get attention. When incentives are misaligned, people respond in predictable ways, and then everyone acts surprised. To be fair, experimentation is necessary even if messy. There are moments when disruption shakes loose outdated habits, and that energy can be useful. Still, without guardrails and follow through, momentum fades fast. In my view, acknowledging both sides actually makes the argument stronger instead of weaker. A little patience would probably calm things down.",1
ai_0800,"It seems clear to me that in tech, long term incentives matter more than loud debates. A lot of the conversation focuses on surface drama, but the deeper mechanics rarely get attention. When incentives are misaligned, people respond in predictable ways, and then everyone acts surprised. That said, strong personalities sometimes push progress faster. There are moments when disruption shakes loose outdated habits, and that energy can be useful. Still, without guardrails and follow through, momentum fades fast. In my view, acknowledging both sides actually makes the argument stronger instead of weaker. None of this is simple, but pretending it is makes it worse.",1
ai_0801,"My basic take is that in health, consistent rules beat flashy reforms. A lot of the conversation focuses on surface drama, but the deeper mechanics rarely get attention. When incentives are misaligned, people respond in predictable ways, and then everyone acts surprised. The counterpoint is that public pressure forces accountability. There are moments when disruption shakes loose outdated habits, and that energy can be useful. Still, without guardrails and follow through, momentum fades fast. In my view, acknowledging both sides actually makes the argument stronger instead of weaker. At the end of the day, steady progress beats chaos.",1
ai_0802,"I’d argue that in sports, long term incentives matter more than loud debates. A lot of the conversation focuses on surface drama, but the deeper mechanics rarely get attention. When incentives are misaligned, people respond in predictable ways, and then everyone acts surprised. I get why some people argue that public pressure forces accountability. There are moments when disruption shakes loose outdated habits, and that energy can be useful. Still, without guardrails and follow through, momentum fades fast. In my view, acknowledging both sides actually makes the argument stronger instead of weaker. We can disagree on tactics without denying the tradeoffs.",1
ai_0803,"It seems clear to me that in economy, structure drives outcomes more than individual willpower. A lot of the conversation focuses on surface drama, but the deeper mechanics rarely get attention. When incentives are misaligned, people respond in predictable ways, and then everyone acts surprised. I get why some people argue that public pressure forces accountability. There are moments when disruption shakes loose outdated habits, and that energy can be useful. Still, without guardrails and follow through, momentum fades fast. In my view, acknowledging both sides actually makes the argument stronger instead of weaker. We can disagree on tactics without denying the tradeoffs.",1
ai_0804,"It seems clear to me that in climate, long term incentives matter more than loud debates. A lot of the conversation focuses on surface drama, but the deeper mechanics rarely get attention. When incentives are misaligned, people respond in predictable ways, and then everyone acts surprised. To be fair, experimentation is necessary even if messy. There are moments when disruption shakes loose outdated habits, and that energy can be useful. Still, without guardrails and follow through, momentum fades fast. In my view, acknowledging both sides actually makes the argument stronger instead of weaker. It’s not glamorous, but boring systems usually win.",1
ai_0805,"I’m pretty convinced that in campus life, structure drives outcomes more than individual willpower. A lot of the conversation focuses on surface drama, but the deeper mechanics rarely get attention. When incentives are misaligned, people respond in predictable ways, and then everyone acts surprised. On the flip side, experimentation is necessary even if messy. There are moments when disruption shakes loose outdated habits, and that energy can be useful. Still, without guardrails and follow through, momentum fades fast. In my view, acknowledging both sides actually makes the argument stronger instead of weaker. We can disagree on tactics without denying the tradeoffs.",1
ai_0806,"I’d argue that in politics, execution is more important than branding. A lot of the conversation focuses on surface drama, but the deeper mechanics rarely get attention. When incentives are misaligned, people respond in predictable ways, and then everyone acts surprised. On the flip side, strong personalities sometimes push progress faster. There are moments when disruption shakes loose outdated habits, and that energy can be useful. Still, without guardrails and follow through, momentum fades fast. In my view, acknowledging both sides actually makes the argument stronger instead of weaker. At the end of the day, steady progress beats chaos.",1
ai_0807,"I honestly think in tech, consistent rules beat flashy reforms. A lot of the conversation focuses on surface drama, but the deeper mechanics rarely get attention. When incentives are misaligned, people respond in predictable ways, and then everyone acts surprised. On the flip side, strong personalities sometimes push progress faster. There are moments when disruption shakes loose outdated habits, and that energy can be useful. Still, without guardrails and follow through, momentum fades fast. In my view, acknowledging both sides actually makes the argument stronger instead of weaker. A little patience would probably calm things down.",1
ai_0808,"I’d argue that in health, consistent rules beat flashy reforms. A lot of the conversation focuses on surface drama, but the deeper mechanics rarely get attention. When incentives are misaligned, people respond in predictable ways, and then everyone acts surprised. I get why some people argue that experimentation is necessary even if messy. There are moments when disruption shakes loose outdated habits, and that energy can be useful. Still, without guardrails and follow through, momentum fades fast. In my view, acknowledging both sides actually makes the argument stronger instead of weaker. A little patience would probably calm things down.",1
ai_0809,"I honestly think in sports, long term incentives matter more than loud debates. A lot of the conversation focuses on surface drama, but the deeper mechanics rarely get attention. When incentives are misaligned, people respond in predictable ways, and then everyone acts surprised. The counterpoint is that public pressure forces accountability. There are moments when disruption shakes loose outdated habits, and that energy can be useful. Still, without guardrails and follow through, momentum fades fast. In my view, acknowledging both sides actually makes the argument stronger instead of weaker. At the end of the day, steady progress beats chaos.",1
ai_0810,"I’m pretty convinced that in economy, transparency would solve half the frustration. A lot of the conversation focuses on surface drama, but the deeper mechanics rarely get attention. When incentives are misaligned, people respond in predictable ways, and then everyone acts surprised. That said, short term wins can build momentum. There are moments when disruption shakes loose outdated habits, and that energy can be useful. Still, without guardrails and follow through, momentum fades fast. In my view, acknowledging both sides actually makes the argument stronger instead of weaker. It’s not glamorous, but boring systems usually win.",1
ai_0811,"It seems clear to me that in climate, execution is more important than branding. A lot of the conversation focuses on surface drama, but the deeper mechanics rarely get attention. When incentives are misaligned, people respond in predictable ways, and then everyone acts surprised. That said, short term wins can build momentum. There are moments when disruption shakes loose outdated habits, and that energy can be useful. Still, without guardrails and follow through, momentum fades fast. In my view, acknowledging both sides actually makes the argument stronger instead of weaker. We can disagree on tactics without denying the tradeoffs.",1
ai_0812,"I honestly think in campus life, consistent rules beat flashy reforms. A lot of the conversation focuses on surface drama, but the deeper mechanics rarely get attention. When incentives are misaligned, people respond in predictable ways, and then everyone acts surprised. On the flip side, rapid change can create innovation. There are moments when disruption shakes loose outdated habits, and that energy can be useful. Still, without guardrails and follow through, momentum fades fast. In my view, acknowledging both sides actually makes the argument stronger instead of weaker. A little patience would probably calm things down.",1
ai_0813,"It seems clear to me that in politics, execution is more important than branding. A lot of the conversation focuses on surface drama, but the deeper mechanics rarely get attention. When incentives are misaligned, people respond in predictable ways, and then everyone acts surprised. That said, public pressure forces accountability. There are moments when disruption shakes loose outdated habits, and that energy can be useful. Still, without guardrails and follow through, momentum fades fast. In my view, acknowledging both sides actually makes the argument stronger instead of weaker. None of this is simple, but pretending it is makes it worse.",1
ai_0814,"I’d argue that in tech, structure drives outcomes more than individual willpower. A lot of the conversation focuses on surface drama, but the deeper mechanics rarely get attention. When incentives are misaligned, people respond in predictable ways, and then everyone acts surprised. That said, strong personalities sometimes push progress faster. There are moments when disruption shakes loose outdated habits, and that energy can be useful. Still, without guardrails and follow through, momentum fades fast. In my view, acknowledging both sides actually makes the argument stronger instead of weaker. None of this is simple, but pretending it is makes it worse.",1
ai_0815,"I’d argue that in health, transparency would solve half the frustration. A lot of the conversation focuses on surface drama, but the deeper mechanics rarely get attention. When incentives are misaligned, people respond in predictable ways, and then everyone acts surprised. To be fair, strong personalities sometimes push progress faster. There are moments when disruption shakes loose outdated habits, and that energy can be useful. Still, without guardrails and follow through, momentum fades fast. In my view, acknowledging both sides actually makes the argument stronger instead of weaker. A little patience would probably calm things down.",1
ai_0816,"I honestly think in sports, transparency would solve half the frustration. A lot of the conversation focuses on surface drama, but the deeper mechanics rarely get attention. When incentives are misaligned, people respond in predictable ways, and then everyone acts surprised. I get why some people argue that public pressure forces accountability. There are moments when disruption shakes loose outdated habits, and that energy can be useful. Still, without guardrails and follow through, momentum fades fast. In my view, acknowledging both sides actually makes the argument stronger instead of weaker. A little patience would probably calm things down.",1
ai_0817,"It seems clear to me that in economy, consistent rules beat flashy reforms. A lot of the conversation focuses on surface drama, but the deeper mechanics rarely get attention. When incentives are misaligned, people respond in predictable ways, and then everyone acts surprised. The counterpoint is that strong personalities sometimes push progress faster. There are moments when disruption shakes loose outdated habits, and that energy can be useful. Still, without guardrails and follow through, momentum fades fast. In my view, acknowledging both sides actually makes the argument stronger instead of weaker. A little patience would probably calm things down.",1
ai_0818,"I’m pretty convinced that in climate, structure drives outcomes more than individual willpower. A lot of the conversation focuses on surface drama, but the deeper mechanics rarely get attention. When incentives are misaligned, people respond in predictable ways, and then everyone acts surprised. I get why some people argue that strong personalities sometimes push progress faster. There are moments when disruption shakes loose outdated habits, and that energy can be useful. Still, without guardrails and follow through, momentum fades fast. In my view, acknowledging both sides actually makes the argument stronger instead of weaker. We can disagree on tactics without denying the tradeoffs.",1
ai_0819,"I’m pretty convinced that in campus life, execution is more important than branding. A lot of the conversation focuses on surface drama, but the deeper mechanics rarely get attention. When incentives are misaligned, people respond in predictable ways, and then everyone acts surprised. To be fair, strong personalities sometimes push progress faster. There are moments when disruption shakes loose outdated habits, and that energy can be useful. Still, without guardrails and follow through, momentum fades fast. In my view, acknowledging both sides actually makes the argument stronger instead of weaker. We can disagree on tactics without denying the tradeoffs.",1
ai_0820,"My basic take is that in politics, long term incentives matter more than loud debates. A lot of the conversation focuses on surface drama, but the deeper mechanics rarely get attention. When incentives are misaligned, people respond in predictable ways, and then everyone acts surprised. That said, public pressure forces accountability. There are moments when disruption shakes loose outdated habits, and that energy can be useful. Still, without guardrails and follow through, momentum fades fast. In my view, acknowledging both sides actually makes the argument stronger instead of weaker. We can disagree on tactics without denying the tradeoffs.",1
ai_0821,"I’m pretty convinced that in tech, execution is more important than branding. A lot of the conversation focuses on surface drama, but the deeper mechanics rarely get attention. When incentives are misaligned, people respond in predictable ways, and then everyone acts surprised. I get why some people argue that public pressure forces accountability. There are moments when disruption shakes loose outdated habits, and that energy can be useful. Still, without guardrails and follow through, momentum fades fast. In my view, acknowledging both sides actually makes the argument stronger instead of weaker. A little patience would probably calm things down.",1
ai_0822,"My basic take is that in health, consistent rules beat flashy reforms. A lot of the conversation focuses on surface drama, but the deeper mechanics rarely get attention. When incentives are misaligned, people respond in predictable ways, and then everyone acts surprised. I get why some people argue that strong personalities sometimes push progress faster. There are moments when disruption shakes loose outdated habits, and that energy can be useful. Still, without guardrails and follow through, momentum fades fast. In my view, acknowledging both sides actually makes the argument stronger instead of weaker. At the end of the day, steady progress beats chaos.",1
ai_0823,"I honestly think in sports, transparency would solve half the frustration. A lot of the conversation focuses on surface drama, but the deeper mechanics rarely get attention. When incentives are misaligned, people respond in predictable ways, and then everyone acts surprised. I get why some people argue that experimentation is necessary even if messy. There are moments when disruption shakes loose outdated habits, and that energy can be useful. Still, without guardrails and follow through, momentum fades fast. In my view, acknowledging both sides actually makes the argument stronger instead of weaker. At the end of the day, steady progress beats chaos.",1
ai_0824,"I’d argue that in economy, structure drives outcomes more than individual willpower. A lot of the conversation focuses on surface drama, but the deeper mechanics rarely get attention. When incentives are misaligned, people respond in predictable ways, and then everyone acts surprised. That said, rapid change can create innovation. There are moments when disruption shakes loose outdated habits, and that energy can be useful. Still, without guardrails and follow through, momentum fades fast. In my view, acknowledging both sides actually makes the argument stronger instead of weaker. None of this is simple, but pretending it is makes it worse.",1
ai_0825,"I’d argue that in climate, transparency would solve half the frustration. A lot of the conversation focuses on surface drama, but the deeper mechanics rarely get attention. When incentives are misaligned, people respond in predictable ways, and then everyone acts surprised. The counterpoint is that rapid change can create innovation. There are moments when disruption shakes loose outdated habits, and that energy can be useful. Still, without guardrails and follow through, momentum fades fast. In my view, acknowledging both sides actually makes the argument stronger instead of weaker. It’s not glamorous, but boring systems usually win.",1
ai_0826,"I’d argue that in campus life, long term incentives matter more than loud debates. A lot of the conversation focuses on surface drama, but the deeper mechanics rarely get attention. When incentives are misaligned, people respond in predictable ways, and then everyone acts surprised. On the flip side, experimentation is necessary even if messy. There are moments when disruption shakes loose outdated habits, and that energy can be useful. Still, without guardrails and follow through, momentum fades fast. In my view, acknowledging both sides actually makes the argument stronger instead of weaker. None of this is simple, but pretending it is makes it worse.",1
ai_0827,"My basic take is that in politics, structure drives outcomes more than individual willpower. A lot of the conversation focuses on surface drama, but the deeper mechanics rarely get attention. When incentives are misaligned, people respond in predictable ways, and then everyone acts surprised. To be fair, experimentation is necessary even if messy. There are moments when disruption shakes loose outdated habits, and that energy can be useful. Still, without guardrails and follow through, momentum fades fast. In my view, acknowledging both sides actually makes the argument stronger instead of weaker. It’s not glamorous, but boring systems usually win.",1
ai_0828,"I honestly think in tech, structure drives outcomes more than individual willpower. A lot of the conversation focuses on surface drama, but the deeper mechanics rarely get attention. When incentives are misaligned, people respond in predictable ways, and then everyone acts surprised. On the flip side, experimentation is necessary even if messy. There are moments when disruption shakes loose outdated habits, and that energy can be useful. Still, without guardrails and follow through, momentum fades fast. In my view, acknowledging both sides actually makes the argument stronger instead of weaker. It’s not glamorous, but boring systems usually win.",1
ai_0829,"It seems clear to me that in health, long term incentives matter more than loud debates. A lot of the conversation focuses on surface drama, but the deeper mechanics rarely get attention. When incentives are misaligned, people respond in predictable ways, and then everyone acts surprised. I get why some people argue that short term wins can build momentum. There are moments when disruption shakes loose outdated habits, and that energy can be useful. Still, without guardrails and follow through, momentum fades fast. In my view, acknowledging both sides actually makes the argument stronger instead of weaker. None of this is simple, but pretending it is makes it worse.",1
ai_0830,"I’m pretty convinced that in sports, execution is more important than branding. A lot of the conversation focuses on surface drama, but the deeper mechanics rarely get attention. When incentives are misaligned, people respond in predictable ways, and then everyone acts surprised. To be fair, short term wins can build momentum. There are moments when disruption shakes loose outdated habits, and that energy can be useful. Still, without guardrails and follow through, momentum fades fast. In my view, acknowledging both sides actually makes the argument stronger instead of weaker. We can disagree on tactics without denying the tradeoffs.",1
ai_0831,"I’m pretty convinced that in economy, consistent rules beat flashy reforms. A lot of the conversation focuses on surface drama, but the deeper mechanics rarely get attention. When incentives are misaligned, people respond in predictable ways, and then everyone acts surprised. To be fair, rapid change can create innovation. There are moments when disruption shakes loose outdated habits, and that energy can be useful. Still, without guardrails and follow through, momentum fades fast. In my view, acknowledging both sides actually makes the argument stronger instead of weaker. At the end of the day, steady progress beats chaos.",1
ai_0832,"I honestly think in climate, long term incentives matter more than loud debates. A lot of the conversation focuses on surface drama, but the deeper mechanics rarely get attention. When incentives are misaligned, people respond in predictable ways, and then everyone acts surprised. That said, strong personalities sometimes push progress faster. There are moments when disruption shakes loose outdated habits, and that energy can be useful. Still, without guardrails and follow through, momentum fades fast. In my view, acknowledging both sides actually makes the argument stronger instead of weaker. We can disagree on tactics without denying the tradeoffs.",1
ai_0833,"My basic take is that in campus life, structure drives outcomes more than individual willpower. A lot of the conversation focuses on surface drama, but the deeper mechanics rarely get attention. When incentives are misaligned, people respond in predictable ways, and then everyone acts surprised. I get why some people argue that public pressure forces accountability. There are moments when disruption shakes loose outdated habits, and that energy can be useful. Still, without guardrails and follow through, momentum fades fast. In my view, acknowledging both sides actually makes the argument stronger instead of weaker. A little patience would probably calm things down.",1
ai_0834,"It seems clear to me that in politics, structure drives outcomes more than individual willpower. A lot of the conversation focuses on surface drama, but the deeper mechanics rarely get attention. When incentives are misaligned, people respond in predictable ways, and then everyone acts surprised. To be fair, public pressure forces accountability. There are moments when disruption shakes loose outdated habits, and that energy can be useful. Still, without guardrails and follow through, momentum fades fast. In my view, acknowledging both sides actually makes the argument stronger instead of weaker. A little patience would probably calm things down.",1
ai_0835,"It seems clear to me that in tech, consistent rules beat flashy reforms. A lot of the conversation focuses on surface drama, but the deeper mechanics rarely get attention. When incentives are misaligned, people respond in predictable ways, and then everyone acts surprised. I get why some people argue that strong personalities sometimes push progress faster. There are moments when disruption shakes loose outdated habits, and that energy can be useful. Still, without guardrails and follow through, momentum fades fast. In my view, acknowledging both sides actually makes the argument stronger instead of weaker. It’s not glamorous, but boring systems usually win.",1
ai_0836,"My basic take is that in health, consistent rules beat flashy reforms. A lot of the conversation focuses on surface drama, but the deeper mechanics rarely get attention. When incentives are misaligned, people respond in predictable ways, and then everyone acts surprised. On the flip side, rapid change can create innovation. There are moments when disruption shakes loose outdated habits, and that energy can be useful. Still, without guardrails and follow through, momentum fades fast. In my view, acknowledging both sides actually makes the argument stronger instead of weaker. It’s not glamorous, but boring systems usually win.",1
ai_0837,"I’d argue that in sports, consistent rules beat flashy reforms. A lot of the conversation focuses on surface drama, but the deeper mechanics rarely get attention. When incentives are misaligned, people respond in predictable ways, and then everyone acts surprised. The counterpoint is that strong personalities sometimes push progress faster. There are moments when disruption shakes loose outdated habits, and that energy can be useful. Still, without guardrails and follow through, momentum fades fast. In my view, acknowledging both sides actually makes the argument stronger instead of weaker. None of this is simple, but pretending it is makes it worse.",1
ai_0838,"I’d argue that in economy, consistent rules beat flashy reforms. A lot of the conversation focuses on surface drama, but the deeper mechanics rarely get attention. When incentives are misaligned, people respond in predictable ways, and then everyone acts surprised. The counterpoint is that public pressure forces accountability. There are moments when disruption shakes loose outdated habits, and that energy can be useful. Still, without guardrails and follow through, momentum fades fast. In my view, acknowledging both sides actually makes the argument stronger instead of weaker. A little patience would probably calm things down.",1
ai_0839,"It seems clear to me that in climate, long term incentives matter more than loud debates. A lot of the conversation focuses on surface drama, but the deeper mechanics rarely get attention. When incentives are misaligned, people respond in predictable ways, and then everyone acts surprised. On the flip side, experimentation is necessary even if messy. There are moments when disruption shakes loose outdated habits, and that energy can be useful. Still, without guardrails and follow through, momentum fades fast. In my view, acknowledging both sides actually makes the argument stronger instead of weaker. None of this is simple, but pretending it is makes it worse.",1
ai_0840,"It seems clear to me that in campus life, consistent rules beat flashy reforms. A lot of the conversation focuses on surface drama, but the deeper mechanics rarely get attention. When incentives are misaligned, people respond in predictable ways, and then everyone acts surprised. I get why some people argue that experimentation is necessary even if messy. There are moments when disruption shakes loose outdated habits, and that energy can be useful. Still, without guardrails and follow through, momentum fades fast. In my view, acknowledging both sides actually makes the argument stronger instead of weaker. At the end of the day, steady progress beats chaos.",1
ai_0841,"My basic take is that in politics, structure drives outcomes more than individual willpower. A lot of the conversation focuses on surface drama, but the deeper mechanics rarely get attention. When incentives are misaligned, people respond in predictable ways, and then everyone acts surprised. That said, rapid change can create innovation. There are moments when disruption shakes loose outdated habits, and that energy can be useful. Still, without guardrails and follow through, momentum fades fast. In my view, acknowledging both sides actually makes the argument stronger instead of weaker. None of this is simple, but pretending it is makes it worse.",1
ai_0842,"It seems clear to me that in tech, transparency would solve half the frustration. A lot of the conversation focuses on surface drama, but the deeper mechanics rarely get attention. When incentives are misaligned, people respond in predictable ways, and then everyone acts surprised. The counterpoint is that rapid change can create innovation. There are moments when disruption shakes loose outdated habits, and that energy can be useful. Still, without guardrails and follow through, momentum fades fast. In my view, acknowledging both sides actually makes the argument stronger instead of weaker. It’s not glamorous, but boring systems usually win.",1
ai_0843,"It seems clear to me that in health, transparency would solve half the frustration. A lot of the conversation focuses on surface drama, but the deeper mechanics rarely get attention. When incentives are misaligned, people respond in predictable ways, and then everyone acts surprised. To be fair, strong personalities sometimes push progress faster. There are moments when disruption shakes loose outdated habits, and that energy can be useful. Still, without guardrails and follow through, momentum fades fast. In my view, acknowledging both sides actually makes the argument stronger instead of weaker. We can disagree on tactics without denying the tradeoffs.",1
ai_0844,"My basic take is that in sports, long term incentives matter more than loud debates. A lot of the conversation focuses on surface drama, but the deeper mechanics rarely get attention. When incentives are misaligned, people respond in predictable ways, and then everyone acts surprised. To be fair, short term wins can build momentum. There are moments when disruption shakes loose outdated habits, and that energy can be useful. Still, without guardrails and follow through, momentum fades fast. In my view, acknowledging both sides actually makes the argument stronger instead of weaker. A little patience would probably calm things down.",1
ai_0845,"I’m pretty convinced that in economy, consistent rules beat flashy reforms. A lot of the conversation focuses on surface drama, but the deeper mechanics rarely get attention. When incentives are misaligned, people respond in predictable ways, and then everyone acts surprised. I get why some people argue that short term wins can build momentum. There are moments when disruption shakes loose outdated habits, and that energy can be useful. Still, without guardrails and follow through, momentum fades fast. In my view, acknowledging both sides actually makes the argument stronger instead of weaker. It’s not glamorous, but boring systems usually win.",1
ai_0846,"I’d argue that in climate, execution is more important than branding. A lot of the conversation focuses on surface drama, but the deeper mechanics rarely get attention. When incentives are misaligned, people respond in predictable ways, and then everyone acts surprised. The counterpoint is that experimentation is necessary even if messy. There are moments when disruption shakes loose outdated habits, and that energy can be useful. Still, without guardrails and follow through, momentum fades fast. In my view, acknowledging both sides actually makes the argument stronger instead of weaker. A little patience would probably calm things down.",1
ai_0847,"I’m pretty convinced that in campus life, structure drives outcomes more than individual willpower. A lot of the conversation focuses on surface drama, but the deeper mechanics rarely get attention. When incentives are misaligned, people respond in predictable ways, and then everyone acts surprised. The counterpoint is that public pressure forces accountability. There are moments when disruption shakes loose outdated habits, and that energy can be useful. Still, without guardrails and follow through, momentum fades fast. In my view, acknowledging both sides actually makes the argument stronger instead of weaker. It’s not glamorous, but boring systems usually win.",1
ai_0848,"It seems clear to me that in politics, transparency would solve half the frustration. A lot of the conversation focuses on surface drama, but the deeper mechanics rarely get attention. When incentives are misaligned, people respond in predictable ways, and then everyone acts surprised. That said, strong personalities sometimes push progress faster. There are moments when disruption shakes loose outdated habits, and that energy can be useful. Still, without guardrails and follow through, momentum fades fast. In my view, acknowledging both sides actually makes the argument stronger instead of weaker. None of this is simple, but pretending it is makes it worse.",1
ai_0849,"My basic take is that in tech, long term incentives matter more than loud debates. A lot of the conversation focuses on surface drama, but the deeper mechanics rarely get attention. When incentives are misaligned, people respond in predictable ways, and then everyone acts surprised. That said, experimentation is necessary even if messy. There are moments when disruption shakes loose outdated habits, and that energy can be useful. Still, without guardrails and follow through, momentum fades fast. In my view, acknowledging both sides actually makes the argument stronger instead of weaker. We can disagree on tactics without denying the tradeoffs.",1
ai_0850,"I honestly think in health, structure drives outcomes more than individual willpower. A lot of the conversation focuses on surface drama, but the deeper mechanics rarely get attention. When incentives are misaligned, people respond in predictable ways, and then everyone acts surprised. I get why some people argue that rapid change can create innovation. There are moments when disruption shakes loose outdated habits, and that energy can be useful. Still, without guardrails and follow through, momentum fades fast. In my view, acknowledging both sides actually makes the argument stronger instead of weaker. None of this is simple, but pretending it is makes it worse.",1
ai_0851,"I’m pretty convinced that in sports, transparency would solve half the frustration. A lot of the conversation focuses on surface drama, but the deeper mechanics rarely get attention. When incentives are misaligned, people respond in predictable ways, and then everyone acts surprised. To be fair, public pressure forces accountability. There are moments when disruption shakes loose outdated habits, and that energy can be useful. Still, without guardrails and follow through, momentum fades fast. In my view, acknowledging both sides actually makes the argument stronger instead of weaker. None of this is simple, but pretending it is makes it worse.",1
ai_0852,"I’m pretty convinced that in economy, long term incentives matter more than loud debates. A lot of the conversation focuses on surface drama, but the deeper mechanics rarely get attention. When incentives are misaligned, people respond in predictable ways, and then everyone acts surprised. That said, public pressure forces accountability. There are moments when disruption shakes loose outdated habits, and that energy can be useful. Still, without guardrails and follow through, momentum fades fast. In my view, acknowledging both sides actually makes the argument stronger instead of weaker. A little patience would probably calm things down.",1
ai_0853,"It seems clear to me that in climate, long term incentives matter more than loud debates. A lot of the conversation focuses on surface drama, but the deeper mechanics rarely get attention. When incentives are misaligned, people respond in predictable ways, and then everyone acts surprised. To be fair, public pressure forces accountability. There are moments when disruption shakes loose outdated habits, and that energy can be useful. Still, without guardrails and follow through, momentum fades fast. In my view, acknowledging both sides actually makes the argument stronger instead of weaker. A little patience would probably calm things down.",1
ai_0854,"My basic take is that in campus life, consistent rules beat flashy reforms. A lot of the conversation focuses on surface drama, but the deeper mechanics rarely get attention. When incentives are misaligned, people respond in predictable ways, and then everyone acts surprised. That said, rapid change can create innovation. There are moments when disruption shakes loose outdated habits, and that energy can be useful. Still, without guardrails and follow through, momentum fades fast. In my view, acknowledging both sides actually makes the argument stronger instead of weaker. At the end of the day, steady progress beats chaos.",1
ai_0855,"It seems clear to me that in politics, transparency would solve half the frustration. A lot of the conversation focuses on surface drama, but the deeper mechanics rarely get attention. When incentives are misaligned, people respond in predictable ways, and then everyone acts surprised. I get why some people argue that rapid change can create innovation. There are moments when disruption shakes loose outdated habits, and that energy can be useful. Still, without guardrails and follow through, momentum fades fast. In my view, acknowledging both sides actually makes the argument stronger instead of weaker. We can disagree on tactics without denying the tradeoffs.",1
ai_0856,"I’m pretty convinced that in tech, consistent rules beat flashy reforms. A lot of the conversation focuses on surface drama, but the deeper mechanics rarely get attention. When incentives are misaligned, people respond in predictable ways, and then everyone acts surprised. That said, experimentation is necessary even if messy. There are moments when disruption shakes loose outdated habits, and that energy can be useful. Still, without guardrails and follow through, momentum fades fast. In my view, acknowledging both sides actually makes the argument stronger instead of weaker. At the end of the day, steady progress beats chaos.",1
ai_0857,"I’d argue that in health, consistent rules beat flashy reforms. A lot of the conversation focuses on surface drama, but the deeper mechanics rarely get attention. When incentives are misaligned, people respond in predictable ways, and then everyone acts surprised. To be fair, rapid change can create innovation. There are moments when disruption shakes loose outdated habits, and that energy can be useful. Still, without guardrails and follow through, momentum fades fast. In my view, acknowledging both sides actually makes the argument stronger instead of weaker. None of this is simple, but pretending it is makes it worse.",1
ai_0858,"I’m pretty convinced that in sports, execution is more important than branding. A lot of the conversation focuses on surface drama, but the deeper mechanics rarely get attention. When incentives are misaligned, people respond in predictable ways, and then everyone acts surprised. To be fair, strong personalities sometimes push progress faster. There are moments when disruption shakes loose outdated habits, and that energy can be useful. Still, without guardrails and follow through, momentum fades fast. In my view, acknowledging both sides actually makes the argument stronger instead of weaker. It’s not glamorous, but boring systems usually win.",1
ai_0859,"My basic take is that in economy, structure drives outcomes more than individual willpower. A lot of the conversation focuses on surface drama, but the deeper mechanics rarely get attention. When incentives are misaligned, people respond in predictable ways, and then everyone acts surprised. To be fair, experimentation is necessary even if messy. There are moments when disruption shakes loose outdated habits, and that energy can be useful. Still, without guardrails and follow through, momentum fades fast. In my view, acknowledging both sides actually makes the argument stronger instead of weaker. None of this is simple, but pretending it is makes it worse.",1
ai_0860,"I’m pretty convinced that in climate, long term incentives matter more than loud debates. A lot of the conversation focuses on surface drama, but the deeper mechanics rarely get attention. When incentives are misaligned, people respond in predictable ways, and then everyone acts surprised. The counterpoint is that rapid change can create innovation. There are moments when disruption shakes loose outdated habits, and that energy can be useful. Still, without guardrails and follow through, momentum fades fast. In my view, acknowledging both sides actually makes the argument stronger instead of weaker. At the end of the day, steady progress beats chaos.",1
ai_0861,"I’d argue that in campus life, transparency would solve half the frustration. A lot of the conversation focuses on surface drama, but the deeper mechanics rarely get attention. When incentives are misaligned, people respond in predictable ways, and then everyone acts surprised. On the flip side, strong personalities sometimes push progress faster. There are moments when disruption shakes loose outdated habits, and that energy can be useful. Still, without guardrails and follow through, momentum fades fast. In my view, acknowledging both sides actually makes the argument stronger instead of weaker. We can disagree on tactics without denying the tradeoffs.",1
ai_0862,"I’d argue that in politics, execution is more important than branding. A lot of the conversation focuses on surface drama, but the deeper mechanics rarely get attention. When incentives are misaligned, people respond in predictable ways, and then everyone acts surprised. To be fair, strong personalities sometimes push progress faster. There are moments when disruption shakes loose outdated habits, and that energy can be useful. Still, without guardrails and follow through, momentum fades fast. In my view, acknowledging both sides actually makes the argument stronger instead of weaker. A little patience would probably calm things down.",1
ai_0863,"I’d argue that in tech, structure drives outcomes more than individual willpower. A lot of the conversation focuses on surface drama, but the deeper mechanics rarely get attention. When incentives are misaligned, people respond in predictable ways, and then everyone acts surprised. I get why some people argue that public pressure forces accountability. There are moments when disruption shakes loose outdated habits, and that energy can be useful. Still, without guardrails and follow through, momentum fades fast. In my view, acknowledging both sides actually makes the argument stronger instead of weaker. A little patience would probably calm things down.",1
ai_0864,"It seems clear to me that in health, execution is more important than branding. A lot of the conversation focuses on surface drama, but the deeper mechanics rarely get attention. When incentives are misaligned, people respond in predictable ways, and then everyone acts surprised. On the flip side, strong personalities sometimes push progress faster. There are moments when disruption shakes loose outdated habits, and that energy can be useful. Still, without guardrails and follow through, momentum fades fast. In my view, acknowledging both sides actually makes the argument stronger instead of weaker. None of this is simple, but pretending it is makes it worse.",1
ai_0865,"My basic take is that in sports, execution is more important than branding. A lot of the conversation focuses on surface drama, but the deeper mechanics rarely get attention. When incentives are misaligned, people respond in predictable ways, and then everyone acts surprised. To be fair, public pressure forces accountability. There are moments when disruption shakes loose outdated habits, and that energy can be useful. Still, without guardrails and follow through, momentum fades fast. In my view, acknowledging both sides actually makes the argument stronger instead of weaker. None of this is simple, but pretending it is makes it worse.",1
ai_0866,"It seems clear to me that in economy, long term incentives matter more than loud debates. A lot of the conversation focuses on surface drama, but the deeper mechanics rarely get attention. When incentives are misaligned, people respond in predictable ways, and then everyone acts surprised. I get why some people argue that rapid change can create innovation. There are moments when disruption shakes loose outdated habits, and that energy can be useful. Still, without guardrails and follow through, momentum fades fast. In my view, acknowledging both sides actually makes the argument stronger instead of weaker. At the end of the day, steady progress beats chaos.",1
ai_0867,"My basic take is that in climate, structure drives outcomes more than individual willpower. A lot of the conversation focuses on surface drama, but the deeper mechanics rarely get attention. When incentives are misaligned, people respond in predictable ways, and then everyone acts surprised. To be fair, short term wins can build momentum. There are moments when disruption shakes loose outdated habits, and that energy can be useful. Still, without guardrails and follow through, momentum fades fast. In my view, acknowledging both sides actually makes the argument stronger instead of weaker. At the end of the day, steady progress beats chaos.",1
ai_0868,"I’m pretty convinced that in campus life, long term incentives matter more than loud debates. A lot of the conversation focuses on surface drama, but the deeper mechanics rarely get attention. When incentives are misaligned, people respond in predictable ways, and then everyone acts surprised. On the flip side, experimentation is necessary even if messy. There are moments when disruption shakes loose outdated habits, and that energy can be useful. Still, without guardrails and follow through, momentum fades fast. In my view, acknowledging both sides actually makes the argument stronger instead of weaker. We can disagree on tactics without denying the tradeoffs.",1
ai_0869,"I honestly think in politics, execution is more important than branding. A lot of the conversation focuses on surface drama, but the deeper mechanics rarely get attention. When incentives are misaligned, people respond in predictable ways, and then everyone acts surprised. That said, strong personalities sometimes push progress faster. There are moments when disruption shakes loose outdated habits, and that energy can be useful. Still, without guardrails and follow through, momentum fades fast. In my view, acknowledging both sides actually makes the argument stronger instead of weaker. None of this is simple, but pretending it is makes it worse.",1
ai_0870,"I’d argue that in tech, execution is more important than branding. A lot of the conversation focuses on surface drama, but the deeper mechanics rarely get attention. When incentives are misaligned, people respond in predictable ways, and then everyone acts surprised. That said, strong personalities sometimes push progress faster. There are moments when disruption shakes loose outdated habits, and that energy can be useful. Still, without guardrails and follow through, momentum fades fast. In my view, acknowledging both sides actually makes the argument stronger instead of weaker. At the end of the day, steady progress beats chaos.",1
ai_0871,"It seems clear to me that in health, transparency would solve half the frustration. A lot of the conversation focuses on surface drama, but the deeper mechanics rarely get attention. When incentives are misaligned, people respond in predictable ways, and then everyone acts surprised. That said, short term wins can build momentum. There are moments when disruption shakes loose outdated habits, and that energy can be useful. Still, without guardrails and follow through, momentum fades fast. In my view, acknowledging both sides actually makes the argument stronger instead of weaker. At the end of the day, steady progress beats chaos.",1
ai_0872,"I honestly think in sports, long term incentives matter more than loud debates. A lot of the conversation focuses on surface drama, but the deeper mechanics rarely get attention. When incentives are misaligned, people respond in predictable ways, and then everyone acts surprised. I get why some people argue that experimentation is necessary even if messy. There are moments when disruption shakes loose outdated habits, and that energy can be useful. Still, without guardrails and follow through, momentum fades fast. In my view, acknowledging both sides actually makes the argument stronger instead of weaker. A little patience would probably calm things down.",1
ai_0873,"It seems clear to me that in economy, transparency would solve half the frustration. A lot of the conversation focuses on surface drama, but the deeper mechanics rarely get attention. When incentives are misaligned, people respond in predictable ways, and then everyone acts surprised. I get why some people argue that short term wins can build momentum. There are moments when disruption shakes loose outdated habits, and that energy can be useful. Still, without guardrails and follow through, momentum fades fast. In my view, acknowledging both sides actually makes the argument stronger instead of weaker. A little patience would probably calm things down.",1
ai_0874,"I’d argue that in climate, consistent rules beat flashy reforms. A lot of the conversation focuses on surface drama, but the deeper mechanics rarely get attention. When incentives are misaligned, people respond in predictable ways, and then everyone acts surprised. On the flip side, strong personalities sometimes push progress faster. There are moments when disruption shakes loose outdated habits, and that energy can be useful. Still, without guardrails and follow through, momentum fades fast. In my view, acknowledging both sides actually makes the argument stronger instead of weaker. We can disagree on tactics without denying the tradeoffs.",1
ai_0875,"I honestly think in campus life, structure drives outcomes more than individual willpower. A lot of the conversation focuses on surface drama, but the deeper mechanics rarely get attention. When incentives are misaligned, people respond in predictable ways, and then everyone acts surprised. To be fair, experimentation is necessary even if messy. There are moments when disruption shakes loose outdated habits, and that energy can be useful. Still, without guardrails and follow through, momentum fades fast. In my view, acknowledging both sides actually makes the argument stronger instead of weaker. At the end of the day, steady progress beats chaos.",1
ai_0876,"I’m pretty convinced that in politics, execution is more important than branding. A lot of the conversation focuses on surface drama, but the deeper mechanics rarely get attention. When incentives are misaligned, people respond in predictable ways, and then everyone acts surprised. On the flip side, short term wins can build momentum. There are moments when disruption shakes loose outdated habits, and that energy can be useful. Still, without guardrails and follow through, momentum fades fast. In my view, acknowledging both sides actually makes the argument stronger instead of weaker. We can disagree on tactics without denying the tradeoffs.",1
ai_0877,"My basic take is that in tech, execution is more important than branding. A lot of the conversation focuses on surface drama, but the deeper mechanics rarely get attention. When incentives are misaligned, people respond in predictable ways, and then everyone acts surprised. I get why some people argue that public pressure forces accountability. There are moments when disruption shakes loose outdated habits, and that energy can be useful. Still, without guardrails and follow through, momentum fades fast. In my view, acknowledging both sides actually makes the argument stronger instead of weaker. At the end of the day, steady progress beats chaos.",1
ai_0878,"I’d argue that in health, transparency would solve half the frustration. A lot of the conversation focuses on surface drama, but the deeper mechanics rarely get attention. When incentives are misaligned, people respond in predictable ways, and then everyone acts surprised. That said, rapid change can create innovation. There are moments when disruption shakes loose outdated habits, and that energy can be useful. Still, without guardrails and follow through, momentum fades fast. In my view, acknowledging both sides actually makes the argument stronger instead of weaker. A little patience would probably calm things down.",1
ai_0879,"My basic take is that in sports, structure drives outcomes more than individual willpower. A lot of the conversation focuses on surface drama, but the deeper mechanics rarely get attention. When incentives are misaligned, people respond in predictable ways, and then everyone acts surprised. On the flip side, experimentation is necessary even if messy. There are moments when disruption shakes loose outdated habits, and that energy can be useful. Still, without guardrails and follow through, momentum fades fast. In my view, acknowledging both sides actually makes the argument stronger instead of weaker. We can disagree on tactics without denying the tradeoffs.",1
ai_0880,"I’m pretty convinced that in economy, structure drives outcomes more than individual willpower. A lot of the conversation focuses on surface drama, but the deeper mechanics rarely get attention. When incentives are misaligned, people respond in predictable ways, and then everyone acts surprised. To be fair, experimentation is necessary even if messy. There are moments when disruption shakes loose outdated habits, and that energy can be useful. Still, without guardrails and follow through, momentum fades fast. In my view, acknowledging both sides actually makes the argument stronger instead of weaker. At the end of the day, steady progress beats chaos.",1
ai_0881,"It seems clear to me that in climate, structure drives outcomes more than individual willpower. A lot of the conversation focuses on surface drama, but the deeper mechanics rarely get attention. When incentives are misaligned, people respond in predictable ways, and then everyone acts surprised. The counterpoint is that short term wins can build momentum. There are moments when disruption shakes loose outdated habits, and that energy can be useful. Still, without guardrails and follow through, momentum fades fast. In my view, acknowledging both sides actually makes the argument stronger instead of weaker. None of this is simple, but pretending it is makes it worse.",1
ai_0882,"I’m pretty convinced that in campus life, structure drives outcomes more than individual willpower. A lot of the conversation focuses on surface drama, but the deeper mechanics rarely get attention. When incentives are misaligned, people respond in predictable ways, and then everyone acts surprised. On the flip side, strong personalities sometimes push progress faster. There are moments when disruption shakes loose outdated habits, and that energy can be useful. Still, without guardrails and follow through, momentum fades fast. In my view, acknowledging both sides actually makes the argument stronger instead of weaker. At the end of the day, steady progress beats chaos.",1
ai_0883,"My basic take is that in politics, transparency would solve half the frustration. A lot of the conversation focuses on surface drama, but the deeper mechanics rarely get attention. When incentives are misaligned, people respond in predictable ways, and then everyone acts surprised. On the flip side, rapid change can create innovation. There are moments when disruption shakes loose outdated habits, and that energy can be useful. Still, without guardrails and follow through, momentum fades fast. In my view, acknowledging both sides actually makes the argument stronger instead of weaker. None of this is simple, but pretending it is makes it worse.",1
ai_0884,"I honestly think in tech, consistent rules beat flashy reforms. A lot of the conversation focuses on surface drama, but the deeper mechanics rarely get attention. When incentives are misaligned, people respond in predictable ways, and then everyone acts surprised. On the flip side, rapid change can create innovation. There are moments when disruption shakes loose outdated habits, and that energy can be useful. Still, without guardrails and follow through, momentum fades fast. In my view, acknowledging both sides actually makes the argument stronger instead of weaker. At the end of the day, steady progress beats chaos.",1
ai_0885,"I honestly think in health, execution is more important than branding. A lot of the conversation focuses on surface drama, but the deeper mechanics rarely get attention. When incentives are misaligned, people respond in predictable ways, and then everyone acts surprised. On the flip side, strong personalities sometimes push progress faster. There are moments when disruption shakes loose outdated habits, and that energy can be useful. Still, without guardrails and follow through, momentum fades fast. In my view, acknowledging both sides actually makes the argument stronger instead of weaker. It’s not glamorous, but boring systems usually win.",1
ai_0886,"It seems clear to me that in sports, transparency would solve half the frustration. A lot of the conversation focuses on surface drama, but the deeper mechanics rarely get attention. When incentives are misaligned, people respond in predictable ways, and then everyone acts surprised. On the flip side, rapid change can create innovation. There are moments when disruption shakes loose outdated habits, and that energy can be useful. Still, without guardrails and follow through, momentum fades fast. In my view, acknowledging both sides actually makes the argument stronger instead of weaker. It’s not glamorous, but boring systems usually win.",1
ai_0887,"It seems clear to me that in economy, consistent rules beat flashy reforms. A lot of the conversation focuses on surface drama, but the deeper mechanics rarely get attention. When incentives are misaligned, people respond in predictable ways, and then everyone acts surprised. I get why some people argue that public pressure forces accountability. There are moments when disruption shakes loose outdated habits, and that energy can be useful. Still, without guardrails and follow through, momentum fades fast. In my view, acknowledging both sides actually makes the argument stronger instead of weaker. None of this is simple, but pretending it is makes it worse.",1
ai_0888,"My basic take is that in climate, transparency would solve half the frustration. A lot of the conversation focuses on surface drama, but the deeper mechanics rarely get attention. When incentives are misaligned, people respond in predictable ways, and then everyone acts surprised. The counterpoint is that public pressure forces accountability. There are moments when disruption shakes loose outdated habits, and that energy can be useful. Still, without guardrails and follow through, momentum fades fast. In my view, acknowledging both sides actually makes the argument stronger instead of weaker. None of this is simple, but pretending it is makes it worse.",1
ai_0889,"I’m pretty convinced that in campus life, execution is more important than branding. A lot of the conversation focuses on surface drama, but the deeper mechanics rarely get attention. When incentives are misaligned, people respond in predictable ways, and then everyone acts surprised. On the flip side, rapid change can create innovation. There are moments when disruption shakes loose outdated habits, and that energy can be useful. Still, without guardrails and follow through, momentum fades fast. In my view, acknowledging both sides actually makes the argument stronger instead of weaker. We can disagree on tactics without denying the tradeoffs.",1
ai_0890,"I’d argue that in politics, transparency would solve half the frustration. A lot of the conversation focuses on surface drama, but the deeper mechanics rarely get attention. When incentives are misaligned, people respond in predictable ways, and then everyone acts surprised. I get why some people argue that short term wins can build momentum. There are moments when disruption shakes loose outdated habits, and that energy can be useful. Still, without guardrails and follow through, momentum fades fast. In my view, acknowledging both sides actually makes the argument stronger instead of weaker. We can disagree on tactics without denying the tradeoffs.",1
ai_0891,"I’d argue that in tech, long term incentives matter more than loud debates. A lot of the conversation focuses on surface drama, but the deeper mechanics rarely get attention. When incentives are misaligned, people respond in predictable ways, and then everyone acts surprised. The counterpoint is that short term wins can build momentum. There are moments when disruption shakes loose outdated habits, and that energy can be useful. Still, without guardrails and follow through, momentum fades fast. In my view, acknowledging both sides actually makes the argument stronger instead of weaker. None of this is simple, but pretending it is makes it worse.",1
ai_0892,"My basic take is that in health, consistent rules beat flashy reforms. A lot of the conversation focuses on surface drama, but the deeper mechanics rarely get attention. When incentives are misaligned, people respond in predictable ways, and then everyone acts surprised. The counterpoint is that public pressure forces accountability. There are moments when disruption shakes loose outdated habits, and that energy can be useful. Still, without guardrails and follow through, momentum fades fast. In my view, acknowledging both sides actually makes the argument stronger instead of weaker. At the end of the day, steady progress beats chaos.",1
ai_0893,"My basic take is that in sports, long term incentives matter more than loud debates. A lot of the conversation focuses on surface drama, but the deeper mechanics rarely get attention. When incentives are misaligned, people respond in predictable ways, and then everyone acts surprised. The counterpoint is that public pressure forces accountability. There are moments when disruption shakes loose outdated habits, and that energy can be useful. Still, without guardrails and follow through, momentum fades fast. In my view, acknowledging both sides actually makes the argument stronger instead of weaker. None of this is simple, but pretending it is makes it worse.",1
ai_0894,"My basic take is that in economy, structure drives outcomes more than individual willpower. A lot of the conversation focuses on surface drama, but the deeper mechanics rarely get attention. When incentives are misaligned, people respond in predictable ways, and then everyone acts surprised. To be fair, experimentation is necessary even if messy. There are moments when disruption shakes loose outdated habits, and that energy can be useful. Still, without guardrails and follow through, momentum fades fast. In my view, acknowledging both sides actually makes the argument stronger instead of weaker. It’s not glamorous, but boring systems usually win.",1
ai_0895,"It seems clear to me that in climate, execution is more important than branding. A lot of the conversation focuses on surface drama, but the deeper mechanics rarely get attention. When incentives are misaligned, people respond in predictable ways, and then everyone acts surprised. To be fair, rapid change can create innovation. There are moments when disruption shakes loose outdated habits, and that energy can be useful. Still, without guardrails and follow through, momentum fades fast. In my view, acknowledging both sides actually makes the argument stronger instead of weaker. It’s not glamorous, but boring systems usually win.",1
ai_0896,"I’m pretty convinced that in campus life, structure drives outcomes more than individual willpower. A lot of the conversation focuses on surface drama, but the deeper mechanics rarely get attention. When incentives are misaligned, people respond in predictable ways, and then everyone acts surprised. The counterpoint is that public pressure forces accountability. There are moments when disruption shakes loose outdated habits, and that energy can be useful. Still, without guardrails and follow through, momentum fades fast. In my view, acknowledging both sides actually makes the argument stronger instead of weaker. A little patience would probably calm things down.",1
ai_0897,"I honestly think in politics, long term incentives matter more than loud debates. A lot of the conversation focuses on surface drama, but the deeper mechanics rarely get attention. When incentives are misaligned, people respond in predictable ways, and then everyone acts surprised. I get why some people argue that public pressure forces accountability. There are moments when disruption shakes loose outdated habits, and that energy can be useful. Still, without guardrails and follow through, momentum fades fast. In my view, acknowledging both sides actually makes the argument stronger instead of weaker. A little patience would probably calm things down.",1
ai_0898,"I’d argue that in tech, consistent rules beat flashy reforms. A lot of the conversation focuses on surface drama, but the deeper mechanics rarely get attention. When incentives are misaligned, people respond in predictable ways, and then everyone acts surprised. The counterpoint is that experimentation is necessary even if messy. There are moments when disruption shakes loose outdated habits, and that energy can be useful. Still, without guardrails and follow through, momentum fades fast. In my view, acknowledging both sides actually makes the argument stronger instead of weaker. None of this is simple, but pretending it is makes it worse.",1
ai_0899,"I honestly think in health, execution is more important than branding. A lot of the conversation focuses on surface drama, but the deeper mechanics rarely get attention. When incentives are misaligned, people respond in predictable ways, and then everyone acts surprised. The counterpoint is that rapid change can create innovation. There are moments when disruption shakes loose outdated habits, and that energy can be useful. Still, without guardrails and follow through, momentum fades fast. In my view, acknowledging both sides actually makes the argument stronger instead of weaker. A little patience would probably calm things down.",1
ai_0900,"I honestly think in sports, transparency would solve half the frustration. A lot of the conversation focuses on surface drama, but the deeper mechanics rarely get attention. When incentives are misaligned, people respond in predictable ways, and then everyone acts surprised. On the flip side, public pressure forces accountability. There are moments when disruption shakes loose outdated habits, and that energy can be useful. Still, without guardrails and follow through, momentum fades fast. In my view, acknowledging both sides actually makes the argument stronger instead of weaker. None of this is simple, but pretending it is makes it worse.",1
ai_0901,"I honestly think in economy, transparency would solve half the frustration. A lot of the conversation focuses on surface drama, but the deeper mechanics rarely get attention. When incentives are misaligned, people respond in predictable ways, and then everyone acts surprised. That said, short term wins can build momentum. There are moments when disruption shakes loose outdated habits, and that energy can be useful. Still, without guardrails and follow through, momentum fades fast. In my view, acknowledging both sides actually makes the argument stronger instead of weaker. We can disagree on tactics without denying the tradeoffs.",1
ai_0902,"I’d argue that in climate, consistent rules beat flashy reforms. A lot of the conversation focuses on surface drama, but the deeper mechanics rarely get attention. When incentives are misaligned, people respond in predictable ways, and then everyone acts surprised. To be fair, strong personalities sometimes push progress faster. There are moments when disruption shakes loose outdated habits, and that energy can be useful. Still, without guardrails and follow through, momentum fades fast. In my view, acknowledging both sides actually makes the argument stronger instead of weaker. We can disagree on tactics without denying the tradeoffs.",1
ai_0903,"I honestly think in campus life, consistent rules beat flashy reforms. A lot of the conversation focuses on surface drama, but the deeper mechanics rarely get attention. When incentives are misaligned, people respond in predictable ways, and then everyone acts surprised. To be fair, short term wins can build momentum. There are moments when disruption shakes loose outdated habits, and that energy can be useful. Still, without guardrails and follow through, momentum fades fast. In my view, acknowledging both sides actually makes the argument stronger instead of weaker. We can disagree on tactics without denying the tradeoffs.",1
ai_0904,"I’m pretty convinced that in politics, long term incentives matter more than loud debates. A lot of the conversation focuses on surface drama, but the deeper mechanics rarely get attention. When incentives are misaligned, people respond in predictable ways, and then everyone acts surprised. The counterpoint is that experimentation is necessary even if messy. There are moments when disruption shakes loose outdated habits, and that energy can be useful. Still, without guardrails and follow through, momentum fades fast. In my view, acknowledging both sides actually makes the argument stronger instead of weaker. At the end of the day, steady progress beats chaos.",1
ai_0905,"I’d argue that in tech, long term incentives matter more than loud debates. A lot of the conversation focuses on surface drama, but the deeper mechanics rarely get attention. When incentives are misaligned, people respond in predictable ways, and then everyone acts surprised. I get why some people argue that rapid change can create innovation. There are moments when disruption shakes loose outdated habits, and that energy can be useful. Still, without guardrails and follow through, momentum fades fast. In my view, acknowledging both sides actually makes the argument stronger instead of weaker. At the end of the day, steady progress beats chaos.",1
ai_0906,"It seems clear to me that in health, consistent rules beat flashy reforms. A lot of the conversation focuses on surface drama, but the deeper mechanics rarely get attention. When incentives are misaligned, people respond in predictable ways, and then everyone acts surprised. I get why some people argue that experimentation is necessary even if messy. There are moments when disruption shakes loose outdated habits, and that energy can be useful. Still, without guardrails and follow through, momentum fades fast. In my view, acknowledging both sides actually makes the argument stronger instead of weaker. A little patience would probably calm things down.",1
ai_0907,"It seems clear to me that in sports, long term incentives matter more than loud debates. A lot of the conversation focuses on surface drama, but the deeper mechanics rarely get attention. When incentives are misaligned, people respond in predictable ways, and then everyone acts surprised. That said, public pressure forces accountability. There are moments when disruption shakes loose outdated habits, and that energy can be useful. Still, without guardrails and follow through, momentum fades fast. In my view, acknowledging both sides actually makes the argument stronger instead of weaker. We can disagree on tactics without denying the tradeoffs.",1
ai_0908,"I’d argue that in economy, long term incentives matter more than loud debates. A lot of the conversation focuses on surface drama, but the deeper mechanics rarely get attention. When incentives are misaligned, people respond in predictable ways, and then everyone acts surprised. To be fair, short term wins can build momentum. There are moments when disruption shakes loose outdated habits, and that energy can be useful. Still, without guardrails and follow through, momentum fades fast. In my view, acknowledging both sides actually makes the argument stronger instead of weaker. It’s not glamorous, but boring systems usually win.",1
ai_0909,"It seems clear to me that in climate, long term incentives matter more than loud debates. A lot of the conversation focuses on surface drama, but the deeper mechanics rarely get attention. When incentives are misaligned, people respond in predictable ways, and then everyone acts surprised. The counterpoint is that rapid change can create innovation. There are moments when disruption shakes loose outdated habits, and that energy can be useful. Still, without guardrails and follow through, momentum fades fast. In my view, acknowledging both sides actually makes the argument stronger instead of weaker. We can disagree on tactics without denying the tradeoffs.",1
ai_0910,"It seems clear to me that in campus life, consistent rules beat flashy reforms. A lot of the conversation focuses on surface drama, but the deeper mechanics rarely get attention. When incentives are misaligned, people respond in predictable ways, and then everyone acts surprised. The counterpoint is that rapid change can create innovation. There are moments when disruption shakes loose outdated habits, and that energy can be useful. Still, without guardrails and follow through, momentum fades fast. In my view, acknowledging both sides actually makes the argument stronger instead of weaker. It’s not glamorous, but boring systems usually win.",1
ai_0911,"I’m pretty convinced that in politics, transparency would solve half the frustration. A lot of the conversation focuses on surface drama, but the deeper mechanics rarely get attention. When incentives are misaligned, people respond in predictable ways, and then everyone acts surprised. On the flip side, public pressure forces accountability. There are moments when disruption shakes loose outdated habits, and that energy can be useful. Still, without guardrails and follow through, momentum fades fast. In my view, acknowledging both sides actually makes the argument stronger instead of weaker. We can disagree on tactics without denying the tradeoffs.",1
ai_0912,"I’m pretty convinced that in tech, execution is more important than branding. A lot of the conversation focuses on surface drama, but the deeper mechanics rarely get attention. When incentives are misaligned, people respond in predictable ways, and then everyone acts surprised. That said, strong personalities sometimes push progress faster. There are moments when disruption shakes loose outdated habits, and that energy can be useful. Still, without guardrails and follow through, momentum fades fast. In my view, acknowledging both sides actually makes the argument stronger instead of weaker. We can disagree on tactics without denying the tradeoffs.",1
ai_0913,"My basic take is that in health, execution is more important than branding. A lot of the conversation focuses on surface drama, but the deeper mechanics rarely get attention. When incentives are misaligned, people respond in predictable ways, and then everyone acts surprised. That said, experimentation is necessary even if messy. There are moments when disruption shakes loose outdated habits, and that energy can be useful. Still, without guardrails and follow through, momentum fades fast. In my view, acknowledging both sides actually makes the argument stronger instead of weaker. We can disagree on tactics without denying the tradeoffs.",1
ai_0914,"My basic take is that in sports, transparency would solve half the frustration. A lot of the conversation focuses on surface drama, but the deeper mechanics rarely get attention. When incentives are misaligned, people respond in predictable ways, and then everyone acts surprised. On the flip side, experimentation is necessary even if messy. There are moments when disruption shakes loose outdated habits, and that energy can be useful. Still, without guardrails and follow through, momentum fades fast. In my view, acknowledging both sides actually makes the argument stronger instead of weaker. It’s not glamorous, but boring systems usually win.",1
ai_0915,"I’m pretty convinced that in economy, execution is more important than branding. A lot of the conversation focuses on surface drama, but the deeper mechanics rarely get attention. When incentives are misaligned, people respond in predictable ways, and then everyone acts surprised. I get why some people argue that short term wins can build momentum. There are moments when disruption shakes loose outdated habits, and that energy can be useful. Still, without guardrails and follow through, momentum fades fast. In my view, acknowledging both sides actually makes the argument stronger instead of weaker. We can disagree on tactics without denying the tradeoffs.",1
ai_0916,"I honestly think in climate, structure drives outcomes more than individual willpower. A lot of the conversation focuses on surface drama, but the deeper mechanics rarely get attention. When incentives are misaligned, people respond in predictable ways, and then everyone acts surprised. The counterpoint is that strong personalities sometimes push progress faster. There are moments when disruption shakes loose outdated habits, and that energy can be useful. Still, without guardrails and follow through, momentum fades fast. In my view, acknowledging both sides actually makes the argument stronger instead of weaker. At the end of the day, steady progress beats chaos.",1
ai_0917,"I’d argue that in campus life, execution is more important than branding. A lot of the conversation focuses on surface drama, but the deeper mechanics rarely get attention. When incentives are misaligned, people respond in predictable ways, and then everyone acts surprised. That said, short term wins can build momentum. There are moments when disruption shakes loose outdated habits, and that energy can be useful. Still, without guardrails and follow through, momentum fades fast. In my view, acknowledging both sides actually makes the argument stronger instead of weaker. At the end of the day, steady progress beats chaos.",1
ai_0918,"I’m pretty convinced that in politics, transparency would solve half the frustration. A lot of the conversation focuses on surface drama, but the deeper mechanics rarely get attention. When incentives are misaligned, people respond in predictable ways, and then everyone acts surprised. On the flip side, public pressure forces accountability. There are moments when disruption shakes loose outdated habits, and that energy can be useful. Still, without guardrails and follow through, momentum fades fast. In my view, acknowledging both sides actually makes the argument stronger instead of weaker. It’s not glamorous, but boring systems usually win.",1
ai_0919,"I’m pretty convinced that in tech, long term incentives matter more than loud debates. A lot of the conversation focuses on surface drama, but the deeper mechanics rarely get attention. When incentives are misaligned, people respond in predictable ways, and then everyone acts surprised. On the flip side, public pressure forces accountability. There are moments when disruption shakes loose outdated habits, and that energy can be useful. Still, without guardrails and follow through, momentum fades fast. In my view, acknowledging both sides actually makes the argument stronger instead of weaker. None of this is simple, but pretending it is makes it worse.",1
ai_0920,"I’d argue that in health, execution is more important than branding. A lot of the conversation focuses on surface drama, but the deeper mechanics rarely get attention. When incentives are misaligned, people respond in predictable ways, and then everyone acts surprised. The counterpoint is that short term wins can build momentum. There are moments when disruption shakes loose outdated habits, and that energy can be useful. Still, without guardrails and follow through, momentum fades fast. In my view, acknowledging both sides actually makes the argument stronger instead of weaker. At the end of the day, steady progress beats chaos.",1
ai_0921,"I’d argue that in sports, execution is more important than branding. A lot of the conversation focuses on surface drama, but the deeper mechanics rarely get attention. When incentives are misaligned, people respond in predictable ways, and then everyone acts surprised. To be fair, strong personalities sometimes push progress faster. There are moments when disruption shakes loose outdated habits, and that energy can be useful. Still, without guardrails and follow through, momentum fades fast. In my view, acknowledging both sides actually makes the argument stronger instead of weaker. At the end of the day, steady progress beats chaos.",1
ai_0922,"I’m pretty convinced that in economy, long term incentives matter more than loud debates. A lot of the conversation focuses on surface drama, but the deeper mechanics rarely get attention. When incentives are misaligned, people respond in predictable ways, and then everyone acts surprised. The counterpoint is that short term wins can build momentum. There are moments when disruption shakes loose outdated habits, and that energy can be useful. Still, without guardrails and follow through, momentum fades fast. In my view, acknowledging both sides actually makes the argument stronger instead of weaker. None of this is simple, but pretending it is makes it worse.",1
ai_0923,"It seems clear to me that in climate, transparency would solve half the frustration. A lot of the conversation focuses on surface drama, but the deeper mechanics rarely get attention. When incentives are misaligned, people respond in predictable ways, and then everyone acts surprised. That said, experimentation is necessary even if messy. There are moments when disruption shakes loose outdated habits, and that energy can be useful. Still, without guardrails and follow through, momentum fades fast. In my view, acknowledging both sides actually makes the argument stronger instead of weaker. It’s not glamorous, but boring systems usually win.",1
ai_0924,"I honestly think in campus life, consistent rules beat flashy reforms. A lot of the conversation focuses on surface drama, but the deeper mechanics rarely get attention. When incentives are misaligned, people respond in predictable ways, and then everyone acts surprised. On the flip side, experimentation is necessary even if messy. There are moments when disruption shakes loose outdated habits, and that energy can be useful. Still, without guardrails and follow through, momentum fades fast. In my view, acknowledging both sides actually makes the argument stronger instead of weaker. At the end of the day, steady progress beats chaos.",1
ai_0925,"I’d argue that in politics, transparency would solve half the frustration. A lot of the conversation focuses on surface drama, but the deeper mechanics rarely get attention. When incentives are misaligned, people respond in predictable ways, and then everyone acts surprised. The counterpoint is that rapid change can create innovation. There are moments when disruption shakes loose outdated habits, and that energy can be useful. Still, without guardrails and follow through, momentum fades fast. In my view, acknowledging both sides actually makes the argument stronger instead of weaker. At the end of the day, steady progress beats chaos.",1
ai_0926,"My basic take is that in tech, structure drives outcomes more than individual willpower. A lot of the conversation focuses on surface drama, but the deeper mechanics rarely get attention. When incentives are misaligned, people respond in predictable ways, and then everyone acts surprised. To be fair, rapid change can create innovation. There are moments when disruption shakes loose outdated habits, and that energy can be useful. Still, without guardrails and follow through, momentum fades fast. In my view, acknowledging both sides actually makes the argument stronger instead of weaker. None of this is simple, but pretending it is makes it worse.",1
ai_0927,"I’m pretty convinced that in health, transparency would solve half the frustration. A lot of the conversation focuses on surface drama, but the deeper mechanics rarely get attention. When incentives are misaligned, people respond in predictable ways, and then everyone acts surprised. To be fair, experimentation is necessary even if messy. There are moments when disruption shakes loose outdated habits, and that energy can be useful. Still, without guardrails and follow through, momentum fades fast. In my view, acknowledging both sides actually makes the argument stronger instead of weaker. A little patience would probably calm things down.",1
ai_0928,"I honestly think in sports, execution is more important than branding. A lot of the conversation focuses on surface drama, but the deeper mechanics rarely get attention. When incentives are misaligned, people respond in predictable ways, and then everyone acts surprised. The counterpoint is that strong personalities sometimes push progress faster. There are moments when disruption shakes loose outdated habits, and that energy can be useful. Still, without guardrails and follow through, momentum fades fast. In my view, acknowledging both sides actually makes the argument stronger instead of weaker. None of this is simple, but pretending it is makes it worse.",1
ai_0929,"I’m pretty convinced that in economy, structure drives outcomes more than individual willpower. A lot of the conversation focuses on surface drama, but the deeper mechanics rarely get attention. When incentives are misaligned, people respond in predictable ways, and then everyone acts surprised. To be fair, experimentation is necessary even if messy. There are moments when disruption shakes loose outdated habits, and that energy can be useful. Still, without guardrails and follow through, momentum fades fast. In my view, acknowledging both sides actually makes the argument stronger instead of weaker. It’s not glamorous, but boring systems usually win.",1
ai_0930,"I honestly think in climate, consistent rules beat flashy reforms. A lot of the conversation focuses on surface drama, but the deeper mechanics rarely get attention. When incentives are misaligned, people respond in predictable ways, and then everyone acts surprised. On the flip side, public pressure forces accountability. There are moments when disruption shakes loose outdated habits, and that energy can be useful. Still, without guardrails and follow through, momentum fades fast. In my view, acknowledging both sides actually makes the argument stronger instead of weaker. None of this is simple, but pretending it is makes it worse.",1
ai_0931,"My basic take is that in campus life, consistent rules beat flashy reforms. A lot of the conversation focuses on surface drama, but the deeper mechanics rarely get attention. When incentives are misaligned, people respond in predictable ways, and then everyone acts surprised. That said, short term wins can build momentum. There are moments when disruption shakes loose outdated habits, and that energy can be useful. Still, without guardrails and follow through, momentum fades fast. In my view, acknowledging both sides actually makes the argument stronger instead of weaker. None of this is simple, but pretending it is makes it worse.",1
ai_0932,"It seems clear to me that in politics, consistent rules beat flashy reforms. A lot of the conversation focuses on surface drama, but the deeper mechanics rarely get attention. When incentives are misaligned, people respond in predictable ways, and then everyone acts surprised. On the flip side, experimentation is necessary even if messy. There are moments when disruption shakes loose outdated habits, and that energy can be useful. Still, without guardrails and follow through, momentum fades fast. In my view, acknowledging both sides actually makes the argument stronger instead of weaker. It’s not glamorous, but boring systems usually win.",1
ai_0933,"I’d argue that in tech, structure drives outcomes more than individual willpower. A lot of the conversation focuses on surface drama, but the deeper mechanics rarely get attention. When incentives are misaligned, people respond in predictable ways, and then everyone acts surprised. On the flip side, experimentation is necessary even if messy. There are moments when disruption shakes loose outdated habits, and that energy can be useful. Still, without guardrails and follow through, momentum fades fast. In my view, acknowledging both sides actually makes the argument stronger instead of weaker. It’s not glamorous, but boring systems usually win.",1
ai_0934,"I’d argue that in health, transparency would solve half the frustration. A lot of the conversation focuses on surface drama, but the deeper mechanics rarely get attention. When incentives are misaligned, people respond in predictable ways, and then everyone acts surprised. To be fair, public pressure forces accountability. There are moments when disruption shakes loose outdated habits, and that energy can be useful. Still, without guardrails and follow through, momentum fades fast. In my view, acknowledging both sides actually makes the argument stronger instead of weaker. It’s not glamorous, but boring systems usually win.",1
ai_0935,"It seems clear to me that in sports, consistent rules beat flashy reforms. A lot of the conversation focuses on surface drama, but the deeper mechanics rarely get attention. When incentives are misaligned, people respond in predictable ways, and then everyone acts surprised. That said, short term wins can build momentum. There are moments when disruption shakes loose outdated habits, and that energy can be useful. Still, without guardrails and follow through, momentum fades fast. In my view, acknowledging both sides actually makes the argument stronger instead of weaker. None of this is simple, but pretending it is makes it worse.",1
ai_0936,"I’d argue that in economy, consistent rules beat flashy reforms. A lot of the conversation focuses on surface drama, but the deeper mechanics rarely get attention. When incentives are misaligned, people respond in predictable ways, and then everyone acts surprised. To be fair, strong personalities sometimes push progress faster. There are moments when disruption shakes loose outdated habits, and that energy can be useful. Still, without guardrails and follow through, momentum fades fast. In my view, acknowledging both sides actually makes the argument stronger instead of weaker. It’s not glamorous, but boring systems usually win.",1
ai_0937,"I honestly think in climate, execution is more important than branding. A lot of the conversation focuses on surface drama, but the deeper mechanics rarely get attention. When incentives are misaligned, people respond in predictable ways, and then everyone acts surprised. That said, strong personalities sometimes push progress faster. There are moments when disruption shakes loose outdated habits, and that energy can be useful. Still, without guardrails and follow through, momentum fades fast. In my view, acknowledging both sides actually makes the argument stronger instead of weaker. At the end of the day, steady progress beats chaos.",1
ai_0938,"It seems clear to me that in campus life, transparency would solve half the frustration. A lot of the conversation focuses on surface drama, but the deeper mechanics rarely get attention. When incentives are misaligned, people respond in predictable ways, and then everyone acts surprised. On the flip side, public pressure forces accountability. There are moments when disruption shakes loose outdated habits, and that energy can be useful. Still, without guardrails and follow through, momentum fades fast. In my view, acknowledging both sides actually makes the argument stronger instead of weaker. At the end of the day, steady progress beats chaos.",1
ai_0939,"I honestly think in politics, consistent rules beat flashy reforms. A lot of the conversation focuses on surface drama, but the deeper mechanics rarely get attention. When incentives are misaligned, people respond in predictable ways, and then everyone acts surprised. That said, strong personalities sometimes push progress faster. There are moments when disruption shakes loose outdated habits, and that energy can be useful. Still, without guardrails and follow through, momentum fades fast. In my view, acknowledging both sides actually makes the argument stronger instead of weaker. A little patience would probably calm things down.",1
ai_0940,"I honestly think in tech, consistent rules beat flashy reforms. A lot of the conversation focuses on surface drama, but the deeper mechanics rarely get attention. When incentives are misaligned, people respond in predictable ways, and then everyone acts surprised. I get why some people argue that strong personalities sometimes push progress faster. There are moments when disruption shakes loose outdated habits, and that energy can be useful. Still, without guardrails and follow through, momentum fades fast. In my view, acknowledging both sides actually makes the argument stronger instead of weaker. A little patience would probably calm things down.",1
ai_0941,"It seems clear to me that in health, long term incentives matter more than loud debates. A lot of the conversation focuses on surface drama, but the deeper mechanics rarely get attention. When incentives are misaligned, people respond in predictable ways, and then everyone acts surprised. That said, short term wins can build momentum. There are moments when disruption shakes loose outdated habits, and that energy can be useful. Still, without guardrails and follow through, momentum fades fast. In my view, acknowledging both sides actually makes the argument stronger instead of weaker. It’s not glamorous, but boring systems usually win.",1
ai_0942,"My basic take is that in sports, long term incentives matter more than loud debates. A lot of the conversation focuses on surface drama, but the deeper mechanics rarely get attention. When incentives are misaligned, people respond in predictable ways, and then everyone acts surprised. To be fair, public pressure forces accountability. There are moments when disruption shakes loose outdated habits, and that energy can be useful. Still, without guardrails and follow through, momentum fades fast. In my view, acknowledging both sides actually makes the argument stronger instead of weaker. It’s not glamorous, but boring systems usually win.",1
ai_0943,"I’m pretty convinced that in economy, consistent rules beat flashy reforms. A lot of the conversation focuses on surface drama, but the deeper mechanics rarely get attention. When incentives are misaligned, people respond in predictable ways, and then everyone acts surprised. To be fair, rapid change can create innovation. There are moments when disruption shakes loose outdated habits, and that energy can be useful. Still, without guardrails and follow through, momentum fades fast. In my view, acknowledging both sides actually makes the argument stronger instead of weaker. At the end of the day, steady progress beats chaos.",1
ai_0944,"I’m pretty convinced that in climate, execution is more important than branding. A lot of the conversation focuses on surface drama, but the deeper mechanics rarely get attention. When incentives are misaligned, people respond in predictable ways, and then everyone acts surprised. That said, strong personalities sometimes push progress faster. There are moments when disruption shakes loose outdated habits, and that energy can be useful. Still, without guardrails and follow through, momentum fades fast. In my view, acknowledging both sides actually makes the argument stronger instead of weaker. A little patience would probably calm things down.",1
ai_0945,"I’m pretty convinced that in campus life, long term incentives matter more than loud debates. A lot of the conversation focuses on surface drama, but the deeper mechanics rarely get attention. When incentives are misaligned, people respond in predictable ways, and then everyone acts surprised. To be fair, experimentation is necessary even if messy. There are moments when disruption shakes loose outdated habits, and that energy can be useful. Still, without guardrails and follow through, momentum fades fast. In my view, acknowledging both sides actually makes the argument stronger instead of weaker. We can disagree on tactics without denying the tradeoffs.",1
ai_0946,"It seems clear to me that in politics, long term incentives matter more than loud debates. A lot of the conversation focuses on surface drama, but the deeper mechanics rarely get attention. When incentives are misaligned, people respond in predictable ways, and then everyone acts surprised. The counterpoint is that public pressure forces accountability. There are moments when disruption shakes loose outdated habits, and that energy can be useful. Still, without guardrails and follow through, momentum fades fast. In my view, acknowledging both sides actually makes the argument stronger instead of weaker. None of this is simple, but pretending it is makes it worse.",1
ai_0947,"I’m pretty convinced that in tech, execution is more important than branding. A lot of the conversation focuses on surface drama, but the deeper mechanics rarely get attention. When incentives are misaligned, people respond in predictable ways, and then everyone acts surprised. To be fair, rapid change can create innovation. There are moments when disruption shakes loose outdated habits, and that energy can be useful. Still, without guardrails and follow through, momentum fades fast. In my view, acknowledging both sides actually makes the argument stronger instead of weaker. At the end of the day, steady progress beats chaos.",1
ai_0948,"My basic take is that in health, long term incentives matter more than loud debates. A lot of the conversation focuses on surface drama, but the deeper mechanics rarely get attention. When incentives are misaligned, people respond in predictable ways, and then everyone acts surprised. The counterpoint is that rapid change can create innovation. There are moments when disruption shakes loose outdated habits, and that energy can be useful. Still, without guardrails and follow through, momentum fades fast. In my view, acknowledging both sides actually makes the argument stronger instead of weaker. None of this is simple, but pretending it is makes it worse.",1
ai_0949,"I honestly think in sports, execution is more important than branding. A lot of the conversation focuses on surface drama, but the deeper mechanics rarely get attention. When incentives are misaligned, people respond in predictable ways, and then everyone acts surprised. I get why some people argue that public pressure forces accountability. There are moments when disruption shakes loose outdated habits, and that energy can be useful. Still, without guardrails and follow through, momentum fades fast. In my view, acknowledging both sides actually makes the argument stronger instead of weaker. None of this is simple, but pretending it is makes it worse.",1
ai_0950,"It seems clear to me that in economy, consistent rules beat flashy reforms. A lot of the conversation focuses on surface drama, but the deeper mechanics rarely get attention. When incentives are misaligned, people respond in predictable ways, and then everyone acts surprised. The counterpoint is that public pressure forces accountability. There are moments when disruption shakes loose outdated habits, and that energy can be useful. Still, without guardrails and follow through, momentum fades fast. In my view, acknowledging both sides actually makes the argument stronger instead of weaker. A little patience would probably calm things down.",1
ai_0951,"I’d argue that in climate, transparency would solve half the frustration. A lot of the conversation focuses on surface drama, but the deeper mechanics rarely get attention. When incentives are misaligned, people respond in predictable ways, and then everyone acts surprised. That said, strong personalities sometimes push progress faster. There are moments when disruption shakes loose outdated habits, and that energy can be useful. Still, without guardrails and follow through, momentum fades fast. In my view, acknowledging both sides actually makes the argument stronger instead of weaker. At the end of the day, steady progress beats chaos.",1
ai_0952,"I’m pretty convinced that in campus life, structure drives outcomes more than individual willpower. A lot of the conversation focuses on surface drama, but the deeper mechanics rarely get attention. When incentives are misaligned, people respond in predictable ways, and then everyone acts surprised. To be fair, strong personalities sometimes push progress faster. There are moments when disruption shakes loose outdated habits, and that energy can be useful. Still, without guardrails and follow through, momentum fades fast. In my view, acknowledging both sides actually makes the argument stronger instead of weaker. A little patience would probably calm things down.",1
ai_0953,"It seems clear to me that in politics, long term incentives matter more than loud debates. A lot of the conversation focuses on surface drama, but the deeper mechanics rarely get attention. When incentives are misaligned, people respond in predictable ways, and then everyone acts surprised. On the flip side, public pressure forces accountability. There are moments when disruption shakes loose outdated habits, and that energy can be useful. Still, without guardrails and follow through, momentum fades fast. In my view, acknowledging both sides actually makes the argument stronger instead of weaker. It’s not glamorous, but boring systems usually win.",1
ai_0954,"It seems clear to me that in tech, consistent rules beat flashy reforms. A lot of the conversation focuses on surface drama, but the deeper mechanics rarely get attention. When incentives are misaligned, people respond in predictable ways, and then everyone acts surprised. To be fair, rapid change can create innovation. There are moments when disruption shakes loose outdated habits, and that energy can be useful. Still, without guardrails and follow through, momentum fades fast. In my view, acknowledging both sides actually makes the argument stronger instead of weaker. A little patience would probably calm things down.",1
ai_0955,"I’d argue that in health, consistent rules beat flashy reforms. A lot of the conversation focuses on surface drama, but the deeper mechanics rarely get attention. When incentives are misaligned, people respond in predictable ways, and then everyone acts surprised. The counterpoint is that strong personalities sometimes push progress faster. There are moments when disruption shakes loose outdated habits, and that energy can be useful. Still, without guardrails and follow through, momentum fades fast. In my view, acknowledging both sides actually makes the argument stronger instead of weaker. None of this is simple, but pretending it is makes it worse.",1
ai_0956,"I honestly think in sports, structure drives outcomes more than individual willpower. A lot of the conversation focuses on surface drama, but the deeper mechanics rarely get attention. When incentives are misaligned, people respond in predictable ways, and then everyone acts surprised. I get why some people argue that rapid change can create innovation. There are moments when disruption shakes loose outdated habits, and that energy can be useful. Still, without guardrails and follow through, momentum fades fast. In my view, acknowledging both sides actually makes the argument stronger instead of weaker. We can disagree on tactics without denying the tradeoffs.",1
ai_0957,"I’d argue that in economy, consistent rules beat flashy reforms. A lot of the conversation focuses on surface drama, but the deeper mechanics rarely get attention. When incentives are misaligned, people respond in predictable ways, and then everyone acts surprised. That said, public pressure forces accountability. There are moments when disruption shakes loose outdated habits, and that energy can be useful. Still, without guardrails and follow through, momentum fades fast. In my view, acknowledging both sides actually makes the argument stronger instead of weaker. It’s not glamorous, but boring systems usually win.",1
ai_0958,"My basic take is that in climate, transparency would solve half the frustration. A lot of the conversation focuses on surface drama, but the deeper mechanics rarely get attention. When incentives are misaligned, people respond in predictable ways, and then everyone acts surprised. To be fair, short term wins can build momentum. There are moments when disruption shakes loose outdated habits, and that energy can be useful. Still, without guardrails and follow through, momentum fades fast. In my view, acknowledging both sides actually makes the argument stronger instead of weaker. We can disagree on tactics without denying the tradeoffs.",1
ai_0959,"I’m pretty convinced that in campus life, consistent rules beat flashy reforms. A lot of the conversation focuses on surface drama, but the deeper mechanics rarely get attention. When incentives are misaligned, people respond in predictable ways, and then everyone acts surprised. On the flip side, short term wins can build momentum. There are moments when disruption shakes loose outdated habits, and that energy can be useful. Still, without guardrails and follow through, momentum fades fast. In my view, acknowledging both sides actually makes the argument stronger instead of weaker. A little patience would probably calm things down.",1
ai_0960,"I’d argue that in politics, long term incentives matter more than loud debates. A lot of the conversation focuses on surface drama, but the deeper mechanics rarely get attention. When incentives are misaligned, people respond in predictable ways, and then everyone acts surprised. The counterpoint is that public pressure forces accountability. There are moments when disruption shakes loose outdated habits, and that energy can be useful. Still, without guardrails and follow through, momentum fades fast. In my view, acknowledging both sides actually makes the argument stronger instead of weaker. We can disagree on tactics without denying the tradeoffs.",1
ai_0961,"I’d argue that in tech, execution is more important than branding. A lot of the conversation focuses on surface drama, but the deeper mechanics rarely get attention. When incentives are misaligned, people respond in predictable ways, and then everyone acts surprised. The counterpoint is that rapid change can create innovation. There are moments when disruption shakes loose outdated habits, and that energy can be useful. Still, without guardrails and follow through, momentum fades fast. In my view, acknowledging both sides actually makes the argument stronger instead of weaker. A little patience would probably calm things down.",1
ai_0962,"I honestly think in health, execution is more important than branding. A lot of the conversation focuses on surface drama, but the deeper mechanics rarely get attention. When incentives are misaligned, people respond in predictable ways, and then everyone acts surprised. On the flip side, experimentation is necessary even if messy. There are moments when disruption shakes loose outdated habits, and that energy can be useful. Still, without guardrails and follow through, momentum fades fast. In my view, acknowledging both sides actually makes the argument stronger instead of weaker. None of this is simple, but pretending it is makes it worse.",1
ai_0963,"I’m pretty convinced that in sports, execution is more important than branding. A lot of the conversation focuses on surface drama, but the deeper mechanics rarely get attention. When incentives are misaligned, people respond in predictable ways, and then everyone acts surprised. To be fair, experimentation is necessary even if messy. There are moments when disruption shakes loose outdated habits, and that energy can be useful. Still, without guardrails and follow through, momentum fades fast. In my view, acknowledging both sides actually makes the argument stronger instead of weaker. We can disagree on tactics without denying the tradeoffs.",1
ai_0964,"I honestly think in economy, long term incentives matter more than loud debates. A lot of the conversation focuses on surface drama, but the deeper mechanics rarely get attention. When incentives are misaligned, people respond in predictable ways, and then everyone acts surprised. On the flip side, experimentation is necessary even if messy. There are moments when disruption shakes loose outdated habits, and that energy can be useful. Still, without guardrails and follow through, momentum fades fast. In my view, acknowledging both sides actually makes the argument stronger instead of weaker. We can disagree on tactics without denying the tradeoffs.",1
ai_0965,"I honestly think in climate, structure drives outcomes more than individual willpower. A lot of the conversation focuses on surface drama, but the deeper mechanics rarely get attention. When incentives are misaligned, people respond in predictable ways, and then everyone acts surprised. I get why some people argue that strong personalities sometimes push progress faster. There are moments when disruption shakes loose outdated habits, and that energy can be useful. Still, without guardrails and follow through, momentum fades fast. In my view, acknowledging both sides actually makes the argument stronger instead of weaker. At the end of the day, steady progress beats chaos.",1
ai_0966,"I’d argue that in campus life, consistent rules beat flashy reforms. A lot of the conversation focuses on surface drama, but the deeper mechanics rarely get attention. When incentives are misaligned, people respond in predictable ways, and then everyone acts surprised. To be fair, public pressure forces accountability. There are moments when disruption shakes loose outdated habits, and that energy can be useful. Still, without guardrails and follow through, momentum fades fast. In my view, acknowledging both sides actually makes the argument stronger instead of weaker. A little patience would probably calm things down.",1
ai_0967,"My basic take is that in politics, consistent rules beat flashy reforms. A lot of the conversation focuses on surface drama, but the deeper mechanics rarely get attention. When incentives are misaligned, people respond in predictable ways, and then everyone acts surprised. That said, strong personalities sometimes push progress faster. There are moments when disruption shakes loose outdated habits, and that energy can be useful. Still, without guardrails and follow through, momentum fades fast. In my view, acknowledging both sides actually makes the argument stronger instead of weaker. We can disagree on tactics without denying the tradeoffs.",1
ai_0968,"I’d argue that in tech, transparency would solve half the frustration. A lot of the conversation focuses on surface drama, but the deeper mechanics rarely get attention. When incentives are misaligned, people respond in predictable ways, and then everyone acts surprised. I get why some people argue that short term wins can build momentum. There are moments when disruption shakes loose outdated habits, and that energy can be useful. Still, without guardrails and follow through, momentum fades fast. In my view, acknowledging both sides actually makes the argument stronger instead of weaker. None of this is simple, but pretending it is makes it worse.",1
ai_0969,"I’m pretty convinced that in health, structure drives outcomes more than individual willpower. A lot of the conversation focuses on surface drama, but the deeper mechanics rarely get attention. When incentives are misaligned, people respond in predictable ways, and then everyone acts surprised. That said, rapid change can create innovation. There are moments when disruption shakes loose outdated habits, and that energy can be useful. Still, without guardrails and follow through, momentum fades fast. In my view, acknowledging both sides actually makes the argument stronger instead of weaker. At the end of the day, steady progress beats chaos.",1
ai_0970,"My basic take is that in sports, execution is more important than branding. A lot of the conversation focuses on surface drama, but the deeper mechanics rarely get attention. When incentives are misaligned, people respond in predictable ways, and then everyone acts surprised. That said, experimentation is necessary even if messy. There are moments when disruption shakes loose outdated habits, and that energy can be useful. Still, without guardrails and follow through, momentum fades fast. In my view, acknowledging both sides actually makes the argument stronger instead of weaker. None of this is simple, but pretending it is makes it worse.",1
ai_0971,"I’d argue that in economy, transparency would solve half the frustration. A lot of the conversation focuses on surface drama, but the deeper mechanics rarely get attention. When incentives are misaligned, people respond in predictable ways, and then everyone acts surprised. That said, rapid change can create innovation. There are moments when disruption shakes loose outdated habits, and that energy can be useful. Still, without guardrails and follow through, momentum fades fast. In my view, acknowledging both sides actually makes the argument stronger instead of weaker. We can disagree on tactics without denying the tradeoffs.",1
ai_0972,"I honestly think in climate, consistent rules beat flashy reforms. A lot of the conversation focuses on surface drama, but the deeper mechanics rarely get attention. When incentives are misaligned, people respond in predictable ways, and then everyone acts surprised. That said, short term wins can build momentum. There are moments when disruption shakes loose outdated habits, and that energy can be useful. Still, without guardrails and follow through, momentum fades fast. In my view, acknowledging both sides actually makes the argument stronger instead of weaker. It’s not glamorous, but boring systems usually win.",1
ai_0973,"It seems clear to me that in campus life, structure drives outcomes more than individual willpower. A lot of the conversation focuses on surface drama, but the deeper mechanics rarely get attention. When incentives are misaligned, people respond in predictable ways, and then everyone acts surprised. The counterpoint is that rapid change can create innovation. There are moments when disruption shakes loose outdated habits, and that energy can be useful. Still, without guardrails and follow through, momentum fades fast. In my view, acknowledging both sides actually makes the argument stronger instead of weaker. It’s not glamorous, but boring systems usually win.",1
ai_0974,"I honestly think in politics, transparency would solve half the frustration. A lot of the conversation focuses on surface drama, but the deeper mechanics rarely get attention. When incentives are misaligned, people respond in predictable ways, and then everyone acts surprised. I get why some people argue that public pressure forces accountability. There are moments when disruption shakes loose outdated habits, and that energy can be useful. Still, without guardrails and follow through, momentum fades fast. In my view, acknowledging both sides actually makes the argument stronger instead of weaker. It’s not glamorous, but boring systems usually win.",1
ai_0975,"I honestly think in tech, structure drives outcomes more than individual willpower. A lot of the conversation focuses on surface drama, but the deeper mechanics rarely get attention. When incentives are misaligned, people respond in predictable ways, and then everyone acts surprised. To be fair, experimentation is necessary even if messy. There are moments when disruption shakes loose outdated habits, and that energy can be useful. Still, without guardrails and follow through, momentum fades fast. In my view, acknowledging both sides actually makes the argument stronger instead of weaker. It’s not glamorous, but boring systems usually win.",1
ai_0976,"My basic take is that in health, consistent rules beat flashy reforms. A lot of the conversation focuses on surface drama, but the deeper mechanics rarely get attention. When incentives are misaligned, people respond in predictable ways, and then everyone acts surprised. To be fair, experimentation is necessary even if messy. There are moments when disruption shakes loose outdated habits, and that energy can be useful. Still, without guardrails and follow through, momentum fades fast. In my view, acknowledging both sides actually makes the argument stronger instead of weaker. At the end of the day, steady progress beats chaos.",1
ai_0977,"I’d argue that in sports, long term incentives matter more than loud debates. A lot of the conversation focuses on surface drama, but the deeper mechanics rarely get attention. When incentives are misaligned, people respond in predictable ways, and then everyone acts surprised. The counterpoint is that short term wins can build momentum. There are moments when disruption shakes loose outdated habits, and that energy can be useful. Still, without guardrails and follow through, momentum fades fast. In my view, acknowledging both sides actually makes the argument stronger instead of weaker. None of this is simple, but pretending it is makes it worse.",1
ai_0978,"I’m pretty convinced that in economy, long term incentives matter more than loud debates. A lot of the conversation focuses on surface drama, but the deeper mechanics rarely get attention. When incentives are misaligned, people respond in predictable ways, and then everyone acts surprised. To be fair, public pressure forces accountability. There are moments when disruption shakes loose outdated habits, and that energy can be useful. Still, without guardrails and follow through, momentum fades fast. In my view, acknowledging both sides actually makes the argument stronger instead of weaker. We can disagree on tactics without denying the tradeoffs.",1
ai_0979,"My basic take is that in climate, transparency would solve half the frustration. A lot of the conversation focuses on surface drama, but the deeper mechanics rarely get attention. When incentives are misaligned, people respond in predictable ways, and then everyone acts surprised. That said, rapid change can create innovation. There are moments when disruption shakes loose outdated habits, and that energy can be useful. Still, without guardrails and follow through, momentum fades fast. In my view, acknowledging both sides actually makes the argument stronger instead of weaker. We can disagree on tactics without denying the tradeoffs.",1
ai_0980,"I honestly think in campus life, consistent rules beat flashy reforms. A lot of the conversation focuses on surface drama, but the deeper mechanics rarely get attention. When incentives are misaligned, people respond in predictable ways, and then everyone acts surprised. To be fair, strong personalities sometimes push progress faster. There are moments when disruption shakes loose outdated habits, and that energy can be useful. Still, without guardrails and follow through, momentum fades fast. In my view, acknowledging both sides actually makes the argument stronger instead of weaker. We can disagree on tactics without denying the tradeoffs.",1
ai_0981,"I honestly think in politics, structure drives outcomes more than individual willpower. A lot of the conversation focuses on surface drama, but the deeper mechanics rarely get attention. When incentives are misaligned, people respond in predictable ways, and then everyone acts surprised. I get why some people argue that public pressure forces accountability. There are moments when disruption shakes loose outdated habits, and that energy can be useful. Still, without guardrails and follow through, momentum fades fast. In my view, acknowledging both sides actually makes the argument stronger instead of weaker. It’s not glamorous, but boring systems usually win.",1
ai_0982,"I’m pretty convinced that in tech, long term incentives matter more than loud debates. A lot of the conversation focuses on surface drama, but the deeper mechanics rarely get attention. When incentives are misaligned, people respond in predictable ways, and then everyone acts surprised. The counterpoint is that strong personalities sometimes push progress faster. There are moments when disruption shakes loose outdated habits, and that energy can be useful. Still, without guardrails and follow through, momentum fades fast. In my view, acknowledging both sides actually makes the argument stronger instead of weaker. None of this is simple, but pretending it is makes it worse.",1
ai_0983,"My basic take is that in health, long term incentives matter more than loud debates. A lot of the conversation focuses on surface drama, but the deeper mechanics rarely get attention. When incentives are misaligned, people respond in predictable ways, and then everyone acts surprised. On the flip side, experimentation is necessary even if messy. There are moments when disruption shakes loose outdated habits, and that energy can be useful. Still, without guardrails and follow through, momentum fades fast. In my view, acknowledging both sides actually makes the argument stronger instead of weaker. None of this is simple, but pretending it is makes it worse.",1
ai_0984,"I honestly think in sports, long term incentives matter more than loud debates. A lot of the conversation focuses on surface drama, but the deeper mechanics rarely get attention. When incentives are misaligned, people respond in predictable ways, and then everyone acts surprised. On the flip side, experimentation is necessary even if messy. There are moments when disruption shakes loose outdated habits, and that energy can be useful. Still, without guardrails and follow through, momentum fades fast. In my view, acknowledging both sides actually makes the argument stronger instead of weaker. It’s not glamorous, but boring systems usually win.",1
ai_0985,"My basic take is that in economy, structure drives outcomes more than individual willpower. A lot of the conversation focuses on surface drama, but the deeper mechanics rarely get attention. When incentives are misaligned, people respond in predictable ways, and then everyone acts surprised. That said, experimentation is necessary even if messy. There are moments when disruption shakes loose outdated habits, and that energy can be useful. Still, without guardrails and follow through, momentum fades fast. In my view, acknowledging both sides actually makes the argument stronger instead of weaker. A little patience would probably calm things down.",1
ai_0986,"It seems clear to me that in climate, structure drives outcomes more than individual willpower. A lot of the conversation focuses on surface drama, but the deeper mechanics rarely get attention. When incentives are misaligned, people respond in predictable ways, and then everyone acts surprised. On the flip side, public pressure forces accountability. There are moments when disruption shakes loose outdated habits, and that energy can be useful. Still, without guardrails and follow through, momentum fades fast. In my view, acknowledging both sides actually makes the argument stronger instead of weaker. We can disagree on tactics without denying the tradeoffs.",1
ai_0987,"I’d argue that in campus life, long term incentives matter more than loud debates. A lot of the conversation focuses on surface drama, but the deeper mechanics rarely get attention. When incentives are misaligned, people respond in predictable ways, and then everyone acts surprised. I get why some people argue that strong personalities sometimes push progress faster. There are moments when disruption shakes loose outdated habits, and that energy can be useful. Still, without guardrails and follow through, momentum fades fast. In my view, acknowledging both sides actually makes the argument stronger instead of weaker. At the end of the day, steady progress beats chaos.",1
ai_0988,"I honestly think in politics, structure drives outcomes more than individual willpower. A lot of the conversation focuses on surface drama, but the deeper mechanics rarely get attention. When incentives are misaligned, people respond in predictable ways, and then everyone acts surprised. On the flip side, experimentation is necessary even if messy. There are moments when disruption shakes loose outdated habits, and that energy can be useful. Still, without guardrails and follow through, momentum fades fast. In my view, acknowledging both sides actually makes the argument stronger instead of weaker. A little patience would probably calm things down.",1
ai_0989,"It seems clear to me that in tech, structure drives outcomes more than individual willpower. A lot of the conversation focuses on surface drama, but the deeper mechanics rarely get attention. When incentives are misaligned, people respond in predictable ways, and then everyone acts surprised. The counterpoint is that rapid change can create innovation. There are moments when disruption shakes loose outdated habits, and that energy can be useful. Still, without guardrails and follow through, momentum fades fast. In my view, acknowledging both sides actually makes the argument stronger instead of weaker. None of this is simple, but pretending it is makes it worse.",1
ai_0990,"I’d argue that in health, long term incentives matter more than loud debates. A lot of the conversation focuses on surface drama, but the deeper mechanics rarely get attention. When incentives are misaligned, people respond in predictable ways, and then everyone acts surprised. On the flip side, strong personalities sometimes push progress faster. There are moments when disruption shakes loose outdated habits, and that energy can be useful. Still, without guardrails and follow through, momentum fades fast. In my view, acknowledging both sides actually makes the argument stronger instead of weaker. It’s not glamorous, but boring systems usually win.",1
ai_0991,"It seems clear to me that in sports, structure drives outcomes more than individual willpower. A lot of the conversation focuses on surface drama, but the deeper mechanics rarely get attention. When incentives are misaligned, people respond in predictable ways, and then everyone acts surprised. That said, experimentation is necessary even if messy. There are moments when disruption shakes loose outdated habits, and that energy can be useful. Still, without guardrails and follow through, momentum fades fast. In my view, acknowledging both sides actually makes the argument stronger instead of weaker. It’s not glamorous, but boring systems usually win.",1
ai_0992,"I honestly think in economy, transparency would solve half the frustration. A lot of the conversation focuses on surface drama, but the deeper mechanics rarely get attention. When incentives are misaligned, people respond in predictable ways, and then everyone acts surprised. I get why some people argue that short term wins can build momentum. There are moments when disruption shakes loose outdated habits, and that energy can be useful. Still, without guardrails and follow through, momentum fades fast. In my view, acknowledging both sides actually makes the argument stronger instead of weaker. A little patience would probably calm things down.",1
ai_0993,"It seems clear to me that in climate, structure drives outcomes more than individual willpower. A lot of the conversation focuses on surface drama, but the deeper mechanics rarely get attention. When incentives are misaligned, people respond in predictable ways, and then everyone acts surprised. That said, rapid change can create innovation. There are moments when disruption shakes loose outdated habits, and that energy can be useful. Still, without guardrails and follow through, momentum fades fast. In my view, acknowledging both sides actually makes the argument stronger instead of weaker. It’s not glamorous, but boring systems usually win.",1
ai_0994,"It seems clear to me that in campus life, transparency would solve half the frustration. A lot of the conversation focuses on surface drama, but the deeper mechanics rarely get attention. When incentives are misaligned, people respond in predictable ways, and then everyone acts surprised. The counterpoint is that experimentation is necessary even if messy. There are moments when disruption shakes loose outdated habits, and that energy can be useful. Still, without guardrails and follow through, momentum fades fast. In my view, acknowledging both sides actually makes the argument stronger instead of weaker. We can disagree on tactics without denying the tradeoffs.",1
ai_0995,"I honestly think in politics, consistent rules beat flashy reforms. A lot of the conversation focuses on surface drama, but the deeper mechanics rarely get attention. When incentives are misaligned, people respond in predictable ways, and then everyone acts surprised. To be fair, short term wins can build momentum. There are moments when disruption shakes loose outdated habits, and that energy can be useful. Still, without guardrails and follow through, momentum fades fast. In my view, acknowledging both sides actually makes the argument stronger instead of weaker. At the end of the day, steady progress beats chaos.",1
ai_0996,"It seems clear to me that in tech, execution is more important than branding. A lot of the conversation focuses on surface drama, but the deeper mechanics rarely get attention. When incentives are misaligned, people respond in predictable ways, and then everyone acts surprised. On the flip side, experimentation is necessary even if messy. There are moments when disruption shakes loose outdated habits, and that energy can be useful. Still, without guardrails and follow through, momentum fades fast. In my view, acknowledging both sides actually makes the argument stronger instead of weaker. None of this is simple, but pretending it is makes it worse.",1
ai_0997,"It seems clear to me that in health, execution is more important than branding. A lot of the conversation focuses on surface drama, but the deeper mechanics rarely get attention. When incentives are misaligned, people respond in predictable ways, and then everyone acts surprised. That said, rapid change can create innovation. There are moments when disruption shakes loose outdated habits, and that energy can be useful. Still, without guardrails and follow through, momentum fades fast. In my view, acknowledging both sides actually makes the argument stronger instead of weaker. It’s not glamorous, but boring systems usually win.",1
ai_0998,"I honestly think in sports, long term incentives matter more than loud debates. A lot of the conversation focuses on surface drama, but the deeper mechanics rarely get attention. When incentives are misaligned, people respond in predictable ways, and then everyone acts surprised. The counterpoint is that short term wins can build momentum. There are moments when disruption shakes loose outdated habits, and that energy can be useful. Still, without guardrails and follow through, momentum fades fast. In my view, acknowledging both sides actually makes the argument stronger instead of weaker. None of this is simple, but pretending it is makes it worse.",1
ai_0999,"I’m pretty convinced that in economy, transparency would solve half the frustration. A lot of the conversation focuses on surface drama, but the deeper mechanics rarely get attention. When incentives are misaligned, people respond in predictable ways, and then everyone acts surprised. I get why some people argue that rapid change can create innovation. There are moments when disruption shakes loose outdated habits, and that energy can be useful. Still, without guardrails and follow through, momentum fades fast. In my view, acknowledging both sides actually makes the argument stronger instead of weaker. It’s not glamorous, but boring systems usually win.",1
ai_1000,"My basic take is that in climate, consistent rules beat flashy reforms. A lot of the conversation focuses on surface drama, but the deeper mechanics rarely get attention. When incentives are misaligned, people respond in predictable ways, and then everyone acts surprised. I get why some people argue that public pressure forces accountability. There are moments when disruption shakes loose outdated habits, and that energy can be useful. Still, without guardrails and follow through, momentum fades fast. In my view, acknowledging both sides actually makes the argument stronger instead of weaker. At the end of the day, steady progress beats chaos.",1
